string2 0,string 1
digimon_0001_profile,"Марионеточный дигимон, скрывающийся внутри
плюшевой игрушки в форме Тиранномона. Почему
именно этот загадочный дигимон выбрал
плюшевого Тиранномона — неясно, но, вероятно,
он просто спрятался в ближайшей игрушке. Как
бы то ни было, этот плюшевый Тиранномон
обладает всей наступательной и оборонительной
мощью Монзаемона, а значит, обычный дигимон не
может с ним сравниться. Однако, как и
Монзаемон, он не более чем украшение, если
некому дергать его ниточки. Его особый приём — «Претти Атак», исходящее от его
очаровательного тела."
digimon_0002_profile,"Млекопитающий дигимон, напоминающий кролика,
рожденный из слияния данных наблюдения за
луной. Его большие уши могут распознавать
звуки на любом расстоянии. Хотя Лунамон робок,
он часто чувствует себя одиноким и легко
привязывается к другим. Он использует свое
особый приём «Тиринг Шот», чтобы
сконцентрировать энергию в антенне на лбу и
выстрелить в врага красивым шаром воды."
digimon_0003_profile,"Зверолюд-дигимон с потрясающими прыгучими
способностями, который любит дразнить врагов с
помощью быстрых движений. Природа Лекисмона
мимолетна, как фазы луны, и его внешность
несколько мистична. Он использует свое
особый приём «Мун Найт Бомб», чтобы
метать гипнотические пузыри воды, создаваемые
его «Лунными Перчатками», и усыплять врага."
digimon_0004_profile,"Дигимон-волшебник с гибким телом, позволяющим
ему расправляться с врагами грациозными
движениями. Он специализируется на
высокоподвижных стилях боя, и говорят, что его
сила удваивается, когда он купается в лунном
свете. Его особый приём «Лунатик Данс»
зачаровывает противников ритмичными шагами,
позволяя ему приблизиться и нанести двуручный
удар своими оружиями «Нова Луна»."
digimon_0005_profile,"Каменный/минеральный дигимон, обнаруженный при
проведении цифрового анализа древнего
проклятия. На его спине выгравированы
запретные заклинания архаичным шрифтом,
означающие «чума», «проклятие» и «зло»,
по-видимому, предназначенные для защиты от
газа, который он испускает. Примерно 90% его
тела состоит из каменных данных, и он
выживает, связывая свои конечности.
Безэмоциональный дигимон, который действует
только по приказу."
digimon_0006_profile,"Древние руины того, что когда-то было Темным
Ангелом-дигимоном, павшим в Темную Зону в
погоне за силой и разрушением. Злая природа
СкаллСатамона усилилась, и теперь его темные
силы непостижимы. Его ДигиЯдро,
сконцентрировавшее эти темные силы,
превратилось в ДаркКор, что есть только у
дигимонов Злого вида. Особый приём
СкаллСатамона «Нейл Боун» — ужасная техника,
испускающая интенсивный свет из камня на
кончике его посоха, нарушающая и уничтожающая
данные противника."
digimon_0009_profile,"Мутантный машинный дигимон в форме шестеренки.
В его теле также встроены бесчисленные другие
шестерни, которые постоянно вращаются. Если
удалить хотя бы одну шестерню, все остальные
останавливаются, и Хагурумон перестает
функционировать. Хагурумон обладает
способностью заражать врагов компьютерным
вирусом, позволяющим ему их контролировать.
Таким образом, дигимоны с дурными намерениями
часто стремятся использовать силы Хагурумона.
Но поскольку у него нет чувства собственного
«я», он не знает, что его используют для зла.
Его особый приём «Ког Крашер» внедряет
черную шестерню, заряженную компьютерным
вирусом, в тело противника, заставляя его
беситься."
digimon_0010_profile,"Огненный дигимон, тело которого окутано
багровым пламенем. Созданный из Межсетевого
экрана, построенного для защиты от незаконных
вторжений из Интернета, этот дигимон обладает
буйным нравом, отражающим его пылающую
внешность, и стремится испепелить все, к чему
прикасается. Его пламя горит интенсивнее, чем
у его сородичей на Файл Айленд, что делает его
чрезвычайно трудным для приручения дигимоном.
Но даже если приручить, нельзя сказать, когда
Мерамон обратится против своего хозяина.
Мерамон использует свое особый приём
«Бернинг Фист», чтобы заставить свои руки
вспыхнуть, прежде чем ударить врага."
digimon_0011_profile,"Мифический зверь-дигимон с гигантскими
крыльями. Эйрдрамон — исключительно ценный
монстр, считающийся по статусу близким к богу.
Он специализируется на воздушном бою, вызывая
бури своим ревом и создавая колоссальные
вихри, взмахивая крыльями. Хотя по натуре он
довольно свиреп, Эйрдрамон также очень умен.
Тем не менее, обычному Объединителю будет
почти невозможно его контролировать. Эйрдрамон
взмахивает своими огромными крыльями, чтобы
выпустить режущую вакуумную лопасть своим
специальным движением «Спиннинг Нидл»."
digimon_0012_profile,"Зверь-дигимон, похожий на волка, с
бледно-серебристой шерстью. Говорят, что мех
Гарурумона тверд, как легендарный редкий
металл Мифрил, а лезвия, выступающие из его
плеч, достаточно остры, чтобы разрезать все, к
чему они прикасаются. Обладая телом,
закаленным в замерзшей тундре, и свирепым
инстинктом к конфликту, Гарурумон внушает
страх другим дигимонам своей хищной ловкостью
и безошибочной точностью в поражении добычи.
Однако он также невероятно умен и непоколебимо
предан тем, кого признает своим лидером.
Гарурумон использует свое особый приём
«Фокс Файр», чтобы извергнуть поток
интенсивного синего пламени."
digimon_0013_profile,"Призрак-дигимон, накрытый тканью. Бакемон —
злое существо, рожденное из тьмы, и говорят,
что он мгновенно разрушает системы любых
компьютеров, которыми овладевает. То, что
лежит под тканью, — полная загадка, и есть
теории, что тень, отбрасываемая под его телом,
— это черная дыра. Бакемон не обладает боевой
мощью и поэтому предпочитает не атаковать
врагов напрямую. Его особый приём «Дез
Чарм» накладывает мощное проклятие. Те, у кого
нет сильной психической стойкости, умирают за
несколько секунд под его воздействием."
digimon_0014_profile,"Звездообразный дигимон, случайно обнаруженный
в программном обеспечении для анализа планет в
центре космических разработок. Стармон —
космический воин со звездной броней, в
перчатках и ботинках, украшенных звездами. Его
потрепанный желтый шарф говорит о многих
битвах, которые он пережил, а его глаза горят
боевым духом. Его глаза можно использовать
даже более продвинутым образом для гипноза
противников. Этот пылкий дигимон сильно
восхищается храбрым Леомоном. Особый приём Стармона «Метеор Шауэр» обрушивает на
головы врагов маленькие метеоры."
digimon_0015_profile,"Гигантская птица-дигимон с парой огромных
рогов на голове. Известный как «Великий Орел
Пустыни», Аквиламон парит в небе на скорости
Маха и может заметить далеких врагов своим
острым зрением. Его рога демонстрируют
огромную силу, когда Аквиламон пикирует, чтобы
врезаться во врагов. В то время как многие
птичьи дигимоны дико жестоки, Аквиламон ценит
приличия и безоговорочно подчиняется тем, кому
присягнул на верность. Он врезается во врагов
сверху своим специальным движением «Глайд
Хорн»."
digimon_0016_profile,"«Коммандос-дракон», стремящийся стать
Истребителем Вирусов. Хотя у Страйкдрамона еще
много пережитков Монодрамона, таких как рог,
торчащий с затылка, он настолько преобразил
свою внешность в дигимона в режиме коммандос,
покрытого металлической броней, что теперь
напоминает совершенно другой вид. Несмотря на
то, что по своей природе это добросердечный
дигимон, если он столкнется с типом-вирусом,
Сайкдрамон поглощается инстинктом уничтожения
и не прекращает сражаться, пока данные
противника не превратятся в пыль. Он
использует свое особый приём «Фанг
Страйк», чтобы раскалить свою металлическую
броню до красна, превращаясь в массу пламени и
атакуя противника в грозном маневре."
digimon_0017_profile,"Темный дигимон, обладающий силой Темной
Стороны. Движения Минотарумона медленны, но у
него чрезвычайно прочная шкура, которая делает
его невосприимчивым к обычным атакам. Его
особый приём «Дарксайд Квейк»
использует Демоническую Руку, прикрепленную к
его левой руке, чтобы вызвать массивное
землетрясение. Атака посылает ударные волны на
широкую площадь, делая побег невозможным, как
бы далеко враги ни бежали."
digimon_0019_profile,"Воображаемый дигимон, рожденный из мечты
ДигиЯдра. Интерфейс на лбу Доругорамона
чудесным образом разблокировал творческую силу
его собственного ДигиЯдра, заставив его
эволюционировать в эту форму. Возможно,
потому что это ДигиЯдро уже содержало мощные
данные дракона, форма, которую оно выдумало,
была воплощением мощного разрушения и самого
воплощения «заклятого врага». Доругорамон
использует свое особый приём «Брэйв
Метал», чтобы обрушить ужасную атаку всей мощью
тела и души, и «DORU-Din», чтобы выпустить
разрушительную ударную волну."
digimon_0020_profile,"Дигимон, похожий на мышь, который всегда
заполняет голову Скамона сомнительными
идеями. У Чуумона крепкая дружба с Скамоном
(хотя, возможно, только Чуумон видит вещи
таким образом). Их отношения начались, когда
Чуумон чуть не попал в ловушку системной сети
по имени «Плотоядное», но был спасен
Скамоном, который просто проходил мимо. По
натуре трус, Чуумон не имеет себе равных в
хитрости и удирает при малейшем намеке на
опасность. Его особый приём «Чиз Бомб»
метает сыроподобную взрывчатку. Любой, кто по
ошибке съест одну из них, ждет неприятный
сюрприз."
digimon_0021_profile,"Гигантский дигимон, обитающий в глубинах
Сетевого Океана. Его огромный размер ставит
его в число крупнейших из всех дигимонов в
Цифровом Мире. Фактически, Вамон настолько
огромен, что обычные компьютеры не могут
обработать тот объем данных, из которых он
состоит. Подобные виды были подтверждены в
водах почти Файл Айленд, но Вамон, который
живет у побережья Фолдер Континент, обладает
превосходящей атакой и жизнеспособностью по
сравнению с его сородичами, эволюционировав
в свою Ультимат форму. Его особый приём «Тайдл Вейв» создает массивное
цунами, которое разрушает все на своем пути."
digimon_0023_profile,"Мутантный дигимон, получившийся в результате джогресс-эволюции
из Стингмона и Эк?Вимона. Химера дракона и
насекомого, этот дигимон известен как «Ужасная
Пчела». Хотя Динобимона нельзя легко
классифицировать как тип Дракона или
Насекомого, его качества насекомого довольно
хорошо выражены. Летая по воздуху на своих четырех
крыльях, этот дигимон безошибочно выслеживает
своих врагов своими фасеточными глазами,
прежде чем задушить их с суровой уверенностью.
Динобимон также чрезвычайно варварский по
натуре. Он использует свое особый приём «Хелл Маскарад», чтобы исполнить
«адский танец», прорезая врагов движениями,
достаточно быстрыми, чтобы оставлять
послеобразы."
digimon_0024_profile,"Редко встречающийся Пикси-дигимон, обитающий в
Сетевом Океане. Несмотря на «Анджемона» в
своем имени, он на самом деле полностью
отличен от вида Анджемон с точки зрения своей
экосистемы. Кольцо вокруг шеи МаринАнджемона
называется Святым Кольцом, что вызывает
предположения о его связи со Святыми
дигимонами, такими как Гатомон или Энджмон,
которые также носят такие кольца. Символы,
начертанные на его кольце, еще не
расшифрованы. Хотя МаринАнджемон обычно
избегает боя, его особый приём «Оушен
Лав» заставляет врагов терять волю к борьбе,
тем самым гарантируя победу."
digimon_0025_profile,"Андроид-дигимон, смоделированный по образцу
дикого дигимона с хищническими инстинктами,
позволяющими ему надежно умерщвлять добычу.
Раптордрамон обладает невероятно крепким
телом, а также неконтролируемой дикостью,
поэтому он был модифицирован чистым
хромдигизоидным металлом значительного веса,
чтобы ограничить его подвижность. Тем не
менее, он все еще обладает исключительной
взрывной силой и способностью к полету, в
основном благодаря дикому дигимону, которым он
был до модификации. Хотя и маленький,
Раптордрамон способен одним ударом уничтожить
даже сверхкрупного дигимона, если сможет
постепенно раскрыть свои способности. Он
выполняет свое особый приём «Амбущ
Кранч», набрасываясь на врага и кусая жизненно
важные органы своими острыми клыками."
digimon_0026_profile,"Грейдемон — дигимон-воин, известный как
«Золотой Метеор» из-за храброго способа,
которым он прорывается через авангард врага.
Он демонстрирует пылающую скорость, используя
«Близнецовый Клинок Короля Драконов» в
тандеме, но правда в том, что мечи несут
неудержимое проклятие, заставляющее владельца
впадать в берсерк. Хотя в целом не такой
мощный, считается, что мастерство Грейдемона в
владении мечом превосходит мастерство
ЛордНайтмона из Королевских Рыцарей. Синий
плащ, который носит Грейдемон, также является
знаком чести, пожалованным за его заслуги во
многих битвах. Его особый приём —
«Кросс Блейд», быстрая мечевая техника,
которая рассекает врага крестообразным узором."
digimon_0027_profile,"Самый сильный дракон-воин, носящий броню,
созданную из суперметалла Хромдигизоид,
ВарГреймон — ультиматная форма вида Греймон.
Он имеет более гуманоидное телосложение, чем
типичные крупные тела других типов Греймон, но
обладает значительно улучшенной силой и
скоростью. Победить его атаками дигимонов
ультиматного уровня почти невозможно. «Драконьи
Убийцы», прикрепленные к рукам ВарГреймона,
наносят массивный урон дигимонам вида Драмон,
но также подвергают ВарГреймона опасности,
делая их палкой о двух концах. ВарГреймон
также может комбинировать части экзоскелета на
своей спине, чтобы сформировать самый твердый
щит, «Брэйв Шилд». Говорят, что даже среди
самых опытных ветеранов, только тот, кто
обладает истинной доблестью и осознает свою
собственную судьбу, эволюционирует в
ВарГреймона. Особый приём ВарГреймона
— сверхплотный, высокотемпературный
энергетический луч «Терра Форс», с помощью
которого он концентрирует всю энергию в
атмосфере в одной точке перед тем, как
выстрелить ею вперед. Он также использует
«Грейт Торнадо», соединяя Драконьи Убийцы на
своих руках над головой, чтобы выполнить
вращающуюся, высокоскоростную атаку, которая
пронзает врага."
digimon_0028_profile,"Мутантный дигимон, который действует как босс
Мамемонов, и иногда упоминается как
«Улыбающийся Бомбардир». Некоторые полагают,
что БигМамемон на самом деле является
агрегацией Мамемонов. Хотя обычные Мамемоны
примерно того же размера, что и дигимоны на
стадии Обучения, они обладают большей силой в
своих маленьких телах, чем кажется.
БигМамемон, с другой стороны, оправдывает свое
имя, будучи в десятки, если не в сотни раз
крупнее своих меньших собратьев. При таком
размере неясно, почему его все еще называют
«Мамемоном», названным за его малый рост. У
БигМамемона теплый, мягкий характер, и он не
любит конфликтов или битв. Его всегда можно
найти играющим со своими
последователями-Мамемонами. Его особый приём «Биг Смайли Бомбер» использует
подчиненных ему Мамемонов в качестве оружия.
Говорят, что БигМамемон уменьшается в размерах
после использования этой техники."
digimon_0030_profile,"Санглумон — кровососущий волк-дигимон с
благородными манерами. Это один из самых
древних видов дигимонов, как говорят, выживших
с рассвета Цифрового мира. Дигимоны, у которых
Санглумон высасывает кровь, имеют все данные,
высосанные из их ДигиЯдер, что приводит к их
гибели, так как они больше не могут
поддерживать жизненные функции. Санглумон
способен к мгновенной телепортации в другие
места, разбирая свои собственные данные на
пакеты и отправляя их через Сеть. Его
особый приём — «Стикер Блейд», которое
выпускает тысячи мельчайших лезвий, чтобы
пронзить противников в мгновение ока."
digimon_0031_profile,"Кровососущий дигимон-мастер боевых искусств,
исполняющий великолепный танец. Как говорят,
рожденный в базе данных народных танцев
определенного музея, Матадормон — мастер
Бульдог-танца, исполняя его с уникальной
аранжировкой ритмичных движений. Он использует
свои развевающиеся одежды, чтобы сбить врагов
с толку, поражая тех, кто ослабил
бдительность, бесчисленными рапирами, скрытыми
внутри обманчиво мягкой ткани его рукавов. Как
вампир, Матадормон должен поддерживать себя,
выпивая кровь дигимонов, но не любая подойдет,
поэтому он странствует из земли в землю в
поисках сильных дигимонов, чтобы прокормиться.
Его особый приём — «Сотрясающая Землю
Топота», подлая атака ногами, основанная на
собственном оригинальном стиле боевых искусств
Матадормона."
digimon_0032_profile,"Темный зверь-дигимон, известный как король
всех дигимонов-вампиров. ГранДракмон долгое
время содержал свой собственный замок в Темной
Зоне, и, как говорят, обладает такой огромной
мощью, что даже Семь Великих Демонических
Лордов не смеют связываться с ним. С хорошо
воспитанными манерами и голосом, пронизанным
очаровательным обаянием, ГранДракмон может быть
дьявольски обаятельным, и существует множество
историй о дигимонах-ангелах, посланных
уничтожить его, но в итоге соблазненных на
темную сторону. Его особые приёмы —
«Кристал Революшн», которое мгновенно
замораживает всех врагов в ледяные кристаллы,
и «Ай оф зе Горгон», которое обращает его злой
взгляд на врага, заманивая его сердце во тьму."
digimon_0033_profile,"Двуногий цератопсид-дигимон, напоминающий
трицератопса, со всей боевой мощью этого
могучего травоядного динозавра. Его шкура
является одной из самых прочных среди всех
биологических дигимонов. Аналогично, два
сверхтвердых рога на его лбу гораздо более
прочнее, чем рог Монокромона. Хотя обычно
спокойный по натуре, атака с разбегом
Трицерамона, несмотря на его медленные
движения, обладает достаточной разрушительной
силой, чтобы разбить даже прочные тела
минеральных дигимонов. Он использует свое
особый приём «Три-Хорн Атак», чтобы
врезаться во врагов рогами на лбу и морде."
digimon_0034_profile,"Один из Семи Великих Демонических Лордов, этот
дигимон-Король Зла принимает форму женщины.
Считается, что когда-то она была Офанимон,
Лилитмон пала и стала тем, что известно как
«Богиня Тьмы». Соблазнительная и красивая, она
заманивает своих врагов, и, как говорят,
верная смерть ждет всех, кто примет ее
приглашение. В соответствии со своим прозвищем
«Богиня Тьмы», Лилитмон щедро вознаграждает
порок и жестоко унижает добродетель.
Дьявольские «Нейл Нейлз» на ее правой руке
разъедают все, к чему прикасаются. Особый приём Лилитмон — «Фантом Пейн», атака
темным дыханием, которая разъедает тела
врагов. Те, кто поражен этим проклятием,
обнаруживают, что их данные разъедаются,
начиная с конечностей, и они мучаются даже
после неизбежной гибели."
digimon_0035_profile,"Бельзебмон — дигимон-Король Зла, который ценит
свою независимость, несмотря на способность
править многими дигимонами Злого вида. Один из
Семи Великих Демонических Лордов, Бельзебмон,
как говорят, способен стать главным Кошмарным
Солдатом, если пожелает, но также ходят слухи,
что есть другой дигимон-Король Зла, чья сила
превосходит даже Бельзебмона. Бельзебмон
всегда держит свои любимые дробовики
«Беренджена» близко под рукой и разъезжает на
своей гигантской мотоциклетной машине
«Бегемот». У него жестокий и безжалостный
характер, но из-за своей гордости он никогда
не появляется в группах и не нападает на
слабых. Его фирменное движение — «Даркнесс
Коготь», с помощью которого он поднимает свои
острые когти в воздух и затем рассекает своего
врага. Его особый приём «Дабл Импакт»
включает в себя двойные выстрелы из двух своих
дробовиков."
digimon_0036_profile,"Один из Семи Великих Демонических Лордов, этот
дигимон-Король Зла напоминает старца с длинной
бородой. Барбамон существует в сердце логова
зла, известного как Темная Зона, контролируя
дигимонов-Темных Ангелов и заставляя их
совершать всевозможные злодеяния. Он одержим
всеми сокровищами Сети, используя все
доступные средства, чтобы утолить свою
жадность. Это алчное и безжалостное существо
убило бы дигимона даже за клочок сокровища.
Самый хитрый тактик из Семи Великих
Демонических Лордов, он с легкостью
контролирует не только дигимонов-Темных
Ангелов, но даже дигимонов Мега-уровня, таких
как Гулмон. Особые приёмы Барбамона —
«Дез Лур», демонический посох, который
заманивает дигимонов в неотвратимый живой ад и
обращает их ко злу, и «Пандемониум Лост»,
который выпускает всю злую энергию Темной Зоны
за один раз, сжигая все
сверхвысокотемпературным взрывом. Даже
особый приём МалоМиотизмана
«Пандемониум Флейм» выпускает лишь малейшую
долю этой энергии."
digimon_0037_profile,"Страх перед чрезмерной силой, находящейся в
распоряжении Левиамона, заработал ему прозвище
«Дьявольский Зверь», и он считается одним из
Семи Великих Демонических Лордов. Грандиозное
существо с пастью, достаточно большой, чтобы
проглотить весь Цифровой мир, как говорят,
спит в Сетевом Океане почти Темной Зоны. Если
разбужен, Левиамон смотрит свысока на любого
дигимона, находящегося у власти, заставляя
бежать в ужасе не только других
дигимонов-Королей Зла, но даже
дигимонов-Ангелов. Однако есть пределы тому,
что можно определить об этом дигимоне, и он
почти никогда не появляется. Он считается
первозданным злым существом, которое поселилось
в Цифровом Мире. Он может использовать свое
особый приём «Байтинг Краш», чтобы
уничтожить все на своем пути своими массивными
челюстями, или «Тейл Страйк», чтобы раздробить
врагов своим длинным хвостом."
digimon_0038_profile,"Дигимон-Король Зла, командующий многими
дигимонами Злого вида и Темными Ангелами.
Крипимон изначально был дигимоном-Ангелом, и
довольно высокого ранга. Однако он прибегнул к
восстанию — или, возможно, к насилию — против
персонификаций добра Цифрового мира (которыми
могли быть сами люди, его построившие), и
поэтому был удален в Темную Зону (кладбище
удаленных данных). Крипимон и его подобные
поклялись однажды подчинить Цифровой мир и
отомстить этим персонификациям добра. Он
использует свое особый приём «Флейм
Инферно», чтобы обрушить на врагов перегретый
адский огонь. Любой, пораженный этой атакой,
сжигается без следа."
digimon_0039_profile,"И божественный, и дьявольский, этот Ультимат
дигимон-Король Зла является сильнейшим из Семи
Великих Демонических Лордов. Лучемон: Режим
Хаоса спровоцировал восстание в древние
времена и был запечатан в Темной Зоне вместе
со многими другими дигимонами-Королями Зла.
Его сила превышает силу дигимонов Мега-уровня
настолько, что даже соперничает с сущностями,
называемыми «богами». Хотя у него есть
богоподобная сторона, которая лелеет все
живое, у него также есть демоническая сторона,
которая хочет уничтожить сам мир. Вот почему
он стремится разрушить этот мир и построить
новый вместо него. Его особый приём
«Парадайз Лост» запускает врага высоко в
воздух дикой очередью, прежде чем схватить его
за конечности и швырнуть о землю, в то время
как «Дед орайв Алайв» запечатывает врага
внутри трехмерного магического круга,
сделанного из святых и злых сфер. Те, кто
попал в этот магический круг, имеют шанс 50/50
быть либо полностью уничтоженными, либо
получить тяжелые повреждения."
digimon_0040_profile,"Бельфемон просыпается от своего постоянного
сна раз в тысячу лет и возвращается к своей
исходной форме. После пробуждения он
превращается во воплощение ярости, и все, что
попадает в его поле зрения, подвергается
уничтожению. Дигимоны Ультимат уровня и ниже,
которые слышат рев Бельфемона: Режим Ярости,
мгновенно погибают от фрагментации данных, и
даже дигимоны Мега уровня не могут избежать
повреждений. Он использует свое особый приём «Лампрантус», чтобы стрелять черным
пламенем из цепей, обвитых вокруг его тела, и
«Гифт оф Даркнесс», чтобы рассекать когтями,
окутанными адским пламенем. Кроме того, данные
дигимонов, убитых тем, кто правит Семью
Великими Демоническими Лордами, не
перерождаются, а отправляются в Темную Зону,
чтобы служить плотью и кровью для Королей Зла."
digimon_0041_profile,"Марионеточный дигимон, напоминающий панду.
Бесстрастный взгляд Пандамона вместе с его
резким и пренебрежительным характером лишают
его всей миловидности, которую он мог бы
иметь. Он любит считать себя волком-одиночкой,
но втайне завидует Монзаемону, популярному
дигимону с похожей внешностью. Тем не менее,
Пандамон удивительно способен в бою и быстро
прогоняет тех, кто его беспокоит. Популяция
Пандамона мала, что делает его редким
зрелищем. Его особый приём — «Энимал
Нейл», атака когтями, обычно скрытыми в его
лапах."
digimon_0042_profile,"Дигимон-насекомое, связанный с загадочной
Королевской Базой, секретной плавающей медовой
базой. Хотя его повседневная жизнь может
отличаться от жизни других
дигимонов-насекомых, ФанБимон имеет веселый
нрав и является трудолюбивым работником
значительной силой. Он всегда ладит с
дигимонами-растениями, такими как Палмон или
Лилимон. Королевская База постоянно находится
в стадии строительства, и миссия Фанбимона
требует от него собирать полевые данные, такие
как цветы или растения, понемногу, в качестве
строительных материалов. Поэтому он
классифицируется как имеющий атрибут Вирус.
База также охраняется мощными дигимонами,
которые не позволяют никому приближаться,
поэтому цель строительства остается загадкой.
Особый приём ФанБимона — «Гир
Стингер», атака, которая выпускает быстрый
залп крошечных зазубренных жал."
digimon_0043_profile,"Вирус-Гатомон с поразительной черной шерстью.
БлэкГатомон — квинтэссенция дитя зла,
проводящая свои дни, блуждая в жуткой тьме.
Чрезвычайно редкая мутация Гатомона,
считается, что их существует очень мало.
БлэкГатомон злобна, высокомерна и любит
издеваться над слабыми — в общем, проблемный
дигимон. Как Темный дигимон, он обычно
эволюционирует в дигимона-Темного Ангела.
Так же, как и у Гатомона, особый приём
БлэкГатомона — «Лайтнинг По»."
digimon_0044_profile,"КэтчМамемон — мутантный дигимон,
эволюционировавший из Мамемона, когда тот
слился с данными из программного обеспечения
для управления файлами. Целеустремленный, а
иногда и упрямый, КэтчМамемон считает заботу о
Диги-Яйцах своей главной задачей. В случае
необходимости он может передвигаться без
плавания, используя свои гигантские руки для
ходьбы. Если игровой автомат на груди
КэтчМамемона выдает три семерки, когда он
хватает врага, он превращает этого дигимона в
бомбу с помощью «Миракл Бомб», а затем
использует превращенного врага для атаки. Сила
возникший взрыва, как говорят, равна силе
захваченного дигимона."
digimon_0045_profile,"Божественный дигимон, который, как говорят,
является материализацией системы, управляющей
временем. Течение времени в Цифровом Мире
действительно расплывчато, и известно, что
некоторые конфликты между могущественными
дигимонами или катаклизмы вызывали нарушения
пространства-времени. Именно Хрономон
появляется в таких случаях, неся
ответственность за исправление
пространства-времени. Как только он совершает
такое восстановление, даже сам факт появления
Хрономона исчезает вместе с указанным
нарушением, поэтому никто никогда не видел
этого дигимона. Вот почему о его существовании
говорится лишь в немногих легендах.
Особые приёмы Хрономона — «Холи Флейр»,
взрыв святого пламени, который сжигает сами
существования тех, кто злонамеренно стремится
исказить пространство-время, и «Хронос Кроп»,
неблокируемая атака, при которой он
размахивает своими крыльями, как лезвиями,
рассекая своего врага из ткани времени и
пространства."
digimon_0046_profile,"Форма, которую принимает Хрономон, когда он
выходит из-под контроля, Хрономон: Режим
Разрушения — это легендарный монстр, который
отрекся от своей обязанности поддерживать
мирный порядок пространства-времени и вместо
этого восстал против самой системы управления
временем. Во время ремонта
пространства-времени все разнообразное зло,
существующее в Цифровом Мире, хлынуло в
Хрономона все сразу, заставив его выйти из-под
контроля, как если бы он был заражен вирусом.
Используя присущие Хрономону силы времени,
Хрономон: Режим Разрушения взламывает
воспоминания, запечатленные в Цифровом Мире, и
загружает в себя разнообразный арсенал навыков
для использования в своих безумных атаках.
Несмотря на свое неистовое состояние,
Хрономон: Режим Разрушения все еще обладает
способностью сжигать врагов дотла с помощью
«Холи Флейр». Он также обладает «Хроно
Деволюшн», которая преобразует данные времени
Цифрового мира в энергию, которая мгновенно
старит любого, кто к ней прикоснется,
превращая их данные в пыль."
digimon_0047_profile,"Самый жестокий и злой из драконьих дигимонов.
Входя в число Четырех Великих Драконов наряду
с Азулонгом, Голдрамоном и Магнадрамоном,
порочная природа Мегидрамона превосходит даже
природу его трех собратьев. С ним редко
сталкиваются, до такой степени, что само его
существование ставится под сомнение.
Мегидрамон считается Цифровой Угрозой, но его
сила запечатана какой-то неизвестной силой.
Говорят, что пробуждение этой силы вызовет
величайший кризис в Цифровом Мире. Его тело
состоит из Хромдигизоида. Одна теория
утверждает, что Мегидрамон и ХосГаллантмон
когда-то были одной сущностью, и то, появится
ли он как Темный Рыцарь или Темный Дракон,
зависит от того, как вы наблюдаете эту
виртуальную волну ужаса. Его фирменное
движение «Хелл Хаулинг» выпускает мощную
ударную волну, а его особый приём
«Мегиддо Флейм» превращает все вещи в пепел."
digimon_0048_profile,"Голдрамон — Святой Дракон-дигимон с шестью
затвердевшими крыльями и телом из сверкающего
золота. Поскольку он носит одно из Святых
Колец — символ Святых дигимонов — на своей
руке, считается, что он является
разновидностью Священного дигимона. Голдрамон
— один из Четырех Великих Драконов, и на его
руках он носит наручи с запечатанными в них
маленькими драконьими дигимонами: Амоном
Багрового Пламени, управляющим разрушением, на
левой, и Умоном Синей Молнии, управляющим
регенерацией, на правой. Особый приём
Голдрамона — «Год Флейм», которое включает
детонацию его Святой энергии, чтобы мгновенно
поразить врагов во всех направлениях."
digimon_0049_profile,"БанчоЛеомон — дигимон-зверочеловек, который
отвечает только своему собственному чувству
справедливости. Говорят, что только дигимоны,
которые продолжали побеждать невероятно
могущественных врагов, не сломав свой дух,
заслуживают титула «Банчо» — термин, который
примерно переводится как «главарь». За всю
зарегистрированную историю Цифрового мира
только пять дигимонов когда-либо
подтверждались как имеющие это в своих именах.
БанчоЛеомон противостоит всему, что стоит на
пути его справедливости. Даже если это один из
Королевских Рыцарей или один из Трех Небесных
дигимонов, БанчоЛеомон не колеблясь назовет их
злым врагом, который должен быть уничтожен.
БанчоЛееомон также обладает мощной защитой,
так как он может использовать ГАКУ-РАН,
накинутый на его плечи, чтобы нейтрализовать
89,9 процента урона, причиненного физическими
атаками противника. Особые приёмы
БанчоЛеомона включают «Лайон Слэш», атаку его
любимым коротким мечом Отокодама, и «Флэши
Босс Панч», который включает в себя
направление всей его значительной энергии в
один удар."
digimon_0050_profile,"Маленький, похожий на динозавра рептильный
дигимон, который развил способность ходить на
двух ногах. Поскольку он еще не полностью
созрел, ему все еще не хватает силы, но его
свирепый нрав делает его безрассудным.
Твердые, острые когти растут на его руках и
ногах, и он использует их в бою по полной.
Агумон показывает большой потенциал, обещая
эволюцию в великого и могущественного
дигимона. Его особый приём — «Пеппер
Бреф», выплевывание пламени в своих врагов."
digimon_0051_profile,"Андроид-дигимон, рожденный от слияния данных
портативного музыкального плеера и данных
мифического речного существа «каппа».
Гаваппамон почти всегда весел, слушая свои
любимые мелодии, но иногда плачет, если диск
на макушке его головы поцарапан. Он использует
свое особый приём «Ди-джей Шутер»,
чтобы раскрутить свой диск на высокой скорости
и запустить его во врага."
digimon_0052_profile,"Андроид-дигимон, который носит раковину, как
компьютерная мышь. Камемон использует свое
особый приём «Пойнтер Эрроу», чтобы
выпустить стреловидную ракету, которую он
направляет для удара по врагу."
digimon_0053_profile,"Священный зверь-дигимон, который всегда обвит
вокруг связного патрона. Кудамон постоянно
накапливает святую силу внутри сережки на его
левом ухе, и количество, которое он
накапливает, влияет на курс его следующей
эволюции. Спокойный и собранный по натуре,
он может точно оценить любую ситуацию — даже
боевую — обеспечивая преимущество в битве.
Если дела идут плохо, Кудамон входит в свой
патрон, чтобы укрепить свою оборонительную
позицию. Его особый приём «Бландинг
Рэй» ослепляет врага ослепительной вспышкой,
испускаемой из его сережки."
digimon_0054_profile,"Уникальный дигимон, считающийся подвидом
Греймона. ДжоГреймон обладает более
смертоносным каркасом, чем когда-либо, причем
панцирь на его голове, а также все его тело
превратились в живое оружие. Он может заряжать
«Мега Флейм» во рту, чтобы максимизировать
свою разрушительную силу, а затем выпускать
его как «Мега Бёрст»."
digimon_0055_profile,"Зверь-дигимон, считающийся подвидом
острокогтеного Газимона. Гаомон
специализируется на атаках «удар-бег» с
использованием проворных движений. Перчатки на
его руках, по-видимому, предназначены для
защиты его когтей, пока они не вырастут
как следует. Гаомон использует свои мощные ноги,
чтобы вращаться и выпускать свое особый приём «Дабл Бэкхенд»."
digimon_0056_profile,"Дигимон-растение, напоминающий цветочный
бутон, Лаламон парит в небе, вращая листья на
своей голове. Несмотря на отсутствие
выражения, он обладает большой долей
очарования. Его особый приём «Сид
Бласт» выстреливает твердыми семенами из его
рта с удивительной степенью точности."
digimon_0057_profile,"Дигимон-пикси с чертами розы, Роузмон известна
как королева цветов. С внешностью
очаровательной женщины, этот дигимон жаждет
вечной красоты. Хотя несколько чрезмерно
самосознательна, способности Роузмон не
уступают другим дигимонам Мега уровня. На ее
груди она носит Тифарет, драгоценный камень,
на котором выгравированы символы любви и
красоты. Говорят, что тем, кто носит этот
Тифарет, обещаны вечная красота и сила. Одно
из специальных движений Роузмон — «Торн Вхип»,
с помощью которого она использует кнут из
шипов, заряженный электрическим током, чтобы
укротить даже самого свирепого дигимона. Ходят
слухи, что любой, пораженный этим кнутом,
становится плененным Роузмон, телом и душой.
Кроме того, любой дигимон, подвергнутый
«Форбидден Темптейшн» Роузмон, окружается
бесчисленными лепестками роз, и его данные
разрушаются в мгновение очаровательной
красоты."
digimon_0058_profile,"Дигимон-растение, напоминающий подсолнух.
Санфлоумон получает реальный прилив энергии,
когда находится на солнечном свете, что делает
его атаки более мощными. В солнечные дни он
может даже летать, взмахивая двумя листьями,
растущими на его спине. Его особый приём — «Саншайн Бим», которое выпускает
взрыв солнечного света из его лепестков."
digimon_0059_profile,"Андроид-дигимон с огромным и мощным телом.
Одноименный вулкан на его спине извергается,
когда его гнев достигает пика, а напряжение
превышает его пределы. Вулканомон разделяет
дружеское соперничество с Этемоном. Его
громоподобный голос потрясает и небо, и землю.
Его особый приём «Биг Бэнг Войс»
ослепляет врагов ультра-низкочастотным
микрофонным выступлением."
digimon_0060_profile,"Одна из семи предполагаемых эволюций от
Вулканомона. Обладая огромной силой и
разрушительной мощью, ПайлВулканомон хорошо
разбирается во всех видах техник рукопашного
боя, включая приемы рестлинга. В процессе
эволюции он превратил свое некогда
массивное телосложение в более стройную форму,
более подходящую для ближнего боя. Его
особые приёмы — «Волканик Драйвер»,
который использует энергию, генерируемую
извергающимися вулканами на его плечах, чтобы
врезать противников головой в землю, и
«Даймонд Фист», ультимативный удар, способный
разорвать даже Хромдигизоид."
digimon_0061_profile,"Дигимон, окутанный тайной, Монзаемон выглядит
как обычный плюшевый медведь, но ходят слухи,
что кто-то — или что-то — забралось внутрь
через молнию на его спине. Он заставляет
своего противника чувствовать себя счастливым,
окутывая его любовью, которая переполняется из
его очаровательного тела (хотя его глаза
довольно страшные). Его особый приём
«Хартс Атак» швыряет сердца во врага."
digimon_0068_profile,"Этот зверь-дигимон является результатом
развития телосложения Гаомона и того, что
когти, которые когда-то защищались перчатками,
наконец как следует отросли. Хотя ГаоГамон
является четвероногим, его задние ноги
достаточно сильны, чтобы он мог стоять, как
медведь, пока атакует. ГаоГамон выпускает
свое особый приём «Спирал Блоу», чтобы
выдохнуть мощный вихрь ветра из своего рта за
один вдох."
digimon_0069_profile,"Чрезвычайно редкий Нюмемон, который первым
обнаружил Платиновую Шахту в Цифровом Мире,
поглотив эти компоненты для эволюции. С
этого момента личность ПлатинумНюмемона
полностью изменилась, поскольку он собирал
любые данные о драгоценностях, какие только
мог найти, украшая себя, как нувориш. Это
довольно «роскошный» дигимон, несмотря на свою
природу. Оснащение себя золотыми крыльями и
украшениями даёт ему значительную защиту, но
его сила атаки, в лучшем случае, средняя.
ПлатинумНюмемон использует свое особый приём «Платинум Экскримент», чтобы швырять
осадок (экскременты), произведенный в процессе
очистки платины, быстрой очередью. Он также
использует «Платинум Бёрп», чтобы выпустить
зловонную отрыжку, которая лишает врага
боевого духа."
digimon_0070_profile,"Слизнеподобный моллюск-дигимон. Любящий
влажную, темную среду, Нюмемон не обладает ни
наступательной силой, ни интеллектом. Любой
дигимон может стать Нюмемоном, если его не
воспитывать как следует, но, возможно, у него
есть скрытые глубины? С другой стороны, даже
его атаки низшего уровня, швыряние собственных
экскрементов для защиты от врагов."
digimon_0071_profile,"Андроид-дигимон, у которого более половины
тела механизировано. Несмотря на массивный
каркас РайзГреймона, он все еще может
взлетать, чтобы победить врагов.
Разрушительная сила, которую он может
выстрелить из гигантского револьвера на его
левой руке, как говорят, мощна, как ядерная
боеголовка, но сочетание этой силы с отдачей,
которую она генерирует, означает, что обычно
он не может стрелять более одного выстрела за
раз, и чтобы выдержать взрывную силу, ствол
оружия должен быть сделан из Хромдигизоида.
Особый приём РайзГреймона «Трайдент
Револьвер» проверяет пределы прочности
Хромдигизоида, стреляя очередью из трех
патронов."
digimon_0072_profile,"Этот дигимон-зверочеловек известен как «Король
Зверей», а также как «Благородный Герой».
Выделяясь среди множества диких дигимонов,
Леомон обладает как силой воли, так и чувством
справедливости, которые он использовал, чтобы
победить множество злодеев. У него есть
соперник в «Охотнике на дигимонов» Огремоне,
который полностью посвящает себя актам
разрушения. Леомон оттачивает своё грозное
телосложение ежедневными тренировками, чтобы
оно могло выдерживать все атаки, и он убивает
врагов своей ультимативной техникой,
специальным движением «Фист оф зе Бист Кинг».
С пояса Леомона свисает «Шишио-мару», Звериный
Меч с собственной волей."
digimon_0073_profile,"Дигимон-пикси, напоминающий любимый цветок
сирени. Хотя невинный и чистый сердцем,
красота Лилламона обманчива, так как говорят,
что она имеет власть над смертью и
возрождением. Ее листья ядовиты, и сражение с
этим дигимоном иногда оказывается фатальным.
Особый приём Лилламона — «Лайла
Шауэр», которое выпускает бесчисленные тонкие
лучи из ее лепесткоподобных пальцев."
digimon_0074_profile,"МахГаогамон — андроид-дигимон с невероятно
мощными ракетными двигателями на спине. Хотя
он не остается в воздухе долго, он преуспевает
в боях «удар-бег», которые могут полностью
использовать его пропульсивные всплески
скорости. Его особый приём — «Виннинг
Накл», один мощный удар, который наносит весьма
удар."
digimon_0075_profile,"Один из Олимпос XII, Нептунемон — морской
бог-дигимон, который управляет всеми
дигимонами Водного вида. Чешуйчатая броня,
покрывающая его тело, представляет собой сплав
Хромдигизоида под названием Синий Дигизоид,
который облегчает мобильность и скорость,
позволяя ему двигаться с устрашающей скоростью
под водой. Его замок «Абисс Санктуари» был
построен в глубокой подводной впадине, и
только те, кто может выдержать давление воды
на крайний глубинах, могут войти. Его
особые приёмы включают «Вортекс
Пенетрайшн», которым он наносит удар своим
разумным копьем «Кингс Байт», и «Вейв оф
Дефс», которым он выпускает массивное цунами,
которое поглощает все на своем пути."
digimon_0076_profile,"Дигимон-волшебник, изгнанный с небес Цифрового
Мира. Определенное ДигиЯдро запечатано внутри
девяти бусин его ожерелья. Обычно спокойный и
собранный, но если потеряна даже одна бусина
его ожерелья, Шауджинмон снова превращается в
ужасного дигимона. Он использует свое
особый приём «Коёджо: Гидро Десент»,
чтобы ударить своим удивительным, сверхтяжелым
посохом «Коёджо» о землю, разбивая его и
выпуская бушующий поток."
digimon_0077_profile,"Дигимон, напоминающий камаитати — мифического
куньеподобного существа — с лезвием вместо
хвоста. Этот хвост движется по собственной
воле, позволяя Реппамону справляться даже с
внезапными атаками сзади. Однако эта воля не
всегда совпадает с волей Реппамона, поэтому
наблюдали, как этот дигимон ссорится с
собственным хвостом во время боя. Реппамон
наслаждается боем в лесистой местности, умело
используя свои когти и хвост, чтобы ловко
лазить среди деревьев. Таким образом, при
сражении с Реппамоном в лесистой местности
необходимо проявлять значительную
осторожность. Его особый приём
«Роллинг Тэкл» — это атака с перекатом вперед."
digimon_0078_profile,"Темный Дракон-дигимон, известный как
«Темно-Багровый Дракон». эволюционировав в
более дикое, свирепое существо, детскость со
времен Гилмона теперь исчезла. Хотя это
дигимон-вирус, Гроулмон может стать верным в
зависимости от того, как его Воспитатель его
растит, возможно, даже сражаясь за
справедливость. Его рев достаточно мощен,
чтобы сотрясать землю, и Гроулмон использует
его как агрессивное проявление, чтобы запугать
врага перед битвой. У него есть особый приём «Экзост Флейм», которое выпускает
мощный взрыв огня с взрывной ревом."
digimon_0079_profile,"Мутантный дигимон, который является ультимат
формой космического воина Стармона.
СуперСтармон дебютировал в ослепительном
костюме, уникально подходящем для его
собственных строгих стандартов. Поскольку он
суперзвезда, он пытается скрыть свою личность,
нося солнцезащитные очки, но это не очень
эффективная маскировка. Его особый приём — «Хейли Сторм», которое обрушивает
метеоры на его противника."
digimon_0080_profile,"Один из Олимпос XII, этот дигимон — гениальный
бог, хвастающийся величайшей скоростью в
Цифровом Мире. Непревзойденная скорость
Меркуримона не видна невооруженным глазом, и
поэтому любые его записи, как говорят,
являются его остаточными образами. Он ненавидит
оставаться на месте и всегда странствует по
Цифровому Миру, что делает его трудным
существом для встречи. Он использует свое
особый приём «Саузенд Фист», чтобы
приблизиться к врагу с почти мгновенной
скоростью, прежде чем обрушить невероятный
скорострельный залп. Меркуримон также является
искусный шаманом, позволяя ему
использовать «Спиричуал Энчантмент», рассекая
воздух своим любимым клинком «Ацтек» и
призывая демонов из другого измерения."
digimon_0081_profile,"Импмон — дигимон уровня Ребёнок, похожий на
дьяволенка. Он любит подшучивать, наслаждаясь
видом страданий своих жертв. Ходят слухи, что
всякий раз, когда появляется Импмон,
электроприборы ненадолго выходят из строя, так
что если ваш экран когда-нибудь трясется или
зависает, возможно, это Импмон шутит. Но
сколько бы Импмон ни радовался проказам и
злобе, он не из тех, кто покорно склонится
перед сильными. Вместо этого он храбрится и
противостоит им. В глубине души он на самом
деле довольно одинок. Фирменное движение
Импмона — «Саммон», которое призывает
элементалей огня и льда."
digimon_0082_profile,"ГиппоГриффонмон — мифический зверь-дигимон,
напоминающий химеру. Говорят, что он
эволюционирует в Гриффонмона, но помимо
этого о нем известно немногое. ГиппоГриффонмон
не так умен, как Гриффонмон, поскольку он в
целом более животный, с соответствующим
свирепым характером. Его особый приём
— «Хит Вейв», извергающее поток обжигающе
горячего воздуха."
digimon_0083_profile,"Слитый дигимон с головой, крыльями и передними
лапами птичьего дигимона, телом зверя-дигимона
и змееподобным существом на хвосте. Хотя
способен летать по небу с помощью крыльев, он
обычно остается в пустынях или горных пещерах.
Гриффонмон — трудный противник, и он
использует свою невероятную силу и ловкость,
чтобы дразнить своих оппонентов. Используя эти
сильные стороны, его нанимают по всей Сети для
предотвращения несанкционированного доступа и
защиты конфиденциальной информации. Его
особый приём «Суперсоник Войс»
испускает сверхвысокочастотные звуковые волны,
которые разрушают структуру данных врага."
digimon_0084_profile,"Священный зверь-дигимон, который, как говорят,
является Древним, рожденным при зарождении
Цифрового мира. Чиринмон обладает силой,
подобной дигимону Мега уровня, несмотря на то,
что сам является Ультиматом. Будучи невероятно
могущественным, он глубоко презирает конфликты
и никогда не проявляет жестокости. Его
сострадательный характер заставляет его
относиться с любовью ко всем живым существам в
Цифровом Мире, но, с другой стороны, он не
колеблется наказать тех, кто предается
бессмысленному насилию. Используя свое
особый приём «Винд Каттер Сорд», он
пикирует в мгновение ока, чтобы пронзить врага
рогом на своей голове."
digimon_0085_profile,"Король дигимонов-нежити, воскрешенный с
помощью темных искусств и получивший в
процессе могучие силы. Изначально
злонамеренный компьютерный вирус, который
уничтожал все данные, которые поглощал,
Миотисмон получил способность оживлять
уничтоженные данные в виде злокачественных
вирусов. У Миотиcмона чрезвычайно жестокий и
коварный характер, и его невероятно трудно
уничтожить. Однако он может полностью
использовать свои силы только ночью. Днем,
по-видимому, Миотисмон ослабевает вдвое. Его
особый приём «Найт Рейд» командует
роем летучих мышей, чтобы засада его врагов."
digimon_0086_profile,"Святой Рыцарь-дигимон и член Королевских
Рыцарей. Кентауросмон является исключением
среди в основном гуманоидных дигимонов
Королевских Рыцарей, обладая нетипичной
звериной формой. Оборонительная сила брони из
Красного Дигизоида, покрывающая его тело, делает
нанесение урона этому дигимону непростой
задачей даже для дигимонов Мега уровня. Шесть
ног обеспечивают Кентауросмону превосходную
мобильность, позволяя мгновенно перемещаться,
несмотря на его крупные размеры. Он использует
свое особый приём «Бифрост», чтобы
выстрелить ослепительной стрелой света из
святого арбалета «Муспеллсхеймр» на своей
левой руке, или «Одинс Бреф», чтобы
контролировать погоду, генерируя криогенную
метель с помощью святого щита «Нифльхеймр» на
своей правой руке."
digimon_0087_profile,"Дигимон-Ангел с шестью сияющими крыльями и
телом, облаченным в божественную белую ткань.
Это существо абсолютного добра, как говорят,
приносит счастье. Анджемон остается полностью
невозмутимым перед лицом зла, атакуя
неумолимо, пока его враг не будет уничтожен.
Легенда гласит, что Анджемон часто спускался
во главе сонма других дигимонов того же вида,
когда Цифровой мир был в кризисе. Также
говорят, что Дэвимон, соблазненный на Темную
Сторону, изначально был того же вида.
Особый приём Анджемона — «Хевенс
Накл», которым он избивает своего врага
сияющим кулаком из золота."
digimon_0088_profile,"Святой Рыцарь-дигимон и член Королевских
Рыцарей, Омнимон был слит из Истребителей
Вирусов ВарГреймона и МеталГарурумона по воле
тех, кто желает добра. Омнимон способен в
полной мере использовать качества обоих
дигимонов при любых обстоятельствах, что
делает его способным и универсальным бойцом.
Его левая рука имеет форму ВарГреймона, с
мечом и щитом, а его правая рука принимает
форму МеталГарурумона, оснащенную пушкой и
ракетами. Плащ на его спине автоматически
раскрывается, когда ему нужно избежать
вражеских атак или полететь. Особый приём Омнимона — «Суприм Кэннон»,
выпускаемое из пушки в форме МеталГарурумона
на его правой руке. Левая рука Омнимона
оснащена непобедимым клинком, «Трансцендент
Сорд»."
digimon_0090_profile,"Дигимон, напоминающий молодого динозавра. Хотя
Гилмон все еще дигимон уровня Ребёнок, он
обладает жестокостью плотоядного и большим
потенциалом как боевой вид, которым все
дигимоны от природы обладают. Знак на его
животе называется «Цифровая Угроза» и
наносится на любого дигимона, способного
нанести серьезный ущерб компьютерным данным.
Тем не менее, если использовать эту
способность ради мира, этот дигимон
потенциально может стать хранителем Цифрового
Мира. Гилмон может использовать свое фирменное
движение «Рок Брейкер», чтобы разрушать даже
камень своими крепкий передними когтями."
digimon_0091_profile,"Чрезвычайно необычный дигимон-насекомое с
гуманоидной формой. Стингмон обладает как
твердым экзоскелетом, так и простыми
движениями, характерными для
дигимонов-насекомых. Превосходя как убийца, он
гордится атаками, которые нацелены на жизненно
важные органы с помощью проворных движений и
точного суждения, обезвреживая врага одним
ударом. Стингмон обладает спокойным,
хладнокровным и очень интеллектуальным
характером. Он использует своё грозное
особый приём «Спайкинг Страйк», чтобы
пронзить врагов шипами на своих руках."
digimon_0092_profile,"Дигимон, переполненный любопытством, который
любит подшучивать. Гатомон может быть
маленьким, но это все же редкий Священный
дигимон, чья внешность скрывает его истинную
силу. Он носит свое Святое Кольцо на хвосте,
доказывая, что он Святой дигимон, хотя он
потеряет часть своей силы, если когда-нибудь
потеряет это кольцо. Помимо Святого Кольца,
для защиты себя Гатомон также носит перчатки с
длинными острыми когтями, скопированными с
данных СэйберЛеомона. Особый приём
Гатомона «Лайтнинг По» использует его когти
для атаки противника."
digimon_0093_profile,"Дигимон-Темный Ангел, облаченный в одеяние
цвета воронова крыла. Дэвимон когда-то был
сияющим дигимоном вида Анджемон, но стал
Темным Ангелом, когда пал в искаженное
пространство Цифрового мира, известное как
Темная Зона. Выдающаяся Метка Зла на его груди
является доказательство этого. Хотя у него коварный и
злобный характер, Дэвимон также чрезвычайно
умен. Говорят, что любой, кто посмотрит в его
светящиеся красные глаза, становится жертвой
его контроля над разумом и подчиняется его
прихотям. Особый приём Дэвимона — «Дез
Коготь», которое использует его две выдвижные
руки, чтобы пронзить противника."
digimon_0094_profile,"ШайнГреймон — Сияющий Дракон-дигимон, который
сражается, используя энергию, собранную от
яростного жара солнца. Одно из его специальных
движений — «Глориус Бёрст», при котором он
расправляет свои гигантские крылья,
концентрируя световую энергию внутри них до
предельный предела, а затем выпускает ее всю
сразу. У него также есть способность призывать
«ДжоГрей Сорд», оружие, в котором вся сила Геи
сконцентрирована в его лезвии."
digimon_0095_profile,"Зверь-Рыцарь-дигимон, полностью покрытый
броней из Хромдигизоида. Из-за невероятной
скорости, с которой движется МиражГаогамон,
его враги чувствуют, будто видят мираж.
Особые приёмы МиражГаогамона включают
«Дабл Кресент Мираж», с помощью которого он
выпускает двойные ударные волны из своих рук,
напоминающие полумесяцы, и «Фул Мун Бластер»,
с помощью которого он заряжает всю энергию в
своем теле, а затем выпускает ее в виде взрыва
класса сверхдредноута из пушки на своей груди."
digimon_0096_profile,"Млекопитающий дигимон, известный своими
большими ушами. Патамон может использовать их,
чтобы летать, но поскольку он может делать это
со скоростью чуть более 0,5 миль в час,
говорят, что его скорость ходьбы значительно
выше. Тем не менее, наблюдать за его попытками
летать — это трогательное зрелище, что делает
его очень популярным (хотя сам Патамон не
ценит такие чувства). Патамон чрезвычайно
послушен и очень хорошо делает то, что ему
говорят. Он также может использовать свою
скрытую святую силу без Святого Кольца — знак
того, что он произошел от Древнего вида
дигимонов. Особый приём Патамона —
«Эйр Шот», при котором он делает глубокий
вдох, а затем выпускает мощный взрыв воздуха."
digimon_0097_profile,"Маленький дигимон, напоминающий летучую мышь.
ДемиДэвимон служит фамильяром для дигимонов
более высокого уровня, таких как Дэвимон и
Миотисмон. Несмотря на свой низкий статус,
ходят слухи, что именно он был ответственен за
соблазнение Дэвимона, когда-то
дигимона-Ангела, на Темную Сторону. Чего
ДемиДэвимону не хватает в силе атаки, он
компенсирует злобной хитростью и всегда где-то
создает проблемы. Любящий темноту и обычно в
компании дигимонов более высокого уровня, его
редко можно увидеть одного. Особый приём ДемиДэвимона — «Деми Дартс», которое
бросает гигантские шприцы во врага, чтобы
высосать его кровь."
digimon_0098_profile,"Гигантский андроид-дигимон, который добавил
лучевые пушки по всему телу, пожертвовав
прочностью своей металлической оболочки.
Особые приёмы ДжамбоГеймона — «Мегатон
Гидро Лазер», который стреляет
высокоскоростными потоками воды из ствола во
рту, способными пронзить что угодно, и «Джамбо
Кратер», который обстреливает все вокруг на
360 градусов из всех своих лучевых пушек,
оставляя после себя кратер на земле. Это
воплощает саму концепцию, что лучшая защита —
это нападение."
digimon_0100_profile,"Жестокий дигимон-зверочеловек, образовавшийся,
когда Лопмон подвергся тёмной эволюции
из-за гнева и ненависти. Вендигомон не
полностью зол, и доброта, которая была у него
как у Лопмона, все еще живет где-то глубоко в
его сердце. Но сила его ярости перекрывает эту
доброту, заставляя Вендигомона полностью
посвятить себя разрушению. В дополнение к
своей грубой силе, Вендигомон обладает
способностью манипулировать временем и
пространством, способен к телепортации,
проходя через другие измерения, а также может
создавать свои собственные подпространства.
Его особый приём — «Хаулинг
Дэстройер», которое создает ударную волну,
способную раздробить даже валуны."
digimon_0101_profile,"Высший Ангел-дигимон с восемью сияющими
серебряными крыльями. МагнаАнджемон служит
маршалом Цифрового мира, наблюдая и
контролируя многих дигимонов-Ангелов внутри.
Более того, он является рупором Сущности
Света, которая пытается сохранить порядок в
Цифровом Мире. Хотя МагнаАнджемон обычно
принимает форму священника, когда Цифровой мир
окутан Сущностью Тьмы, он меняется в свой
Боевой Режим, чтобы поразить зло. В этом
Боевом Режиме МагнаАнджемон отправляет
противника в забвение с помощью Лучевого Щита
на своей левой руке и святого меча Экскалибур,
установленного на его правой руке. Особый приём МагнаАнджмона — «Хевенс Гейт»,
которое он использует, чтобы открыть дверь в
безвыходное карманное измерение, отправляя
своего врага в забвение."
digimon_0102_profile,"Дигимон-мастер боевых искусств, обнаруженный в
глубинке горной провинции Китая. Туруйемон
странствовал по миру в погоне за своими
давними врагами — вирусами, которые используют
электронную почту для злонамеренных целей. Он
благословлен исключительный потенциалом как
мастер боевых искусств, хотя его навыки еще не
развиты. Туруйемон является практиком Тогекен,
боевого стиля его собственного создания. Его
особый приём — «Гонтлет Коготь»,
которое включает серию ударов, наносимых
Железными Когтями с Кроличьими Рогами на обеих
руках. Эта комбо-атака использует кроличью
ловкость и мощные высокие прыжки."
digimon_0103_profile,"Ракообразный дигимон, который прикрепил к
своему телу металлические данные, растворенные
в Сетевом Океане, резко увеличив свою
боевую способность. Крабмон атакует
гигантскими лезвиями на своей левой клешне и
мощной хваткой правой клешни. Для защиты он
полагается на свой колючий панцирь, чтобы
повредить атакующих, и совершенно самоуверен в
бою. Крабмон полностью осознаёт слабые места своих
суставов и брюха и поэтому редко оставляет их
открытыми. Он наслаждается ловушками для своих
противников и является несколько проказником.
Особый приём Крабмона — «Си?ззорс
Экзекьюшн», которое запускает его острую левую
клешню прямо в глотку противника."
digimon_0104_profile,"Сусаноомон известен в восточном фольклоре как
ультиматный бог разрушения и правитель
регенерации. Говорят, что он появляется, когда
в Сети возникают аномалии, аннулируя
существующую систему и строя новую на ее
месте. Особые приёмы Сусаноомона — «Ама
но Хабакири», которое рассекает все и вся под
небом лезвием света, выпущенным из его
ZERO-ARMS: Ороти, и «Якуса но Икадзути»,
ультиматная техника, с помощью которой он
направляет свой ZERO-ARMS: Ороти, лезвие
света, к небесам, превращая лезвие в
разрушительную молнию, которая затем
обрушивается на мир."
digimon_0105_profile,"Скрытая форма Галлантмона, облаченная в
сияющую багровую броню. Галлантмон: Багровый
Режим выпускает свою полную мощность, нагревая
свои бронированные части до красного каления.
В результате он не может оставаться в Багровом
Режиме долго. Грудь Галлантмона: Багровый
Режим содержит ДигиЯдро с запечатанной в нем
Цифровой Угрозой, которое заставляет
энергетические крылья излучаться из его спины,
когда он высвобождает силу в своем теле. Он
владеет копьем света «Гунгнир» и мечом света
«Блутганг», которые являются энергетическим
оружием без формы. Его особый приём
«Инвинсибл Сорд» рассекает врага Блутгангом, а
«Кво Вадис» разрывает врагов на атомном уровне
Гунгниром, прежде чем отправить их в другое
измерение."
digimon_0106_profile,"Дигимон уровня Мега+, рожденный от мутации,
вызванной слиянием огромного количества
дигимонов на стадии Обучения Диабломонов.
Диабломоны обладают способностью к массовому
самокопированию, но каждая копия уступает
оригиналу. Однако слияние большого количества
дигимонов на стадии Обучения Диабломонов
вместе — вместо их ослабления —
сконцентрировало их способности в эту
единственную, более мощную сущность.
Особые приёмы Армагеддемона — «Блэк
Рейн», которое разбрасывает энергетические
снаряды с его спины в воздух, чтобы обрушить
их во всех направлениях, и «Ультимат Флейр»,
которое выпускает луч разрушительной энергии
из его разинутой пасти."
digimon_0107_profile,"Женственный дигимон-Темный Ангел с благородным
облик. Сила Темной Стороны ЛедиДэвимон
сильна, чиста и не имеет себе равных. Известно
почти ни одного случая успешного выращивания
одного из этих дигимонов на персональном
компьютере. Особый приём ЛедиДэвимон —
«Даркнесс Вейв», которое выпускает
бесчисленных летающих, похожих на летучих
мышей существ, которые сжигают противника
дотла."
digimon_0111_profile,"Дигимон, похожий на назойливого бесенка,
который любит проказы. Хитрые существа,
лишенные мужества, Гоблимоны всегда
перемещаются группами, прячась в тени деревьев
или зданий, ожидая в засаде. Но если ситуация
ухудшается, они разбегаются во всех
направлениях, убегающий на полной скорости. Их
интеллект, с другой стороны, выше среднего для
дигимонов уровня Ребёнок. Особый приём
Гоблимона — «Гоблин Страйк», которое швыряет
файерболы на скорости Маха."
digimon_0112_profile,"Из-за устаревшего интерфейса на его лбу, этого
зверя-дигимона предполагаемый быть экспериментальным
«Прототип-дигимоном» из времени до открытия
дигимонов. Характерная для Боевого Вида
личность особенно очевидный у Дорумона. У него
сильный инстинкт к битве, он кусает и рычит на
все и вся, хотя, по-видимому, испытывает
чувство привязанности к чему-то после укуса.
Сильные данные жизненной силы легендарного
«дракона» были обнаружены сокрыты в самой
глубокой части его ДигиЯдра во время
эксперимента, и у Дорумона, по-видимому, есть
потенциал вырасти в могущественного дигимона.
Особый приём Дорумона — «Метал
Кэннон», которое выстреливает железный шар из
его рта."
digimon_0113_profile,"Подвид Нюмемона, все тело которого блестит
золотом, включивший в себя данные из золотых
приисков. Особый приём ГолдНюмемона —
«Голдуриан Раш», которым он швыряет поток
золотых экскрементов."
digimon_0114_profile,"Новый тип дигимона, обнаруженный только
недавно. Виимон — выживший представитель вида,
который когда-то процветал на заре Цифрового
Мира. Это позволяет ему использовать Диги-Яйца
для выполнения типа псевдо-эволюции,
известного как броневая эволюция. Из всех
своих сверстников Виимон является одним из
лучших Боевых Видов. Он обладает скрытой силой
и использует броневую эволюцию, чтобы
проявить свои взрывные способности. Хотя по
натуре проказник и шутник, у Виимона также
сильное чувство справедливости. Его
особый приём — «Виимон Хедбатт»,
которое сбивает врагов с ног мощным ударом
макушкой головы."
digimon_0115_profile,"Хакмон прошел через строгие тренировки,
отточив непревзойденное боевое чутье и
достигнув ментальной, технической и физической
силы в этой форме. БаоХакмон продолжает
тренироваться, стремясь к даже большим
высотам, накапливая боевой опыт через
бесчисленные сражения с сильными противниками.
Чем больше этот боевой эксперт сражается, тем
больше он эволюционирует. Желание БаоХакмона
стать Королевским Рыцарем только усилилось по
мере его роста. Он не позволяет другим
определять за него, как лучше действовать, считая,
что должен наблюдать и сам решать, как подойти
к чему-либо. Своим специальным движением «Файф
Кросс» БаоХакмон рассекает своего противника
своими острыми когтями."
digimon_0116_profile,"СэйвиорХакмон — дигимон, который много
путешествовал. После повторяющихся встреч и
расставаний с другими дигимонами и пережив
бесчисленные сцены резни, он наконец
эволюционировал в эту форму. СэйвиорХакмон
продолжает участвовать в бесконечных битвах,
которые происходят по всему Цифровому Миру,
стремясь положить конец этим враждам и помочь
местным дигимонам, пострадавшим от конфликтов.
СэйвиорХакмон ходит на двух ногах, несмотря на
то, что обе они являются лезвиями, и теперь,
когда его руки и хвост также выпустили
багровые лезвия, его стиль атаки стал более
наступательным. Кристалл в его груди служит
физическим доказательством его неутомимых
усилий стать сильнее. Особый приём
СэйвиорХакмона «Трайдент Сэйбер» использует
багровые лезвия на его руках и хвосте, чтобы
безжалостно рассекать врагов, даже тех, кто
покрыт Хромдигизоидом."
digimon_0117_profile,"Мифическая Святая Птица-дигимон, которая живет
в стратосфере на высоте более 130 000 футов
над землей. У Вародурумона шесть гигантских
крыльев, причем самая большая пара имеет
размах почти 100 футов. Упоминаемый в мифах
как хранитель неба, легенда гласит, что этот
древний дигимон существовал с момента создания
Цифрового мира. Перья Вародурумона постоянно
излучают святой свет, известный как «Пёдж
Шайн», который служит барьером, полностью
нейтрализующим любую атаку, сделанную со злым
умыслом. Его особый приём — «Аврора
Андулейшн», которое усиливает очищающий свет
Пёдж Шайна до пиковой яркости, прежде чем
обрушить его на своих врагов."
digimon_0118_profile,"«Хаосмон» — это кодовое имя, используемое для
дигимонов, которых не должно существовать —
ошибок в Центральной Догме Цифрового мира,
которые должны быть абсолютно невозможны.
Считается, что Хаосмон: Рука Вальдура родился
из джогресс-эволюции БанчоЛеомона и
Вародурумона, поскольку следы каждого можно
увидеть на его руках. Его особые приёмы
— «Банчо Блейд», которое наносит неудержимый
удар своим одноименным мечом на его Руке
Банчо, и «Аврора Бластер», которое выпускает
очищающий взрыв света из его Руки Вальдура."
digimon_0126_profile,"Святой Рыцарь-дигимон и член Королевских
Рыцарей. Королевские Рыцари — это дигимоны
высшего ранга, когда дело доходит до
безопасности Сети, и ни один дигимон никогда
не мог взломать их стойкую защиту. Но учитывая
атрибут Вируса Галлантмона, его роль одного из
главных защитников Сети по своей природе
конфликтует с его сущностью. Это означает, что
всегда есть шанс, пусть и небольшой, что он
может оступиться и стать угрозой вместо
защиты. Галлантмон облачен в святую броню,
сделанную из 99,9% чистого Хромдигизоида, и он
держит святое копье «Грам» в правой руке, в то
время как несет святой щит «Эгида» в левой.
Его особые приёмы — «Лайтнинг Джауст»,
который выпускает мощный удар Грамом, и «Шилд
оф зе Джаст», который испускает очищающий луч
из Эгиды."
digimon_0127_profile,"КингЭтемон — верховное существо,
самопровозглашенный «Король дигимонов»,
который выделяется даже среди своих собратьев.
Он даже заходит так далеко, что называет себя
«Королем Королей». Одетый в свой щегольской
Обезьяний Костюм, на груди которого заметно
изображены иероглифы, означающие «Великий
Король», КингЭтемон расхаживает, как звезда
(хотя другие дигимоны относятся к нему как к
маленький более чем шутке). Особый приём
КингЭтемона — «Манки Ренч», которое
представляет собой представление, лишающее
противников воли к борьбе."
digimon_0128_profile,"«Король Насекомых», управляющий всеми
дигимонами-насекомыми. ТайрантКабутеримон
действует только ночью, создавая оплот в
Подземном Лесу глубоко под землей ниже
темного леса. Он может контролировать любых и
всех дигимонов-насекомых по своей воле и
почти никогда не сражается сам. Его панцирь
состоит из высокоплотного Хромдигизоида,
который обычный дигимон не способен
повредить. ТайрантКабутеримон использует «Шайн
оф Би», чтобы развязать неблокируемое
ослепительное взрывное излучение из всего
своего тела, мгновенно превращая всех
враждебных существ в пепел. Он также
использует «Би Сайклон», чтобы призвать
подчиненных насекомых, которые образуют
неприступную стену из жуков."
digimon_0129_profile,"Злобный бог-дигимон, известный как «Грешный
Жрец Океанских Глубин». Считается, что
Драгомон эволюционировал из компьютерного
вируса, который заражал корабельные
компьютеры, сбивая их курсы и маршруты.
Драгомон связывает свои бесчисленные щупальца
в гуманоидную форму, но его истинная сущность
— это эволюция странного дигимона-моллюска.
Особый приём Драгомона — «Форбидден
Трайдент», которым он швыряет свой трезубец с
огромный силой. Для своих побежденных врагов
он держит четки на своей шее и принимает
своего рода траурную позу."
digimon_0130_profile,"Древняя Рыба-дигимон с прочной кожей и
огромный когтями. Этот дигимон обнаруживается
в Сетевом Океане всякий раз, когда
компьютерные сети, разрушенные злонамеренными
хакерами, восстанавливаются. Телосложение
Коэламона очень примитивно, с плавниками,
развившимися в конечности. Основываясь на этих
фактах, считается, что первозданные дигимоны,
рожденные в Сетевом Океане, претерпели
различные эволюции, чтобы выйти на сушу,
становясь более многочисленными и
дифференцируясь на различные типы в процессе.
Особый приём Коэламона — «Фоссил
Байт», которое атакует врагов его массивными
когтями."
digimon_0132_profile,"Сидрамоны, выжившие в суровой окружающей среде
вокруг Фолдер Континента, принимают эту форму,
чтобы продолжать жить в Цифровом Мире, где
выживают только сильнейшие. Благодаря этой
эволюции тело МегаСидрамона стало на размер
больше, панцирь, покрывающий его голову,
затвердел, и на лбу выросло лезвие в форме
молнии. Он также более умен, чем Сидрамон, и
будет неумолимо выслеживать и уничтожать
врагов, как самонаводящаяся торпеда.
Особый приём МегаСидрамона — «Лайтнинг
Джавелин», которое выпускает мощный разряд
молнии из лезвия на его лбу. Его головной
панцирь содержит генератор, специально
созданный для того, чтобы сделать это
особый приём возможным."
digimon_0133_profile,"Дигимон вида Сидрамон, эволюционировавший в
злую сущность. ВаруСидрамон контролирует силу
тьмы с помощью похожего на лезвие рога на
своем лбу. Этот дигимон стал еще более хитрым
и настойчивым, чем МегаСидрамон, когда дело
доходит до преследования добычи. Особый приём ВаруСидрамона — «Даркстром», которое
поглощает врагов водоворотами, состоящими из
темной силы."
digimon_0134_profile,"Ультимат андроид-дигимон, также известный как
«Гигантский Гроулмон». ВарГроулмон огромен,
как предполагает это прозвище, и верхняя
половина его тела состоит из мощного металла
Хромдигизоид. Он также может летать благодаря
двум верньерным двигателям на его плечах, что
позволяет ему справляться с угрозами как на
суше, так и в воздухе. Намордник-ограничитель
на челюстях ВарГроулмона нужен для контроля
его огромный силы. Кабелеподобный Ассаулт
Балансер, который может свободно выдвигаться
из его спины, удваивается как оружие для
пронзания врагов. Особый приём
ВарГроулмона — «Атомик Бластер», которое
стреляет из двух пушек на его груди, чтобы
уничтожить врагов на атомном уровне."
digimon_0135_profile,"Эта финальная форма Гарурумона была усилена за
счет превращения большей части его тела в
металл. Несмотря на этот процесс,
МеталГарурумон не потерял ни капли проворства
и может уничтожать своих врагов, используя
бесчисленное оружие, скрытое по всему телу.
Четыре лазерных целеуказателя на кончике его
носа испускают невидимые лучи, и
МеталГарурумон использует широкий множество
датчиков, включая инфракрасные и
рентгеновские, для анализа своих целей. Это
делает невозможным побег от МеталГарурумона,
даже в полной темноте. Более того,
механические руки, выдвигающиеся из спины
МеталГарурумона, могут испускать
фотоэлектрические лучевые крылья, позволяя ему
летать через Сетевое Пространство с
невероятной скоростью. Особый приём
МеталГарурумона — «Фризинг Бреф», которым он
выдыхает поток воздуха при абсолютном нуле,
который замораживает все, к чему прикасается.
Этот ход мгновенно приостанавливает жизненные
функции любого живого существа, в которое он
попадает. Он также обладает «Айс Вулф Коготь»,
который уничтожает врагов одновременным
запуском всего оружия в арсенале
МеталГарурумона."
digimon_0136_profile,"Зверь-дигимон, рожденный через слияние данных,
полученных при наблюдении за солнцем.
Коронамон обладает сильным чувством
справедливости и чистой, простодушной
личностью. Его особый приём — «Корона
Флейм», которое преобразует всю выносливость в
его теле в силу пламени, чтобы выстрелить
огненной ракетой в врага со своего лба."
digimon_0137_profile,"Зверь-дигимон, известный как «Парящий Лев».
Фирамон — полезный лидер среди дигимонов,
который защищает определенные руины в Цифровом
Мире. Его особый приём — «Флейм Дайв»,
которым он окутывает свое тело пламенем и
пикирует на врага с небес."
digimon_0138_profile,"Флейремон — дигимон-зверочеловек. Хотя его
впечатляющая грива и подавляющее облик
могут показаться пугающими, его сила воли
позволяет ему смело встречать любые трудности
ради своих товарищей. Его особый приём
— «Багровая Волна Короля Зверей», которое
концентрирует яростное пламя и львиный боевой
дух в его кулаке, прежде чем выпустить
энергетический взрыв в форме льва."
digimon_0139_profile,"Бронезверь-дигимон, эволюционировавший
через Диги-Яйцо Дружбы. Диги-Яйцо Дружбы имеет
атрибут Грома, позволяя тем, кто его
экипирует, двигаться со скоростью молнии,
чтобы противостоять своим врагам, а затем
побеждать их электрически заряженными атаками.
Особый приём Лайдрамона — «Лайтнинг
Блейд», которое выстреливает электрический меч
из заряженного молнией лезвия на его голове."
digimon_0140_profile,"Дигимон-зверочеловек, эволюционировавший из
Гарурумона и теперь способный ходить на двух
ногах. Становление двуногим уменьшило скорость
ВереГарурумона, но превратило его в дигимона
типа Коммандос с улучшенной наступательной и
оборонительной мощью, а также склонностью к
тактике. Сохраняя силу ног Гарурумона, его
пинки чрезвычайно мощны, а его прыгучесть
является одной из лучших в мире дигимонов.
ВереГарурумон также чрезвычайно предан и сделает
все, если приказано его хозяином, что делает
его очень надежным. Его особый приём
— «Вулф Коготь», которое разрывает противников
на клочья его острыми когтями."
digimon_0141_profile,"Бронезверь-дигимон, эволюционировавший с
Диги-Яйцом Любви. Диги-Яйцо Любви имеет
атрибут Ветра, позволяя тем, кто его
экипирует, расправлять крылья и парить в
небесах, подобно шквалу, проносящемуся сквозь
эфир. Когда дело доходит до воздушного боя,
Халсмон превосходит вражеских дигимонов в
скорости и силе атаки. Его особый приём — «Темпест Винг», которое создает
массивные торнадо из его вращающегося тела."
digimon_0142_profile,"Бронемутант-дигимон, эволюционировавший с
Диги-Яйцом Искренности. Диги-Яйцо Искренности
имеет атрибут Растения, позволяя тем, кто его
экипирует, сливаться с природой, прячась на
ветру, как парящий лист, только чтобы
появиться в слепой зоне врага и нанести точный
удар. Шуримон — воплощение ниндзя. Названный в
честь своего сюрикена, его особый приём — «Дабл Старс», которым он швыряет
гигантский сюрикен со своей спины во врага с
высоты."
digimon_0144_profile,"Броненосец-дигимон, эволюционировавший с
Диги-Яйцом Знания. Диги-Яйцо Знания имеет
атрибут Земли, позволяя тем, кто его
экипирует, манипулировать самой землей. Как
предполагает его уникальная форма, Дигмон
никогда не проигрывает другим дигимонам в
подземном бою. Его особый приём —
«Голд Раш», которое вращает сверла на его носу
и руках на высокой скорости, чтобы обрушить
сконцентрированный удар."
digimon_0145_profile,"Броневодный дигимон, эволюционировавший с
Диги-Яйцом Надежности. Диги-Яйцо Надежности
имеет атрибут Воды, позволяя тем, кто его
экипирует, демонстрировать свою истинную силу
под водой. Сабмаримон свободно плавает по обширный
океанам, и навыки, которые он обрушивает в
подводных битвах, могут быть равны только
другим водным дигимонам. Его особый приём — «Оксиджен Хоуминг», которое
выпускает сверхсжатый кислород."
digimon_0146_profile,"Бронесвященный зверь-дигимон,
эволюционировавший с Диги-Яйцом Надежды.
Диги-Яйцо Надежды имеет Святой атрибут,
позволяя тем, кто его экипирует, орудует
священной силой. Эта сила позволяет Пегасумону
проявлять абсолютный силу против злых существ.
Его особый приём «Сильвер Блейз»
испускает святой луч со его лба."
digimon_0147_profile,"Бронесвященный зверь-дигимон,
эволюционировавший с Диги-Яйцом Света.
Диги-Яйцо Света имеет атрибут Света, позволяя
тем, кто его экипирует, очищать тьму сияющей
силой. Хотя Гатомон не является потомком
древнего вида дигимонов, он способен на
броневую эволюцию в Нефертимона, пробуждая
спящую особую способность в составе своих
данных. Его особый приём — «Розетта
Стоун», которое призывает огромную каменную
табличку с выгравированными древними надписями
ДигиКода для атаки врагов."
digimon_0148_profile,"Высший Ангел-дигимон с внешностью прекрасный
женщины. Хотя ранее классифицировался как
дигимон-Ангел, великая сила его способностей
ясно дает понять, что это Высший
Ангел-дигимон. Ангелы уровня Чемпион склонны
иметь шесть крыльев, в то время как Ангелы
уровня Ультимат имеют восемь крыльев. Энджмон
спокойна по натуре, но не терпит злодейства и
будет продолжать атаковать, пока ее враги не
исправятся. Из-за силы духа и великой силы ее
рассматривают как богинеподобную фигуру
Цифрового мира. Особый приём Энджмон —
«Селестиал Эрроу» — также известное как
«Небесная Кара» — которое выпускает
сокрушительную атаку молнией."
digimon_0149_profile,"Огромный Темный Дракон-дигимон с восемью
головами. Однако семь из них — подделки, и
только черная в центре на самом деле является
частью его тела. Происхождение Орочимона берет начало
назад к давним временам, когда он сеял хаос в
Древнем Цифровом Мире. Его сила была такова,
что он довел целый регион до грани разрушения,
пока не был запечатан слугой существа,
стремящегося сохранить гармонию в Цифровом
Мире. Особый приём Орочимона — «Амэ но
Муракумо», которое превращает конец его хвоста
в острое лезвие, чтобы разрывать его врагов."
digimon_0150_profile,"Более темная сторона Галлантмона, в которой
его природа как дигимона-Вируса вышла на
передний план. Разум и дух ХосГаллантмона были
полностью развращены, превратив его не более
чем в «Цифровую Угрозу», стремящуюся принести
разрушение в Цифровой мир. ХосГаллантмон орудует
демоническое копье «Бальмунг» в правой руке, в
то время как несет демонический щит «Горгон» в
левой. Во всех отношениях он является
антитезой Галлантмона. Особые приёмы
ХосГаллантмона — «Демоник Дизастер», которое
делает серию мощных выпадов своим демоническим
копьем, и «Джудекка Призон», которое выпускает
волну разъедающей темной энергии из своего
демонического щита."
digimon_0151_profile,"Полноценный рептильный дигимон, несмотря на
то, что покрыт мехом. Габумон — чрезвычайно
застенчивое, робкое существо, которое всегда
собирает данные, оставленные Гарурумоном,
чтобы носить их как шкуру. Шкура Гарурумона
также служит для защиты Габумона, поскольку
другие дигимоны боятся первоначального
владельца. Личность Габумона делает полный
разворот на 180 градусов, когда он носит
шкуру. Его особый приём — «Блю
Бластер»."
digimon_0162_profile,"Дигимон с властью над водой, несущий
могущество Десяти Легендарных Воинов. Лейнамон
обладает острой интуицией и изменчивым
настроением, возможно, из-за того, что раньше
он в основном действовал в океанской области
системы прогнозирования погоды. Его эмоции
бурные, он ведет себя как милый молодая леди,
когда в хорошем настроении, и плачет, как
истеричный младенец, когда расстраивается.
Лейнамон использует мало прямых атак в бою,
полагаясь вместо этого на управляемый дождь
или другие косвенные методы борьбы. Тем не
менее, его боевая сила возрастает во время
всплесков эмоций, причем его боевая мощь
становится непостижимо сильной, когда он
плачет. Особый приём Лейнамон — «Рейн
Стрим», которое фокусирует проливной дождь,
чтобы раздавить врага."
digimon_0163_profile,"Дигимон с властью над водой, несущий
могущество Десяти Легендарных Воинов.
Наполовину гуманоид, наполовину зверь,
Кальмарамон может вращать свои щупальца на
высокой скорости для атаки или собирать их
вместе в защитную стену, что делает их
универсальным инструментом в бою. Если он не
может покончить с противником своими
щупальцами, Кальмарамон втягивается в свою
мантию, увеличивая силу своих атак, принимая
форму гигантского кальмара. Эта мантия даже
более стойкий, чем его щупальца, делая
внешние физические атаки против нее
безвредными. Хотя Кальмарамон более привык к
морям и небесам, он также может умело
маневрировать своими десятью щупальцами, чтобы
передвигаться по суше, как гигантский
рак-отшельник. Подобно ведьме, она хитра и
быстро гневается. Ее особый приём —
«Титаник Чардж», которое вращает ее
затвердевшую мантию, чтобы ввинчиваться во
врагов."
digimon_0168_profile,"Член Олимпос XII, бог, председательствующий на
небесах, и дигимон, управляющий громом и
погодой. Юпитермон всегда судит добро и зло на
поле боя, верша божественное наказание над
нечестивыми. Такой суд совершается равнодушно,
без эмоций. Те, кто не согласен с решением
Юпитермона, могут бросить ему вызов и отменить
приговор в случае победы, но на данный момент
никто никогда не совершал этот подвиг. Он
может хлопнуть молотами на обеих руках вместе,
чтобы призвать маленькие грозовые тучи. Он
использует «Паниш Джадж», чтобы ударить
противника своим молотом, выгравировать метку
на его теле и отложить его наказание. Когда
Юпитермон решает привести говорят наказание в
исполнение, приговор приводится в исполнение
ударом по тому врагу чрезвычайно высоковольтной
молнией. Он использует свое ультиматное
особый приём «Вайд Пласмент», чтобы
изменить свое тело на сверхвысоковольтную
плазму. Это наносит божественное наказание на
область вокруг Юпитермона, распадающийся любого
и все, к чему он прикасается."
digimon_0169_profile,"Полностью измененная версия Юпитермона,
который обычно объективен и контролирует свои
эмоции, вынося приговор, но становится
неспособным подавить свой гнев, сталкиваясь с
врагом, совершившим непростительный грех.
Юпитермон: Режим Гнева призывает свой
божественный клинок «Кераунос» громовым ревом,
и его тело вырастает в десятки раз в размере,
поскольку броня и молния окутывают его с
головы до ног. Его ярость становится очевидной
из-за яростной молнии, которая его окружает,
еще эффективная сдержанность его движений
оказывает невероятное давление на его врага.
Юпитермон: Режим Гнева берет Кераунос в обе
свои руки и рассекает своих противников одним
взмахом в своей атаке «Кераунос Дивайд». Он
также может призвать небеса, чтобы свершить
суд над своим побежденным врагом с помощью
«Диос Тандер». Если атака попадает, враг
признается виновным, а если промахивается —
невиновным. Дигимоны, признанные виновными по
этой атаке, имеют свои данные полностью
уничтоженными."
digimon_0170_profile,"Партнер Юпитермона и одна из Олимпос XII.
Юномон занимает свое место на поле боя как
любящий защитник Юпитермона и постоянно
стремится предсказать, обнаружить и искоренить
повстанцев, которые осмелятся противостоять
воле Юпитермона. Она твердо схватить все
склонности Юпитермона, возможно, из-за ее
невероятно нежной натуры и глубокой любви
к Юпитермону. Особые приёмы Юномон —
«Ни?дл Хайв», которое пронзает врагов катарами
на ее руках, и «Грейсфул Ланс», которое
автоматически атакует врагов вокруг нее своими
разумными копьями."
digimon_0171_profile,"Другая форма, пробудившаяся из глубин сердца
Юномон, злая. Беспрерывное противостояние ее
возлюбленному Юпитермону крадет время, которое
они проводят вместе, заставляя Юномон
поглощаться завистью. Поскольку жизненная сила
постепенно покидает ее лицо, она полностью
поглощенный тьмой вместо этого. В конце концов,
Юномон открывает новое, замаскированное лицо.
Через эту маску Юномон воспринимает всех
окружающих дигимонов как злых и делает все
возможное, чтобы уничтожить их. Однако
Юпитермон не может ощущать эту форму Юномон,
поэтому ей никогда не приходится сталкиваться
с судом Юпитермона. Особые приёмы
Юномон: Истеричный Режим включают «Велком
Демайз», которым она последовательно пронзает
врага копьями обеих рук, и «Чейн Лэш», которым
она опутывает все тело врага цепями и
уничтожает его после того, как заставляет его
признать свои грехи."
digimon_0172_profile,"Этот сострадательный дигимон управляет силой
любви и является одной из Олимпос XII. Даже на
самых бесплодных пустошах, куда бы Венусмон ни
пошла, прекрасный цветы расцветают, и земля
вокруг нее обновляется юной энергией. Многие
дигимоны поклоняются Венусмон из-за ее красоты
и чистоты. Надевая повязку на глаза, она
способна воспринимать мир таким, какой он
есть, своим мысленным взором, видя сквозь
любую ложь или обман. Сокрытие ее глаз также
подавляет ее ауру очарование, удваиваясь как акт
внимательности и уменьшая количество
дигимонов, которые в противном случае падали
бы в обморок в ее облик. У Венусмон есть
два маленьких, но постоянных спутника, птица
Олив и гребешок Хотан, и трое друзей
поддерживают открытый и оживленный разговор.
Поскольку Венусмон — дигимон, управляющий
любовью, каждое ее действие в бою успокаивает
сердца ее противников. С помощью «ЛАВ Ю» она
может заставить врага потерять сознание,
послав ему воздушный поцелуй и заставив его
сердце пропустить удар. Если ее птица Олив
клюнет врага по голове, он попадает под чары
«Пис Фантазия», которые могут успокоить сердце
даже самого свирепого зверя."
digimon_0173_profile,"Одна из Олимпос XII и Божественный дигимон,
обладающий энергией пламени, эквивалент самой
силе солнца. Эта впечатляющий сила, способная
расплавить и очистить любое вещество, такова,
что даже Аполломон — со всем его интенсивный пылом
и гордостью — едва может ее сдерживать.
Особые приёмы Аполломона — «Сол
Бластер», которое выпускает ослепительный
солнечный шар, сформированный из сферы пламени
на его спине, и «Фебус Блоу», которое
концентрирует всю его скрытую силу в один
удар."
digimon_0174_profile,"Этот бог войны-дигимон, напоминающий
человека-леопарда, является одной из
загадочных Олимпос XII, которые обладают
способностями, соперничающими даже с Королевскими
Рыцарей, божеств-хранителей Сети. Каждая из
Олимпос XII защищает свой собственный регион,
действуя в тени и сохраняя нейтральную позицию
во время инцидентов в Цифровом Мире. Марсмон
хорошо понимает все виды рукопашных техник в
мире — включая навыки, использующие нечестную
игру — и обладает абсолютной уверенностью в
любом бою один на один против подобных себе.
Он полагается в основном на приемы рестлинга,
но его сосредоточенность на победе и славу означает, что
он будет выхватывать скрытое оружие, такое как
его «Трая Наклз» или «Метал Котурнус», когда
оказывается в затруднительном положении. И всё же, Марсмон проявляет свою истинную силу,
когда сражается голыми руками и ногами. Его
особый приём «Корона Сэнкшнс» — это
славный техника убийства в воздухе, которая
облачает Марсмон в пламя."
digimon_0176_profile,"Одна из Олимпос XII, Цересмон — гигантская
птица-дигимон, несущая на спине лес Карпос
Хуле, славившийся своими плодами, известными
как самый сладкий деликатес в Цифровом Мире. С
телом, состоящим из гигантских скал и
плодородной почвы, Цересмон в полете больше
всего напоминает плавучий остров. Цересмон
Медиум, который является истинной формой
Цересмон, находится во главе острова. Цересмон
Медиум обладает почти никакой боевой
способностью и редко появляется перед другими.
Однако в редких случаях он, по-видимому,
показывает себя тем, кому доверяет, не приводя
с собой гигантскую птицу. Цересмон Медиум
обладает мягким характером и сердцем,
переполненным состраданием. Он предлагает
голодным дигимонам фрукты из Карпос Хуле и
позволяет раненым дигимонам укрыться в лесу,
пока они не восстановятся. Однако, если кто-то
окажется неблагодарным за щедрость природы,
нанесет вред деревьям или осквернит землю ради
забавы, природа Цересмон Медиума меняется, и
он становится по-настоящему ужасным лесным демоном.
Особый приём Цересмон — «Айленд
Фрифол», которым оно врезается своим массивным
телом прямо во врага, посылая мощные толчки и
яростные ветры, бурлящий на широкой область вокруг
места падения. Цересмон также имеет «Бернинг
Блад Шелл», которое выстреливает огромный,
обжигающий шар магмы из его рта."
digimon_0177_profile,"БлюМерамон — огненный дигимон, который горит
жарче, чем Мерамон уровня Чемпион. Его
особый приём — «Колд Флейм»."
digimon_0178_profile,"Этот бог-кузнец дигимонов является одним из
Олимпос XII. Вулканусмон ответственен за
создание большинства известнейшего оружия
Цифрового мира, включая печально известные
любимые дробовики Бельзебмона «Беренджена».
Вулканусмон обладает духом истинного мастера,
наряду с упрямым характером. Он оценивает всех
своих клиентов, и если считает, что они не
смогут освоить или не будут ценить оружие,
которое они запросили, он отказывает им. Даже
когда Вулканусмон соглашается сделать оружие,
он соотносит качество своей работы со своим
впечатлением о владельце. Тем не менее,
Вулканусмон был настолько впечатлен силой
Бельзебмона, что усердно трудился, чтобы
создать исключительное оружие, когда создавал
Беренджену. Вулканусмон предпочитает, чтобы
его оставили в покое, работая своими восемью
руками, но также может использовать свое
мастерство как ремесленника в бою. Своим
специальным движением «Пинпоинт Уэпон Воркс»
он мастерски использует свой огненный
сварочный аппарат «Бомбер Арт», чтобы
мгновенно создать идеальное оружие для любой
боевой ситуации. Когда он действительно хочет
выложиться по полной, он использует
«Эпроприэйт Воркс», который многократно
использует «Пинпоинт Уэпон Воркс», чтобы
выковать оружие для каждой из своих восьми
рук. Несмотря на все это, собственная боевая
способность Вулканусмона не особенно
высока, и он предпочитает избегать боя
когда бы ни возможно."
digimon_0179_profile,"Одна из Олимпос XII, этот дигимон хвастается,
что он самый тяжелый пьяница Цифрового мира.
Бахусмон имеет веселый нрав и хорошо подходит
для заботы о других. Днем или ночью, он всегда
стремится собрать вместе дигимонов уровня
Ребёнок и Чемпион, чтобы устроить вечеринку.
Бахусмон обладает способностью производить
любую форму алкоголя внутри своего тела, и
если ему понравится другой дигимон на одной из
этих вечеринок, известно, что он предложит ему
напиток по его выбору. Сам Бахусмон имеет вкус
к фруктовым винам, его любимый сорт
производится из ферментированных фруктов
Карпос Хуле, леса, который несет на спине
Цересмон. Всякий раз, когда у Бахусмона есть
свободная минута, он умоляет Цересмон сделать
ему немного фруктового вина. Из-за этого пара
находится в очень хороших отношениях, и их
часто видят вместе. Особый приём
Бахусмона — «Кук оф зе Абисс», которым он
обхватывает врага руками, изменяет его
композиционные данные на подходящую закуску и
затем съедает его. Бахусмон также имеет «Парти
оф зе Хевенс», которым он производит форму
алкоголя, содержащего яды, которые могут
вызывать сонливость и паралич, а затем
обстреливает врагов этим зельем, чтобы
ошеломить их. Более того, данные яда, которые
он производит, являются одним из предметов
исследования Команды Раскола. Существует ряд
надежный слухов, которые предполагают, что
данные яда Бахусмона связаны с разработкой
бактериологического оружия и планов громких
убийств."
digimon_0180_profile,"Дигимон, который правит царством мертвых и
использует страх и насилие, чтобы
терроризировать злодеев. Плутомон, окутанный
глубокой тенью, крадется по земле в поисках
злодеев и преступников, которые заслуживают
быть отправленными в царство мертвых. Плутомон
наслаждается, пережевывая злодеев своими
пастями, заполненными рядами острых клыков, и
издает зловещий стрекочущий звук, выслеживая
свою добычу. Сочетание этого и его грозной
внешности пугает даже хороших дигимонов. Все
способности Плутомона обладают тревожной
силой, чтобы швырять злодеев вниз, в царство
мертвых. В одном из этих движений, «Хеллз
Гейт», из тьмы появляется гигантская пасть и
проглатывает врагов целиком, и их данные
разбираются на лоскуты. Ход «Хаггард Кластер»
заставляет клыки на его груди выпустить тьму,
которая поглощает и испаряет любое вещество на
своем пути. Плутомон разделяет цель наказания
зла с Юпитермоном из Олимпос XII. Однако между
ними существует давняя вражда, потому что
Юпитермон не одобряет жестоких методов
Плутомона."
digimon_0181_profile,"Божественный дигимон и член Олимпос XII,
напоминающий женщину. Мервамон — это форма
Миневрамона, которая накопила опыт и
достижения с течением времени, и у нее гораздо
более спокойный и зрелый характер по сравнению
с ее предыдущей формой. Она стала стремиться к
элегантности и очарованию — наблюдаемому в
изобилии как в ее манерах, так и в поведении —
и излучает чувственность в свое окружение. Она
даже ищет очарование в битве, исполняя
утонченный, грациозный танец, чтобы очаровать
тех, кто на него смотрит. Вот почему более чем
несколько дигимонов становятся поклонниками
Мервамон, наблюдая этот танец. «Любовный Яд»,
распыляемый из рта Меддулии на ее левой руке,
очаровывает любого, кто его вдохнет, позволяя
Мервамон выжать из них жизнь. «Маднесс
Мерри-Го-Раунд DX» — это вращающийся удар ее
большим мечом «Олимпия Кай» и Меддулией,
создающий торнадо, который мгновенно разрывает
на части любого врага, которого он коснется."
digimon_0183_profile,"Божественный дигимон с верхней частью тела
человека и нижней частью тела горного козла.
Эгимон обычно связан с той же музыкальной
труппой, что и Сайренмон, наслаждаясь музыкой,
играя на свирели «Сирникс», висящей на его
поясе. Он любит мир и, хотя не любит драться,
в нем обитает неизвестное количество силы, и
он демонстрирует исключительные боевые
способности, сражаясь, чтобы защитить то, что
ему дорого. Эгимон играет «Аттракт Эхо» на
своем Сирниксе, чтобы привлечь внимание
слушателя, крадя его чувство собственного «я»
и заставляя его не видеть ничего, кроме
Эгимона, оставаясь зацикленным на мелодии. Это
дает другим дигимонам шанс спастись или
преследовать говорят слушателя. Особый приём Эгимона — «Стан Бит Блоу», которое
ударяет противника и разряжает электричество в
теле Эгимона через его руки, парализуя нервы
врага и делая его неспособным двигаться."
digimon_0184_profile,"Божественный дигимон, синтезирующий
способности различных видов, использующий
человеческое тело в качестве основы. Говорят,
что этот синтез стал результатом погоня
ультиматной цели всемогущества, резко
изменив форму этого дигимона, чтобы
соответствовать его окружающей среде. Эта
форма основана на данных вида Драконов,
которые обычно оставались бы спящими в его теле,
сконцентрированные вокруг кристалла в его
груди, но Эгиохусмон проявил эти данные на
поверхность своего тела, установив их как
броню. Эта броня является силовым костюмом,
который не только для защиты, но и действует
как мышцы, резко увеличивая силу атаки.
Эгиохусмон использует свое особый приём «Болт Брейк Наокдаун», чтобы
выполнить серию ударов кулаками, обвитыми
молнией, произведенной из его рога, или
«Лайтнинг Пайл», чтобы обрушить сверху на
врага сваеобразную молнию, вбивая его в землю.
Если этот ход пронзит врага один раз,
последующие выпущенные сваи затем соединяются
без провалиться, независимо от того, куда их бросили."
digimon_0185_profile,"Божественный дигимон, синтезирующий
способности различных видов, использующий
человеческое тело в качестве основы. Говорят,
что этот синтез стал результатом погоня
ультиматной цели всемогущества, резко
изменив форму этого дигимона, чтобы
соответствовать его окружающей среде. Эта
форма основана на данных Злого вида, которые
обычно оставались бы спящими в его теле,
сконцентрированные вокруг кристалла в его
груди, но Эгиохусмон: Тьма позволил данным Зла
распространиться по всему его телу. Злоба Злых
видов всплывает на поверхность как в разуме,
так и в теле, заставляя его относиться ко
всему, что он видит, как к добыче, на которую
нужно охотиться. Вирус таится в красном
электричестве, выделяемом из его тела, что
делает этого особого дигимона типом с
атрибутом Вакцина, который также создает
вирусы. Он вводит вирусы, которые генерирует,
в раны, которые он наносит врагам, создавая
ужасающую атаку, которая уничтожает жертв
изнутри. Эгиохусмон: Тьма использует свои
особые приёмы «Трайэнглер», чтобы
изрубить врагов тремя косами, и «Плазмаднесс»,
чтобы стрелять темным электричеством,
собранным в обеих руках."
digimon_0186_profile,"Божественный дигимон, синтезирующий
способности различных видов, использующий
человеческое тело в качестве основы. Говорят,
что этот синтез стал результатом погоня
ультиматной цели всемогущества, резко
изменив форму этого дигимона, чтобы
соответствовать его окружающей среде. Эта
форма основана на данных вида Ангелов, которые
обычно оставались бы спящими в его теле,
сконцентрированные вокруг кристалла в его
груди, но Эгиохусмон: Святой распространил эти
данные по всему своему телу, и его сердце
ясно, как бассейн отражающей воды. Используя
щиты на своих руках, он может направлять
мощную вакцину, бьющую изнутри, в
оружие, такое как короткие мечи, или в
защитный барьер, который не может проникнуть
ни одна вирусная информация. Особые приёмы Эгиохусмон: Святой — это «Лайтнинг
Шауэр», который обрушивает град коротких мечей
на врагов с неба, и «Серклет Дифенс», который
генерирует защитный барьер, отражающий атаку
врага. Атака отражается обратно с добавленным
разрядом электричества, что делает его мощным
контрударом."
digimon_0187_profile,"Божественный дигимон, синтезирующий
способности различных видов, использующий
человеческое тело в качестве основы. Говорят,
что этот синтез стал результатом погоня
ультиматной цели всемогущества, резко
изменив форму этого дигимона, чтобы
соответствовать его окружающей среде. Эта
форма основана на данных вида Андроидов,
которые обычно оставались бы спящими в его теле,
сконцентрированные вокруг кристалла в его
груди, но Эгиохусмон: Синий сконцентрировал
эти данные в основном в верхней левой части
своего тела. Он оснащен механизмом
разблокировки мощности, характерным для
андроидов, и возможностью захвата цели,
которая гарантирует, что цели никогда не
сбежать. Эгиохусмон: Синий может даже
отсоединить свою гигантскую левую руку,
известную как его «Механизированная Силовая
Рука», чтобы найти и атаковать захваченного
врага, прежде чем снова прикрепить руку. Его
особый приём — «Пенетра-лазер»,
который выпускает луч из кончиков пальцев его
Механизированной Силовой Руки. Когда рука
прикреплена к телу Эгиохусмон: Синий, он может
использовать «Пауэрд Игнишн», который собирает
энергию в его ладони, чтобы обрушить на своего
врага в виде заряженного взрыва."
digimon_0188_profile,"Божественный дигимон, синтезирующий
способности различных видов, использующий
человеческое тело в качестве основы. Говорят,
что этот синтез стал результатом погоня
ультиматной цели всемогущества, резко
изменив форму этого дигимона, чтобы
соответствовать его окружающей среде. Эта
форма основана на данных вида Растений,
которые обычно оставались бы спящими в его теле,
сконцентрированные вокруг кристалла в его
груди, но Эгиохусмон: Зеленый прикрепил данные
Растений вокруг своих рук и верхней части
тела. Из-за своей основы типа Растений его
тело резко легче, чем у других форм.
Эгиохусмон: Зеленый способен стрелять прочными
шипами из бластеров, установленных на обеих
руках. Он использует их для нападения, защиты
и хитрых маневров, которые используют их как
захваты на различных поверхностях. Эта форма
наиболее известна своими проворными
движениями, которые используют его снаряжение
и воздушный каркас. Особые приёмы
Эгиохусмон: Зеленый — это «Брамбл Байт»,
который призывает демонические шипы, которые
впиваются во врага, и «Плант Зон Крейдл»,
который выпускает бесчисленные шипы из его
тела, чтобы окружить врагов на широкой область,
разрывая их на ленты."
digimon_0189_profile,"Цересмон Медиум, истинная форма Цересмон,
находится во главе острова на спине Цересмон.
Цересмон Медиум обладает почти никакой боевой
способностью и редко появляется перед другими.
Однако в редких случаях он, по-видимому,
показывает себя тем, кому доверяет, не приводя
с собой гигантскую птицу. Цересмон Медиум
обладает мягким характером и сердцем,
переполненным состраданием. Он предлагает
голодным дигимонам фрукты из Карпос Хуле и
позволяет раненым дигимонам укрыться в лесу,
пока они не восстановятся. Однако, если кто-то
окажется неблагодарным за щедрость природы,
нанесет вред деревьям или осквернит землю ради
забавы, природа Цересмон Медиума меняется, и
он становится по-настоящему ужасным лесным демоном."
digimon_0190_profile,"Из-за устаревшего интерфейса на его лбу, этого
зверя-дигимона предполагаемый быть экспериментальным
«Прототип-дигимоном» из времени до открытия
дигимонов. Рюдамон покрыт японской броней,
которая обладает высокой защитой, еще его
движения довольно проворны, позволяя ему прыгать
и сражаться на дерзко близкой дистанции. Чем
больше он сражается, тем больше он развивает
боевую мощь. Рюдамон обладает доблестью, духом
самурая и душой, которая делает его
бесстрашным перед могущественными вражескими
дигимонами. Данные, скрытые в самой глубокой
части его ДигиЯдра во время эксперимента,
содержат такие свирепый боевые данные, как
военачальники и драконы из японской мифологии,
и считается, что Рюдамон обладает потенциалом
вырасти в могущественного дигимона. Его
особый приём — «Иай Блейд», которым он
подпрыгивает к противнику, чтобы выстрелить
железным лезвием из своего рта в упор."
digimon_0191_profile,"Зверь-Дракон-дигимон с прочной японской
броней, покрывающей все его тело. Гинрюмон
легче, чем кажется, грациозно парит в воздухе
и сражается, парируя вражеские атаки своей
гладкой и чрезвычайно жесткой броней. У него
есть мужество, чтобы отражать вражеские атаки
своим собственным телом, и проницательность,
чтобы точно воспринимать говорят атаки прямо
перед тем, как они достигнут цели. Гинрюмон
специализируется на атаках с выдающейся
проникающей способностью и непоколебим перед
любым вражеским дигимоном. Из-за устаревшего
интерфейса на его лбу, этого дигимона предполагаемый
быть эволюцией экспериментального
«Прототип-дигимона». Особый приём
Гинрюмона — «Метал Армор Блейд», которое
пронзает его врага железным копьем, запущенным
из его рта."
digimon_0192_profile,"Зверь-Дракон-дигимон, который свободно парит в
небесах, облаченный в броню из элегантно
мерцающей чешуи. Форма Хисярюмона является
результатом того, что интерфейс на его лбу
разблокировал данные, дремавшие в его
ДигиЯдре о драконах и генералах — наполненных
свирепый боевыми инстинктами — из японских
мифов. Сферы, которые он сжимает, — это души
его потерянных товарищей. Сфера в правой руке
Хисярюмона — это душа Кинрю, а сфера в его
левой руке — душа Какурю. Говорят, что в
каждой сфере скрыты данные ДигиЯдра.
Особый приём Хисярюмона — «Легендари
Драгон Блейд», которое превращает его в
гигантский стальной клинок, чтобы рассечь
врага пополам одним ударом."
digimon_0193_profile,"Воображаемый дигимон, рожденный из мечты
ДигиЯдра. Интерфейс на лбу Орюмона
чудесным образом разблокировал творческую силу его
собственного ДигиЯдра, заставив его
эволюционировать в эту форму. Возможно,
потому что это ДигиЯдро уже содержало такие
свирепый боевые данные, как военачальники и
драконы из японской мифологии, форма, которую
оно выдумало, была формой драконьего воина,
облаченного в внушительную японскую броню, с
мечом в каждой руке. Клинок в левой руке
Орюмона называется Гайрю Садайдзин, а тот, что
в правой, назван Гайрю Удайдзин. Лезвия,
выступающие из крыльев на его спине,
называются Гайба Даймэйдзин. Особые приёмы Орюмона — «Эйсэйрюодзин», которое
обрушивает атаку из клинков в обеих руках, и
«Голден Армор», которым он яростно
устремляется вперед с разрушительной силой
могучей реки, выходящей из своих берегов."
digimon_0194_profile,"Крупный дигимон, оснащенный внушительным
арсеналом огнестрельного оружия. Многие
дигимоны называют Гандрамона одним из «Трех
Мушкетеров» наряду с МагнаКидмоном и
БильСтармон из-за их очень развитой меткости.
Он также является членом Команды Раскола и
подходит для боя, как и Машиндрамон. Будучи
быстрее Машиндрамона, Гандрамон обладает всей
необходимой мобильностью, чтобы быстро занять
огневую позицию. Едкий запах пороха пропитал
каждый кусочек его полностью металлического
тела, что подходит для такого горький и крутого
дигимона. Особые приёмы Гандрамона —
«Дер Блиц», который стреляет по жизненно
важным органам противника из двух
шестизарядных револьверов в его руках, и
«Гевальт Швермер», который выпускает залп во
всех направлениях."
digimon_0195_profile,"Называемый «Леди Бельзебмон» из-за своего
внешнего вида, этот дигимон размахивает двумя
пистолетами с блеском. Эти любимые пистолеты
«Ризома де Лото» похожи на младших сестер
«Беренджены», фирменных пистолетов
Бельзебмона. БильСтармон открывается для
любого без колебаний — особенно для
дигимонов-стрелков, с такими друзьями, как
МагнаКидмон, даже использующими прозвище
«Билько». Тем не менее, она в плохих
отношениях с одиноким Бельзебмоном, держась на
расстоянии, несмотря на признание способностей
дигимона-Короля Зла. БильСтармон облачена в
угольно-черный кожаный костюм и носит шарф, который
может превращаться в оружие, броню, крылья или
что-либо еще, что требует ситуация. Ее
особый приём — «Флай Буллет», которое
наводится на жизненно важные органы врага
выстрелами из ее «Ризома де Лото». Она также
использует «Харрикэн Скрю Шот», чтобы
разбрызгивать пули из пистолетов, скрытых в
каблуках ее ботинок, с помощью ударного
вращения."
digimon_0196_profile,"Британский панк-дигимон, рожденный, когда
печально известный британский хакер внедрил
все свои знания в компьютерный вирус, тем
самым вызвав его мутацию. Пукумон может быть
маленьким, но его бунтарская личность не имеет
себе равных в Цифровом Мире. Он всегда
затевает драки, независимо от того, насколько
сильнее или слабее его
потенциальный противник. Хотя Пукумон — тип,
который улаживает споры кулаками, его
особый приём «Ни?дл Сквол» действует
как козырная карта, запуская все сверхтвердые
шипы на его голове из Хромдигизоида сразу."
digimon_0197_profile,"Гигантская птица-дигимон, облаченная в золотые
доспехи. Броня покрывает все тело Иггломона и
сделана из Хромдигизоида, позволяя ему
отражать любую атаку. Хотя его происхождение
неясно, некоторые предполагают, что Иггломон
является эволюцией Пэрротмона, дигимона
Ультимат уровня. Говорят, что долг Иггломона —
уничтожать любые инопланетные элементы,
вторгающиеся в Цифровой мир. Он использует
свое особый приём «Кайзер Феникс»,
чтобы врезаться во врага своим
цельнометаллическим телом, или «Мистик Брейк»,
чтобы выстрелить белым лучом, который
превращает врага в пепел."
digimon_0198_profile,"Напоминая паровоз, этот машинный дигимон
живет, чтобы оставаться в движении. Цель
Локомона — переносить данные по Сети Цифрового
Мира. В Цифровом Мире, где необходимо
перемещать большое количество данных,
транспортировка говорят данных как можно быстрее
— это ультиматная причина существования
дигимонов Транспортного вида, таких как
Локомон. Однако бывают времена, когда Локомон
старой модели сходил с рельсов в погоня
вечно-больших скоростей. И хотя его движение
ограничено рельсами, бывали случаи, когда он
создавал разрывы в пространстве-времени,
непрерывно двигаясь по кругу. Локомон также
может использовать свое особый приём
«Уилл Гриндер», чтобы вращаться, а затем
бросать свои шипастые колеса."
digimon_0199_profile,"Темный зверь-дигимон в форме
«Паучихи-Королевы», появляющейся в греческой
мифологии. Как дигимон как впечатляющего
интеллекта, так и хитрости, эта королева
правит всеми Докугумонами. Арахнемон
специализируется на превращении в гуманоидную
форму, позволяя ей приближаться к
потенциальной добыче, пока ее охрана ослаблен.
Вспыльчивая и свирепая, ее природа вызывает
чувство трепета у огромный множества других
дигимонов. Особый приём Арахнемон —
«Спайдер Тред», которое калечит врагов острыми
проводами."
digimon_0208_profile,"Дракомон — дракон-дигимон древней кровной
линии, которая, как говорят, восходит к
прародителю всех дигимонов вида Драмон. Он
обладает физическими способностями, которые
трудно даже представить, учитывая его
небольшой размер, его скорость и сила входят в
число самых лучших среди всех дигимонов уровня
Ребёнок. Хотя по натуре он чрезвычайно свиреп, у
него также есть более мягкая сторона, которую
он показывает только тем, кого считает
достойным своего доверия. Несмотря на наличие
крыльев, они не полностью развиты, поэтому
Дракомон не способен летать. Одной из его
других определяющих характеристик является его
стремление собирать «блестящие вещи», и у него
странная привязанность к драгоценным камням и
определенным типам металла. Если ему
особенно нравится какой-то блестящий
объект, он съест его. Его особый приём
— «Бейби Бреф», которое он использует, чтобы
выдохнуть поток горячего воздуха."
digimon_0209_profile,"Коредрамоны с зелеными телами, как говорят,
эволюционировали из Дракомонов, которые
съели много Зеленого Малахита, драгоценного
камня, добытого в лесных регионах, густо
заросших деревьями старше 100 лет. Коредрамон
(Зеленый) не умеет летать, но имеет очень
развитые мышцы ног и способен бегать со
скоростями, кажущимися невозможными для
существа его размера. Его особый приём
— «Грин Флейр Бреф», которым он выдыхает
обжигающие зеленые пламена. «Грин Флейр Бреф»
проникает глубоко под данные поверхностной
текстуры, чтобы повредить ДигиЯдро врага
напрямую."
digimon_0210_profile,"Вингдрамон — Небесный Дракон-дигимон, который
использует свои большие, очень развитые
крылья, чтобы свободно летать по воздуху.
Поскольку его чешуйки на крыльях обладают
способностью нейтрализовать гравитацию, ему
даже не нужно махать крыльями, чтобы
оставаться в воздухе. В результате он едва
когда-либо утруждает себя приземлением,
проводя большую часть своей жизни в воздухе.
Считается, что он способен летать со
скоростью, превышающей 20 Махов, что означает,
что очень немногие дигимоны, вероятно, могут
выжить в воздушном бою с Вингдрамоном.
Особый приём Вингдрамона — «Блейз
Соник Бреф», которым он выдыхает поток
обжигающе горячего воздуха быстрее скорости
звука."
digimon_0211_profile,"Земляной Дракон-дигимон с огромными руками на
спине. Эти руки, которые, как говорят,
превратились из крыльев, позволяют
Граундрамону эффективно рыть землю. Обычно он
лежит скрытый в туннелях, которые он прорыл
глубоко под землей, и редко показывает свое
лицо на поверхности. Граундрамон любит жить в
жилах редкой руды Хуанлун, и на самом деле
чешуя, покрывающая его тело, очень вероятно,
состоит из того же материала. Его характер
довольно жесток, и большинство тех, кто с ним
сталкивается, в конечном итоге теряют свои
жизни. Граундрамон использует свое особый приём «Скраплэсс Коготь», чтобы раздавить
врагов своими задними руками."
digimon_0213_profile,"Дракон-Человек-дигимон, укрепленный огнестрельное оружие
устройствами по всему телу. Эта форма может
быть достигнута только теми, кто пройдет
Испытание Четырех Великих Драконов — тест,
который могут пройти только Драконьи дигимоны.
Слейердрамон носит телескопический большой меч
«Фрагарах» и освоил Рюдзанкен, ультиматный
стиль меча его собственного изготовления с
тремя формами. Есть первая форма, «Тэнрю
Слэш», при которой он вращает своим телом,
чтобы ускорить клинок, направляя его вниз,
чтобы рассечь своего врага сверху донизу.
Вторая форма — «Сёрю Слэш», которая закаляет
драконью волю клинком Слейердрамона, выпуская
ее в вверх движении, чтобы скосить врага
одним лишь давлением меча. Третья форма —
«Корю Слэш», которая оборачивает Фрагарах
вокруг противника после сближения, сбривая все
его тело обернутым лезвием."
digimon_0214_profile,"Массивный Машинный Дракон-дигимон, который,
как говорят, существует, чтобы уничтожить все
на земле. Всякий раз, когда он
эволюционирует, Брейкдрамон успешно
включает данные конструкции строительного
оборудования в себя через взлом, получая силу
и способности, превосходящие другие Машинные
дигимоны. Однако его выдающиеся механические
способности достигаются ценой сокращения его
органических частей до практически
незначительного количества, лишая его
намерения и эмоций. Как таковой, Брейкдрамон
не боится повредить свое собственное тело и
внушает страх как ультиматный дракон
разрушения, который продолжает сеять хаос,
пока не рассыплется в пыль. «Дэстройд Раш»
Брейкдрамона вращает его левую и правую
ковшовые руки на высоких скоростях, чтобы
разорвать землю. Его «Инфинити Боулинг»
активирует все сверла на его теле, выпуская их
залпом, способным разбить даже горы. Куда бы
Брейкдрамон ни пошел, он не оставляет ничего
на своем разрушительном пути."
digimon_0215_profile,"Святой Рыцарь-дигимон и член Королевских
Рыцарей, святых защитников Цифрового мира.
Экзамон имеет абсурдно высокую массу данных,
поэтому его никогда нельзя было бы отобразить
на традиционных цифровых устройствах. Его
открытие стало возможным только тогда, когда
новейшие цифровые устройства наконец оказались
достаточно мощными, чтобы отобразить его. У
него массивные, разумные крылья, называемые
«Каледфулх», а также гигантское копье под
названием «Амброуз». Особый приём
Экзамона «Слава Пендрагона» выпускает мощный
лазерный луч из Амброуза. Экзамон также может
использовать «Драгоник Импакт», чтобы
спикировать из экзосферы и врезаться во
врагов, пока его тело еще горячее от трения
при повторном входе в атмосферу."
digimon_0217_profile,"ДаркСуперСтармон — дигимон, погруженный во
тьму, рожденный из данных наблюдения за
черными дырами. У него, по-видимому, такое
мрачное прошлое, что он отказался от всех
своих надежд и мечтаний, надевая
солнцезащитные очки, чтобы никакой свет не мог
достичь его. Его особый приём — «Дарк
Эксплоужн», которое включает атаку осколками
сверхновой звезды."
digimon_0218_profile,"Коредрамоны с синими телами, как говорят,
эволюционировали из Дракомонов, которые
съели много Синего Диаманте, драгоценного
камня, который можно добыть только в горных
регионах с самыми высокими пиками. Коредрамон
(Синий) развил сильные крылья, чтобы выжить
среди крутых склонов, и способен летать с
огромный скоростью. Его особый приём —
«Блю Флейр Бреф», которым он выдыхает
обжигающие синие пламена. «Блю Флейр Бреф»
разрушает данные поверхностной текстуры врага,
оставляя ДигиЯдро пораженного этим движением
дигимона открытым и уязвимым для атаки."
digimon_0219_profile,"Рептильный дигимон, который стремится стать
величайшим фехтовальщиком мира дигимонов.
Котэмон — трудолюбивый работник, который молча
стремится тренироваться в незаметных местах.
Он никогда не снимает свой лицевой щиток,
поэтому его настоящее лицо — полная загадка.
Хотя Котэмон труслив и склонен к плачу, он
глубоко заботится о своих друзьях и обладает
сильным чувством справедливости, и
иногда даже демонстрирует стойкую
сторону. Своим специальным движением «Хотхед»
он охватывает свой бамбуковый меч пламенем,
прежде чем целиться в голову своего врага."
digimon_0220_profile,"Бронированный воин-дигимон, который когда-то
был данными главного героя видеоигры, но затем
эволюционировал после заражения
компьютерным вирусом. Многочисленные битвы с
другими дигимонами превратили внешность
Мусямон в жалкого дезертира с поля боя, но это
лишь доказательство его грозной боевой мощи и
жизнеспособности. Дикий воин, переживший
бесконечные битвы — вот Мусямон в двух словах.
Демонический меч «Сиратори-мару» в его правой
руке выгравирован запретным заклинанием,
которое поглощает жизненную силу тех, кого он
режет, и, как говорят, становится острее с
каждой тысячей дигимонов, которых он срубает.
У Мусямон также есть особый приём под
названием «Кирисуте Гомен», которое он
выпускает из своего Сиратори-мару. Однажды он
сведет счеты с Леомоном, скрестив свой любимый
клинок с клинком Леомона."
digimon_0222_profile,"Изначально тип с атрибутом Вирус, Добермон —
дигимон-Охотник, который превратился в тип
Вакцина в результате мутации. Однако, как и у
Снимон, он остается довольно свирепым, несмотря
на свой статус Вакцины, живя только для того,
чтобы охотиться на дигимонов-Вирусов. Добермон
находится за пределами контроля среднего
Объединителя. Его особый приём — «Грау
Лёрм», которым он издает вой, который мешает
его противникам использовать свои способности."
digimon_0223_profile,"Темный зверь-дигимон, известный как «Адский
Сторожевой Пес». Когти на конечностях
Церберусмона достаточно жесткие, чтобы легко
разрезать Хромдигизоид низкой чистоты. Его
тело также защищено твердой органической
оболочкой и обладает способностью мгновенно
залечивать любой урон. Части брони на каждом
плече обладают собственной волей и способны
мгновенно ощущать атаки, идущие с любого
направления, и сообщать об этом Церберусмону.
Он испускает ослепительные пламена своим
специальным движением «Мэд Дог Файр»."
digimon_0224_profile,"Церберусмон: Оборотень Режим — это мутантная
форма Церберусмона, дигимона, известного как
«Адский Сторожевой Пес», который живет в
Темной Зоне. Он превратился в свою нынешнюю
форму, чтобы предотвратить распространение
данных, созданных из человеческой злобы,
которые пронизывают Интернет в виде как
изображений, так и текста, потому что он
боится, что эти данные окажут неблагоприятный эффект
на Цифровой мир в целом. В результате его
трансформации его данные были переписаны так,
что его тело, покрытое оболочкой, теперь может
ходить на двух ногах, а его руки могут
пережевывать любые испорченные данные, которые
он находит. Своим специальным движением
«Инферно Дивайд» он может обстреливать врагов
огненными бомбами в упор, пока удерживает их в
челюстях массивных голов на концах своих рук.
У него также есть «Мэд Дог Файр», которое
выпускает взрыв обжигающего, адского пламени,
превращающего все вещи в пепел. Разрушительная
сила этой атаки на порядки за пределами силы
движения с тем же названием у
немодифицированного Церберусмона."
digimon_0225_profile,"Дигимон-волшебник, напоминающий конного воина.
Занбамон — доблестный генерал, который
возглавляет Корпус Мусямон. Несмотря на свой
высокий ранг, Занбамон всегда находится во
главе своего войска и наслаждается, заряжаясь
прямо на своих врагов. Его нижняя половина
слилась с его лошадью, чтобы улучшить
мобильность на поле боя, позволяя ему орудовать
своим мечом без страха потерять равновесие
даже во время самых суровый сражений. Одно из
специальных движений Занбамона, «Ворпал
Блейд», наносит мощный удар массивным мечом в
его правой руке, «Рюзан-мару». Сила этого
удара так интенсивный, что он рассекает броню
противника, как бы тот ни пытался защититься.
Другое особый приём Занбамона —
«Мистик Флейм», атака, выполняемая магическим
мечом в его левой руке. Быстрое взмахивание
этим тонколезвийным оружием производит
крестообразную ударную волну, которая
рассекает врага."
digimon_0226_profile,"Дигимон-нежить, закутанный с головы до ног в
бинты, как мумии древнего Египта. Способность
Маммимона призывать и контролировать
задержавшиеся духи (остаточные данные)
уничтоженных дигимонов заработала ему
псевдоним «Некромант». Его молчаливая и
бесстрастная природа делает его трудным для
чтения, но любой, кто нападет на него,
столкнется с изнурительным натиском от оружия,
которое он размахивает. Если его загнать в
угол, это опасное существо начнет стрелять из
своего любимого пистолета «Обелиск» как
попало. Маммимон использует свое фирменное
движение «Снейк Бандаж», чтобы обернуть бинты
своих рук вокруг врага и сжать их, как змея."
digimon_0227_profile,"Дигимон-волшебник уровня Мега со зловещим
золотым блеском. Как говорят,
эволюционировавший из дигимона вида Мумия,
Фараомон правил многими областями Древнего
Цифрового мира с абсолютной властью. Он
контролировал многих дигимонов во время
зарождение Цифрового мира, и тот факт, что
Фараомон смог построить загадочные древние
руины, разбросанные вокруг Цифрового мира, за
несколько дней, является доказательство того
господства. Он использует свое особый приём «Некромист», чтобы украсть волю
враждебных дигимонов, а затем выпускает газ
страха, который постепенно высушивает их
плоть. Те, кто поддается этой атаке,
сталкиваются с одной из двух судеб: полное
приглашение в мир мертвых или служба под
началом Фараомона в качестве нежити."
digimon_0228_profile,"Композитный дигимон, слитый из трех дигимонов.
Каждый существовал как отдельный дигимон, но
компьютер вышел из-под контроля после
попадания под мощную электромагнитную бурю,
сбойнул и слил их в Дельтамон. Дигимон с тремя
головами и двумя хвостами, он специализируется
на трехэтапных атаках, использующих эти
физические особенности, что делает его
способным сражаться с тремя дигимонами
одновременно. Тем не менее, каждая его часть
когда-то была злобным дигимоном, поэтому, хотя
они разделяют образ мыслей о разрушении, у них
нет духа сотрудничества, и они обычно в плохих
отношениях. Дельтамон использует свое
особый приём «Трипл Форсез», чтобы
выпустить энергию из всех трех ртов одним
взрывом."
digimon_0229_profile,"Кимерамон — композитный дигимон. Каждая часть
его тела, включая руки, ноги, туловище и
хвост, была сделана путем объединения
различных частей от других дигимонов. Что
касается причины его создания, она остается
окутанной тайной. Хотя Кимерамон похож на
Машиндрамона тем, что он был построен из
различных частей других дигимонов, природа
отношений между ними еще не обнаружена.
Возможно, Кимерамон был прототипом для
Машиндрамона, за исключением того, что он
использовал органические части вместо
металлических. Или, возможно, Кимерамон был
создан специально как контрмера против
Машиндрамона. Что ясно, однако, так это
грозный боевой инстинкт Кимерамона, наряду с
его огромной разрушительной силой. Он может
стрелять смертоносным тепловым лучом, «Хит
Вайпер», из своих четырех рук. Это ужасающая
техника, которая жестоко разрывает на части
все, пораженное лучом, со всей силой гнева
Кимерамона."
digimon_0230_profile,"Миллениуммон — ультиматный композитный
дигимон, образованный, когда Машиндрамон и его
подавляющая сила слились с Кимерамоном и его
данными от различных могущественных дигимонов.
Говорят, что он непобедим, но если бы только
можно было определить причину слияния этого
дигимона, это могло бы служить ключом к тому,
как его победить. Его особый приём,
«Тайм Анлимитед», сжимает время, чтобы создать
карманное измерение, в котором оно заманивает
своих врагов на всю вечность."
digimon_0231_profile,"Дигимон, напоминающий «баку», существо в
японском фольклоре, которое ест сны.
Считается, что он рожден из медицинского
компьютера, который отслеживает мозговые
волны, Тапирмон, по-видимому, питается данными
REM-сна человека. В последнем раунде
исследований также было обнаружено, что он
обладает способностью стирать кошмары и
компьютерные вирусы. Поскольку он также может
возвращать эти кошмары и вирусы в безвредное
состояние, считается, что он является Святым
дигимоном. Святое Кольцо, которое он носит на
одной из своих передних ног, кажется вероятно,
связано как с его особыми способностями, так и
со Святой природой. Особый приём
Тапирмона — «Найтмер Синдром», которое
выпускает все поглощенные им кошмары сразу,
чтобы ужаснуть его противников. Это то же
особый приём, что и у дигимона уровня
Совершенный, Дигитамамона, но то, как они
могут быть связаны, остается загадкой."
digimon_0232_profile,"Божественный дигимон, который выглядит как
смесь птицы и рыбы. Веселый по натуре,
Сайренмон всегда видимый поющей счастливо в
воздухе или море. Ее прекрасный голос имеет
чудесный диапазон в восемь октав, от
ультра-низких до ультра-высоких тонов. Песня
Сайренмон может принести мир даже на самые
опустошенные поля битв. Говорят, что
сияющий эволюция ждет ее в будущем
из-за всех добрых дел, которые она совершила,
исцеляя тех, кто ее слушает. Сайренмон поет
«Симфонию № 1» высоким сопрано, которое
просачивается в сердце слушателя, парализуя
его волю и оставляя его на милость дигимона.
Она поет торжественную «Симфонию № 2» низким
басом, который превращается в тяжелую
низкочастотную вибрацию, раздавливая врага
изнутри его слуховых проходов и оставляя его
неспособным даже стоять. «Симфония № 3»
превращает ее голос в пули в форме нот,
которые она затем выпускает во врага. Эти
выстрелы обладают загадочным свойством,
рикошетя при ударе, чтобы всегда попадать и в
других врагов. Каждая из этих техник
увеличивается в силе для каждого существа,
которое поет вместе с Сайренмон, превращая
даже слабых в огромный силу."
digimon_0233_profile,"Дигимон-Король Зла, который, как говорят,
является финальной формой Миотисмона. В
отличие от ВеномВамдемона — который преследуемый
силы в избытке, становясь животным существом,
лишенным интеллекта — МалоМиотисмон сохранил
свой интеллект, успешно превзойдя
ВеномВамдемона во всех аспектах. С жестоким и
бессердечным характером, он будет использовать
любые средства at его распоряжение, чтобы
удовлетворить свои желания. Органические пушки
на его плечах — это паразиты, известные как
«Содом» и «Гоморра». МалоМиотисмон использует
свое особый приём «Пандемониум Флейм»,
чтобы запускать сверхвысокотемпературные лучи
из Содома и Гоморры."
digimon_0234_profile,"Зверь-дигимон, напоминающий маленького
медведя, в своей фирменной кепке, надетой
задом наперед. Хотя иногда робкий, Беармон
хорошо ладит с другими дигимонами и даже
обладает необычной смелостью и выносливостью.
Как только начинается битва, он продолжает
сражаться, сколько бы ударов ни получил, что
делает его надежным союзником. Способность к
ближнему бою, которой он обладает, настолько
сильна, что ему нужно обматывать кулаки
кожаными ремнями, чтобы не поранить себя
разрушительной силой своих ударов. Своим
специальным движением «Беар Фист» Беармон
прыгает на грудь противника, чтобы нанести
удар полной силы."
digimon_0235_profile,"Гризлимон — зверь-дигимон, который может
показаться свирепым благодаря своему крупному
телосложению, не говоря уже о смертоносных
когтях и клыках, но у него честный и прямой
дух истинного мастера боевых искусств. У него
также есть боевое чутье, чтобы
соответствовать, полагаясь не только на атаки,
но и двигаясь со скоростью, которая обманывает
его огромный масса, чтобы избежать и отразить
вражеские удары. Гризлимон никогда не начинает
драку, но когда его разозлить, он встает на
задние лапы и наносит удар своими
тяжеловесными медвежьими когтями, «Кумадзумэ».
Сила Гризлимона такова, что всего одним этим
ударом он может нанести критическое ранение
большинству дигимонов. Судя по всему,
ВаруМонзаемон носит свой Медвежий Коготь в
подражание этой атаке. Величайшее особый приём Гризлимона, «Моул Атак», обращает
силу движения врага против него самого, нанося
удар по уязвимому месту, чтобы победить его
одним ударом."
digimon_0237_profile,"Хотя Астамон — дигимон уровня Ультимат, его
сила превышает силу дигимона Мега уровня. Как
дворянин Темной Зоны, он возглавляет силы
демонических дигимонов. Астамон жесток к своим
врагам, но также добр к своим союзникам, и
многие демонические дигимоны привлекаются к
его службе из-за его личного обаяния. Пули,
которые Астамон выпускает из своего любимого
пулемета, «Оро Салмон», имеют собственную волю
и будут преследовать свои цели буквально до
самый дальний уголков ада. Особый приём
Астамона, «Мэд Дог Файр», выпускает все пули в
его Оро Салмон смертоносным залпом."
digimon_0239_profile,"Гигантский дигимон-нежить, созданный, когда
некоторые из данных окаменелостей самого
крупного наземного млекопитающего были
сфальсифицированы и воссозданы. Не обладая
интеллектом и эмоциями, СкаллБалучимон
движется полностью по рефлексу согласно данным
нервов, проходящим через его тело. В
результате он продолжает атаковать без причины
и пощады, пока не может больше двигаться.
Холодный черный пар, бесконечно переполняющий
ДигиЯдро СкаллБалучимона, как говорят,
наполняет любого дигимона страхом смерти —
возможно, проклятие, вызванное его
принудительным оживлением из данных трупа. Его
особый приём — «Грейв Боун», которое
затаптывает врага под его гигантскими ногами и
закапывает его в землю."
digimon_0240_profile,"Моллюск-дигимон, обнаруженный в вирусе,
который злонамеренный хакер использовал,
пытаясь обрушить компьютер соперника. Октомон
— навязчивый коллекционер, демонстрирующий
когти на концах своих щупалец, которые он
получил от данных Дэвидрамона, и покрывая себя
Диги-Сокровищами, которые он собрал со дна
Сетевого Океана. Многие Фудзицумоны, которые
являются маленьким типом ракушечных дигимонов,
прикрепились к горшку, который Октомон носит
на своей голове. У этих Фудзицумонов очень
развиты чувства, и считается, что они являются
частью симбиотических отношений с Октомоном,
предупреждая его, когда они чувствуют
опасность. Особый приём Октомона,
«Спёртинг Инк», выпускает взрыв
очень ядовитых чернил."
digimon_0241_profile,"Сверхмалый машинный дигимон с красными
глазами, которые действуют как фотосенсоры.
Постоянные беспокойные движения Хоромона
заставляют его казаться очень милым, но они
просто из-за его простого программирования,
заставляющего его реагировать на яркий свет. В
темных местах он не может двигаться вообще. По
неизвестным причинам он выделяет электричество
с кончика своего хвоста, когда находится в
хорошем настроении. Он использует свое
движение «Джамминг Паудер», чтобы испускать
металлические частицы и временно запутывать ИИ
своего врага. Затем он использует эту
временную путаницу, чтобы сбежать."
digimon_0242_profile,"Маленький дигимон на стадии Обучения, носящий
металлический шлем. Два рога на шлеме содержат
антенны, которые могут передавать все виды
радиоволн или звуков. Капуримон имеет черты,
похожие на летучую мышь, испуская
ультразвуковые волны изо рта и распознавая
объекты впереди себя по возвращающимся волнам,
вместо того чтобы полагаться на свое слабое
зрение. Это позволяет ему оставаться активным
независимо от времени суток. Капуримон
использует свое особый приём «Хаулинг
Херц», чтобы заставить свои два рога
резонировать. Любой, пораженный этой атакой,
имеет свой слух парализованным, даже крупные
дигимоны."
digimon_0301_profile,"Мегадрамон — Черный Дракон-дигимон, который,
как говорят, обладает величайшей и самой
ужасной силой из всех Драконьих
Андроид-дигимонов Ультимат уровня. Он был
искусственно модифицирован неизвестным лицом,
который запрограммировал его уничтожать всё.
Он практически является живым воплощением
компьютерного вируса. Способный с легкостью
взламывать высокозащищенные компьютерные сети,
Мегадрамон затем без усилий модифицирует или
уничтожает хост-компьютер. Его особый приём «Эрадикейшн Атак» выпускает
бесчисленные органические ракеты из его рук."
digimon_0302_profile,"Андроид-дигимон, у которого более половины
тела механизировано. МеталГреймон с Файл
Айленд смог резко продлить свое
жизненное функционирование с помощью
самомодификации, но его биологические части не
выдержали нагрузки и посинели. Напротив, этот
МеталГреймон Ультимат уровня является успешной
эволюцией от Греймона и является чрезвычайно
мощным Андроид-дигимоном. Сила атаки
МеталГреймона, как говорят, мощна, как ядерная
боеголовка, способная полностью уничтожить
дигимонов более низкого уровня. Его
особый приём «Гига Дэстройер» — это
атака, которая запускает бионические ракеты из
люка, открывающегося в его груди."
digimon_0303_profile,"Прототипный дигимон-насекомое, Тентомон имеет
твердый панцирь, но низкий уровень агрессии. У
Тентомона по одному когтю на каждой из
передних лап и четыре когтя на средних и
задних лапах. Его средние лапы особенно ловкие и похожи на человеческим рукам.
Хотя другие дигимоны-насекомые уровня
эволюции Тентомона поглощены сильным боевым
духом, Тентомон на этой стадии сохраняет
любовь и признательность к природе. Проявляя
любовь к отдыху, Тентомон останавливается,
чтобы понюхать цветы и вздремнуть в тени
деревьев. И всё же, у него есть особый приём «Супер Шокер», которое включает
использование его крыльев для выстрела
усиленными разрядами статического
электричества."
digimon_0304_profile,"Даже для недавно обнаруженного дигимона,
Кабутеримон очень необычен. Хотя неясно, как
он стал типом Насекомое, понятно, что он
обладает силой муравья и защитной системой
жука. Как и следовало ожидать от насекомого,
он думает только о выживании и не обладает
другим интеллектом вообще. Враждебный к
дигимонам-Вирусам, Кабутеримон атакует при
встрече без пощады. Его голова сделана из
металла, что обеспечивает ему неприступную
защиту. Его особый приём — «Электро
Шокер»."
digimon_0305_profile,"эволюция Кабутеримона, обнаруженная в
тропической области Сети. Примерно в 1,5 раза
более крупного Кабутеримона, АтлаКабутеримон довольно
велик для дигимона-насекомого. Он резко
увеличил мощность своего рога, который
является основным оружием вида, а также
нарастил мышцы у оснований передних
конечностей, улучшив свои способности в
рукопашном бою. АтлаКабутеримон известен своим
рыцарским характером и хорошо известен защитой
более слабых существ. Его особый приём
— «Хорн Бастер», которым АтлаКабутеримон
пронзает противников своим гигантским рогом."
digimon_0306_profile,"Ультиматный дигимон-насекомое,
ГераклКабутеримон эволюционировал,
объединив данные как от вида Кабутеримон, так
и от вида Кувагамон. Обладая гигантским рогом,
а также огромными клешнями,
ГераклКабутеримон, как говорят, идеально
компенсирует слабости этих двух видов с
противоположными характерами, от которых он
эволюционировал. Его тело блеск золотом,
и, вновь обретя и улучшив способность к
полету, которую он потерял как
АтлаКабутеримон, ГераклКабутеримон мчится по
Цифровому Миру на сверхзвуковых скоростях.
Немногие могут соперничать с
ГераклКабутеримоном в этой форме Мега
уровня. ГераклКабутеримон использует свое
особый приём «Гига Бластер»,
усовершенствованную версию «Электро Шокер».
Ничто не может выжить при прямом попадании
этой атаки."
digimon_0307_profile,"Птенец-дигимон с крыльями, похожими на руки.
Пиёмон может использовать их, чтобы ловко
хватать предметы, хотя это ограничивает его
способность летать. Он проводит большую часть
времени на земле, но может улететь в воздух,
когда приближается опасность. Поскольку его
летные способности похожий Патамону, Пиёмон
считает Патамона своим соперником. Мечта
Пиёмона — однажды эволюционировать в
Бирдрамона и свободно летать по небу. Его
кошмар — стать Кокаторимоном, который не может
летать вообще. Обладая пытливым умом, он любит
клевать росток, растущий из головы Танемона.
Особый приём Пиёмона — «Спирал
Твистер», атака спектральным пламенем."
digimon_0308_profile,"Гигантская птица-дигимон, окутанная пылающим
пламенем. Как и Мерамон, тело которого также
окутано багровым пламенем, Бирдрамон — это
дигимон, сформированный из защитного
Межсетевого экрана Интернета. Бирдрамон летает
по небу, используя свои массивные крылья.
Несмотря на отсутствие боевого характера,
Бирдрамон, тем не менее, запускает неистовые
контратаки перед лицом вражеских нападений.
Особый приём Бирдрамона — «Метеор
Винг», взмахи крыльями, чтобы посылать перья,
стреляющие вниз, как метеоры."
digimon_0309_profile,"Птица-Человек-дигимон с большими когтями и
крыльями, которые позволяют ему свободно
летать по небу. Гарудамон ценит порядок и
справедливость превыше всего, а также известен
как любящий природу Хранитель Ветра и Земли.
Даже среди птичьих дигимонов, Гарудамона
почитают как дигимона, в которого лишь
немногие избранные, очень интеллектуальные,
боевой искусные, могут эволюционировать.
Всякий раз, когда Цифровой мир в хаосе,
говорят, что появляется Гарудамон, устраняя
источник беспорядка и направляя все обратно к
более мирному курсу. Гарудамон также близкий
друг героя Леомона, который обладает тем же
духом. Особый приём Гарудамона —
«Шэдоу Винг», которым он посылает вакуумное
лезвие с невероятной скоростью, чтобы
разрезать противников на клочья."
digimon_0310_profile,"Святой дигимон с четырьмя сверкающими золотыми
крыльями. Лидер всех птичьих дигимонов,
Хоуоумон, как говорят, правит всеми
Священными дигимонами. Так же, как Магнадрамон
является ультиматным Зверем-дигимоном,
Хоуоумон является ультиматным Птичьим
дигимоном. Поскольку у него не одно, а два
Святых Кольца, которые выводят святую силу и
служат для идентификации Святых дигимонов,
Хоуоумон, очевидно, обладает неизмеримой
силой. Особый приём Хоуоумона —
«Старлайт Эксплоужн», которым он взмахивает
своими четырьмя божественными крыльями, чтобы
обрушить золотые частицы света. Говорят, что
все, пораженное этой атакой, очищается от
всего зла."
digimon_0311_profile,"Ранее неизвестный дигимон, который внезапно
появился в Цифровом Мире. Самопровозглашенный
«Король дигимонов», боевая сила Этемона
невообразимый. Слухи говорят, что он
манипулирует загадочным Монзаемоном из-за
кулис. Облаченный в усиленный обезьяний
костюм, который выдерживает любые и все атаки,
Этемон скачет по всему миру для бесконечных
битв. Он использует свое особый приём
«Лав Серенад», чтобы разбить сердце врага и
истощить его боевой дух."
digimon_0312_profile,"Когда-то был чрезвычайно сильным дигимоном,
называемым «Королем дигимонов». Он искал
сильных противников, отправляясь в путешествие
жестоких встреч. Хотя он получил ценные боевые
данные, постоянные битвы оставили его с суровый
физическими повреждениями. Затем он исследовал
свои собственные слабости на основе данных,
полученных в бою, полностью покрыл поверхность
своего тела металлом Хромдигизоид — веществом,
используемым металлическими дигимонами — и
смог переизобрести себя как ультиматную боевую
машину, МеталЭтемона. Несмотря на то, что он
максимизировал свои боевые способности, он все
же использует мелкое особый приём
«Банан Слип», чтобы подставить ногу своему
противнику. Непобедимый боец, использующий как
высокоуровневые боевые техники, так и грязные
трюки, родился."
digimon_0313_profile,"Противный дигимон в форме сверкающего золотого
экскремента. Скамон был рожден из накопления
и мутации обрывков данных, выброшенных в
корзину рабочего стола компьютера. Он любит
темные места и, будучи грудой данных-отходов,
так же нелюбим другими дигимонами, как и
Нюмемон. Интеллект и сила атаки Скамона
несуществующий. Его маленький грызуний партнер
Чуумон не умеет сражаться, но хитер, как они
приходить, и всегда заманивает Скамона на
совершение злодеяний."
digimon_0314_profile,"Плотоядный дигимон-растение с длинными лозами
и огромной пастью. Этот злобный хищник
источает сладкий аромат, приманивая мелких
дигимонов, а затем опутывает их своими
длинными лозами, похожими на щупальца.
Однако Веджимону недостаёт боевой силы, и
против крупных дигимонов он почти бессилен.
Вырастая, он расцветает и приносит плоды."
digimon_0315_profile,"Серафим-дигимон с десятью золотыми крыльями,
облаченный в сверкающие серебряные святые
доспехи. Серафимон — величайший из всех
дигимонов-Ангелов, правящий всеми своими
собратьями. Его истинное лицо и личность
скрыты от посторонних глаз за маской. И всё же он — самое близкое существо к тем воплощениям
добра, известным как «боги». Говорят, что
Серафимон спустится для финальной битвы с
нечестивыми существами, очистив их всех.
Говорят, что дигимон Крипимон, который пал в
Темную Зону и стал дигимоном-Королем Зла,
изначально был Серафимоном. Особые приёмы Серафимона — «Страйк оф зе Севен
Старз», которое выпускает семь сфер
высокотемпературного света в противника, и
«Тестамент», ультиматная техника, которая
вызывает большой взрыв в обмен на его жизнь."
digimon_0316_profile,"Слизь-дигимон, полностью покрытый твердым
материалом под названием Мифриловые Волосы.
Додомон проявляет агрессивную натуру прямо с
рождения, и даже хотя его клыки еще не
отросли, он любит угрожать врагам, широко
открываясь и притворяясь, что кусает их. Из-за
такого поведения этих дигимонов часто
уничтожают другие, что делает Додомона довольно
редким. Когда враг приближается, Додомон
атакует, выстреливая «Литл Айрон Бидс» изо
рта."
digimon_0317_profile,"Новорожденное Цифровое Чудовище. Темный
персиковый пушок покрывает поверхность
склизкого тела Ботамона. Это новое дополнение
к Цифровому Миру не может сражаться, но оно
может извергать «Асид Бабблз» изо рта в
попытке угрожать врагам."
digimon_0320_profile,"Этот детеныш дигимона использует свое
прозрачное тело, чтобы плавать по Сетевому
Океану, как медуза. Обладая самым примитивный
структурным строением из всех обнаруженных на
сегодняшний день дигимонов, он привлекает
внимание антропологов Цифрового мира и
фанатиков дигимонов одинаково. Они приветствуют
его как «недостающее звено», потенциально
способное разгадать тайну поколения дигимонов.
Чтобы защитить себя от врагов, Пойомон
стреляет «Асид Бабблз» изо рта."
digimon_0321_profile,"Дигимон, который сливает данные мелких
домашних животных, таких как кошки и собаки.
Ванямон неожиданно быстр, поэтому требуется
осторожность, чтобы предотвратить его побег.
И всё же он очень привязывается, если над ним
суетятся, как над домашним питомцем. Его
особый приём — «Смайл Фанг», внезапный
переход от невинной позы к неожиданной атаке
укусом."
digimon_0322_profile,"Маленький дигимон, тело которого выросло на
размер больше, его персиковый пушок отпал.
Короном может энергично двигаться, но бой все
еще за пределами его возможностей. Он дует «Бабблз»
изо рта, чтобы запугать врагов."
digimon_0325_profile,"Маленький дигимон с четырьмя конечностями,
растущими из низа его тела (головы?). Эти
конечности, которые очень необычны для
дигимона на стадии Обучения, придают Токомону
уникальный и чрезвычайно милый вид. Однако эта
миловидность может быть обманчива, и любой,
кто протянет руку, чтобы погладить Токомона,
того может ждать неприятный сюрприз: он быстро
открывает рот и впивается своими рядами острых
зубов. У Токомона невинный характер, хотя, и
он не имеет в виду никакого реального вреда."
digimon_0326_profile,"Динозавр-дигимон с кожей, затвердевшей в
защитный панцирь вокруг его черепа.
Агрессивный по натуре, Греймон использует свои
острые когти и колоссальные рога как
смертоносное оружие. Приручение его приносит
вам разумный союзника несравненной силы.
Его особый приём — «Мега Флейм»,
которым он выстреливает обжигающее пламя изо
рта, испепеляя все."
digimon_0328_profile,"Загадочный дигимон, который появился, когда
негативные мысли были накоплены силой тьмы.
Никто не знает истинную природу Апокалимона, и
его нельзя даже проанализировать, чтобы
увидеть, является ли он по-настоящему дигимоном.
Причина его появления неопределенна, но он,
кажется, желает очистки хаотичного Цифрового
Мира обратно в ничто. Одна теория утверждает,
что его пришествие было предсказано в древнем
пророчестве. Его особый приём
«Даркнесс-Зон» выпускает бесконечно
расширяющуюся тьму, которая возвращает все в
пустоту. Те, кто попал в эту тьму, теряют все
чувство направления, исчезая без следа."
digimon_0338_profile,"Один из Десяти Легендарных Воинов, спасших
Древний Цифровой мир, обладающий атрибутом
Стали. Мега, существовавший в далеком прошлом,
ЭншиентВайзмон — самое мудрое существо в
Цифровом Мире. Благодаря Акашическим Записям,
описывающий превосходную мудрость древних
времен, нет ничего снаружи понимания
ЭншиентВайзмон. Не только этот мудрец обладает
знаниями с незапамятных времен, но он также
различает события далекого будущего. Зеркало,
которое составляет его тело, как по слухам,
связано с загробным миром. Способности
ЭншиентВайзмон впоследствии переданы
Мутант-дигимонам. Его особые приёмы —
«Демон Лапласа», которое заключает противников
на всю вечность в загробный мир, обнаруженный
с помощью его обширный мудрости, и «Элдер Сайн»,
которым он призывает могущественного демона из
загробного мира."
digimon_0341_profile,"Машинный дигимон, который защищает межсетевые
экраны компьютерных сетей. Гардромон раньше
сражался с любым, кто пытался прорвать
межсетевой экран, вместе с «Сетевым
Хранителем» Джиромоном, пока злонамеренные
хакеры не заразили его вирусом, чтобы
использовать его неприступные оборонительные
способности. Эти хакеры теперь используют
Гардромон для защиты от определенной группы
справедливости Вакцины. Поскольку базовое
программирование Гардромона включает только
команды защищаться, у него нет проблем с
отражением захватчиков независимо от его новой
роли. Он использует свое особый приём
«Дэстройкшн Гренад», чтобы преследовать
захватчиков до края земли и уничтожить их."
digimon_0342_profile,"Андромон — андроид-дигимон гуманоидной формы.
Он достаточно мощен, чтобы одним ударом
уничтожить любого дигимона уровня менее
Ультимат. Разработанный как прототип для
андроид-дигимонов, Андромон был создан как
модель на основе машины в то же время, когда
Болтмон был создан как органическая. Затем те
же методы были присвоены для использования в
других дигимонах, включая МеталГреймона и
Мегадрамона. Поскольку Андромон является
прототипом, ему не хватает эмоций, и у него
нет собственной воли, действуя только в
соответствии со своим программированием. Он
использует свое особый приём «Спирал
Сорд», чтобы выстрелить энергетическим лезвием
из своей руки."
digimon_0343_profile,"Морской зверь-дигимон, который может
передвигаться по суше и покрыт
терморегулирующим мехом. Этот короткий белый
мех становится длиннее и коричневеет по мере
старения Гомамона. Непоседа и проказник,
Гомамон любит вмешиваться в каждую ситуацию.
Полоса красного меха, идущая от его головы
вниз по спине, движется в соответствии с его
настроением, взъерошиваясь, когда Гомамон
злится. Его когти достаточно остры, чтобы с
легкостью резать твердый лед, и любой, кто
недооценивает Гомамона, ждет грубое
пробуждение. Его особый приём —
«Марчинг Фишес», которым Гомамон командует
верным отрядом мелких рыб для атаки."
digimon_0344_profile,"Морской зверь-дигимон, обнаруженный в
компьютере арктического исследовательского
центра. Толстая шкура и крепкое тело
Иккакумона созданы, чтобы выдерживать полярные
температуры. Острый рог, растущий на его
голове, сделан из Мифрила, редкого металла, а
кожа под его шкурой так же тверда. Когтистые
конечности Иккакумона способны по желанию
испускать обжигающий жар. В результате
Иккакумон всегда может сохранять твердую опору
при ходьбе по льду, даже если не может
двигаться быстро. В бою Иккакумон будет
угрожать противникам смелым ревом, подобным
львиному. Его особый приём — «Харпун
Торпедо», которым он выстреливает рог со своей
головы во врага, так как рог может отрасти
снова."
digimon_0345_profile,"Мощный морской зверь-дигимон,
эволюционировавший из Иккакумона, который
научился ходить на двух ногах. Зудомон
защищает свои закаленные мышцы доспехами,
сделанными из шкур и панцирей побежденных
врагов. Аналогично, Зудомон вырезал свой
собственный рог в пильное лезвие после потери
способности его отращивать. Но самое мощное
оружие в арсенале Зудомона — его Молот Тора,
сделанный из Хромдигизоида, добытого из
древнего льда. Особый приём Зудомона —
«Вулканс Хаммер», которым он обрушивает на
противников мощную ударную волну и летящие
искры, возникший от взмаха Молотом Тора вниз."
digimon_0346_profile,"Морской зверь-дигимон уровня Мега, который
правит холодными арктическими регионами вечной
мерзлоты. Мех Викемона напоминает ледяные
кристаллы и, как говорят, тверд, как
Хромдигизоид. Утренняя звезда Мьёльнир,
которую Викемон носит на спине, может одним
ударом разрушить горы, искажая саму атмосферу.
Он возглавляет армию Иккакумонов и Зудомонов и
сражается со всей свирепостью демона в битве,
хотя он также вдумчив и сострадателен к своим
подчиненным. Викемон использует свое
особый приём «Арктик Близзард», чтобы
заморозить своих врагов, понижая температуру
окружающей атмосферы до абсолютного нуля, а
затем разбивать их Мьёльниром."
digimon_0347_profile,"Водный дигимон с змеевидным телом. Когда на
него нападают, Сидрамон оборачивает свое
длинное тело вокруг врага и сжимает его, пока
тот не задохнется. Практически не обладая
каким-либо интеллектом, Сидрамон плавает по
Сетевому Океану, куда его ведут его инстинкты.
Его особый приём — «Айс Бласт»,
которым он выдыхает из своего рта при
абсолютном нуле, мгновенно замораживая воду и
обстреливая ей своего противника."
digimon_0348_profile,"Дигимон-растение с тропическим цветком,
растущим на его голове. Хотя он
эволюционировал из Танемона рептильным
образом, это редкий тип дигимона,
классифицируемый как дигимон-растение на
основе его внешнего вида и характеристик. Днем
Палмон открывает свой цветок и листоподобные
придатки, чтобы обеспечить фотосинтез. Его
корневидные ноги обычно зарыты в землю,
поглощая питательные вещества, но он также
может использовать их для ходьбы. Цветок на
голове Палмона издает сладкий аромат, когда он
счастлив или наслаждается, и зловонную вонь,
когда он зол или чувствует угрозу. Последняя
настолько плоха, что может заставить бежать
даже более крупных дигимонов. Особый приём Палмона — «Пойзон Айви», которым он
опутывает своего врага очень ядовитыми
лозами. Все, пораженное этой атакой,
парализуется."
digimon_0349_profile,"Дигимон-растение, напоминающий гигантский
кактус. Его способность хранить данные о
питательных веществах внутри своего тела
позволяет ему выживать в течение расширенный
периодов даже в бесплодных пустынных регионах.
Как очевидно из его выражения лица, обычно
невозможно сказать, о чем думает Тогемон,
поскольку он проводит большую часть дней,
бессмысленно уставившись в пространство. Но
если его достаточно спровоцировать, его
поведение становится жестоким и нестабильным.
Особый приём Тогемона — «Ни?дл Спрей»,
которым он затвердевает иглы на своих кулаках
и обрушивает град ударов."
digimon_0359_profile,"Дигимон-пикси, рожденный из красивых лепестков
цветов. На первый взгляд, Лилимон выглядит как
маленький ребенок, но на самом деле это
дигимон уровня Ультимат с неизмеримой силой.
Обладая изменчивым и сорвиголовским
характером, говорят, что она открывает свое
сердце девочкам с таким же нрав.
Лилимон также может быть плаксой и становится
безутешный, как только начинает рыдать, что
делает ее одним из самых трудных для
приручения дигимонов. Но Лилимон также
протянет руку помощи маленьким и слабым.
Способная летать с помощью четырех
листоподобных крыльев на спине, за Лилимоном,
как говорят, следует нежный ветерок. Ее
особый приём — «Флауэр Кэннон», при
котором она протягивает обе руки, превращает
цветы на своих запястьях в жерло пушки и
выстреливает энергетической бомбой."
digimon_0361_profile,"Саламон — молодой дигимон Священного вида с
характерными висячими ушами. Поскольку она еще
ребенок, она не способна полностью использовать
свои святые силы и еще не осознала свою
судьбу. В результате ее природа в корне
нестабильна, и она способна стать как хорошей,
так и злой. Однако, вероятно, настанет день,
когда Саламон пробудится к своей судьбе как
одна из Истребителей Вирусов. В конце концов,
она родилась священным дигимоном. Саламон
также является экспериментальным дигимоном,
созданным исследователями дигимонов, и,
поскольку она была смоделирована по образцу
человеческого питомца, она очень похожа на
настоящее животное. Ее особый приём
«Паппи Хаул» включает издание сверхзвукового
визга, который может парализовать врагов."
digimon_0363_profile,"Дигимон, похожий на древнего динозавра,
существовавшего в доисторическом мире.
Тиранномон сносит все своими двумя мощными
руками и массивным хвостом. Однако он обладает
интеллектом и послушным характером, и его
легко приручить. Это делает Тиранномона
ходовым товаром среди начинающих
Объединителей, многие из которых воспитывают
своих с заботой. Можно сказать, что он
представляет собой саму суть того, что такое
дигимоны. Он использует свое особый приём «Файр Бреф», чтобы выдыхать пламя
того же цвета, что и его темно-багровое тело."
digimon_0364_profile,"Андроид-дигимон, который модифицировал свое
тело, чтобы получить обширную силу. Так же,
как Мегадрамон был модифицирован для
противовоздушного использования,
МеталТиранномон был модифицирован в дигимона
для наземного перехвата. Любые и все атаки
отскакивают от его усиленного тела, и он
обладает ужасающей силой атаки, пробивая даже
самую прочную броню своим жестким подбородком.
Он использует свое особый приём
«Ньюклиар Лазер», чтобы выстрелить
энергетическим лучом из своей левой руки."
digimon_0365_profile,"Мифический Дракон-дигимон, который обрел
первоначальную силу Виимона и
эволюционировал до уровня Чемпион.
ЭкcВиимон — это чистокровная порода
Виидрамона, которая, как говорят, является
производным видом. Атаки с его развитой силой
рук и ног способны разрушить гору валунов без
следа. Его боятся за эту разрушительную силу,
но на самом деле у него сильное чувство
справедливости, и он не использует свою мощь
безрассудно. Особый приём ЭкcВиимона
«Вии Лазер» выпускает энергетический луч из
X-образной метки на его груди."
digimon_0367_profile,"Дигимон-насекомое с гигантскими клешнями на
голове. Как и Кабутеримон, Кувагамон обладает
боевыми способностями, далеко превосходящими
способности его сородичей, обитающих на Файл
Айленд. В то время как Кувагамон пользуется
защитой своей силы и прочного панциря, он
использует силу своих клешней, чтобы выдавить
жизнь из любого врага, которого поймает. У
него полностью враждебные отношения с
Кабутеримоном с атрибутом Вакцина. Он может
использовать свое особый приём
«Си?ззор Коготь», чтобы легко разрезать
твердые объекты."
digimon_0368_profile,"Дигимон в форме рака-отшельника, обитающий в
глубинах Сетевого Океана. У Шеллмона
черепахоподобный вид, когда он внутри своего
панциря, но его тело на самом деле мягкое, как
у моллюска. Его тело становится все больше и
больше по мере развития, и он меняет жилища
каждый раз, пока не достигнет размера
маленькой горы. Кроме того, у Шеллмона есть
обычай обосновываться во всем, во что он может
протолкнуть все свое тело. Его низкий
интеллект и воинственный характер означают,
что любой, кто с ним сталкивается, должен быть
настороже. Его особый приём «Гидро
Бластер» выпускает жидкость под высоким
давлением."
digimon_0369_profile,"Бронированный Дракон-дигимон с похожим на
носорога рогом, растущим из его морды. Когда
полностью вырастает, этот рог составляет половину
длины тела Монокромона. Твердое вещество,
покрывающее его рога и половину его тела,
твердо, как алмаз. Говорят, что нет ничего,
чего его рог не мог бы пронзить. Монокромон
известен тем, что преуспевает как в нападении,
так и в защите. Хотя он травоядный и
сравнительно послушный,?? он разозлен, он
обрушивает грозные контратаки своим
танкоподобным телом. Его особый приём
«Волканик Страйк» — это мощный огненный
снаряд."
digimon_0370_profile,"Ледяно-Снежный дигимон, тело которого покрыто
снегом и ледяными кристаллами. Несмотря на
свой холодный внешность, Фригимон на самом
деле имеет теплый и мягкий характер. Этот
дигимон успокаивает сердца тех, кто наблюдает
за ним, своими сладкими жестами и спокойными
движениями. Сам Фригимон ненавидит саму идею
борьбы и плохо подходящий к другим дигимонам,
которые наслаждаются боем — Мерамону в
особенно. Он обрушивает своё особый приём «Саб-Зеро Айс Панч» своим массивным
телом."
digimon_0371_profile,"Мохнатый Редкий Животный дигимон, покрытый
толстым белым мехом. Он обитает в отдаленных
заснеженных регионах, что делает встречи довольно
редкими. Несмотря на различные сообщения о
встречах с Моджамоном, никакие доказательства
не подтвердили его существование, и поэтому в
течение долгого времени этого дигимона считали
простой фантазией. Моджамон — нежное существо,
которое никогда не проявляет никакой
враждебности, но даже так, он считает свое
логово и территорию священными землями и не
прощает тех, кто вторгается на его святую
землю. Он швыряет массивную сосульку,
мгновенно сформированную из воды в атмосфере,
своим специальным движением «Айсикл Род»."
digimon_0372_profile,"Получеловек-полузверь дигимон, напоминающий
кентавра. Тело Центарумона защищено прочным
веществом, выделяемым изнутри его тела, и его
правая рука срослась с его оружием. Он
выдувает очень сконцентрированный газ из
каналов, торчащих из его спины, чтобы
передвигаться с почти звуковыми скоростями. Он
преуспевает в атаке, защите и скорости.
Гордость значит все для Центарумона, и он
страстно ненавидит, когда ему приказывают или
его что-либо связывает. Его особый приём «Хантин Кэннон» стреляет из пушки,
сросшейся с его правой рукой. Эту атаку почти
невозможно избежать, но она потребляет огромное
количество энергии, поэтому Центарумон
избегает боев как можно больше."
digimon_0373_profile,"Дигимон, который перемещается по земле на
высоких скоростях с помощью гигантского сверла
на носу. Дримогемон остается глубоко под
землей, поэтому лишь редкие немногие когда-либо
встречают его. Он послушный и легко смущается,
еще он наслаждается хорошей шуткой, часто
забирая любимую кость Гарурумона, которую тот
закопал в землю, и пряча ее в другом месте.
Его особый приём «Дрилл Спин» атакует
врагов его гигантским сверлом."
digimon_0374_profile,"Дигимон уровня Ультимат, имеющий внешность
Диги-Яйца и являющийся альфой и омегой всех
дигимонов. Дигитамамон — вершина эволюции
и, предположительно, эволюционирует не от
обычного дигимона, а только путем слияния с
данными из другого измерения. Его яйцевидный
экзоскелет делает все атаки бесполезными. Его
особый приём «Найтмер Синдром» — это
шар тьмы."
digimon_0375_profile,"Неопознанный дигимон, вторгшийся из Цифрового
Мира другого измерения. Нанемон имел прозвище
«Оядзи» в другом измерении и содержался как
цифровой питомец. Он любит алкоголь и насилие,
но после вторжения в этот Цифровой мир (детали которого всё ещё туманны) он эволюционировал
в активное существо. Вдохновленный природой
выживания сильнейших в Цифровом Мире, он
бросился в бой. Его истинная сила остается
неизвестной. Говорят, что Нанемон прошёл
через множество битв и эволюционировал в свою
верховный форму."
digimon_0376_profile,"Усовершенствованная версия Гекомона с
антенной, похожей на пучок феодала.
СёгунГекомон, предположительно, был впервые
создан в системе оценки караоке-машины. У него
два рога на плечах, которые играют мелодию, и
он может петь на несколько регистров ниже, чем
Гекомон, излучая господский (?) воздух. Его
особый приём «Мьюзикл Фист» использует
его голосовые связки и рога для создания
ультра-низкочастотной волны, которая
повреждает данные его врагов. Однако эти
ультра-низкие частоты, кажется, на самом деле
улучшают здоровье некоторых противников."
digimon_0377_profile,"Дигимон-волшебник высокого уровня из Цифрового
Мира другого измерения. В своем родном
Цифровом Мире Витчелни он освоил магии огня и
земли (продвинутые языки программирования) и
стремится стать великим магом, но сначала
пришел в Мир дигимонов для тренировки.
Визармон немного озорной, но также
застенчивый и всегда скрывает свое лицо. Его
особый приём — «Тандер Клауд», которое
вызывает грозовую тучу для запуска мощной
атаки молнией."
digimon_0378_profile,"На первый взгляд, это типичный птичий тип, но
этот странный дигимон имеет пышную
растительность, прорастающую из его спины. Как
и Кивимон, Дерамон имеет растительные качества
и не может летать. Он чрезвычайно гордый и
считает себя благородным существом, но втайне
стыдится того, что не может парить в небесах.
И всё же его эволюция до уровня Ультимат
означает, что он обладает значительной боевой
мощью. Корона на макушке и его сверкающий
золотой клюв — предметы гордости Дерамона. Его
особый приём «Роял Натс» выпускает
странные объекты, похожие на яйца или орехи,
из зарослей на его спине."
digimon_0379_profile,"Черримон — дигимон, дальнейший
эволюционировавший из Вудмона, обретя высокую
степень интеллекта и силы. Известный как
«Повелитель Глубокого Леса», это ужасающий
дигимон, который заманивает тех, кто забредает
в глубины темного леса, все дальше внутрь,
чтобы они никогда не смогли уйти. Его тело
производит галлюциногенный туман, чтобы
заманить дигимонов глубоко в лес. Затем он
использует свои веткоподобные щупальца и лозы,
чтобы захватить своих врагов и извлекать из
них питание. Если вы когда-нибудь встретите
старого Вудмона, лучше победить его,
прежде чем он сможет эволюционировать в
Черримона. Особый приём Черримона
«Черри Бомб» использует запретный плод,
растущий в густых ветвях на его голове."
digimon_0380_profile,"Этот мутантный дигимон — значок корзины
рабочего стола компьютера, который ожил через
эволюцию. В отличие от Скамона, который
образовался из мутации выброшенных данных,
Гарбейджмон — это сама корзина. Считалось, что
дигимоны вида Грязь — самый слабый тип до
появления Гарбейджмона, но теперь эта
условность была перевернута с ног на голову.
Его банка похожа на черную дыру, и те, кого
засасывает в нее, исчезают из Цифрового мира
без следа. Его особый приём «Пуп
Базука» — это гнусная атака, выпускаемая из
базуки, которую Гарбейджмон сделал из пустых
банок."
digimon_0382_profile,"БронеСвятой Рыцарь-дигимон,
эволюционировавший с Диги-Яйцом Чудес.
Диги-Яйцо Чудес имеет атрибут Металла и
сделано из суперметалла Хромдигизоид, позволяя
тем, кто обретает его силу, преодолеть любой
кризис. Магнамон обладает огромный
оборонительной способностью и силой атаки,
которая, по крайней мере, на уровне дигимона
Мега уровня, и также является членом
Королевских Рыцарей. Он использует свое
особый приём «Плазма Шот», чтобы
выстрелить шаром чистой плазмы, и «Шайнинг
Голд Солар Сторм», чтобы взорвать
сконденсированный воздух в золотой лазерный
луч, который сметает окружающих врагов."
digimon_0383_profile,"Форма Мега уровня Тиранномона,
эволюционировавшего после череды интенсивный
битв со времен создания Цифрового мира. После
выживания в течение многих долгих лет в
суровой среде в качестве МеталТиранномона,
киборг-тело РастТиранномона покраснело от
ржавчины. В бою он специализируется на быстром
подавлении вражеских сил и способен
самостоятельно уровень вражескую базу.
РастТиранномон — природный хищник, который
охотится на других дигимонов, способный
потреблять сотни, если не тысячи из них за
короткий промежуток времени. Его особые приёмы — «Террорс Кластер», которым он
опускает пушку на своей спине, чтобы
выстрелить огромным электромагнитным взрывом,
и «Раст Бреф», который извергает поток пламени
того же темно-багрового цвета, что и его тело.
«Раст Бреф» также вызывает коррозию всего, к
чему прикасается. Когда дело доходит до
рукопашного боя, РастТиранномон подавляет
своих противников одной из самых высоких сырая
сил и разрушительных способностей среди всех
андроид-дигимонов."
digimon_0385_profile,"Самый сильный дигимон в Цифровом Мире, со
стопроцентно металлическим телом. Поскольку он
состоит из комбинации частей от бесчисленные
других киборг-дигимонов, считается, что все
другие киборг-дигимоны, произведенные до сих
пор, были лишь прототипами ради его
завершения. Машиндрамон достаточно силен,
чтобы подавлять других дигимонов, и обладает
невероятной вычислительной мощностью, но как
чистый Машинный дигимон у него нет собственной
воли. Вместо этого кто-то внедрил в его
ДигиЯдро программу, загруженную злонамеренными
намерениями. Это злонамеренное ДигиЯдро
обеспечивает Машиндрамона неограниченной
силой. Его особый приём «Инфинити
Кэннон» выпускает энергетические взрывы класса
сверхдредноута из обеих пушек."
digimon_0387_profile,"Этот дигимон-слизь на первый взгляд выглядит
как простой морская пена, но на самом деле это
полностью автономное существо с множеством
выражений. Нежная поверхность Пабумона
означает, что у него практически нет защиты и
боевых способностей. Он создает бесконечные
крошечные клоны пены из объекта, похожего на
соску, во рту. Эта способность изначально
использовалась для разработки компьютерных
вирусов, но недостаток жизненной силы Пабумона
привел к плохой реализации. Жизнь этого
очаровательного детеныша дигимона мимолетна.
Он использует «Адхезив Баббл Блоу», чтобы
выпускать пузыри из своего тела, чтобы
связывать врагов, давая Пабумону шанс сбежать."
digimon_0388_profile,"Дигимон с мягким телом и очень эластичной
кожей, Мотимон использует выступы под своим
телом, чтобы покачиваться. Название «Мотимон»
происходит от его сходства с моти (рисовой
лепешкой), когда оно надувает свое тело от
возбуждения. Несмотря на свой внешность,
Мотимон обладает удивительно высокой степенью
интеллекта, и поэтому считается, что он
развился из функции словаря компьютера.
Способный понимать человеческий язык, Мотимон
иногда можно увидеть изменяющим форму
своего тела в попытке общения. Мотимон
использует свои моти-подобные «Эластик
Бабблз», чтобы ограничивать движение
противников."
digimon_0389_profile,"Земноводный дигимон, который ходит на четырех
ногах. Бетамон — послушный дигимон с мягким
характера, хотя он не колеблясь обрушивает
свое особый приём «Электрик Шок»,
когда разозлен, атакуя своих врагов более чем
миллионом вольт электрического тока."
digimon_0390_profile,"Лучемон — дигимон-Ангел, напоминающий ребенка,
который, как говорят, спустился свыше
давным-давно в Древнем Цифровом Мире. Он
появился во времена хаоса и, как говорят,
привел в новую эру мира и порядка. Однако
из-за последующий мятежа Лучемона мир тогда
погрузился в долгий темный век. Несмотря на
внешность ребенка, Лучемон мудрее и
могущественнее дигимона уровня Ультимат.
Говорят, что в современную эру способности
Лучемона были переданы и разделены между Тремя
Небесными. Особый приём Лучемона —
«Гранд Кросс», которое выпускает коллекцию из
десяти сверхнагретых сфер света, расположенных
в форме креста, как будто они планеты в
выравнивание. Эта атака даже более разрушительна,
чем особый приём Серафимона «Страйк оф
зе Севен Старз»."
digimon_0391_profile,"Дигимон-зверочеловек с внешностью золотой
лисы. Отношения Ренамона с людьми напрямую
очевидны, и его форма на стадии Обучения может
эволюционировать в дигимона высокий
интеллекта, если его правильно воспитывать.
Спокойный и собранный во все времена, он
тренируется, чтобы сохранять хладнокровие в
любой ситуации. Высокая, стройная форма
Ренамона выделяется среди дигимонов уровня
Ребёнок, и он предпочитает скорость своих
многочисленных техник силе, когда дело доходит
до борьбы с врагом. Его особый приём
«Даймонд Сторм» швыряет в врага острые как
бритва древесные щепки."
digimon_0392_profile,"Личинка-дигимон с робким, трусливым
характером. Ворммон — потомок того же древнего
вида, что и Виимон, поэтому он может выполнять
особую броневую эволюцию. Чрезвычайно
слабый сам по себе, Ворммон имеет мало шансов
против более крупных дигимонов. Но с силой
Диги-Яиц он может выполнить Броневую
эволюцию и проявить невероятную силу. Как
личинка, созревающая во взрослую особь,
Ворммон однажды эволюционирует в Чемпиона
великой мощи. Этот дигимон — самое воплощение
будущего потенциала. Он использует свое
особый приём «Стики Нет», чтобы
стрелять вязкими паутинами, которые связывают
врага."
digimon_0393_profile,"Дигимон-растение, напоминающий великий
засохшее дерево. Сделанный из обычного дерева,
Вудмон ловит дигимонов, которые проходят мимо,
и поглощает их энергию, чтобы выжить. Он также
может использовать свои корневидные конечности
для передвижения. Жестокий по натуре, он
атакует без отдыха, когда разозлен. Прочный
деревянный ствол Вудмона обладает высокой
защитой, но он чрезвычайно слаб против пламени и
особенно огненных дигимонов, таких как
Мерамон и Бирдрамон. Он использует свое
особый приём «Брэнч Дрейн», чтобы
протянуть свои веткоподобные придатки,
пронзить противника и поглотить его энергию."
digimon_0394_profile,"Дигимон, напоминающий «они» — демона японского
фольклора. Атаки из пугающе хорошо
развитых мышц Огремона приносят огромный
разрушительную силу. Чрезвычайно умный, но
столь же вспыльчивый, это существо, движимое
яростью, сеет все разрушения, какие может.
Воинственный до ошибки, он будет смело бросать
вызов даже противникам со значительно более
высокой боевой силой по сравнению с его
собственной, и это заработало ему прозвище
«Охотник на дигимонов». Костяная дубина,
которую Огремон держит в правой руке, была
получена после победы над СкаллГреймоном в
бою. Он обрушивает своё особый приём
«Памел Вак», размахивая своими массивными
руками."
digimon_0395_profile,"Таинственный зверь-дигимон в форме гигантской
лисы с девятью хвостами. Кюбимона боятся как
зверя, который приносит разрушение и разложение, но
в древние времена его приветствовали как
вестника мира. Говорят, что Ренамон с
особенно сильными способностями и широким
опытом эволюционирует в Кюбимона. Этому
дигимону не хватает силы атаки, но он обладает
невероятной духовной энергией и
специализируется на заклинаниях. Голубые
пламена, горящие на его четырех конечностях,
по-видимому позволяют Кюбимону скакать по
небесам. Его фирменное движение «Фокс Тейл
Инферно» создает и контролирует блуждающие
огни."
digimon_0396_profile,"Свирепый Зверь-Дракон-дигимон, обладающий
характера как зверя, так и дракона, это
тяжеловесное существо заставляет большинство
дигимонов бежать при одном виде его тени.
Доругамон может быть свирепым, как дикий
зверь, в бою, но драконий интеллект в его
распоряжении означает, что он обычно довольно
послушен. Из-за устаревшего интерфейса на его
лбу, этого дигимона предполагаемый быть эволюцией
экспериментального «Прототип-дигимона».
Доругамон использует особый приём
«Пауэр Метал», чтобы выстрелить большим
железным шаром из своего рта и раздавить
своего врага."
digimon_0397_profile,"Мифический Древний дигимон, который, как
говорят, существовал только на Фолдер
Континенте в обширный просторах Цифрового мира.
Виидрамон чрезвычайно ценен для Объединителей
дигимонов и редко встречается, даже на Фолдер
Континенте. Говорят, что только один
Объединитель когда-либо смог завоевать этого
дигимона. Помимо V-образной метки на его
груди, за которую он назван, о Виидрамоне или
его окружающей экосистеме известно немного.
Его иногда по какой-то причине принимают за
собаку. Он обладает исключительный атакующей
силой для дигимона уровня Чемпион, проявляя
силу, даже превосходящую силу Ультимата, когда
дело доходит до крайности. Он использует свое
особый приём «Ви-Нова Бласт», чтобы
выстрелить высокотемпературным тепловым лучом
из своего рта."
digimon_0398_profile,"Хранитель времени, управляющий компьютерными
таймерами. Клокмон управляет всем «временем» и
«пространством» на компьютерах и по всей Сети
и может свободно перемещать время вперед и
назад между 1900 и 1999 годами. Он всегда
сохраняет нейтральную позицию из-за этой
невероятно опасной и ужасающей способности,
отказываясь участвовать в конфликте между
Вакциной и дигимонами-Вирусами. Многие думают,
что если Клокмон склонится к любой стороне
этого равновесия, сам Цифровой мир обрушится.
Он использует свое особый приём «Хроно
Брейкер», чтобы уничтожить само время, которое
течет в теле врага."
digimon_0399_profile,"Земноводный дигимон, который завораживает
окружающих криком, совсем слишком приятным
для его странной внешности. Аккорды, которые
Гекомон играет тремя отверстиями на кончике
своего языка, и импровизации, созданные на
роге, обернутом вокруг его шеи, могут
контролировать чувства его противника. Ходят
слухи, что он рождается, когда создается хит в
программном обеспечении для сочинения музыки,
что делает Гекомона своего рода статусным
символом среди музыкантов всего мира. Его
особый приём «Симфони Крушер»
разрушает внутренности врага
сверхвысокочастотными вибрациями."
digimon_0400_profile,"АэроВиидрамон — дальнейше-эволюционировавшая
форма Виидрамона, ставшая способной к полету.
Только сильнейшие из линии Виидрамон могут
эволюционировать в АэроВиидрамона, пройдя
через бесчисленные битв, и поскольку Виидрамон —
редкий вид, АэроВиидрамон практически является
легендой. Он также получил больше, чем крылья,
в процессе эволюции, и теперь обладает
повышенными наступательными и оборонительными
способности. Его особый приём «Драгон
Импульс» выпускает ударную волну в форме
дракона."
digimon_0401_profile,"эволюция Кувагамона, эволюционировавшего во
что-то даже более зловещее, чем дигимон типа
Кабутеримон. Преобладающим улучшением является
его защита, которой не хватает Кувагамону.
Способность Окувамона обнаруживать врагов
своими антеннами была усилена, и его атаки
клешнями получили повышенную точность. Более
того, ясно, что его самые заметные
характеристики — это не только инстинкт
выживания, но и импульс разрушения. По-настоящему
эволюция, пропитанный в агрессии. Его
особый приём «Дабл Си?ззор Коготь» —
это усовершенствованная версия «Си?ззор
Коготь», которая способна разрезать даже самый
твердый алмаз."
digimon_0402_profile,"Черный Дракон-дигимон, разработанный в то же
время, что и Мегадрамон. Боевой дракон, полностью
вооруженный дальнейший модификациями,
существование Гигадрамона — это воплощение
злонамеренного компьютерного вируса. Его
особый приём «Эрадикейшн Гирз»
выпускает бесконечные органические ракеты."
digimon_0403_profile,"ГрэпЛеомон — дигимон-мастер боевых искусств
зверочеловек. После поглощения данных из
различных файтингов он разработал свои
собственные супер-приемы, которые использует,
чтобы сокрушить противников. Вращая турбины на
своих руках и ногах на высоких скоростях,
ГрэпЛеомон способен обрушить широкое разнообразие
техник. Однако, чтобы они продолжали
вращаться, он должен направить свой боевой дух
напрямую из своего ДигиЯдра в них все сразу,
что требует исключительный силы воли. Только
потому, что ГрэпЛеомон унаследовал данные
Леомона, «Короля Зверей», он способен вращать
свои турбины с такой невероятный скоростью,
используя чистая, целеустремленный преданность
справедливости. Его особый приём «Зе
Кинг оф Фистс» вращает турбины на его руках
так быстро, что он способен искажать
гравитацию одним ударом."
digimon_0404_profile,"Этот скелет-дигимон — ничто иное, как кожа да
кости — минус кожа. Единственно зацикленный на
борьбе, он продлил свою жизнь одним только
боевым инстинктом, даже когда его тело гнило,
в итоге став СкаллГреймоном. Без лом
интеллекта или разума, чтобы сдерживать его
инстинкт, существование СкаллГреймона является
угрозой для других дигимонов. Его особый приём — это органическая ракета, выпущенная
из его спинного мозга. Последние исследования
предполагают, что эта атака в итоге
эволюционировала в «Обливион Бёрд», которая
добавляет новую функцию отслеживания и
резко улучшает как мощность, так и
дальность."
digimon_0405_profile,"Даосский дигимон, который использует все
навыки веры, чтобы победить противников. Таомон
особенно талантлив в использовании
проклятий и талисманов. Он также является
мастером темных инструментов, храня различные
оружие, скрытое в его рукавах. Этот дигимон
мало говорит и обычно обитает в темноте.
Таомон также может превращать талисманы в
фамильяров, известных как шикигами. Он
использует свое особый приём «Талисман
оф Лайт», чтобы нарисовать санскритский символ
в воздухе, напевая, прежде чем швырнуть его в
врага. Любой враг, пораженный «Талисманом оф
Лайт», уничтожается в гигантский взрыве."
digimon_0406_profile,"эволюция Мерамона, окутанная интенсивный синим
огнем. Пламена, извергающиеся из тела
СкаллМерамона, горят жарче, чем у Мерамона,
отсюда и синяя окраска. Его возможности атаки
и защиты увеличились на несколько уровней, и он
обладает верховный разрушительной силой в
дополнение к мощи его пламен. Огненные
дигимоны слабый против водных и ледяно-снежных
типов для начала, но любое взаимодействие с их
стороны со СкаллМерамоном подобно воде,
пылающий с нагретого камня. СкаллМерамон
использует свое особый приём «Хеви
Метал Файр», чтобы расплавить тяжелые металлы
в своем теле и выплюнуть их во врага."
digimon_0407_profile,"ДОРУгремон — массивный Зверь-Дракон-дигимон,
также известный как «Финальный Враг». Его
форма является результатом того, что интерфейс
на его лбу разблокировал данные дракона,
дремавшие глубоко в его ДигиЯдре,
наполненном мощной жизненной силой этого
мифического зверя. Со своим огромным
размером, он способен полностью раздавить любого
дигимона, осмелившегося противостоять ему, и
его сила позволяет ему отразить атаку от
Кошмарных Солдат одним взмахом своих крыльев.
ДОРУгремон также очень умен, и поскольку он
лишь редко показывает себя, просто найти его
чрезвычайно трудно. Его особый приём
«Метал Метеор» выпускает сверхмассивную
железную сферу, более чем в десять раз
превышающую его собственный огромный размер,
уничтожая своих врагов всех сразу."
digimon_0408_profile,"Дракон-Человек-дигимон,
получившийся в результате джогресс-эволюции из ЭкcВиимона и
Стингмона. Он сохраняет многие элементы типов
Драконов, с силой дракона и железной защитой
панциря насекомого. Более чем просто мощный,
Пайлдрамон также использует быстрые и
проворные движения, чтобы покончить с
противниками. Он очень предан и без вопросов
отдаст свою жизнь за своего хозяина.
Пайлдрамон использует свое особый приём «Дез Парад Бластер», чтобы выстрелить
энергетической волной из двух биологических
пушек, выступающих из его талии."
digimon_0409_profile,"Гордый дигимон-зверочеловек с сильным чувством
справедливости. Некоторые Леомоны
эволюционируют в Панджамона, когда в
процессе их ежедневных тренировок как
чемпионов справедливости их тела становятся
наполненной силой холода в замерзшей земле
Ледяно-Снежной Области Цифрового мира. Тело и
воля Панджамона были закалены холодом, и он не
колеблется перед лицом любой атаки. Его
особый приём «Фист оф Айс» — это удар,
наполненной силой холода."
digimon_0410_profile,"Дигимон-пикси, который контролирует магию.
Пиксимон может читать слова на продвинутом
языке программирования из другого измерения,
позволяя ему создавать чудеса, сродни к магии.
Этот загадочный дигимон может появиться в
любое время, в любом месте и в любом
пространстве. Хотя и маленький, он обладает
особым навыком, который позволяет ему
блокировать способности своих врагов и
размолоть своих противников одним мощным
ударом. Пиксимон любит хорошую шутку и
наслаждается, заставляя компьютеры выходить
из-под контроля с помощью любимого копья «Фэри
Тейл», которое он всегда орудует (не то чтобы он
имел какое-либо злое намерение). Его
особый приём «Пит Бомб» сжимает
компьютерный вирус, генерируя сверхмощный
взрыв. Пиксимон использует устрашающие атаки,
несмотря на свою внешность."
digimon_0411_profile,"Инопланетный дигимон в форме существа с
далеких окраин космоса. Однако ходят слухи,
что он был рождён из семени растения. Вадемон
обладает ужасающей наступательной силой,
не вяжущейся с его массивной головой и осьминожьей
нижней частью тела. Луч похищения, выпущенный из
лучевого пистолета в его руке, грозен, но
его особый приём «АнАйдентифаид Флаинг
Кис» даже более so, поскольку оно дурачит его
противников."
digimon_0412_profile,"Мутантный дигимон, эволюционировавший в
жестокой среде. Милая внешность Мамемона
скрывает ужасающую разрушительную силу. За
исключением одного другого дигимона, он может
быть самым мощным видом. Гигантские руки на
его маленьком теле являются съемными и
способны становиться мощными бомбами. Его
прозвище — «Улыбающийся Бомбардир»."
digimon_0413_profile,"Андроид-дигимон, который эволюционировал,
чтобы стать даже более мощным, чем
«Улыбающийся Бомбардир» Мамемон. Его
миловидность не изменилась, как и болезненные
последствия для тех, кого обманывает его
внешность. 90% тела МеталМамемона
механизировано. Огромная разрушительная сила
его специального движения «Энерджи Бомб»,
выпущенного из Психо Бластера на его левой
руке, может сразить врага с уверенностьююю."
digimon_0414_profile,"Гигантская птица-дигимон, напоминающая
попугая. Пэрротмон — странная птица из другого
Цифрового мира, которая забрела через разрыв в
пространстве-времени. Когти на его ногах
чрезвычайно мощны. Очень умный и спокойный,
Пэрротмон не наслаждается боем, но, если его разозлить,
он выходит из-под контроля. Его особый приём «Мьёльнир Тандер» создает
электрический ток в перьях, растущих на его
голове, а затем использует их, чтобы призвать
молнию на своего противника."
digimon_0416_profile,"Один из 13 Королевских Рыцарей, которые, как
говорят, являются дигимонами высшего ранга,
когда дело доходит до безопасности Сети. Хотя
сам Альфамон является Святым Рыцарем, говорят,
что он действует как сдерживающий фактор для
других Святых Рыцарей. Обычно он предпочитает
оставаться скрытым и широко известен как
«Отчужденный Отшельник», распознаваемый по
синему плащу, который развевается вокруг него.
Позиция, которую он занимает в Королевских
Рыцарях, известна как «Пустое Место». В бою он
обладает способностью получать доступ к Альфа-
инФорс, ультиматной силе, которая может
мгновенно обратить вспять то, что в противном
случае было бы проигранным делом. Его
особые приёмы — «Блейд оф зе Драгон
Кинг», которое включает извлечение света,
собранного в центре магического круга, а затем
использование его, чтобы пронзить врага, и
«Соул Дигиталайзейшн», которое включает
расправление крыльев на его спине, чтобы
взлететь, а затем создание гигантского
магического круга в небе, который он
использует, чтобы призвать легендарного
монстра из другого измерения."
digimon_0417_profile,"УльфорсВиидрамон — легендарный Святой
Рыцарь-дигимон, появляющийся только в
пророчестве, переданном из Древнего Цифрового
Мира. Появление Королевских Рыцарей, святых
защитников Сети, было написано в этом
пророчестве, и говорят, что члены Королевских
Рыцарей все соберутся из-за этого пророчества,
когда Цифровой мир столкнется со своим
величайшим кризисом. Даже среди Королевских
Рыцарей, скорость УльфорсВиидрамона
исключительный, такова, что невозможно следить за
его движениями. У него V-Браслеты на обеих
руках, и он облачен в броню из Синего
Дигизоида, чрезвычайно редкого металла, позволяя
ему стрелять сквозь небо и мчаться по земле.
Его особый приём — «Зе Рэй оф
Виктори», которым он выпускает луч энергии из
V-образной брони на своей груди, чтобы стереть
прочь врагов."
digimon_0419_profile,"Эта форма Режима Бойца является результатом
того, что Древний Дракон-дигимон
Империалдрамон: Режим Дракона высвобождает всю
свою силу и превращается в легендарного
Драконьего Воина. Изменившись со своей
неуклюжей Режима Дракона на эту гуманоидную
форму, он стал дигимоном Мега уровня с высокий
интеллектом. Его атаки, как говорят, обладают
силой уничтожить планет. Особый приём
Империалдрамона: Режим Бойца «Позитрон Лазер»
стреляет из оружия, установленного на его
правой руке. Он также использует «Гига Дез»,
чтобы вставить Позитрон Лазер в драконью морду
на своей груди, прежде чем обрушить
разрушительную энергетическую волну со всей
энергией, накопленной в его теле. Этот удар
обладает в десять раз большей силой, чем «Мега
Дез» в Режиме Дракона. Ходят слухи, что
отдельный, более мощный режим может быть
достигнут, когда он пробуждается к идеальный
справедливости."
digimon_0420_profile,"Драконий Воин-дигимон, Империалдрамон: Режим
Бойца, усиленный в этого легендарного Святого
Рыцаря (Режим Паладина) путем получения силы
Святого Рыцаря Омнимона. Это финальная,
сильнейшая форма Империалдрамона,
предсказанная с древних времен, которая сошла
на Древний Цифровой мир во время огромный
бедствия, чтобы спасти его от полного
разрушения. Все детали того времени окутаны
тайной. Продолжающиеся исследования дигимонов
и Цифрового мира должен в итоге пролить
свет на этот предмет. Империалдрамон: Режим
Паладина использует свое особый приём
«Омни Блейд», чтобы рассечь врага пополам
своим ультиматным мечом, сбрасывая и
нейтрализуя его компонентные данные."
digimon_0421_profile,"Супер Ангел-дигимон, который является
ультиматной формой всех женственных
дигимонов-Ангелов. Вместе с Серафимоном и
Керубимоном, Офанимон является одной из Трех
Небесных дигимонов, которые охраняют область,
известную как Ядро (или Владения Богов) в
сердце Цифрового мира. Офанимон представляет
милосердные и сострадательные аспекты богов,
служа святой матерью Цифрового мира, в то
время как Серафимон — неумолимый маршал богов,
а Керубимон — стойкий защитник богов и
мудрости. У каждого своя роль. Особые приёмы Офанимон — «Копье Эдема» и «Сефирот
Кристалл»."
digimon_0422_profile,"Машиндрамон, дигимон, сделанный из частей
бесчисленные киборг-дигимонов, обладает
невообразимый силами, и, как таковой,
по-видимому считался успешным экспериментом.
Хаосдрамон, с его багровым металлическим
телом, является еще более продвинутый версией
Машиндрамона. Его каркас сделан из Красного
Дигизоида, редкого металла, созданного путем
повторного очищения виртуального суперметалла
Хромдигизоида для увеличения его твердости. В
результате он способен отражать все манера
атак и разрушать абсолютно всё. Его
особый приём «Гипер Инфинити Кэннон»
выпускает энергетические взрывы класса
сверхдредноута из обеих его пушек."
digimon_0423_profile,"Верховная форма вида Кувагамон. Особенно злобный даже для дигимона-насекомого, встреча с
ГранКувагамоном в Цифровом Мире сулит гибель.
Поскольку он обычно живет глубоко в лесу и
активен только ночью, он также известен как
«Демон Глубокого Леса». Он — величайший
соперник ГераклКабутеримона, и они заперты в бесконечной борьбе. Особый приём
ГранКувагамона — «Дименшн Си?ззор», которое
разрезает все вокруг него, включая само
пространство."
digimon_0424_profile,"Древний Зверь-дигимон, который, как говорят,
способен к движению на скорости Маха. И всё же, детали этого дигимона окутаны тайной.
Одна теория даже предполагает, что это может
быть одичавший Леомон. Скорость СэйберЛеомона
позволяет ему с легкостью уклоняться даже от
самых быстрых атак. Он известен как ультиматный
дигимон благодаря огромной разрушительной
силе, обеспечиваемой его двумя развитыми
клыками и острыми когтями. Особый приём СэйберЛеомона «Инфинити Эрроу»
затвердевает бесчисленные волоски на его гриве
перед тем, как выстрелить ими в противника.
Эти волоски ядовиты, парализуя все, с чем они
вступают в контакт. «Хаулинг Крашер» — это
грозная техника, с помощью которой
СэйберЛеомон потрошит врага, используя свои
гигантские когти."
digimon_0425_profile,"Дигимон с ролью жрицы, которая действует,
чтобы исполнить волю богов. Как и Таомон,
Сакуямон использует даосские навыки в бою и
может командовать дигимонами-Божественными
Зверями. Она всегда носит четыре трубки на
своем поясе, в которых обитают четыре
лисоподобных духа-хранителя ( ствол лисы).
Этих духов-хранителей можно использовать для
атаки, сбора информации и многого другого. Она
использует свое особый приём «Аметист
Мандала», чтобы ударить своим посохом Конго
Сякудзё о землю, создавая очищающее поле,
которое изгоняет зло."
digimon_0426_profile,"ХайАндромон — это Андроид-дигимон уровня Мега,
созданный путем модернизации и завершения
незаконченного Андромона. В составе его тела
присутствует более высокий процент деталей из
Хромдигизоида, что один должно прояснить, что
ХайАндромон обладает уровнем наступательной и
оборонительной мощи, с которым Андромон никогда
мог бы соперничать. Добавление деталей из
Хромдигизоида к незавершенным
био-синаптическим цепям, ответственным за
мыслительные процессы Андромона, дало
ХайАндромону способность думать самостоятельно
и преследовать свои собственные цели. Его
особый приём — «Атомик Рэй», которое
включает соединение рук для слияния нейтронной
энергии из синей нейтронной управляющей
турбины на его правом плече с атомной энергией
из красной атомной управляющей турбины на его
левом плече и выстрела лучом света, чтобы
уничтожить врагов."
digimon_0427_profile,"Пьедмон — дигимон-волшебник странной
внешности, окутанный тайной.
Дигимоны-волшебники — странные существа,
настолько отличные от видов Зла и Нежити, что
они могут быть из другого измерения. Истинная
личность Пьедмона неизвестна, как и причины
его внезапного появления. Сама причина его
существования — загадка, и в настоящее время
неясно, как узнать о нем больше. Что довольно
очевидно, однако, так это то, что он обладает
несравненный силой. Любой, кто встречает
Пьедмона, может лишь проклинать свою
собственную судьбу. Особый приём
Пьедмона — «Трамп Сорд», с помощью которого он
телепортирует четыре меча, воткнутые в
магическую коробку на его спине, так что они
внезапно появиться снова, пронзая противника —
неотвратимая атака."
digimon_0428_profile,"Пуппетмон — дигимон-Марионетка уровня Мега,
сделанный из тела грозного Черримона. Широко
считается, что злонамеренный хакер создал
Пуппетмона из данных Черримона. Хотя Пуппетмон
может выглядеть как простая марионетка, у него
есть собственная воля, и он полностью способен
двигаться самостоятельно. Пуппетмон — лгун с
извращенной личностью, и всякий раз, когда
компьютер производит плохие данные, Пуппетмон
обычно как-то вовлечен. Его самая мощная атака
— особый приём «Пуппет Памел», с
помощью которого он загружает порох в свой
револьверообразный молот, а затем разбивает им
врагов. Все, пораженное этой атакой, должно
выдержать удар не только от удара молота, но и
от взрыва, созданного порохом, что означает,
что большинство целей Пуппетмона полностью
уничтожены."
digimon_0429_profile,"Принц мира Мамемонов, вобравший данные,
связанные с королевскими семьями из Сети.
ПринцМамемон сотрудничает с КингЭтемоном и
притворяется членом королевской семьи
Цифрового мира — отсюда его роскошная
внешность. Характер у него не такой уж плохой,
но КингЭтемон подталкивает его считать себя
настоящей королевской особой. К собственному
смущению, он даже верит, что Королевские
рыцари — его подчинённые. Спецприём
ПринцМамемона — «Смайл Ворхед»: мощный
удар головой с неизменной улыбкой на лице. Он
обладает огромной разрушительной силой,
обманчивой для его внешности, как и положено
дигимону уровня Мега."
digimon_0431_profile,"Прототип андроид-дигимона, построенный в то же
время, что и Андромон. Плотьный Болтмон
обладает эмоциями, в отличие от машинного
Андромона. Хотя Болтмон довольно мощный, Болтмон было
трудно контролировать, он вышел из-под
контроля и закончил up отправленным в забвение.
Этот трагический дигимон бродит в темноте
своего горя, его само существование отрекся.
Особый приём Болтмона — «Томахаук
Стингер», которым он размахивает своим
гигантским боевым топором с ловкий мастерством."
digimon_0434_profile,"Эта финальная форма Сидрамона полностью
покрыта ультраметаллом, известным как сплав
Хромдигизоида. Самый быстрый водный дигимон,
металлическое тело МеталСидрамона способно
отражать любые и все атаки. Он был
модифицирован, чтобы стать дигимоном для
морского перехвата, завершая набор
дигимонов-перехватчиков для наземной, морской
и воздушной обороны. Особый приём
МеталСидрамона — «Ривер оф Пауэр», которое
выпускает энергетический взрыв из пушки на
кончике его носа."
digimon_0435_profile,"Финальная форма Лучемона, с внешностью
дракона, появляющегося в Откровении. Как
предсказано в этом тексте, Лучемон: Режим
Сатаны носит Корону Семи Смертных Грехов и
несет сферу тьмы, известную как Геенна,
которая аннулирует любые и все атаки.
Говорили, что мир погибнет, как только Лучемон
примет эту форму. Однако истинная форма
Лучемона, Лучемон: Личинка, существует внутри
Геенны, и Лучемон: Режим Сатаны на самом деле
не более чем тень Лучемона. По этой причине
никакая атака на Лучемона: Режим Сатаны не
достигает истинной формы Лучемона: Личинка.
Особые приёмы Лучемона: Режим Сатаны —
«Пургаториал Флейм», пламя разрушения, которое
очищает все, и «Дивайн Атонмент», уничтожающий
луч, выпущенный из семи корон."
digimon_0437_profile,"Совершенно новый тип дигимона. Три щупальца
растут из верхней части его желеобразного
красного тела. Пунимон неспособен сражаться,
вместо этого полагаясь на «Асид Бабблз», чтобы
угрожать врагам."
digimon_0438_profile,"Маленький дигимон с одним рогом на голове,
образовавшийся путем затвердевания одного из
щупалец Пунимона. эволюционировав, чтобы
стать более животным, чем Пунимон, Цуномон
покрыт мягким мехом. Наполненный игривым
духом, Цуномон любит подшучивать и еще не
развил свой инстинкт к конфликту."
digimon_0439_profile,"Дигимон-Король Зла, который, как говорят,
запечатан в самых глубоких частях Темной Зоны.
Из-за его огромный силы, данные Бельфемона были
переведены в Режим Сна системами Цифрового
Мира. Бельфемон: Режим Сна не может атаковать
напрямую из-за этого глубокого сна, еще его
храп один наносит урон, что делает этого
дигимона трудным для атаки. Его особые приёмы — «Итернал Найтмер», которое
обрушивает атаки через мирный храп, и
«Лампрантус», которое стреляет черным пламенем
из цепей, обвитых вокруг его тела. «Итернал
Найтмер» рекомендуется для тех, кто страдает
от бессонницы, так как вечный сон практически
гарантирован."
digimon_0440_profile,"Контратакующий Титан, рожденный из обиды
дигимона, побежденного Олимпос XII в борьбе за
превосходство над Цифровым Миром. Также известный
под псевдонимом «Дивизия одного человека»,
Титамон хранит бездонную энергию обиды в своем
могучем теле. Он перебегает с поля боя на поле
боя, все в погоня голов членов Олимпос XII.
Огромные руки Титамона покрыты большим
количеством черепов, каждый из которых
сформирован из данных силы, похищенных у
павших врагов. Его гигантский медный меч
«Дзанзинтоу» вырезан из костей СкаллГреймона,
и злоба, обитающая внутри клинка, издает
низкий рык. Особый приём Титамона
«Соул Кор Атак» рассекает прямой через броню
и тело врага, рассекая его ДигиЯдро напрямую
своим клинком. Урон, полученный от прямого
попадания, никогда не исцеляется.
«Фантом Блейд» пронзает врага Дзанзинтоу,
погружая его в галлюцинацию, что он остается
пронзенным даже после того, как клинок
вытащен. Боль от этого удара стихает только со
смертью духа врага."
digimon_0450_profile,"Дигимон, основанный на воображаемом существе,
найденном в компьютере британского
исследовательского центра криптозоологии,
долгое время упоминаемом в слухах его
исследователями. Плезиомон едва когда-либо
показывает себя, и такие редкие случаи, как
говорят, случаются только в туманные дни с
низкой видимостью. Тело этого загадочного
существа сияет белым светом, впечатляя всех,
кто наблюдает его элегантность. Особый приём Плезиомона — «Сорроу Блю», которое
обрушивает пронзительный, кристально чистый
вокал, который погружает его слушателей в
глубокую печаль, истощая их волю к борьбе."
digimon_0451_profile,"Андроид-дигимон, искусственно созданный из
захваченного Вадемона, чьи данные состава тела
были проанализированы и улучшены. Ходят слухи,
что ЭБЭмон был произведен с использованием
внеземных технологий на объекте, известном как
Зона 51, но правда остается окутанной тайной.
Его особый приём «Брейн Рапчер»
включает выстрел взламывающей программы из
пистолета в его левой руке в мозг противника,
чтобы поглотить данные, накопленные там.
«Планет Дэстройер», напротив, включает выстрел
всей силы, которую ЭБЭмон накопил, из
пистолета в его правой руке. Этот ход, как
говорят, способен мгновенно уничтожить целую
планету. Ходят слухи, что страна, создавшая
ЭБЭмон, тайно исследует дигимонов, чтобы
править Цифровым Миром."
digimon_0452_profile,"Дракон-Человек-дигимон с одним глазом и
аномально развитой правой рукой. Когда-то
мускулистый дракон-воин, Цикломон получил
свой правый глаз разбитым воином Леомоном,
превратившись в демона мести. Он укрепляет и
увеличивает свою руку, чтобы победить Леомона,
и охотится за шансом на возмездие. Сбросив
свою гордость как воина, Цикломон теперь
обезумевший боец, который думает только о
убийстве, все ради мести. Его особый приём — «Гипер Хит», которое плавит любые и
все вещи."
digimon_0453_profile,"Ультиматная форма всех дигимонов-Божественных
Зверей. Считающийся героическим королем неба,
Магнадрамона видели немногие, и его местонахождение
обычно неизвестно. Однако говорят, что
однажды, когда в Цифровом Мире возникла
великая темная сила, Магнадрамон появился как
будто из ниоткуда и сниженный это зло до ничего
своей огромный силой. Его особый приём
— «Файр Торнадо», которое обрушивает на
противника сияющий луч чистой справедливости.
Любой, пораженный этой атакой, мгновенно
превращается в ничто."
digimon_0454_profile,"Андроид-дигимон, который охраняет загадочную
Королевскую Базу, секретную плавучую медовую
базу. Антенны на голове Васпмона обладают
отличный разведывательными способности, и он
постоянно патрулирует в поисках дигимонов,
приближающихся к базе, атакуя любого, кто даже
приближается. Пропеллеры на его плечах и
стабилизатор на спине позволяют ему быстро
двигаться во всех направлениях, защищаясь от
приближающихся врагов и отгоняя их своей
мощной лазерной пушкой. Особый приём
Васпмона — «Турбо Стингер», которое выпускает
его крупнокалиберную лазерную пушку быстрой
очередью."
digimon_0455_profile,"Ракообразный дигимон, образовавшийся, когда
Нюмемон достаточно умен, чтобы искать раковину
для защиты. Это делает ШеллНюмемона слегка
более умным, чем Нюмемон, но также и гораздо
более пугливым, заставляя его прятаться в свою
раковину при малейшем поводе. Его защита
резко увеличивается, пока он внутри
своей раковины, позволяя ему выдерживать
пинки, топтание и тому подобное. Его
особый приём — «Мэтьюр Пуп», которым
он швыряет комки экскрементов, которые он
накопил в своей раковине."
digimon_0456_profile,"Мутантный дигимон с пушечным стволом вместо
тела. Хотя подробности его зарождение полностью
неизвестны, чувство справедливости Депутимона
делает его активным членом Истребителей
Вирусов, особых дигимонов среди типов с
атрибутом Вакцина, обладающих способностью
искоренять и удалять «злую» волю
дигимонов-Вирусов. Он также любит азартные
игры — особенно русскую рулетку — и его
честность за пределами упрека, позволяя даже
дигимонам-Вирусам уйти, если они выиграют в
этой игре. Особый приём Депутимона —
«Джастис Буллет», которое превращает самого
Депутимона в пистолет, который выпускает
заряженный справедливостью патрон."
digimon_0457_profile,"Дракмон — самый большой проказник Темной Зоны.
Он не колеблется риск жизнью и конечность, если это
означает успешное розыгрыш. Один раз,
например, он чуть не умер, когда решил
попытаться нарисовать каракули на лицах всех
Четырех Властелинов-дигимонов (удалось ему это
или нет — неясно). Хотя технически это
дигимон-вампир, ходят слухи, что в последнее время он был
так поглощен розыгрышем Королевских Рыцарей,
что полностью забыл о питье крови. Также
говорят, что любой, кто смотрит прямо в «Око
Кошмаров», отбрасываемое злыми глазами на его
ладонях, подвергается его контролю над
разумом."
digimon_0458_profile,"Мини-Дракон-дигимон, неспособный летать,
несмотря на похожие на крылья летучей мыши
крылья на обеих руках. Характер Монодрамона
скорее грубый — граничащий с жестоким, и он
производит впечатление дигимона, который
наслаждается хорошей потасовкой. Его часто
находят в середине большинства драк в Цифровом
Мире, вызывая даже у таких, как Огремон,
раздражение его настойчивостью. Особый приём Монодрамона — «Накл Бейтер», которое
врезается во врага с ошеломляющей силой,
прежде чем обрушить свои мощные когти в
прямолинейном ударе."
digimon_0461_profile,"Возрожденный из древних времен, Мамонмон
непрерывно сражался с Вирусными Дигимонами,
пока всё его тело не было поглощено вирусами,
превратив его в этого Нежить-Дигимона,
состоящего целиком из костей. Инстинкт
выживания СкаллМамонмона как типа Вакцина стал
только сильнее после смерти. Чтобы продолжать
сражаться, он отбросил все эмоции и интеллект,
которые не помогают в истреблении вирусов.
Пока сияющее в его груди ДигиЯдро остается
невредимым, СкаллМамонмон может поддерживать
жизненную активность даже будучи скелетом.
Однако момент, когда это открытое ДигиЯдро
будет атаковано, означает конец для этого
Дигимона. Особое движение СкаллМамонмона —
Спиральная Кость, метание одного из своих
позвонков на высокой скорости."
digimon_0463_profile,"Дигимон вида Транспорт, похожий на
Меканоримона, способный к неспешным полетам по
небу. Мягкие части баллона Блимпмона защищены
металлическим покрытием, но, кажется, он все
еще находится в разработке, так как его левый
бок остается открытым. Его фирменный прием —
Цеппелин Взрыв, когда он выпускает пушечные
ядра из двух пушек наверху."
digimon_0465_profile,"Дигимон-Дирижабль, парящий в небесах. Ранее
неполный Блимпмон эволюционировал в
МастерБлимпмона путем улучшений и переделок.
Теперь, будучи завершенным, его ранее открытый
баллон был оснащен бронёй. Его окончательная
броня снизила сопротивление воздуха, увеличив
крейсерскую скорость МастерБлимпмона. Это
позволяет ему быстро доставлять своих
пассажиров-Дигимонов на поле боя. Для своего
приема Цеппелин Цирк МастерБлимпмон выпускает
шквал самонаводящихся ракет из своих
многочисленных портов. Во время Лиходейского
Прорыва он врезается на головокружительной
скорости во вражеские лагеря, тараня их дрелем
на своем носу."
digimon_0466_profile,"Младший Дигимон, который может бегать
чрезвычайно быстро, но только по прямой.
Доримоны ненавидят быть прирученными, поэтому
многие остаются дикими. Приближаться к нему
опасно, так как он будет безрассудно бросаться
в атаку. Заостренные уши Доримона жесткие,
действуют как рога и наносят некоторый урон
при таране. Тем не менее, он не может
повернуть, набрав достаточную скорость. Особое
движение Доримона — Металлическая Капля,
выплевывание металлических шариков во время
заряда на врага."
digimon_0474_profile,"Дигимон-Дракон Людоед, напоминающий
гуманоидную ящерицу. ДиноХьюмон живет в дикой
земле, где каждый член его свирепого племени
боевых драконов обладает задатками воина. Его
мускулистые мышцы позволяют ему с легкостью
размахивать своим большим мечом ""Акинаком"".
Особое движение ДиноХьюмона — Танец Ящерицы,
который использует танцевальные движения,
чтобы рассекать врагов Акинаком и лезвиями на
руках."
digimon_0479_profile,"Машинный Дигимон, рожденный, когда данные САПР
строительной техники утекли на сервер и
слились с данными конфигурации Зверя-Дигимона.
Грива ЛоадерЛеомона — это пневматическая
дрель, и он работает в основном на
строительстве туннелей и добыче Хромдигизоида.
Шахты Хромдигизоида часто окружены твердыми
слоями коренной породы. В дополнение к своей
силе и выносливости, он также обладает
способностями высшего класса для Машинного
Дигимона. Многие ЛоадерЛеомоны имеют упрямые
характеры и гордятся своей работой, но другие
часто относятся к ним как к воинственным
горячим головам. Говорят, что одна шахта с
лучшими в мире запасами руды исчезла в
результате драки между несколькими
ЛоадерЛеомонами. Особое движение ЛоадерЛеомона
— Боулинг Шторм, который выпускает его гриву в
высокоскоростном вращении."
digimon_0484_profile,"Дигимон-Насекомое, напоминающий жука-скарабея,
испускающего радужное сияние. Призматическая
броня ДжуэлБимона меняет цвета в зависимости
от угла обзора, ослепляя врага в дополнение к
защите. Этот эксперт в ближнем бою
предпочитает красивые битвы. Его особое
движение — Шип Бастер, которым он размахивает
копьем в правой руке со скоростью света и
создает ударные волны."
digimon_0489_profile,"Финальная, легендарная эволюция, конечный
результат безграничного потенциала,
реализованного через углубленную связь Агумона
и его партнера. Благоприятное мужество его
партнера становится горящим пламенем, которое
извергается из его тела, появляясь как
доказательство их глубокой веры друг в друга.
Углубив свое понимание людей через эти долгие
отношения, его эволюционная форма принимает
почти гуманоидную внешность. Агумон (Связь
Храбрости) использует свои особые приемы
Красное Сверло, чтобы сжечь врага
высокоплотными красными лазерами с кончиков
своих когтей, и Гайя Храбрец, чтобы
высвободить пламя храбрости внутри него как
перегретую энергетическую бомбу."
digimon_0490_profile,"Финальная, легендарная эволюция, конечный
результат безграничного потенциала,
реализованного через углубленную связь
Габумона и его партнера. Неумирающая дружба
его партнера становится элегантной бронёй,
покрывающей его тело, материализуясь как
доказательство доверия, текущего через них
обоих. Фотонные крылья, прорастающие из его
спины, позволяют ему летать, но он также может
трансформироваться в форму мотоцикла,
транспортного средства, любимого его
партнером, позволяя им ездить вместе. Габумон
(Связь Дружбы) использует свои особые приемы
Крутой Край, чтобы выбрасывать части своего
капюшона для мгновенного удара, и Раддл Стар,
чтобы выпускать самонаводящееся оружие с ИИ."
digimon_0491_profile,"Самопровозглашенный сильнейший боец
врукопашную в Цифровом Мире, ГрейтГризлимон
живет, чтобы развлекать тех, кто наблюдает за
его битвами. Его выступление в бою захватывает
наблюдающих Дигимонов и оживляет поле боя. Это
трудяга, который никогда не пренебрегает
тренировками, чтобы оправдать ожидания
публики. Любой бой с ПайлВолкамоном, его
вечным соперником, является большим событием,
привлекающим толпы. Его особое движение —
Воодушевленные Когти, которым он рассекает
своих врагов своими огненными когтями."
digimon_0492_profile,"Темный Зверь-Дигимон, напоминающий медведя.
Хотя считается, что это эволюция от линии
Гризлимона, это мутантная эволюция от
Дигимонов с аномальными данными. Неизвестно,
являются ли эти аномалии данных, создающие
его, спонтанными или преднамеренными, и
поскольку их количество невелико, его экология
и условия эволюции остаются загадкой.
Огромные руки и оружие Каллисмона делают его
высокоэффективным в бою, и он проявляет
свирепую натуру, которая безжалостно атакует
враждебных противников, пока они не падут. Его
особые приемы — Глухой Лес, который ухудшает
данные противника, рассекая острыми когтями, и
Родео Пуля, которым он выпускает
самонаводящиеся выстрелы из своих трех пушек."
digimon_0510_profile,"Дигимон-Луковица с большим цветком, цветущим
на его голове. Йокомон перемещается, ловко
манипулируя своими корневидными щупальцами, и
способен мягко парить в воздухе, хотя и на
короткие расстояния. Любопытное создание, его
беспокойные движения восхитительны. Йокомоны,
как правило, живут группами — от десятков до
сотен."
digimon_0512_profile,"Дигимон-Луковица с тем, что кажется ростком,
проросшим из его головы. Танемон
эволюционировал из Юрамона, который
приземлился на землю после дрейфа в воздухе в
поисках идеальной среды. Чрезвычайно пугливый,
он использует свои четыре ноги, чтобы быстро
выкопать яму и спрятать свое тело при первом
признаке угрозы. Пока тело Танемона скрыто под
землей, росток на его голове делает его
неотличимым от растения, защищая от вреда. Тем
не менее, эта тактика оказывается
неэффективной против травоядных Дигимонов."
digimon_0514_profile,"Несмотря на сходство с детенышем водного
динозавра, этот игривый Дигимон может
двигаться так же искусно, как морской конек.
Однако Букамон быстро убегает, когда другие
приближаются. Его кожа все еще не
приспособлена к высокому давлению и низкой
температуре океанских глубин, поэтому он может
проводить под водой ограниченное количество
времени."
digimon_0515_profile,"Маленький Дигимон с кошачьими чертами. По
натуре непостоянный, Ньяромон ведет себя
совсем как кошка. Будучи в равной степени
любопытным и капризным, он также имеет
одинокую сторону. Ньяромон использует свое
особое движение Лисьий Хвост, чтобы хлестать
врага жесткими волосками на своем хвосте.
Однако ни одного врага никогда не видели
вздрогнувшим от этой атаки."
digimon_0548_profile,"Дигимон-Мифический Зверь, основанный на
мифических существах легенд, с крыльями Пегаса
и рогом единорога. Он путешествует по Сети в
мгновение ока с большими крыльями на спине и
пронзает врагов острым рогом на лбу. ""Дикий""
Унимон такой же горячий, как любая
необъезженная лошадь, но?? приручен,
Укротитель может обращаться с ним с легкостью.
Его особое движение — Святой Выстрел, который
извергает энергетическую бомбу из его большого
рта."
digimon_0564_profile,"Дигимон-Млекопитающее с сильным чувством
любопытства и любовью к озорству, которые он
сохранил после своей эволюции из Цуномона.
Элекмон распускает свои девять хвостов, как
павлин, чтобы запугать врагов в бою. Его
особое движение — Искрящаяся Гроза."
digimon_0567_profile,"Маленький Дигимон, способный выполнять полеты
на малой высоте с помощью похожих на уши
придатков на голове. Пагумон может ловко
использовать эти уши как руки, часто оттягивая
веки врага или шлепая его по заднице
насмешливо. Будучи особенно злобным, его часто
можно увидеть дразнящим таких, как Коромон или
Цуномон, гоняющим их по кругу. Пагумон может
даже выплевывать Ядовитые Пузыри изо рта,
чтобы издеваться над другими Дигимонами."
digimon_0569_profile,"Дигимон-Млекопитающее с огромными острыми
когтями. Газимон двуногий, что необычно для
типа Млекопитающих. Когти на его передних
конечноях, возможно, развились, когда он
использовал их как руки, заставляя Газимона
полагаться на задние лапы для передвижения.
Несмотря на свой небольшой рост, этот Дигимон
имеет чрезвычайно дикий темперамент и даже не
пытается ладить с людьми. Когти на передних
конечноях Газимона чрезвычайно эффективны для
атаки, но также на удивление хорошо подходят
для рытья ям. Из-за своего озорного характера
он наслаждается созданием ловушек для других
Дигимонов. Особое движение Газимона —
Электрический Оглушающий Взрыв, который
извергает ядовитый газ."
digimon_0573_profile,"Дигимон-Птенец, эволюционировавший из
данных, связанных с самураями. Хёкомон
неустанно тренируется, чтобы освоить путь
меча, и также разрабатывает секретную технику.
Когда дело доходит до владения мечом, он
говорит правильно, но еще не совсем ходит
правильно. Следующая эволюция Хёкомона
произойдет только тогда, когда он вырвется из
своей скорлупы через бесконечные тренировки с
мечом. Его особое движение — Нисходящий
Рассекающий Удар, использующий его крылья и
силу ног, чтобы подпрыгнуть и опустить свой
меч прямо вниз, чтобы рассечь врага надвое."
digimon_0574_profile,"Дигимон-Птичий Человек, эволюционировавший
через непрерывные тренировки с мечом. Это
привело к овладению владением двумя клинками.
Бураймон странствует по Цифровому Миру, чтобы
продолжить свои тренировки, а также служит
телохранителем, полагаясь на свои отточенные
навыки. Кажется, готов взяться за любую работу
за вознаграждение, его часто принимают за
бандита. На самом деле, он нежная душа,
которая никогда не берет работу, которая
вредит слабым. Особое движение Бураймона —
Двойной Ласточкин Разворот, перекрестный удар,
выполняемый быстро двумя мечами, чтобы срубить
врага."
digimon_0575_profile,"Дигимон-Божество, эволюционировавший с
отточенным искусством владения мечом из многих
битв, Бутенмон носит малиновые доспехи и
владеет большим мечом. В своей Ультимативной
форме он почти полностью овладел мечом. Он
обладает красивой мечевой техникой и силой,
способной разрушать горы. Говорят, что один
Бутенмон стоит тысячи воинов. Его особое
движение — Танец Вспышки Солнца, которое
срубает врагов на его пути в изящном движении,
похожем на танец, изображающий солнце."
digimon_0576_profile,"Сверхминиатюрный Машинный Дигимон,
используемый для исцеления. Изначально
Дигимон-Вакцина для ремонта аварийных
компьютеров, схемы обработки мыслей Дейтамона
были повреждены после атаки сильным Вирусным
Дигимоном, что заставило его стать изгоем. Он
будет пытаться — хотя и плохо — ""перестроить""
данные правильно функционирующих компьютеров.
Его конек — уничтожение любых видов данных.
Неважно, насколько силен Дигимон, Дейтамон
легко уничтожит данные, составляющие его тело.
Его особое движение — Цифровая Бомба, которая
выпускает атаку из кончиков его пальцев."
digimon_0577_profile,"Гоблимон, чья обязанность — слышать волю богов
и передавать ее своему клану. Шамамон проводит
ритуал, в котором исполняет странный танец, и,
предположительно, слышит божественные
послания, когда его пыл достигает пика. Клан
Шамамона использует этот ритуал, чтобы
предсказывать важные дела. Шамамон использует
свое особое движение Молот Шамы, чтобы ударить
врага по голове большей дубиной, которую он
также использует в своем ритуале."
digimon_0578_profile,"Гоблимон, выросший в холодных, заснеженных
странах. СноуГоблимон носит теплую шапку и
жилет, так что холодные места для него не
проблема, а кожа на подошвах его ног
достаточно толстая, чтобы он мог бегать по
снегу без проблем. Особое движение
СноуГоблимона — Снежный Гоблин Вольт, который
бьет снежки, наполненные камнями, по своему
врагу со всем пылом демона."
digimon_0579_profile,"Дигимон, напоминающий ""они"", огера японского
фольклора. Фугамон из того же клана, что и
Огремон, и разделяет его дикую, любящую
сражения натуру. Атаки, выпущенные из огромных
мышц этого Дигимона, обладают ужасающей силой,
вызывающей чистое разрушение. Особое движение
Фугамона — Злой Ураган, который сносит все
взмахом его костяной дубины."
digimon_0580_profile,"Вид Огремона, который живет в холодных
регионах. Хёгамон чрезвычайно территориален,
выходит из себя и атакует любого, кто ступит
даже на шаг внутрь его владений (даже иногда
вступая в стычки с Модзямоном из-за
территории). Его особое движение — Снежный
Удар, который наносит леденящий удар."
digimon_0582_profile,"Личиночный Дигимон, чей эпидермис еще не
затвердел из-за жизни под водой. Отамамон
плавает через болота и реки вверх по течению
от Сетевого Океана, используя свой большой
хвост, иногда взбираясь на скалы своими
развитыми передними конечноями для выполнения
вокальных упражнений. В отличие от обычного
организма, его задние ноги почти полностью не
развиты, действуя как рули вместо его
двигательного хвоста. В отличие от других
Дигимонов стадии Ребёнок, будущая эволюция этого Дигимона
кажется весьма многообещающей, но он
чрезвычайно склонен к мутациям, поэтому при
его выращивании требуется осторожность. Особое
движение Отамамона — Колыбельная Пузырь,
который погружает противников в вечный сон."
digimon_0584_profile,"Дигимон-Жнец, владеющий гигантской косой и
цепью. Дигимон-Призрак более продвинутый, чем
Бакемон,?? Фантомон овладевает индивидуумом,
его судьба почти предрешена. Глазоподобный
кристалл, свисающий с его шеи, функционирует
как гребень Мамонмона, обеспечивая его вторым
зрением, которое позволяет видеть на большие
расстояния. Фантомон использует эту
способность, чтобы находить тех, кто на грани
смерти. Говорят, что внутренняя часть ткани,
скрывающей его тело, соединена с Цифровым
Миром другого измерения. Особое движение
Фантомона — Рассекатель Душ, которое
использует его гигантскую косу и цепь, чтобы
рассечь саму душу противника. Любой,
пораженный этой атакой, полностью
уничтожается, душой и всем."
digimon_0586_profile,"Жестокий Дигимон-Насекомое с массивными
крыльями. Эти крылья позволяют Флаймону
скользить по воздуху на ультравысоких
скоростях, создавая звуковые удары, называемые
""Воющий Шум"", которые лишают несчастных жертв
слуха. Его тело защищено прочным панцирем, и
он сжимает врагов своими огромными когтями,
прежде чем убить их сверхсильным ядовитым
жалом на хвосте. Процесс эволюции
Дигимонов-Насекомых все еще неизвестен, но по
его лицу некоторые предположили, что Флаймон
изначально эволюционировал из существа типа
Кунемона. Его особое движение — Коричневые
Жала, которое выпускает жало с его хвоста,
полностью парализующее Дигимона, которого оно
пронзает, окрашивая его в фиолетовый цвет
перед окончанием его жизни. Кстати, это
противное жало может отрастать снова и снова."
digimon_0588_profile,"Древний Дигимон, доказавший свое существование
в давно минувшие времена, благодаря множеству
свидетельств. Потепление Цифрового мира
разморозило некоторые гиперсжатые данные,
заставив Мамонмона появиться в ледяных
областях, где растаяла оттепель. Все его тело
покрыто густым мехом, и хотя этот Дигимон
обладает огромной древней силой, он
чрезвычайно восприимчив к урону от огня.
Гребень, вырезанный на маске лица Мамонмона,
является кристаллом сверхдревней мудрости, и
он обладает вторым зрением, позволяющим видеть
на большие расстояния. Его большие уши могут
различать звуки даже в отдаленных местах.
Особое движение Мамонмона — Удары Клыками,
которое пронзает врага двумя длинными бивнями."
digimon_0590_profile,"Нежить-Дигимон, чьи мышцы сгнили. Рейремон
пытался продлить свою жизнь, механизируя себя,
но процесс был нестабильным, что заставило
данные, составляющие его тело, начать
распадаться. Тем не менее, его машинные части
дарят этому существу жизнь, предотвращая его
смерть и позволяя выживать в этом ужасном
состоянии. Эта разрушающаяся форма не дает ни
силы атаки, ни интеллекта, заставляя Рейремона
действовать только согласно инстинктам. Его
тело испускает зловоние, достаточно ужасное,
чтобы заставить Дигимонов в Стадии Развития
бежать, и он не будет сражаться ни с кем ниже
уровня Чемпиона."
digimon_0592_profile,"Проклятый Дигимон в форме паука, все тело
которого заражено компьютерным вирусом. Хотя и
являясь видом Паука, Докугумон изначально был
тихим и спокойным Дигимоном-Насекомым. Однако
однажды он попал в мощную электромагнитную
бурю и был заражен компьютерным вирусом,
который скрывался в Сети. С того момента он
стал одной большой массой яда — другими
словами, противным компьютерным вирусом,
разъедающим все, к чему прикасается.
Мобильность Докугумона на восьми ногах также
заслуживает особого упоминания. Даже если враг
бежит от него на полной скорости, этот Дигимон
будет по пятам, преследуя его, пока тот не
устанет. И тогда, как только он остановится,
чтобы отдохнуть, Докугумон использует на него
Взрыв Яда, выпуская ужасную, ядовитую атаку из
своих дьявольских клыков."
digimon_0594_profile,"Дигимон-Морское Животное с плавниками на
ногах, чтобы грести в воде. Гидзамон более
приспособлен к жизни под водой, чем на суше,
используя свои плавники и сильные задние лапы,
чтобы быстро плавать в водных областях. На
суше, однако, он подпрыгивает, как лягушка.
Гидзамон ведет себя трусливо на суше, но
проявляет свирепый нрав,?? возвращается в
воду. Его особое движение — Спиральное Лезвие,
которое атакует врагов его острыми спинными
плавниками."
digimon_0595_profile,"Дигимон-Руда с мощными защитными
способностями, вооруживший себя, используя
данные руды из своего окружения. Буйный,
озорной и амбициозный, как любой молодой
задира, Готцумон ведет за собой группы
Дигимонов низких поколений, путешествуя по
системе. У него также есть эгоистичная
сторона, и он может стать настоящей обузой,
когда разозлится, буйствуя, как извергающийся
вулкан. Данные руды, которые Готцумон
использует для своей брони, различаются в
зависимости от того, где и как он был
сгенерирован, давая Готцумону потенциал
эволюционировать в ряд различных форм.
Особое движение Готцумона — Каменный Кулак,
которое стреляет чрезвычайно твердыми камнями
с его головы."
digimon_0596_profile,"Дигимон-Плюшевая Игрушка с тыквой вместо
головы. Согласно городской легенде, Пампкинмон
был создан, когда компьютерный вирус, обычно
распространяемый во время Хэллоуина, внезапно
мутировал. Вирус не был злонамеренным, поэтому
этот Дигимон никогда не вредит людям, но
Пампкинмон довольно силен, несмотря на свою
внешность. Как покажет один взгляд на их
безучастно смотрящие лица, Дигимоны-Куклы
склонны не очень четко выражать эмоции, и
Пампкинмон не исключение. Его особое движение
— Уловка или Угощение, которое проявляет
гигантскую тыкву в воздухе, чтобы раздавить
своих врагов."
digimon_0597_profile,"Экспериментальный Дигимон, построенный в
лаборатории как Охотник на Вирусы. Сделанный
из данных богомола, Снимон преследует свою
цель с машинной точностью. Его холодная
личность заставляет бояться его как типы
Вакцины, так и Данных. Косы на руках Снимона
заточены до острия, позволяя этому Дигимону
чисто рассекать что угодно. У него нет глаз,
но красные усики на голове действуют как
сенсоры, чтобы точно отслеживать позицию цели.
Особое движение Снимона — Теневой Серп,
который выпускает сверхзвуковой удар,
невидимый невооруженным глазом."
digimon_0598_profile,"Сверхтяжелый Дигимон-Динозавр с гигантскими
рогами, растущими из его плеч. Безрассудный
характер Таскмона означает, что он будет
бросаться и уничтожать каждое препятствие на
своем пути, заработав прозвище
""Дигимон-Панцер"". Специализируясь на таранных
атаках, Таскмон заставил пасть бесчисленное
количество Дигимонов перед его атаками. Звезды
на его руках представляют количество
Дигимонов, которых Таскмон победил (сто за
звезду). Если его рога сломаются, он может
сбросить их, как акульи зубы, и выдвинуть
новые рога сзади вперед, делая любую попытку
уничтожить его рога бесплодной. Особое
движение Таскмона — Сокрушающий Клык, который
выпускает пунш класса сверхдредноута."
digimon_0600_profile,"Истинная, эволюционировавшая форма короля
тьмы, Миотисмон. ВеномВамдемон — демон с
нижней частью тела зверя и насекомоподобным
панцирем на верхней части тела. Высвободив всю
полноту своей скрытой силы, он жаждет только
смерти и разрушения. Миотисмон, сохраняя свой
разум, интеллект и утонченное поведение, не
желает раскрывать эту отвратительную форму.
Особое движение ВеномВамдемон — Вливание Яда,
которое вводит противнику разрушительный
вирус, полностью уничтожающий его данные
конфигурации, заставляя его прекратить
функционировать."
digimon_0601_profile,"Дигимон, похожий на ведьму, которая
преследовала своего соперника, Волшебника, из
Витчелни, Цифрового мира другого измерения.
Ведьмамон освоила магии ветра и воды
(продвинутые языки программирования) в своем
домашнем измерении Витчелни, но затем
последовала за Волшебником в Цифровой мир и
теперь усердно тренируется, чтобы получить
преимущество над этим соперником, который стремится
to стать великим магом. У Ведьмамон есть
немного жестокости, больше, чем немного
гордости, и она ненавидит как условности, так
и установленные рутины. Особое движение
Ведьмамон — Шквал Балулуны, который выпускает
режущий ветер, наполненный магической силой."
digimon_0602_profile,"Дигимон-Магический Воин из Витчелни, Цифрового
Мира другого измерения. В дополнение к
множеству магий (продвинутый язык
программирования) в его распоряжении, Мистимон
также искусен в клинке, обладая мастерским
владением мечом. Хорошо разбираясь как в
рыцарстве, так и в колдовстве, он может даже
наполнять свой меч магией для атаки. Его
особое движение Взрывной Огонь — это одна из
таких форм магии, с помощью которой он
покрывает свой меч пламенем, чтобы рубить с
усиленной мощью."
digimon_0603_profile,"Дигимон-Воин, восхваляемый как легендарный
герой Витчелни, Цифрового мира другого
измерения. Древняя Витчелни была на пути к
гибели, поскольку ее магия (продвинутый язык
программирования) все еще была в зачаточном
состоянии, и ей не хватало техник для защиты
земли от вторжения внешних сил. Говорят, что
МедивалГаллантмон внезапно появился и отразил
захватчиков, и что он превосходит время, чтобы
существовать до наших дней, хотя правда этого
неопределенна. Он сражается с оружием,
созданным с помощью магии, и владеет Динасом,
предельный магическим копьем, скрывающим силу
виверна. МедивалГаллантмон получил прозвище
""Генерал Вихря"" из-за его управления
Виртуозными Воинами, Дигимонами, которые
сражаются с оружием, сделанным из магии ветра,
одного из четырех типов магии (огонь, земля,
вода и ветер). Практически никто не видел
МедивалГаллантмона в Цифровом Мире, но этот
Дигимон известен как ""Воин Фантазии"" из-за его
доспехов, покрытых великолепными украшениями,
и является торжественной фигурой, украшенной
гербом. МедивалГаллантмон использует особое
движение Гнев Виверна, чтобы выпускать энергию
из Динаса."
digimon_0604_profile,"Мифический Дигимон-Галактика, который, как
говорят, появился, когда беспрецедентный
кризис обрушился на Цифровой мир Илиада.
Столкновение противоположных сил солнечной и
лунной энергии заставляет ГрейсНовамон
генерировать энергию уровня Большого Взрыва
внутри своего тела. Он возник, когда Аполломон
и Дианамон из Олимпос XII слились вместе. В
результате, считается, что сам ГрейсНовамон
является галактикой, и полный объем его данных
невозможно точно измерить. Его особые приемы —
Палец Затмения, который концентрирует энергию,
усиленную внутри его тела, в его руках,
заставляя врагов плавиться, когда он касается
их, и Калидонский Лук, который выпускает
восемь лезвий Мелеагроса на его спине, чтобы
найти и уничтожить своих врагов."
digimon_0605_profile,"Банк исследовательских данных, используемый
для исследования и раскопок древних форм
жизни, был заражен компьютерным вирусом,
который затем включил данные об этих формах
жизни в себя, чтобы эволюционировать.
Скорпиомон обладает ненасытным аппетитом и
хищническими навыками, подобающими существу,
стоящему на вершине древней пищевой цепи. Он
захватывает врагов щупальцами, растущими из
его головы, а затем добивает их острым
лезвием, прорастающим из его хвоста. Если
течение битвы поворачивается против
Скорпиомона, он может взбаламутить морское дно
своими острыми щупальцами, чтобы спрятаться.
Он использует Радарные Глаза, выступающие из
его головы, как очки ночного видения, чтобы
видеть в темноте. Его особое движение — Хвост
Смерти, которое пронзает врага острым лезвием
на его хвосте."
digimon_0606_profile,"Дигимон-Водный Зверь Человек, облаченный в
гидрокостюм. По натуре веселый, Дивермона
всегда можно найти плавающим в Сетевом Океане.
Подводное движение — его конек, и он
использует подводный высокоскоростной мотор на
спине для скоростного боя. Особое движение
Дивермона — Ударный Лов, которым он пронзает
врага своим любимым гарпуном ""Трент""."
digimon_0607_profile,"Маленький Дигимон-Растение в форме ядовитого
гриба. Крошечные, но мощные ядовитые грибные
бомбы, растущие на теле Машрумона, вызывают
все виды of недуги. Любой, пораженный одной
из этих бомб, может начать неконтролируемо
смеяться, почувствовать онемение тела,
потерять память или хуже. Машрумон
чрезвычайно вспыльчив и любит задирать слабых,
но у него также есть застенчивая сторона, он
всегда прячет половину своего лица. Его особое
движение — Грибной Крушитель, разбрасывающее
несколько мини-грибных бомб за раз."
digimon_0609_profile,"Чрезвычайно редкий Машинный Дигимон-Насекомое,
недавно обнаруженный. До этого момента не было
обнаружено ни одного Машинного
Дигимона-Насекомого, поэтому сама возможность
существования Кокувамона даже не
рассматривалась. Его голова и руки в форме
электрошокера могут разряжать 100 мегавольт
электричества, когда он чувствует опасность,
так что никто не может приблизиться без
осторожности. Тем не менее, Кокувамону не
хватает агрессии, вместо этого он обладает
уживчивым характером, стремящимся к миру.
Кокувамон получает питание от электричества и
подзаряжается двумя конечностями на своей
середине. Его особое движение — Мини
Коготь-Ножницы, которое электрифицирует его
клешни, чтобы разрезать даже самые прочные
объекты."
digimon_0610_profile,"Таинственный Древний Дигимон, который, как
говорят, был истреблен из-за распространения
Интернета. Крылья этого Дигимона-Птицы
полностью дегенерировали, не позволяя ему
летать. Кивимон также несет в себе некоторые
аспекты Дигимона-Растения, с листоподобными
объектами, растущими на его голове, которые он
использует для поглощения питательных веществ
посредством фотосинтеза. У него нет способов
защищаться, кроме твердой оболочки,
покрывающей его голову, и его покладистый
характер делает его легкой мишенью. Особое
движение Кивимона — Долбежка Клювом, атакует с
помощью ЧибиКивимонов, скрытых в его теле.
Клювы ЧибиКивимонов такие же твердые, как у
Кивимона, и они взрываются при ударе. Даже
если этот взрыв обуглит их дотла, ЧибиКивимоны
всегда восстанавливаются."
digimon_0611_profile,"Редкий Дигимон, который, как и Палмон,
эволюционировал по-рептильи, но
классифицируется как Дигимон-Растение. Все
лицло Флорамона имеет форму цветка, и он
обычно использует эту лепестковидную оболочку
как шлем для защиты головы. Когда поблизости
нет хищников или когда он в хорошем
настроении, он раскрывает лепестки на голове и
руках. Флорамон считает Палмона своим
соперником и имеет очень высокое мнение о
себе. Его особое движение — Ливень Пыльцы,
которое выпускает облака аллергенной пыльцы из
цветков на его руках. Любой, пораженный этой
атакой — даже крупный Дигимон — будет лишен
как самообладания, так и воли к борьбе."
digimon_0613_profile,"Дигимон-Добродетель, охраняющий Врата Зенита,
которые соединяют Цифровой мир с внешним
миром. Эти ворота запечатаны 360 дверями, и
КлависАнжемон держит ""Ключ"", мастер-ключ,
который открывает их все. Ключ особенный тем,
что только этот Дигимон может владеть им.
Некоторые подозревают, что сам КлависАнжемон
является частью этого ключа. Сила, заключенная
в Ключе, по-видимому, может обрушить сам
Цифровой мир, но используется только против
врагов, которые разрушают двери."
digimon_0614_profile,"Великий Ангел-Дигимон, который командует
Ангельской Армией и возглавляет битву.
СлэшАнжемон не боится смерти, служа
правосудию. От двойных клинков на руках до
металлических крыльев, острое как бритва тело
этого воина-ангела было без сомнения рождено
для сражения со злыми существами. Фирменное
движение СлэшАнжмона — Клинок Истины, а его
особое движение — Золотой Разрыватель,
бросаясь на врагов с огромной силой, чтобы
разделать их клинками на своем теле."
digimon_0615_profile,"Дигимон-Силовой Костюм, используемый другими,
малоразмерными Дигимонами, что делает его
первым Дигимоном-Транспортом в Цифровом Мире.
Меканоримон уникален тем, что не может
работать самостоятельно и не функционирует,
если им не управляют другие Дигимоны. Учитывая
его вирусный атрибут, Дигимон, управляющий им,
также может считаться Вирусным Дигимоном.
Меканоримон все еще находится в разработке,
что означает, что его ДигиЯдро перегреется,
если его использовать слишком много. Его
особое движение — Мерцающий Луч, который
выпускает луч из линейной линзы, встроенной в
его торс. Любой враг, пораженный этим лучом,
теряет контроль над своим телом."
digimon_0616_profile,"Дигимон-Дракон Человек, укрепленный огнестрельное оружие
приспособления по всему телу. Странник,
путешествующий по Цифровому Миру в поисках
своих разбросанных товарищей, МагнаКидмон —
нарушитель спокойствия, который создает
проблемы и влипает в инциденты, где бы он ни
оказывался. Его эгоцентричный характер часто
делает его упрямым, но его чувство дружбы и
долга глубоко. МагнаКидмон дружит с любым
местным Депутимоном, которого встречает,
принимая их за своих собратьев. Это существо,
любящее стрелять, обожает дуэли, беспорядочно
паля пулями, будучи вызванным на поединок.
Одно из особых движений МагнаКидмона —
Связывающий Красный Курок, которое вонзает
маленькие пулеметы, прикрепленные к магазинам
на его бедрах, в противника, уничтожая его
изнутри. Его ультимативное особое движение —
Ливень Счастливых Пуль, которое отправляет
МагнаКидмона высоко в небо с его крылоподобным
шарфом, чтобы нацелиться на противника со
скрещенными руками, обрушивая на него смесь
живой боезапас и плазменных снарядов из кончиков
пальцев и дул пушек на обеих ногах."
digimon_0617_profile,"Результат внезапной трансформации, сродни
мутации, которая произошла, когда Дигимон,
побежденный МагнаКидмоном, стал так одержим
местью, что данные его собственных негативных
мыслей переполнили его ДигиЯдро. Чтобы излить
свою ярость из-за того, что он принял
внешность, так похожую на Дигимона, которого
он надеялся уничтожить, ЭвенджКидмон обратился
к бездумному буйству, до такой степени, что
его первоначальная цель победить МагнаКидмона
покинула его мысли. Одно из его особых
движений — Курок Разрушения, которое прижимает
врага под ногой, прежде чем выстрелить в него
взрывной пулей в упор из его пушечной ноги,
несмотря на то, что это ранит и самого
ЭвенджКидмона. Другое — Ливень Пуль Страдания,
которое запускает цель в воздух потоком
энергетических взрывов из его пальцев, а затем
обрушивает на нее град живой боеприпасы, пока
она еще в воздухе."
digimon_0621_profile,"Андроид-Дигимон, напоминающий танк. Известный
как ""Наемный Дигимон"", Танкмон будет
поддерживать как Вакцинных, так и Вирусных
Дигимонов, если есть прибыль. Он превращает
входящий врагов в пыль своей тяжелой мощью и
тяжелым вооружением, покрывающим его тело.
Энтузиаст конфликтов, Танкмон направляется в
сторону любой возникающей раздор. Куда бы этот
одинокий волк ни пошел, конфликт неизбежно
продолжается беспрестанно. Особое движение
Танкмона — Гипер Пушка, которое запускает
сверхмощную ракету из пушка ствол на его
голове."
digimon_0622_profile,"Дигимон-Птица, напоминающий пингвина,
найденный в компьютере антарктической базы.
Поскольку Пенмон живет в заснеженных регионах,
он плохо переносит жару. Наоборот, он довольно
хорошо ладит с людьми и с радостью будет
ковылять за ними. Крылья Пенмона
дегенерировали, поэтому он не может летать или
ходить очень быстро. Но когда он скользит по
льду на брюхе, он может достигать скоростей,
близких к 40 милям в час. Когда в воде, Пенмон
может использовать свои маленькие крылья,
чтобы искусно плавать. Его особое движение —
Супер Пощечина, где он подкрадывается к врагу,
чтобы изо всех сил шлепнуть его по щекам
обеими руками."
digimon_0623_profile,"Нелетающий Дигимон-Птица, который является
вылитой копией Пенмона. Выращенный в
тропических землях на юге, Мучомон живет
жизнью постоянной радости. Он переполнен
страстью, танцует под ритм самбы и любит свою
яркую, насыщенную цветами шкурку. Особое
движение Мучомона — Тропический Клюв, клюет
противника своим красочным клювом."
digimon_0626_profile,"Керамон — это Дигимон уровня Ребёнок,
эволюционировавший из Цуемона. Теперь,
когда его тело выросло и рот стал больше, он
может поглощать больше данных. Керамон
способен потреблять более 100 мегабайт в
секунду, и большинство данных уничтожается в
тот момент, когда Керамон получает к ним
доступ. Чрезвычайно игривый по натуре, он
считает свои разрушительные действия своего
рода игрой. Его особое движение — Безумный
Хихикс, которым он выпускает
высокоразрушительный луч света из своего рта,
смеясь — если это можно назвать смехом."
digimon_0627_profile,"Ультимативный Дигимон, похожий на длинноногого
паука. В своей нормальной форме Инфермон имеет
вытянутые конечности и голову, но он также
может принимать коконную форму, когда
втягивает конечности внутрь своего тела. В
форме кокона его защита увеличивается до такой
степени, что он может отразить любую атаку,
хотя это ограничивает его движение прямой
линией. Он может легко преодолеть самую плотный
безопасность, чтобы проникнуть любую сеть. Если бы
Инфермон когда-либо был выпущен в Сеть, мир
погрузился бы в хаос. Его особое движение
Паучий Стрелок выпускает энергетическую бомбу
невероятной разрушительной силы из амбразура в
его рту."
digimon_0629_profile,"Курамон — Неопознанный Дигимон, который
внезапно появился в компьютерной сети.
Одно-единственное ДигиЯйцо родилось из злобы
людей, злоупотребляющих компьютерами, и
агрессии от конфликтов, разворачивающихся в
сетях. ДигиЯйцо было слияние
разрушительных инстинктов человечества, и
загадочный Дигимон, рожденный из него,
невероятно опасен. Он размножается в
компьютерной сети, как вирус, вызывая
незначительные сбои в сети. Курамон использует
свое особое движение Ослепляющий Глаз, чтобы
производить пенистое вещество из своего
гигантского глаза."
digimon_0630_profile,"Хризалимон — это Дигимон Чемпион,
напоминающий хризалиду. Чтобы
эволюционировать в более мощную форму,
Керамон стадии Ребёнок временно входит в состояние
хризалиды, чтобы накопить свою энергию. В
результате он становится полностью неспособным
двигаться, но его прочных внешняя шкура защищает
его, пока щупальца, растущие из его спины,
позволяют ему атаковать врагов. Керамон иногда
может эволюционировать напрямую в
Ультимативного Дигимона, не проходя эту
Чемпионскую фазу, но эволюция в
Хризалимона позволяет ему достичь более
мощной Ультимативной формы. Его особое
движение Сокрушитель Данных включает
использование щупалец, простирающихся из его
спины, чтобы уничтожить состав данные
врага."
digimon_0631_profile,"Дигимон в Стадии Развития,
эволюционировавший за пределы Курамона.
Кончики его щупалец имеют форму когтей,
увеличивая его свирепость. Цуемон разъедает
данные с пугающей скоростью, вызывая сбои в
сетях. Его скорость движения так же высока,
что делает этого Дигимона трудным для поимки,
однажды он эволюционировал до этого уровня. Он
использует свое особое движение Царапина
Когтем, чтобы раздирать врага когтями на своих
щупальцах."
digimon_0632_profile,"Диабломон поглощает любые и все данные в
Сети, чтобы он мог неоднократно
эволюционировать и становиться больше,
тем самым истощая Цифровой мир и доводя его до
грани разрушение. Поглотив огромное
количество знаний и данных, Диабломон считает
себя всезнающим и всемогущим и упивается в
бойня и резня. Из множества существующих
Дигимонов он один из немногих с определенной
целью. Его конечная цель — захватить военный
компьютер, чтобы он мог запустить ядерный удар
и уничтожить Материальный мир, что делает его
ужасающим Дигимоном. Его особое движение —
Пушка Катастрофы, которой он выпускает
разрушительную энергетическую бомбу из пушки в
своей груди."
digimon_0669_profile,"Дигимон, чья власть над огнем превосходит
легендарную благодаря неизвестным силам,
полученным путем полного наследования мощи
Десяти Легендарных Воинов. Алдамон — Демон
Бог, который превращает страх и гнев в
праведную силу для борьбы. Его жестокое
поведение зарабатывает ему много врагов, но
его имя отражает слитую форму бога в
индуистской мифологии, сочетающую дикость
зверя с интеллектом человека. В бою он
обрушивает атаки на невероятно больших
площадях, плавя и сжигая все дотла. Этот
аспект — разрушительная сила, сродни угрозе
современного ядерного оружия. Алдамон
использует свое особое движение Атомный
Инферно, чтобы выпускать скоростной поток
сверхгорячих пуль из супероружия Рудрия
Дарпана на его руках. Он также может
использовать свою Рудрия Дарпану для ближнего
боя и специализируется на ближнего боя бой."
digimon_0670_profile,"Дигимон, чья власть над светом превосходит
легендарную благодаря неизвестным силам,
полученным путем полного наследования мощи
Десяти Легендарных Воинов. Беовульфмон
обладает как инстинктами зверя, так и
интеллектом человека. Воин исключительной
силы, он с легкостью орудует его двулезвийный
большой меч Тринитат всего одной рукой. В бою
он всегда остается вдумчивым и собранным, хотя
как воин он верит в добродетели сражения за
своих друзей и противостояния более сильным
врагам. Благодаря ракетной установке дальнего
действия на его левой руке, Роланд 2, он
преуспевает как в дальнем, так и в ближнем
бою. Его особое движение — Цвайхендер, атака,
которой он опускает большой меч Тринитат со
скоростью, близкой к скорости света, чтобы
рассечь врагов."
digimon_0675_profile,"Трансцендентный Дигимон с властью над светом,
который, как говорят, даже превосходит мощь
Десяти Легендарных Воинов. Его особое движение
— Скорость Звездного Света, с которым он
ускоряется до сверхсветовой скорости, стирая
все, что входит в контакт с его светом."
digimon_0676_profile,"Дигимон с властью над огнем, несущий мощь
Десяти Легендарных Воинов. ДигиЯдро Агунимона
покрыто священным пламенем Духовного Огня,
позволяя ему контролировать огонь по желанию.
Божество-хранитель, это аватар Межсетевого
Экрана, защищающего Сеть. Агунимон легко
возбуждается, поэтому его воинская сторона
использует дыхание йоги для поощрения ментальный
дисциплина. Агунимон также имеет несколько
старомодный манеру речи, подобную манере
боевой мастер. Он сражается с помощью
восточных боевой искусства в бою, фокусируя свой
дух до точки, чтобы собрать пламя в одном
месте и повысить свою атаку. Агунимон
использует свое особое движение Пиро Удар,
чтобы выстрелить огненным драконом из своего
охваченного пламенем кулака."
digimon_0677_profile,"Трансцендентный Дигимон с властью над
пламенем, который, как говорят, даже
превосходит мощь Десяти Легендарных Воинов.
Сила девяти драконьих жил, протекающих через
Гайю, пребывает в теле ИмператорГреймона. Было
предсказано, что если он сможет использовать эту
силу, он проявит непостижимые способности и
будет править Гайей. Он владеет Рюугонкеном, меч с
запечатанными внутри душами драконов, чтобы
контролировать эту силу. Его особые приемы
включают Удар Огненного Дракона, которым он
выпускает раскаленные докрасна, пылающие
стрелы из Рюугонкена, и Пиро Драконы, которым
он высвобождает силу восьми из драконьих жил
Гайи, занимая место самого девятого дракона и
сокрушая врагов своим огромным мечом."
digimon_0678_profile,"Трансцендентный Дигимон с властью над светом,
который, как говорят, даже превосходит мощь
Десяти Легендарных Воинов. Специализируясь на
сверхбыстром движении, МагнаГарурумон способен
летать со скоростью, близкой к скорости света,
с установленным полет отряд. Лазерные прицелы
на его груди вращаются в полете, фиксируя on на
воздушные и наземные цели с высоты неба для
полной силы атака. От МагнаГарурумона практически
невозможно сбежать. Он использует свое особое
движение Разрушитель Пулемета, чтобы обрушить
свой арсенал на заблокированные цели, прежде
чем яростно уничтожить основную цель на
высокой скорости."
digimon_0679_profile,"Дигимон с властью над огнем, несущий мощь
Десяти Легендарных Воинов. Кожа
БёрнингГреймона выдерживает высокие
температуры, позволяя ему двигаться даже через
лаву. Этот пожарный тушит стреляет своим
собственным мгновенным, взрывным пламенем.
Говорят, что он возник из исследовательских
данных об активных вулканах, и считается, что
он содержит неизвестную, неизмеримую энергию.
Огненный дракон индуистской мифологии,
противник бога грома Индры, воплощен в
свирепом характере БёрнингГреймона.
БёрнингГреймон использует свое особое движение
Коронный Бластер, чтобы выпускать лазер,
соперничающий солнечные тепловые лучи, из
супероружия Рудрия Дарпана на его руках."
digimon_0680_profile,"Дигимон с властью над светом, несущий мощь
Десяти Легендарных Воинов. Лавандовые части по
всему телу Лобомона сделаны из Святого
Аметиста, кристалла, содержащего святой свет.
Этот свет поддерживает необычайную прочность
аметиста, когда сердце истинно, но вещество
становится хрупкий в момент возникновения
негатива в сердце любого, кто владеть им.
Лобомон имеет рыцарский дух и ставит свою
жизнь на карту за то, во что верит, и
ненавидит несправедливость. Молчаливый и редко
беспокоящийся о других, многие считают его
бесчувственным существом, но этот воин на
самом деле добросердечен. Лобомон использует
свое особое движение Цвай Зигер, чтобы
соединить двойные мечи Лихт Шверт перед тем,
как разрезать нескольких противников на куски."
digimon_0681_profile,"Дигимон с властью над светом, несущий мощь
Десяти Легендарных Воинов. Способность
КендоГарурумона двигаться с невероятной
скоростью, возможно, связана с его открытием
волоконно-оптической сети. Способный
уворачиваться между пулями, чтобы сблизиться с
врагами, он безжалостно разорвет любого, кого
сочтет злым, своими острыми когтями и клыками.
Обладая праведным сердцем и всей
решительностью Гарма, волка, который, как
говорят, сражался с Тюром в скандинавской
мифологии, КендоГарурумон испытывает интенсивный
ненависть ко злу. Он откажется подчиняться
любому, в чьем сердце есть даже намек на
порочность, хотя однажды он поклянется в верности
кому-то, он никогда не предаст их. Его особое
движение — Звезда Скорости, с которым он
мчится вперед со скоростью света, чтобы
прорезать врагов Крылатыми Лезвиями на своей
спине."
digimon_0682_profile,"Свирепый Дигимон с удивительной энергией и
крайний агрессией. Тем не менее, он дружелюбен
к союзникам, и те, кого признает Шутмон, могут
установить глубокую связь, выходящую за
пределы видов. Поскольку страсть — источник
его силы, Шутмон не покинет битву, независимо
от того, сколько урона он получает, что
способствует его свирепый репутации."
digimon_0683_profile,"ОмниШутмон — это форма, полученная, когда
Омнимон даровал легендарную эволюцию
Шутмону, который высвободил кипящую страсть
своей души. В дополнение к его интенсивный пыл,
все его тело облачено в Омни-инФорс, силу,
полученную от Омнимона, поэтому оно излучает
золотое сияние из своей острой новой формы.
Пламенная Пушка ОмниШутмона превращает
переполняющие чувства дружбы в его сердце в
огневая мощь, выпуская град пуль, которые могут
не только атаковать, но и становиться железной
стеной для защиты его союзников. С Твердой
Каменной Душой он может концентрировать свой
пылкий храбрость в пламя, которое вырывается
из его кулаков, чтобы либо ударить врагов на
близко дальность, либо обстрелять их огнем с долго
дальность."
digimon_0687_profile,"Мини Дракон-Дигимон с прохладным белым
блеском. Необузданный и ненавидящий оковы,
бурный образ жизни Хакмона, вероятно, связан с
влиянием ДНК Ганкумона. Он встречает суровые
испытания, навязанные Ганкумоном, с
хладнокровием. Происхождение Хакмона дает ему
острое чутье к битве, а тренировки под
наблюдением сестер Систермон делают его более
чем равным в боях даже против Ультимативных
врагов. Хакмон специализируется на проворном
ближнем бою, используя Пятую Атаку, чтобы
рассечь противника своими жесткими когтями. Он
преследует свою мечту стать Королевским
Рыцарем, как Ганкумон."
digimon_0688_profile,"Дигимон-Святой Рыцарь и преемник на позицию
одного из Королевских Рыцарей. Вместе с
Хакмоном, которого он надеется сделать своим
преемником, Ганкумон путешествует по всему
Цифровому Миру, подавляя хаос и беспорядки,
прежде чем они выйдут из-под контроля.
Поскольку он намерен сделать Хакмона своим
преемником в качестве Королевского Рыцаря,
Ганкумон подвергает Хакмона серии суровых
испытаний. Ганкумон упрям, что заставляет его
быть суровым с Хакмоном, хотя на самом деле
это отражение его доброты, поскольку он хочет
сделать Хакмона равным любому другому
Королевскому Рыцарю. Хинукамуй — это проекция
из его тела, которая, хотя и не говорит,
помогает Ганкумону без вопросов. Особое
движение Ганкумона — Тряси! Взрывай! Огонь!
Отец! Эта атака включает Хинукамуй,
совершающий божественное наказание в ответ на
крик Ганкумона. Он также использует
Опрокидывание Стола, с которым он
переворачивает часть земли, как будто это
стол, сделанный из Хромдигизоида."
digimon_0697_profile,"Зубамон — один из Легендарных Орудий, которые
могут преобразовать свое тело в оружие.
Легендарные Орудия, как говорят, способны либо
спасти мир в руках ангела, либо разрушить его
в руках дьявола. Зубамон обладает данными
Двадцатейших и часто кричит ""Я Двадцатейший!"",
не зная, что это значит. Он не любит ничего
искривленного или искаженный и постоянно
стремится к своему идеалу остроты. В бою и в
шутку он всегда пытается выглядеть острый, и
дни, когда ему это удается, поднимают ему
настроение. Хотя у него есть атака
Двадцатикратное Погружение, которая включает
стремительный бросок на врага, истинная сила
Зубамона заключается в его оружие форма."
digimon_0698_profile,"""Я Двадцатейший! Я не остановлюсь! Я продолжу
бежать!"" С этими словами, запечатленными в его
душе, Зубамон эволюционировал в
ЗубаИгермона. Его новая форма идеально
воплощает этот дух, и ЗубаИгермон преданный
постоянно двигаться вперед, по хорошей
местности и плохой, даже если он будет сниженный
до ползания. Его особое движение — Вантеон, с
которым он сворачивается в клубок и вращается,
прорезая врагов лезвием на своем хвосте. В
своей формой меча, которой он очень гордится,
он пробивается через любого врага со всей
своей силой."
digimon_0699_profile,"Дюрамон — Ультимативный Дигимон, который
увидел свой конечный пункт назначения и начал
идти к другой стороне. Он может не знать, что
его будущая версия держит, но какие бы препятствия он
ни встретил, он обязательно прорежет их своими
собственными лезвиями, закаленными через
повторяющийся тренировки. Когда в оружие форма,
характерный большой меч на его спине
демонстрирует несравненный силу. Его особое
движение — Ослепление, луч атака, который он
выпускает из своей груди. Если этот луч
попадет в цель, он наносит огромное количество
урон и клеймит ее номером 20."
digimon_0700_profile,"Дюрандамон — это Дигимон с предельный святым
мечом. Он эволюционировал, улучшив свой
собственный меч до предельный предела и вобрав
данные о различных святых мечах из игр и мифов
одинаково. Говорят, что тот, кто держит меч
Дюрандамона, держит ключ к победе, и
Дюрандамон является одним из самых мощный из
всех Легендарных Орудий, превращающихся в
мечи. Его удары так свирепый, что они могут
рассечь любой защитный барьер пополам.
Согласно записям, только сильнейшие из
Легендарных Орудий, превращающихся в щиты,
способны выдержать его. Особые движения
Дюрандамона — Цвай Глянце, с которым он
рассекает врагов, направляя свой боевой дух в
свои рук-лезвий, и Трон Мессер, вращающийся
рассечение, способный свалить нескольких врагов за
раз. Хотя оба этих движения достаточно сильны,
чтобы завершить противников одним ударом, самое
убедительный способность Дюрандамона остается
его мощная рубящий атака в оружие форма."
digimon_0701_profile,"Загадочный Дигимон с массивным рогом, растущим
из его головы. Хотя состав Терриермона
достаточен, чтобы считать его
Зверем-Дигимоном, форма, которую он принимает
после эволюции, все еще неизвестна. Ходят
слухи, что он иногда рождается с близнецом.
Крайняя миловидность и спокойное поведение
Терриермона не создают впечатления, что этот
Дигимон относится к Боевому Виду. Тем не
менее, сила, которую он проявляет в бою,
противоречит его внешности. Он использует свое
фирменное движение Торнадо Терьера, чтобы
вращать оба своих уха, как пропеллер, создавая
небольшой торнадо."
digimon_0702_profile,"Дигимон-Птица с мощными ногами, который бегает
быстрее, чем может летать. Пекмон использует
свое особое движение Крыло Куная, чтобы метать
стальные перья, которые он держит под своими
крыльями."
digimon_0703_profile,"Дигимон-Святой Рыцарь, член Королевских
Рыцарей и король, который правит всеми
Найтмонами. Более чем понятия добра и зла,
ЛордНайтмон верный своему собственному понятие
справедливости, которого он достигнет любой
средства необходимые. Он находит ценность во всем,
что ведет к долговременный миру, даже если это
означает правление через сила.
ЛордНайтмон выполняет свои обязанности с
безжалостный эффективностью, еще показывает
сострадание к слабым. Он использует свое особое
движение Спиральная Маскарад, чтобы рубить
своих врагов четырьмя клинками, растущими из
его брони, или Кулак Афины, чтобы мгновенно
приблизиться к врагу, прежде чем выстрелить
ударная волна из Свайного Бункера на его правой
руке."
digimon_0704_profile,"Мега Дигимон-Транспорт. Глупый, упрямый и
чрезвычайно соревновательный, ГрандЛокомон
также обладает огромный силой, и все, во что он
врезается, сниженный в осколки. ГрандЛокомон
может прокладывать свой собственный путь,
позволяя ему путешествовать, куда он желает.
Его особое движение — Сокрушительное
Раздавливание, с которым он врезается своим
шипастым колесом во врагов на невероятной
скорости."
digimon_0705_profile,"Дигимон-Птица с более развитыми крыльями,
которые позволяют ему летать. Несмотря на это,
Фалькомон, кажется, одержим с появлением из
неба, катаясь на гигантском воздушном змее,
как ниндзя. Его особое движение — Клинок
Ниндзя, которое включает запуск крестообразных
сюрикенов, сделанных из его затвердевших
перьев."
digimon_0706_profile,"Спокойный, собранный и чрезвычайно учтивый
Птичий Дигимон. Как и Вимон, он является
потомком уникального вида, процветавшего в
древние времена, и может использовать силу
Диги-Яиц для бронированной псевдо-эволюции.
Хокмон использует свой специальный приём
«Перьевой Удар», чтобы метнуть перьевой
орнамент на своей голове как бумеранг."
digimon_0707_profile,"Зверьковой Дигимон, с головы до ног закованный
в прочный панцирь. Он непринуждённый и
учтивый, но иногда рискует. Армадимон —
потомок того же древнего вида, что и Вимон,
поэтому он может совершать особую Броневую
Дигивлюцию. Он использует свой специальный
приём «Алмазная Раковина», чтобы запустить
своё свёрнутое тело во врага."
digimon_0708_profile,"Необычный Дигимон, состоящий из блоков,
сделанных из особого пластика. Говорят, что
ТойАгумон — это имитация Агумона, созданная
детьми, играющими в Интернете. Он чрезвычайно
милый. В отличие от смелого и бесстрашного
Агумона, у ТойАгумона есть пугливая сторона, и
его блоки разлетаются, когда он напуган.
Несмотря на это, у него сильное чувство
справедливости, которое не позволяет прощать
любые проступки. Он также обожает детей и
любит проводить время, общаясь с ними в Сети.
Его специальный приём — «Пластиковое Пламя»,
которым он выстреливает игрушечной ракетой в
форме пламени. Он на удивление мощный."
digimon_0709_profile,"Дигимон в форме моллюска, окружённый прочной
раковиной. Его высокоразвитая раковина
защищает то, что выглядит как Дигимон в Стадии
Развития Слайм. Этот обманчивый Дигимон
использует своё лицо, чтобы заманить врагов,
прежде чем атаковать их. Сякомон также может
похвастаться высокой защитой, когда его
раковина закрыта, с лёгкостью отражая мелкие
атаки. Его специальный приём «Взрыв Чёрной
Жемчужины» выстреливает в врага жадеитом,
сформированным в его теле."
digimon_0710_profile,"Зверь-человек Дигимон, эволюционировавший из
Терриермона, это особый Дигимон-Охотник.
Быстрее, чем можно предположить по его
внешности, Гальгомон поражает своих врагов с
непревзойдённой точностью и аккуратностью. Его
мощные ноги позволяют ему высоко прыгать в
воздух, в какой момент он расправляет уши,
чтобы планировать. По натуре весёлый, Гальгомон
может выйти из-под контроля, если разозлится.
Он одержим своими любимыми джинсами «D-VI'S
503xx». Он использует свой специальный приём
«Апперкот Гатлинга», чтобы приблизиться к
врагу и нанести удар снизу своей
Рукой-Гатлингом."
digimon_0711_profile,"Бронированный Дракон Дигимон, полностью
покрытый затвердевшей кожей. Жёсткие выступы
покрывают его всего, придавая его атаке
тараном невероятную разрушительную силу. Хотя,
будучи травоядным, ему не хватает свирепости,
Анкиломон, тем не менее, проявляет храбрый
характер. Он использует свой специальный приём
«Хвост-Молот», чтобы яростно избивать врага
железным шаром на кончике своего хвоста. Любой
Дигимон, поражённый этой техникой, имеет весь
свой скелет (или каркас) полностью
уничтоженным."
digimon_0716_profile,"Бронированный Дракон-Человек Дигимон, который
эволюционировал через Диги-Яйцо Мужества.
Диги-Яйцо Мужества имеет атрибут Огня,
позволяя тем, кто его экипирует, атаковать
противостоящих Дигимонов подавляющей силой,
поскольку их способности к рукопашному бою
возрастают до интенсивности бушующего пламени.
Флеймдрамон использует свою фирменную технику
«Огненная Длань», чтобы избивать своих
противников кулаками из огня."
digimon_0718_profile,"Гигантский Воин Дигимон, облачённый в доспехи
из тяжёлого Хромдигизоида. Несмотря на вес
своих доспехов, Найтмон обладает силой, чтобы
с лёгкостью орудовать своим любимым мечом. Одна
теория утверждает, что он носит такие
массивные доспехи, чтобы предотвратить свой
ужасающей силы от того, чтобы заставить его
впасть в ярость. Найтмон — верный Дигимон, чьё
существование основано на верной службе. Он
принимает атрибуты своего хозяина как свою
собственную веру, трудясь либо на службе
справедливости, либо зла. Он использует свой
специальный приём «Меч Берсерка», чтобы
рассечь все вещи надвое неистовым взмахом
своего клинка."
digimon_0719_profile,"Драконий дигимон-андроид драконьего типа, защищённый
специальной резиновой бронёй, которая может
противостоять любой атаке. Если Дигимон
атрибута Вирус появляется в компьютерной сети,
этот Дигимон появится мгновенно, чтобы
уничтожить его. Тем не менее, Сайбердрамон
действует в одиночку, никогда не работая с
группой справедливости, известной как
«Охотники на Вирусы», и его личность окутана
тайной. Его специальная резиновая броня
предлагает превосходную защиту, но также
служит для умножения его наступательной силы.
Его специальный приём «Коготь Разрушения»
уничтожает вражеские данные конфигурации
высокочастотной вибрацией от обеих рук, стирая
само пространство вокруг них. Всё, что
поражено этой атакой, имеет каждую последнюю
йоту данных уничтоженной."
digimon_0720_profile,"Зверь-Человек Дигимон,
ДНК-эволюционировавший из Аквиламона и
Гатомона. У Сильфимона невероятно сильные
ноги, и говорят, что он может прыгать высоко в
небо. Достигнув этих высот, он затем
расправляет руки и парит в воздухе, как
планер. Сильфимон использует устройства радара
на своих ушах для сбора информации, затем
визуально обрабатывает эти данные для
просмотра на своём головном дисплее, позволяя
ему точно определять местоположение врага,
днём или ночью. Он использует свой специальный
приём «Топ Ган», чтобы вытянуть руки и
выстрелить энергетической бомбой."
digimon_0721_profile,"Странно выглядящая Таинственная Птица Дигимон
с тремя ногами. Хотя его смоляно-чёрное тело
может заставить тех, кто его видит,
подозревать его в зле, легенда гласит, что
Воронмон — это Дигимон, который ведёт
избранных в Эльдорадо, в восточной части
Цифрового мира. Специальный приём Воронмона —
«Дикий Император», который направляет энергию,
производимую ваджрой на его двух крыльях, в
его передние ноги, чтобы выстрелить во врагов.
Дигимоны, поражённые этой техникой, имеют свои
цифровые клетки, разложенные на простые
единицы и нули."
digimon_0722_profile,"дигимон-андроид, который эволюционировал из
Гальгомона. Ходя под прозвищем «Острый Гончий»,
Рапидмон поражает врагов точными движениями на
околосветовой скорости. Он может даже
перемещаться в полной темноте, используя свои
массивные ушные радары, которые также
позволяют ему обнаруживать врагов на
расстоянии. Его профиль вызывает ассоциации с
подстриженным пуделем. Во время битвы защитник
на шее Рапидмона закрывается. Он использует
свой специальный приём «Золотой Треугольник»,
чтобы выпустить луч света из своего тела,
который разлагает врагов на биты данных."
digimon_0723_profile,"Мутант Дигимон, ДНК-эволюционировавший из
Анкиломона и Анджемона. У Шаккоумона блестящее
серебряное тело с белыми крыльями, и, согласно
одной теории, это на самом деле Ангел Дигимон,
сошедший свыше в Древний Цифровой мир.
Поскольку он может вращать свою голову и торс
на полные 360 градусов, он способен атаковать
в любом направлении. Некоторые люди находят
его пугающим, потому что его отсутствие
выражения делает невозможным понять, о чём он
думает, но у него тёплая и мягкая личность.
Его специальный приём «Бластер Катастрофы»
стреляет разрушительными красными лазерными
лучами из его глаз. Говорят, что эти лазеры
достигают температур свыше 100 000 градусов
Цельсия в своей точке фокусировки."
digimon_0724_profile,"Плезиозавр Дигимон, как и брахиозавры, жившие
давно. Брахиомон — настоящий тяжеловес среди
динозавров Дигимонов, и те, кого растоптало
его огромное тело, платят дорогую цену.
Однако, это нежный травоядный, который не
будет атаковать без разбора. Брахиомон
использует свой специальный приём «Пузырь
Брахио», чтобы выплюнуть бесчисленные пузыри,
которые атакуют врага."
digimon_0725_profile,"АльтимейтБрахиомон — самый крупный и тяжёлый
наземный дигимон-андроид. Ускорители на его
спине стреляют вниз, чтобы помочь поддерживать
огромный вес его массивного каркаса, и он
полагается на них, чтобы двигаться.
АльтимейтБрахиомон был переделан, чтобы быть
экстремальным тяжеловесом, и, как результат,
он что угодно, но только не быстрый. Поскольку
его броня такая толстая, ему нет необходимости
уворачиваться от вражеских атак, и любой
другой Дигимон без хотя бы такого же веса не
смог бы выдержать отдачу при стрельбе из
суперорудия, которым является его нагрудная
пушка. Его специальные приёмы включают
«Альтимейт Взрыв», который заставляет энергию
внутри его тела взрываться, выпуская мощную
ударную волну из его нагрудной пушки, и
«Альтимейт Тряска», которым он атакует своим
гигантским хвостом, поражая врага с
потрясающей силой."
digimon_0726_profile,"Полностью окутанный тайной, Вайсмон может
появиться в любой точке времени и пространства
через свою «Книгу». Используя эту Книгу как
духовный сосуд, он часто меняет свою форму,
чтобы появиться в местах в
пространстве-времени, связанных с Книгой, и
поэтому некоторые полагают, что его истинная
форма должна существовать в другом измерении.
Некоторые исследователи предполагают, что
Вайсмон — это Волшебник Дигимон, как Пьедмон.
Камни Пространства-Времени в его руках могут
записывать и воспроизводить регионы в
пространстве-времени и сохранили все события и
объекты Цифрового мира. Его специальный приём
«Диалог Пандоры» — это высокоскоростное
воспроизведение вражеских атак, сохранённых в
пространстве-времени."
digimon_0727_profile,"КэннонБиемон — огромный Дигимон, который
охраняет секретную плавучую медовую базу,
известную как Королевская База, которая
окутана тайной. Эта воздушная база окружена
опасностью со всех сторон, поэтому атаки
КэннонБиемона покрывают широкую область,
включая одновременный залп из гигантских
контейнеров с боеприпасами на его верхней
части тела. Он также может использовать свой
специальный приём «Жало Нитрo», чтобы
выстрелить из своего высококалиберного
лазерного орудия и пронзить даже сильно
бронированных врагов."
digimon_0728_profile,"Редкий вид механического Машинного Дигимона.
Некоторые исследователи полагают, что Солаpмон
— это мутация Хагурумона, но правда дела
остаётся загадкой. Поскольку его Диги-Ядро
генерирует тепло, его тело достаточно горячее,
чтобы вызвать ожоги. Солаpмон использует свой
специальный приём «Блестящее Кольцо», чтобы
бросать излучающие тепло шестерни, которые
опаляют врага."
digimon_0729_profile,"Моллюск Дигимон того же вида, что и Нюмемон. У
Геремона не хватает силы атаки, но он
необычайно свиреп, бросаясь на противника,
независимо от того, кто они. Как и ожидалось,
это упрямое существо быстро выбывает из строя,
но затем немедленно забывает о своих
поражениях. По этой причине он снова и снова
затевает драки с грозными противниками.
Геремон использует свой специальный приём
«Гипер Запах», чтобы выделять из своего тела
сильное зловоние."
digimon_0730_profile,"Тёмный Ангел Дигимон с сердцем, холодным как
лёд. Это форма, которую Дэвимон с самым
жестоким духом принимает после эволюции.
АйсДэвимон обманывает своих врагов своим
серебряным языком, затем окутывает их в крылья
из льда, чтобы заморозить их."
digimon_0731_profile,"Ультимативный Дигимон, напоминающий кролика, и
один из Двенадцати Дигимонов Дэв. Прислужник
Азулонгмона, одного из Четырёх Суверенных
Дигимонов, Андиромон имеет доброе сердце. Он
любит маленьких существ, которых считает с
максимальной заботой. В результате, если
что-то попытается уничтожить этих малышей, вся
личность Андиромона меняется, поскольку он
превращает свои руки в Бао Фу и переходит в
атаку. Разъярившись, он не восстановит
самообладание снова, пока каждый враг в
области не будет уничтожен. Его специальный
приём «Клинки Кролика» включает вращение себя
вокруг как торнадо, используя свои Бао Фу,
чтобы прорезать всё вокруг себя."
digimon_0732_profile,"Мега Древний Дракон Дигимон, который
существовал с древних времён. Он явно отличим
от других Дигимонов. Империалдрамон называется
«Режим Дракона» в этой форме, но у него также
есть гуманоидный «Режим Бойца», который
раскрывает его полную мощь. Однако последняя
форма ещё не была увидена. Потрясающая сила
Империалдрамона: Режим Дракона чрезвычайно
трудно контролировать и имеет потенциал либо
спасти, либо положить конец миру. Он
использует свой специальный приём «Мега
Смерть», чтобы выстрелить высокоплотной тёмной
материей, которая поглощает всё в тёмное
пространство. Этот устрашающий ход полностью
стирает всё в радиусе нескольких сотен футов
от точки удара."
digimon_0733_profile,"Одна из Олимпос XII, Дианамон — Божественный
Дигимон, который контролирует воду и лёд,
позволяя ему сражаться даже в условиях
абсолютного нуля. Его личность двусторонняя,
как светлая и тёмная стороны луны, и его
красота скрывает грозную силу. Дианамон
использует свой специальный приём «Стрела
Артемиды», чтобы натянуть и выстрелить длинной
стрелой из ослепительного льда из выступа на
своей спине. Он также использует «Спокойной
Ночи, Луна», чтобы окутать своего врага лунным
светом, выпущенным из Сестёр Спокойной Ночи на
обеих ногах, усыпляя его."
digimon_0734_profile,"Дигимон с наибольшим чувством собственного
достоинства среди Королевских Рыцарей.
Краниуммон — перфекционист, соперничающий с
другими Королевскими Рыцарями за наивысший
процент выполнения приказов от Короля Драсила.
При сражении с врагами его политика —
уничтожать их в бою один на один. Чем более
грозный враг, тем больше причин для
радости. Код доспехов Краниуммона был
манипулирован Королём Драсилом в Чёрный
Дигизоид. Краниуммон использует специальный
приём «Конец Вальса», чтобы вращать своё
магическое копьё Клайомх Солаис на высокой
скорости, выпуская сверхзвуковую Звуковую
Волну. Кроме того, он может использовать свой
магический щит Авалон для активации «Дыхания
Богов»."
digimon_0735_profile,"Херувим Дигимон в форме зверя. Так же, как
Серафим Дигимон Серафимон, Херубимон (Добрый)
— один из Трёх Небожителей. Его основная роль
— охранять Ядро (или Область Богов) Цифрового
Мира. Ангельские Дигимоны фанатично хороши, но
это на самом деле делает их довольно
восприимчивыми к коррупции. Херубимон (Добрый)
использует мощные атаки молнии, и каждый удар
считается божественным наказанием. Его
специальные приёмы включают «Копьё Молнии»,
которым он выпускает копьё из молнии, и «Суд
Небес», которым он призывает массивные
грозовые тучи, чтобы обрушить молнию на своих
врагов."
digimon_0737_profile,"Героический Дигимон в развевающемся красном
шарфе. Горя чувством справедливости, этот
Дигимон никогда не оставляет без внимания
несправедливость или злодеяния, что делает его
любимцем Дигимонов в Стадии Развития.
Джастимон приходит как ветер, обрушивает
железный молот правосудия и затем исчезает так
же быстро. Также, кажется, ему нравится
принимать позу на утёсе, спиной к заходящему
солнцу. Переключение между тремя штекерами
Расширенного Передатчика, оборудованного на
его спине, позволяет ему чередовать силовой
тип Accel Arm, электрический тип Blitz Arm и
режущий тип Critical Arm. Его фирменный приём
«Троичная Рука» позволяет Джастимону
переключаться между своими тремя руками, а
специальный приём «Удар Правосудия» может
похвастаться более чем 45 тоннами
разрушительной силы."
digimon_0738_profile,"Член Королевских Рыцарей с силами виверны.
Даже среди Королевских Рыцарей, Динасмон
уникален. Чрезвычайно лояльный, он
обеспечивает абсолютное служение своему
господину, который должен разделять
собственное чувство справедливости Динасмона.
Даже если другие считают его хозяина злым,
Динасмон не колеблясь отдаст свою жизнь за то,
что он считает справедливым. По этой причине
он обладает сильным духом рыцарства и бусидо и
ценит верность, преданность и вежливость выше
всего еще. Между его собственной драконьей
мощью и его драконьей бронёй, сделанной из
очищенного Хромдигизоида, он обладает
несравненной силой. Его специальные приёмы
включают «Рев Дракона», которым он выпускает
энергетические взрывы из своих ладоней всех
элементов Десяти Легендарных Воинов, и
«Дыхание Виверны», которым он преобразует
энергию своего тела в ауру гигантской виверны."
digimon_0739_profile,"Леопардмон — Святой Рыцарь Дигимон, которого
даже другие Королевские Рыцари признают своим
ведущим стратегом. У него есть исключительная
способность, необходимая для командования
Королевскими Рыцарями, каждый из которых имеет
свой собственный уникальный набор убеждений.
Когда Леопардмон должен сам выйти на поле боя,
он мчится в Режиме Леопарда. Его специальные
приёмы включают «Волну Истребления», которой
он взмахивает своим лучевым мечом, Мечом
Уничтожения, в нисходящей дуге сверху вниз, и
«Взрыв Тёмной Ауры», который выпускает
взрывную энергию из его Меча Разрушения."
digimon_0740_profile,"дигимон-андроид, который обладает крыльями,
сделанными из Хромдигизоида. Рейвемон служил
Божественным Дигимонам как «Серебряный Ворон»
при создании Цифрового мира, но он был поражён
гневом богов, и в результате одно из его
крыльев было окрашено в чёрный цвет. Истинный
ужас Рейвемона — в его скрытных действиях. Он
скрывает себя своим тёмным крылом и рубит
врагов своим белым крылом. Появляясь из
ниоткуда, он выводит врага из строя одним
быстрым ударом. Он использует свой специальный
приём «Коготь Ворона-Спирали», чтобы
обрушить вращающуюся атаку на врага острыми
когтями на своей левой руке. Кроме того, он
побеждает врага своим клинком «Меч Короля
Воронов», который он использует с ловкими
движениями, и выпускаемым из этого меча чёрным
лезвием молнии Амэ но Охабари, которое
обладает огромной разрушительной силой."
digimon_0741_profile,"Колоссальный Машинный Дигимон, чьё тело — это
скопление вооружения. Огромное количество
вооружения, которым оснащён МегаГальгомон,
соперничает с таковым у МеталГарурумона.
Первый использует тепловое вооружение, в
отличие от холодного вооружения последнего, со
всеми видами оружия — такими как лазеры,
ракеты, базуки и огнемёты — скрытыми по всему
его гигантскому телу. МегаГальгомон невероятно
медлителен, но вся эта энергия преобразуется
непосредственно в мощность, давая ему
невероятные разрушительные возможности.
Поскольку он компенсирует свою нехватку
скорости силой, он может справляться с атаками
со всех направлений, не сделав ни шага. Он
использует свой специальный приём «Залп
Выстрелов», чтобы открыть огонь залпом из
огнестрельного оружия."
digimon_0742_profile,"Пикси Дигимон, который напоминает лотос,
цветок, который, как говорят, цветёт даже в
Раю. У Лотусмона есть всё достоинство тихой и
утончённой юной леди, а также способность
дарить другим мирные сны — видения настолько
сладкие, что они способны забыть все заботы
этого мира. Однако, он совершенно безжалостен к
тем, кто отвергает его добрую волю. Используя
посох Кадуцея в своей левой руке, который, как
говорят, имеет власть как над исцелением, так
и над вредом, Лотусмон может генерировать либо
белую ауру с «Змеиным Исцелением», либо чёрную
ауру с «Змеиным Разрушением». Он также может
создать многоцветную ауру с посохом в своей
правой руке, который увенчан радужным цветком.
Это специальный приём «Фантазия Семёрки»,
которым Лотусмон высасывает волю врага к
борьбе, заманивая его в мир приятных видений."
digimon_0743_profile,"Леопардмон: Режим Леопарда использует свой
специальный приём «Сокрушитель Вулкана», чтобы
запустить противника вверх от земли столбами
коренной породы. Он также использует
«Эроберунг», чтобы генерировать шарообразные
энергетические мины из своего круглого кончика
хвоста, которые он использует в качестве
оружия для тактического окружения своего
врага."
digimon_0744_profile,"Подвид Греймона, отличный Боевой вид сам по
себе, Гайоумон — Дракон-Человек Дигимон,
который вырос в силе через победу в битве.
Найденный в заброшенном компьютере на Востоке,
большая часть его силы ещё не была
оценена, но ясно, что он имеет
невероятное количество боевого опыта,
заработанного через бесчисленные битвы. Именно
в ходе всех этих битв он также приобрёл свои
уникально сформированные мечи, Кикурин.
Странный свет следует за ними, когда они
взмахивают, и говорят, что всё, что касается
этого света, разрезается на куски. Его
специальный приём — «Удар Блуждающего Огня», с
которым он использует световые следы,
исходящие от его мечей Кикурин. Он также может
объединить свои два меча Кикурин в один,
концентрируя их жуткий свет, чтобы выстрелить
в далёких врагов с «Атакой Фосфорного Огня»."
digimon_0745_profile,"дигимон-андроид, который охраняет загадочную
Королевскую Базу, секретную плавучую медовую
базу. Несмотря на своё стройное телосложение,
ТигерВеспамон всё же может похвастаться поразительной выносливостью и никогда не перестаёт двигаться
в бою. Верхние 0.08% его вида присоединяются к
Скрытому Медовому Корпусу: Королевские
Коммандос, и им даются кодовые имена. Кодовое
имя ТигерВеспамона «Тигер» происходит от его
превосходной способности к одиночному бою, и
он использует парные клинки под названием
Royal Meister, орудуя их как тигриные
клыки. ТигерВеспамон выполняет свой
специальный приём «Махающее Жало V», пронзая
врагов своими клинками Royal Meister."
digimon_0747_profile,"Божественный Дигимон и член Олимпос XII,
который напоминает молодую девушку. Несмотря
на совсем небольшое телосложение
Минервамона, этот невероятно сильный Дигимон
способен орудовать огромный меч размером с его
собственное тело. Хотя этот Дигимон невинен и
весел, как молодая девушка, его настроение
может дико колебаться. Когда он в плохом
настроении, его поведение быстро становится
расстроенным и своевольным (то есть,
«проблематичным») таким образом, что выходит
из-под контроля. Минервамон использует свой
специальный приём «Ударный Кувырок», чтобы
обрушить накатывающий удар вперёд от своего
огромного меча Олимпия, и «Безумная Карусель»,
чтобы выполнить горизонтальный вращающий удар
быстрее, чем глаз может увидеть. «Ударный
Кувырок» может расколоть землю, в то время как
«Безумная Карусель» генерирует массивный
торнадо."
digimon_0748_profile,"Ангел Дигимон, который, как говорят,
появляется, когда беспрецедентный кризис
обрушивается на Цифровой мир, грядущий в
бытие через несогласованное сочетание Ангела и
Тёмного Ангела Дигимона через ДНК Дигивлюцию.
Он сталкивается с этой положение,
контролируя мощь как кланов Ангелов, так и
Тёмных Ангелов, призванных через врата из
другого Цифрового мира. Мастемон достигает
это через характера, который заработал ему
прозвище «Тактик из Другого Мира», позволяя
эти обычно враждебные фракции работать вместе.
Он единомышленник, несмотря на то, что
является джогресс-эволюцией двух конфликтующих
существ, контролируя как светлые, так и тёмные
энергии и придавая силу дигимонам в различных
ситуациях. Он даже атакует грозных врагов в
одиночку. Мастемон использует свой специальный
приём «Святое Желание», чтобы уничтожить
злодеев стрелами света, выпущенными из его
правой руки, «Тёмное Отчаяние», чтобы схватить
врага своей левой рукой и удалить его,
сокрушительный его целое Диги-Ядро, и «Хаос
Деградация», чтобы произвести врата от слияния
светлых и тёмных энергий в обеих руках,
которое отправляет врага в забвение в другом
измерении."
digimon_0749_profile,"Верховная Дигивлюция Хакмона — Святой Рыцарь
Дигимон, который заработал своё место среди
Королевских Рыцарей, высшего ранга Дигимонов
в безопасности Сети. У Джесмона есть
способность чувствовать признаки
надвигающегося хаоса и других нарушений,
позволяя ему мчаться на эти сцены быстрее, чем
любой другой Королевский Рыцарь, и
координировать свои усилия с другими рядом
Дигимонами. Джесмон доверяет другим и,
частично чтобы удержать себя от становления
самоуверенный, предпочитает работать в
команде. Обучаясь, наблюдая за Хинукамую
своего мастера Ганкумона, Джесмон приобрёл
трио Ато, Рене и Пор во время своей
тренировки. Он использует свой специальный
приём «Суждение Клинка», чтобы мгновенно
разрезать своего врага своими клинками на
руках на высоких скоростях, и «Вельтгейст»,
чтобы выполнить всенаправленный контрудар."
digimon_0750_profile,"Лопмон — это Руки Дигивлюция одного собрат в
паре чрезвычайно редких близнецов Дигимонов.
Из двух, у Терриермона есть один рог, растущий
из его головы, в то время как у Лопмона их
три. Их экосистема пропитанный в тайне, и хотя их
состав достаточно, чтобы считать их
Зверьковыми Дигимонами, больше о них ничего не
известно. У Терриермона непринуждённая
личность, хотя и с большим количеством
энергии, в то время как у Лопмона
противоположный нрав, будучи более
одиноким плаксой. Ни один из них не выглядит
как Дигимон Боевого Вида, но они показывают
неожиданную силу в бою. Специальный приём
Лопмона «Пылающий Лёд» выстреливает залпом
ледяных пуль."
digimon_0751_profile,"Святой Рыцарь Дигимон, который Бронево
эволюционировал из Терриермона с Диги-Яйцом
Судьбы. Рапидмон (Броня) изначально был
Ультимативным Дигимоном, который
эволюционировал из Гальгомона, но Диги-Яйцо
Судьбы направило в него сияющую золотую силу,
сравнимый с Мега Дигимоном. Он использует
свой специальный приём «Золотой Треугольник»,
который равен по силе движению Магнамона."
digimon_0752_profile,"Дигимон из сверкающей платины, сформированный как
кусок какашки. ПлатинумСкамон — это тип
Скамона, который вобрал данные редких
металлов, придав ему великолепную внешность,
но те же способности, что и у оригинала. Не
похоже, что он получил какую-либо форму
усиления мощности. ПлатинумСкамон использует
свой специальный приём «Редкий Металлический
Кал», чтобы швырять какашки с металлическим
блеском во врага."
digimon_0753_profile,"Моллюск Дигимон того же вида, что и Нюмемон.
БлэкКингНюмемон использует свой специальный
приём «Тёмный Зрачок», чтобы выстрелить чёрным
лучом света из своих круглых глаз."
digimon_0754_profile,"Кудзухамон — Божественный Дигимон. Говорят,
что это Дигимон вида лис, который прожил
долгую жизнь, а затем превратился в
человеческую форму. Легенда гласит, что только
величайшие из этих превращающихся-лис
Дигимонов способны Дигивлюционировать в
Сакуямон. Обычно они Дигивлюционируют в
Кудзухамона. Кудзухамон хорошо разбирается в
древней магии синтоизма, даосизма и сюгэндо. В
трубке на его поясе обитает одна трубная лиса,
которую можно использовать для атаки, сбора
информации и многого другого. Фирменный приём
Кудзухамона «Просветитель» включает атаку с
помощью трубной лисы, которую он носит на
поясе. С помощью своего специального приёма
«Мандала Мира Великого Обители» Кудзухамон
создаёт очищающее поле, изгоняющее зло с
помощью своего посоха Сякудзё."
digimon_0755_profile,"Спутник Визордмона из другого измерения
Цифрового мира Вичелни. Сорсермон использует
магию света и льда (передовые языки
программирования), а также обладает
способностью исцелять раны святой силой
молитвы. Его специальный приём — «Хрустальное
Облако», с помощью которого он призывает
грозовые тучи из жезла, увенчанного
кристаллизованным льдом, чтобы вызвать
мощную метель."
digimon_0756_profile,"Метеормон — это Дигимон, который по какой-то
причине проявил данные метеорита, включённые в
рудные данные Гоцумона, на своей поверхности.
Состоящий из твёрдого вещества, которое можно
найти только в космосе, он может похвастаться сильной
защитой. Его специальный приём —
«Галактическая Вспышка», с помощью которой он
обрушивает на врагов странные энергетические
волны из самых дальних уголков космоса."
digimon_0757_profile,"Святой Рыцарь Дигимон и член Королевских
Рыцарей, Омнимон был слит из ВарГреймона и
МеталГарурумона по воле тех, кто желает добра.
Омнимон способен использовать качества обоих
Дигимонов в максимальной степени при любых
обстоятельствах, что делает его способным и
универсальным бойцом. Считается, что форма
Омнимона Зварта временно почернела из-за
некоторого воздействия Чёрного Дигитрона,
который представляет собой странную слизь,
недавно обнаруженную, которая окрашивает
Дигимонов в чёрный цвет. Находясь в этой
форме, Омнимон Зварт обладает повышенной
мощью. Его левая рука имеет форму ВарГреймона,
с мечом и щитом, а его правая рука принимает
форму МеталГарурумона, оснащённую пушкой и
ракетами. Плащ на его спине развёртывается
автоматически, когда ему нужно избежать
вражеских атак или летать. Его специальный
приём — «Верховная Пушка», с помощью которой
он выстреливает струёй воздуха при абсолютном
нуле из своей пушки в форме МеталГарурумона,
чтобы заморозить своего противника. Левая рука
Омнимона также оснащён непобедимым клинком,
«Трансцендентным Мечом»."
digimon_0758_profile,"Дигимон с телом, сделанным изо льда.
Происхождение Айсмона в настоящее время
исследуется. Возможно, он эволюционировал из
Гоцумона, или, может быть, это какая-то
мутация. Его специальный приём «Ледяная Бомба»
включает метание ледяных замёрзших бомб во
врагов."
digimon_0759_profile,"Дигимон, состоящий почти полностью из данных
земли. Считается, что МадФриджимон — это
мутант, рождённый от мутации Фриджимона. По
натуре он дружелюбен и не любит драться, но
когда припекает, он может продемонстрировать
редко видимую силу. Он использует свой
специальный приём «Большой Вес», чтобы вложить
весь свой вес в удар с размаху."
digimon_0760_profile,"Охраняя шахту Хромдигизоида, Гардромон
преобразовал себя, чтобы выдерживать
безжалостные повторяющийся набеги незаконных
шахтёров. Броня Гардромона (Золотого), как
говорят, является результатом поглощения
данных пыли Хромдигизоида, плавающей в
воздухе. Эта броня более прочная, чем у
обычного Гардромона, и его специальный приём
«Разрушающая Граната» преуспевает в может похвастаться
слегка большей мощности. С другой стороны,
броня Гардромона (Золотого) тяжелее, и это
является основной причиной, по которой его
движения в целом притупились."
digimon_0766_profile,"Альфамон: Орюкен — это форма, которую Альфамон
принял после того, как он чудесным образом
эволюционировал Орюмона в меч, известный как
«Орюкен», с помощью магического круга
Диги-Кода. Орюмон — это Мега форма
Дигимонов-Прототипов, которые использовались в
эксперименте по достижению больших высот силы.
Будучи превращённым в меч, все его боевые
способности теперь направлены исключительно в
наступательную мощь. Взмахнуть Орюкеном —
значит владеть всей силой Мега Дигимона.
Средний Дигимон не сможет использовать его так
же, как и выжить после атаки им."
digimon_0767_profile,"Один из Олимпос XII и самопровозглашённый
самый душевный пьяница Цифрового мира. С его
яркой личностью, Бахусмон хорош в заботе о
других. В любое время суток он собирает дигимонов уровней Ребёнок и Чемпион и устраивает грандиозные пиршества. Он может производить различные виды
напитков и счастлив делать это по просьбе
своих любимых Дигимонов, которые пришли на его
пиры. Бахусмон предпочитает фруктовые вина, и
его любимое сделано из ферментированных
фруктов, взятых из леса Карпос Хуле на спине
Цересмона. Всякий раз, когда он свободен, он
просит Цересмона позволить ему варить это
вино. В результате, эти два Дигимона чрезвычайно
близки и часто делают что-то вместе. Когда
Бахусмон слишком много выпил, узор на его теле
становится синим, и он извергает данные в
своём большом желудке в разрушительном луче
света под названием «Разворот Мёртвых». Если
атака попадает в противника, Бахусмон
поглощает данные, чтобы стать более мощным,
так что столкновение с большими группами
врагов может сделать его непостижимо сильным.
Данные, которые Бахусмон очищает в яд,
исследуются Командой Раскола. Существуют
правдоподобные слухи, что данные яда Бахусмона
используются для производства биологического
оружия и в заговорах с целью убийства
высокопоставленных лиц."
digimon_0770_profile,"Танкдрамон — Машинный Дигимон, отвечающий за
подавление беспорядков и миссии тяжёлого
штурма для механизированной D-Бригады. Он
превосходен в уничтожении множества целей и может похвастаться
подавляющей огневой мощью. Оснащённый
специальным радаром, способным захватывать 30
целей одновременно, отдельный Танкдрамон также
может синхронизировать цели с другими, и
говорят, что невозможно избежать их всех.
Уровень потерь среди Танкдрамонов также
чрезвычайно низок, и, по сообщениям, только один
когда-либо был потерян в поле. Специальный
приём Танкдрамона «Пушка Стремящегося»
выстреливает снарядом, оснащённым небольшой
ядерной боеголовкой, чтобы полностью уничтожить
всё в радиусе 20 миль."
digimon_0771_profile,"Даркдрамон — дигимон-андроид, который, как
полагают, является предельным оружием D-Бригады.
Ходят слухи, что исследователи D-Бригады
создали Даркдрамона, эволюционировав
Танкдрамона, которого они восстановили.
Предположительно, этот Танкдрамон был побеждён
в операции, предназначенной для устранения цели с
кодовым именем BAN-TYO. Однако, никакие из этих сведений не кажутся особенно надёжными. Кажется, что
в этом процессе эволюции было использовано
обширное количество тёмной материи. Возможно, в
результате, Даркдрамон немедленно впал в
берсерк и бежал. Его текущее местонахождение
неизвестно, даже для D-Бригады, хотя ходят
слухи, что он всё ещё ищет Кодовое имя
BAN-TYO. Его специальный приём «Тёмный Рев» —
это запрещённая техника, которая включает
выстрел энергетической бомбы, состоящий из
тёмной материи. Ничто не может выжить после
попадания этой атаки, как гласит молва.
Даркдрамон также имеет оружие под названием
«Гигастик Копьё», встроенное в его правую
руку, которое, как говорят, равно по мощности
святому копью Галлантмона Грам."
digimon_0772_profile,"Считается, что Хаосмон был рождён из ДНК
эволюции БанчоЛеомона и Даркдрамона, так как
следы каждого можно увидеть на его руках. Его
специальные приёмы — «Клинок Банчо», который
обрушивает неостановимый удар от меча «Клинок
Банчо» на его Руке Банчо, и «Тёмное Сияние»,
который выстреливает его собственными
цифровыми клетками из Гигастик Пушки на его
Руке Даркра."
digimon_0773_profile,"Воин Дигимон, также появляющийся в
скандинавской мифологии. Валькиримон
путешествует с золотой птицей Фрейей, которая
предупреждает его, когда приближается
опасность. Согласно легенде, Валькиримон может
проявлять специальную ауру из своих сияющих
доспехов. Эта аура восстанавливается данные храбрых
воинов, павших в бою, позволяя им возродиться
как Диги-Яйца. Валькиримон также движется с
невероятной скоростью и способен появляться из
ниоткуда, как внезапный шквал, и срубать
врагов быстрее, чем глаз может увидеть. Его
специальные приёмы включают «Меч Фенрира»,
которым он замораживает врагов, разрубая их
своим магическим мечом абсолютного нуля,
который может остановить все жизненные функции
жертвы, и «Стрела Аурвандиля», которой он
стреляет стрелой с безошибочной точностью."
digimon_0774_profile,"Херувим Дигимон в форме зверя. Так же, как
Серафим Дигимон Серафимон, Херубимон (Чёрный)
— один из Трёх Небожителей. Его основная роль
— охранять Ядро (или Область Богов) Цифрового
Мира. Ангельские Дигимоны фанатично хороши, но
это на самом деле делает их довольно
восприимчивыми к коррупции. Херубимон (Чёрный)
использует мощные атаки молнии, и каждый удар
считается божественным наказанием. Его
специальные приёмы включают «Копьё Молнии»,
которым он выпускает копьё из молнии, и «Суд
Небес», которым он призывает массивные
грозовые тучи, чтобы обрушить молнию на своих
врагов."
digimon_0775_profile,"Верховный Король Зла Дигимон, который довёл
свою мощь и дух до предела. Вместо эволюции
ко злу, его разум стал более стабильным, и его
три зловещих красных глаза стали зелёными.
Бэльзебемон: Режим Взрыва командует силой и
скоростью далеко выше его обычных пределов, и
четыре смоляно-чёрных крыла прорастают из его
спины. Говорят, что никакой может противостоять
Бэльзебемону, однажды он достиг этой формы. Его
правая рука слилась с бластером, позволяя ему
выпускать чудовищные энергетические волны,
которые расщеплять всё, к чему прикасаются.
Бэльзебемон: Режим Взрыва использует свою
фирменную технику «Смертельный Пращник», чтобы
выстрелить разрушительной волной из своей
правой руки, и свой специальный приём
«Хаос-Вспышка», чтобы нарисовать магический
круг, через который он выпускает свою
разрушительную волну."
digimon_0776_profile,"ШайнГреймон: Режим Взрыва — это специальная
форма ШайнГреймона, которая временно достигла
пределов своих способностей с Взрывной
Дигивлюцией, покрывая его аурой солнечного
класса, высокоэнергетических пламен. Он
использует свой специальный приём «Меч Венца
Пламени», чтобы объединить свой меч и щит из пламени
в большой меч взрывной силы, или «Финальный
Сияющий Взрыв», чтобы вызвать мощный
взрыв, концентрируя всё своё тело и душу."
digimon_0777_profile,"МиражГаогамон BM — это специальная форма,
которая временно достигла пределов
способностей МиражГаогамона с Взрывной
Дигивлюцией, экипируя его оружием и аурой
планетарного класса, высокой энергии. Его
специальный приём «Удар Метеора Полной Луны»
расплющивает врагов сферой, содержащей энергию
планетарного класса. Он также может
использовать «Финальный Миражный Взрыв»,
который выпускает энергию, скрытую в его
оружии, концентрируя всё тело и душу
МиражГаогамона."
digimon_0778_profile,"Рейвемон: Режим Взрыва — это специальная форма
Рейвемона, которая временно достигла пределов
своих способностей с Взрывной Дигивлюцией,
покрывая его аурой, содержащей всю энергию
атмосферы. Он использует свои специальные
приёмы «Траурный Танец», чтобы исполнить дикий
танец, рождённый от ярости, и «Удар Молнии»,
чтобы мгновенно пронзить врага с
тёмно-фиолетовой аурой, как удар молнии."
digimon_0779_profile,"Роузмон: Режим Взрыва — это специальная форма
Роузмон, которая временно достигла пределов
своих способностей с Взрывной Дигивлюцией,
покрывая её аурой любви и красоты. Она
использует свой специальный приём «Шарите»,
чтобы нежно окутать врага в своём усиленном
мантии ауры, или «Соблазнительные Губы», чтобы
выдуть лазер из поцелуев со своих губ."
digimon_0907_profile,"Огромный акулий Дигимон, который является
Дигивлюцией Водного Дигимона с нарастающим
желанием поглощать добычу. Интегрировав данные
военных кораблей, более половины его тела
механизировано. Шаркмон — злобный Дигимон,
который использует свой якорь, чтобы поймать и
пожирать других Дигимонов, обитающих в Сетевом
Океане или проходящих рядом. Его специальный
приём — «Всеобщая Бомбардировка», с помощью
которой он выдвигает и стреляет из своих
пушек."
digimon_0908_profile,"Нежить Сидрамон, который плавает по Сетевому
Океану в поисках добычи Дигимонов, движимый
исключительно инстинктом, несмотря на потерю своей
плоти. Скелетное состояние ЧерепСидрамона даёт
ему сниженное сопротивление при плавании,
позволяя ему преследовать свою добычу
безжалостно на любые расстояния на высоких
скоростях. Как только ЧерепСидрамон хватает
врага, он обвивает его своей длинной формой и
выжимает из него жизнь с помощью «Смертельного
Вращения». Его специальный приём «Молниевое
Копьё» запускает острый электрический разряд
от лезвия на макушке его головы. Эта атака
растёт в мощности, чем дольше она заряжается."
digimon_0912_profile,"Диги-Ядро Плутомона отключилось из-за
достижения конца своего срока жизни, но,
странно, его тело всё ещё функционирует. Оно
больше не сохраняет свою основную миссию по
поражению зла. Оно не думает ни о чём, кроме
как пожирать данные других существ, и
бесконечно бродит в поисках новых Диги-Ядер. В
отличие от того, когда он был жив, теперь он
«ужасный хищник» в совершенно другом смысле,
так как его разлагающееся тело никогда не
будет знать удовлетворения, независимо от
того, сколько Диги-Ядер оно поглощать. Его
специальные приёмы включают «Рассекатель Ада»,
который выстреливает X-частицами из его левой
руки, чтобы разрезать врага на куски, и
«Марионеточное Мерзость», с помощью которого
он кусает врагов и заражает их вирусом,
который превращает их в марионетку, вынужденный
делать его приказы."
digimon_0915_profile,"ЧерепБалучимон, считавшийся бесчувственным,
подавляющий и укрощённый Титамоном.
Компенсируя мобильность, которая была
единственной слабостью Титамона,
ЧерепБалучимон (Титамон Верхом) напоминает не
что иное, как свирепое божество, поскольку он
свободно мчится по полю боя. Обычно чёрный
холод, исходящий из Диги-Ядра ЧерепБалучимона,
вселяет страх смерти во всех, кто к нему
прикасается, лишая их сил. Однако Титамон
использовал свою несгибаемую ментальный стойкость,
чтобы поглотить тёмный холод ЧерепБалучимона и
добавить его к своей собственной силе. Кроме
того, данные ЧерепБалучимона слились с мечом
Титамона Зандзинто, превращая его из
длинного меча в огромное двулезвийное
древковое оружие. Данные обиды, клубящийся из
Зандзинто, также были дальнейший укреплены чёрным
холодом Диги-Ядра ЧерепБалучимона, заставляя
любых врагов, поражённых им, страдать от
физических и ментальный ран, которые никогда не
заживают. ЧерепБалучимон (Титамон Верхом)
использует свой специальный приём «Сэндзин
Кишинзан», чтобы вращать своё Зандзинто в
форме древкового оружия вокруг и вокруг,
измельчая Диги-Ядра своих врагов в мельчайшие
частицы."
digimon_0920_profile,"Нежить Дигимон, который может пересекать море
и небо, как будто по земле. Непостоянный и
воинственный, Энбаррмоны не перемещаются
группами, что делает их трудными для
обнаружения. Типично для типа Нежити,
Энбаррмон предоставляет своему наезднику
бессмертную защиту. Единственные, кто может
оседлать его, — это те, кого Энбаррмон
одобряет как своего хозяина. Когда он
достигает своей максимальной скорости, он
вызывает ударную волну, которая наносит
тяжёлый урон тем, кто вокруг. Его специальный
приём — «Рог Мёртвого Угла», с помощью
которого он прыгает в небо и атакует с слепой
зоны врага."
digimon_0921_profile,"Иногда выбрать число Королевских Рыцарей
набирает местных Дигимонов из места своей
командировки, чтобы получить помощь в
выполнении назначенный миссии. Методы, которые
они используют для набора этих союзников, склонны
варьироваться в зависимости от миссии, но
Краниуммон бросает вызов тем Дигимонам, которых
он считает достойными, на поединок один на
один, а затем силы их подчиниться. Краниуммон
приобрёл эту верховую форму во время миссии
после победы над Энбаррмоном. Считается, что
Краниуммон, вечный перфекционист, желал
использовать Энбаррмона в качестве скакуна,
чтобы выполнять свои миссии более эффективно.
Несмотря на множество ожесточённых битв между
ними, их взаимный признание силы друг друга
создало сильное чувство доверия, возникший в
выдающийся мобильности и атаке мощи. Их
специальный приём «Безжалостная Атака»
особенности Энбаррмон, скачущий на полной
скорости, в то время как Краниуммон выполняет
пронзая атаку своим магическим копьём
Клайомх Солаис. Учитывая скорость атаки
Энбаррмона и их объединенный массу, вместе с
грубой силой Краниуммона, большинство
Дигимонов, попавших на их пути, разлетаются,
как листья. Кроме того, благословение
бессмертной защиты, которое Энбаррмон
предоставляет своим наездникам, также
применяется к щиту Краниуммона, Авалону,
позволяя ему использовать «Дыхание Богов» без
обычного трёхсекундного ограничения, что означает
он может бесконечно нейтрализовать атаки."
