string2 0,string 1,string 2,string 3
aigio_001_0_char_AEGIOMON,char_AEGIOMON,"Убедись, что ты присматриваешь за мной, хорошо? В противном
случае, мне, возможно, придется играть на своей свирели здесь...",
aigio_001_1_replay,char_PLAYER_M,Хочешь попробовать управлять мной с их помощью?,
aigio_001_1_reaction_char_AEGIOMON,char_AEGIOMON,"Не знаю... По какой-то причине у меня такое чувство, что это не
сработает...",
aigio_001_2_replay,char_PLAYER_M,На что они похожи?,
aigio_001_2_reaction_char_AEGIOMON,char_AEGIOMON,Вообще-то... Я не знаю. Каждый слышит их по-своему.,
aigio_001_3_replay,char_PLAYER_M,Не волнуйся. Я присмотрю за тобой.,
aigio_001_3_reaction_char_AEGIOMON,char_AEGIOMON,"... Да, ты прав. Я знаю, ты будешь хорошо заботиться обо мне.",
aigio_001_4_replay,char_PLAYER_M,"Ты - это все, что меня волнует.",
aigio_001_4_reaction_char_AEGIOMON,char_AEGIOMON,"Даже не играя на своей свирели ...? Вау, спасибо! Я тоже буду
хорошо заботиться о тебе.",
blimp_001_0_char_BLIMPMON,char_BLIMPMON,"Куда ты хочешь пойти? Если я смогу туда поехать, я возьму тебя с
собой!",
blimp_001_1_replay,char_PLAYER_M,"Туда, где никто никогда раньше не бывал.",
blimp_001_1_reaction_char_BLIMPMON,char_BLIMPMON,"Хочешь отправиться в приключение? Смелая просьба ... Но, ладно!",
blimp_001_2_replay,char_PLAYER_M,"Где-то, о чем я пока не знаю.",
blimp_001_2_reaction_char_BLIMPMON,char_BLIMPMON,"Мир большой, да? Держу пари, мы можем многому научиться, побывав
в разных местах!",
blimp_001_3_replay,char_PLAYER_M,"Куда угодно, если это будет с тобой.",
blimp_001_3_reaction_char_BLIMPMON,char_BLIMPMON,"Хехе. Немного неловко, когда ты говоришь это вслух... но я
чувствую то же самое!",
blimp_001_4_replay,char_PLAYER_M,"Место, где ты сможешь отдохнуть.",
blimp_001_4_reaction_char_BLIMPMON,char_BLIMPMON,Хе-хе. Спасибо. Просто твои слова придают мне сил!,
aigiou_001_0_char_AEGIOCHUSMON,char_AEGIOCHUSMON,"Теперь, когда я могу метать молнии, ты можешь быть шокирован,
если прикоснешься ко мне.",
aigiou_001_1_replay,char_PLAYER_M,Я не боюсь небольшого шока.,
aigiou_001_1_reaction_char_AEGIOCHUSMON,char_AEGIOCHUSMON,"Ты действительно храбрый, да? Я мог бы научиться у тебя
нескольким вещам.",
aigiou_001_2_replay,char_PLAYER_M,Я надену резиновые перчатки.,
aigiou_001_2_reaction_char_AEGIOCHUSMON,char_AEGIOCHUSMON,"И это защитило бы тебя от молнии? Ха. Ты узнаешь что-то новое
каждый день.",
aigiou_001_3_replay,char_PLAYER_M,Ты бы никогда не сделал ничего подобного.,
aigiou_001_3_reaction_char_AEGIOCHUSMON,char_AEGIOCHUSMON,"Ха-ха. Тебя не проведешь, да? Да, не волнуйся. Я бы никогда не
стал тебя шокировать.",
aigiou_001_4_replay,char_PLAYER_M,Ты уже возбуждаешь меня.,
aigiou_001_4_reaction_char_AEGIOCHUSMON,char_AEGIOCHUSMON,"Ух ты, послушать тебя! Что ты за персонаж! Хе-хе!",
aigiob_001_0_char_AEGIOCHUSMON_BLUE,char_AEGIOCHUSMON_BLUE,Моя левая рука теперь такая большая... Ты меня боишься?,
aigiob_001_1_replay,char_PLAYER_M,Вовсе нет.,
aigiob_001_1_reaction_char_AEGIOCHUSMON_BLUE,char_AEGIOCHUSMON_BLUE,"О, я надеялся, что ты хотя бы немного испугаешься... Но спасибо.
Я рад, что спросил.",
aigiob_001_2_replay,char_PLAYER_M,"Нет, но это довольно интересно.",
aigiob_001_2_reaction_char_AEGIOCHUSMON_BLUE,char_AEGIOCHUSMON_BLUE,"О... Думаю, мне тоже есть чему поучиться ... о себе и о том, как
защитить всех.",
aigiob_001_3_replay,char_PLAYER_M,"Больше похоже на уверенность в том, что я могу на тебя
рассчитывать.",
aigiob_001_3_reaction_char_AEGIOCHUSMON_BLUE,char_AEGIOCHUSMON_BLUE,"Правда? Хе-хе. Что ж, я тоже на тебя рассчитываю. Давай
воспользуемся моей рукой, чтобы спасти всех!",
aigiob_001_4_replay,char_PLAYER_M,Это выглядит круто.,
aigiob_001_4_reaction_char_AEGIOCHUSMON_BLUE,char_AEGIOCHUSMON_BLUE,Что?! Р-правда? Теперь я чувствую себя немного неловко. Хехе...,
aigiog_001_0_char_AEGIOCHUSMON_GREEN,char_AEGIOCHUSMON_GREEN,"На днях я увидела цветник, полный роз. Это было действительно
красиво.",
aigiog_001_1_replay,char_PLAYER_M,Давайте сделаем оружие из всех шипов.,
aigiog_001_1_reaction_char_AEGIOCHUSMON_GREEN,char_AEGIOCHUSMON_GREEN,"Ха-ха. Как те, что есть у меня? Правда. Эти шипы действительно
колючие!",
aigiog_001_2_replay,char_PLAYER_M,Давайте соберем лепестки для ванны.,
aigiog_001_2_reaction_char_AEGIOCHUSMON_GREEN,char_AEGIOCHUSMON_GREEN,"Ты имеешь в виду положить лепестки в воду? Ха. Я никогда не
думал использовать их таким образом.",
aigiog_001_3_replay,char_PLAYER_M,Давай посмотрим на это вместе.,
aigiog_001_3_reaction_char_AEGIOCHUSMON_GREEN,char_AEGIOCHUSMON_GREEN,"Конечно, я бы с удовольствием! И я заставлю тебя сдержать это
обещание!",
aigiog_001_4_replay,char_PLAYER_M,Я бы хотел подарить тебе все розы.,
aigiog_001_4_reaction_char_AEGIOCHUSMON_GREEN,char_AEGIOCHUSMON_GREEN,"Эм, мне бы это действительно подошло ...? Тем не менее, это
очень мило с твоей стороны сказать. Спасибо.",
aigiod_001_0_char_AEGIOCHUSMON_DARK,char_AEGIOCHUSMON_DARK,"Я думаю, что хочу сделать тебе что-нибудь гадкое.",
aigiod_001_1_replay,char_PLAYER_M,"Будь груб со мной, и я буду груб в ответ.",
aigiod_001_1_reaction_char_AEGIOCHUSMON_DARK,char_AEGIOCHUSMON_DARK,"Я так и думал, что ты это скажешь. Ты готов ко всему, не так ли?",
aigiod_001_2_replay,char_PLAYER_M,Что ты собираешься делать?,
aigiod_001_2_reaction_char_AEGIOCHUSMON_DARK,char_AEGIOCHUSMON_DARK,"Я никому не скажу. Кроме того, я не могу просто взять и
придумать все это из ниоткуда, ты же знаешь.",
aigiod_001_3_replay,char_PLAYER_M,"Пожалуйста, не надо.",
aigiod_001_3_reaction_char_AEGIOCHUSMON_DARK,char_AEGIOCHUSMON_DARK,"Делать это, даже если ты говоришь не делать этого, - вот в чем
весь смысл. Но, думаю, я могу пропустить это сегодня...",
aigiod_001_4_replay,char_PLAYER_M,Это на тебя не похоже.,
aigiod_001_4_reaction_char_AEGIOCHUSMON_DARK,char_AEGIOCHUSMON_DARK,"Пытаешься отговорить меня от этого? Извини, но как только ты
попадешься мне на глаза, это произойдет.",
aigioh_001_0_char_AEGIOCHUSMON_HOLLY,char_AEGIOCHUSMON_HOLLY,Чисто ли твое сердце?,
aigioh_001_1_replay,char_PLAYER_M,Неа. Извините.,
aigioh_001_1_reaction_char_AEGIOCHUSMON_HOLLY,char_AEGIOCHUSMON_HOLLY,"Возможно, ты шутишь, но я советую тебе исправиться. Я не
выношу нечистых сердец.",
aigioh_001_2_replay,char_PLAYER_M,Это может быть немного нечисто.,
aigioh_001_2_reaction_char_AEGIOCHUSMON_HOLLY,char_AEGIOCHUSMON_HOLLY,"Очень честно с вашей стороны. Но подумайте хорошенько. Если вы
так считаете, чистота не за горами.",
aigioh_001_3_replay,char_PLAYER_M,Вероятно.,
aigioh_001_3_reaction_char_AEGIOCHUSMON_HOLLY,char_AEGIOCHUSMON_HOLLY,"Значит, внутри вас есть какие-то сомнения? Я помогу вам
избавиться от этой неуверенности.",
aigioh_001_4_replay,char_PLAYER_M,"Конечно, это так.",
aigioh_001_4_reaction_char_AEGIOCHUSMON_HOLLY,char_AEGIOCHUSMON_HOLLY,Смелое заявление. Но не волнуйся. Я тебе верю.,
Seire_001_0_char_SIRENMON,char_SIRENMON,"Что вы предпочитаете, птиц или рыбу?",
Seire_001_1_replay,char_PLAYER_M,"И то, и другое в некотором роде мэг...",
Seire_001_1_reaction_char_SIRENMON,char_SIRENMON,"Возможно, вы не мой поклонник? Как только вы услышите мою песню,
держу пари, вы измените свой настрой.",
Seire_001_2_replay,char_PLAYER_M,Рыба!,
Seire_001_2_reaction_char_SIRENMON,char_SIRENMON,"Поклонник моря? Вы будете рады узнать, что петь в океанских
глубинах - это невероятное ощущение.",
Seire_001_3_replay,char_PLAYER_M,"Мне нравится и то, и другое.",
Seire_001_3_reaction_char_SIRENMON,char_SIRENMON,"Тогда, я думаю, тебе понравится мой необычный образ. Мне хочется
спеть песню, только для тебя!",
Seire_001_4_replay,char_PLAYER_M,Птицы!,
Seire_001_4_reaction_char_SIRENMON,char_SIRENMON,"В таком случае позвольте мне спеть вам серенаду с небес своей
птичьей трелью.",
loco_001_0_char_LOCOMON,char_LOCOMON,Как насчет этого? Поднимаемся на борт?,
loco_001_1_replay,char_PLAYER_M,"Держу пари, меня бы укачало.",
loco_001_1_reaction_char_LOCOMON,char_LOCOMON,"Я бы постарался свести турбулентность к минимуму, поэтому,
пожалуйста, преодолейте свой трепет.",
loco_001_2_replay,char_PLAYER_M,Я плохо переношу дым.,
loco_001_2_reaction_char_LOCOMON,char_LOCOMON,"Я действительно осторожен с людьми на борту. Знаете, я бы не
стал выпускать слишком много дыма.",
loco_001_3_replay,char_PLAYER_M,Ты можешь отвезти меня куда-нибудь поблизости?,
loco_001_3_reaction_char_LOCOMON,char_LOCOMON,"Близко или далеко, я обещаю вам плавное и приятное путешествие.",
loco_001_4_replay,char_PLAYER_M,Давайте отправимся на край света!,
loco_001_4_reaction_char_LOCOMON,char_LOCOMON,"Очень хорошо. Путешествие наверняка будет долгим, так что я не
буду затягивать с обслуживанием.",
yupi_001_0_char_JUPITERMON,char_JUPITERMON,"Я должен наложить божественное наказание на тех, кто совершает
злые деяния.",
yupi_001_1_replay,char_PLAYER_M,"По-моему, это звучит немного грубо...",
yupi_001_1_reaction_char_JUPITERMON,char_JUPITERMON,"Я полагаю, что те, кто получает наказание, чувствуют то же
самое. Вот почему я сужу осторожно.",
yupi_001_2_replay,char_PLAYER_M,"Я говорю осуждать правонарушение, а не преступника.",
yupi_001_2_reaction_char_JUPITERMON,char_JUPITERMON,"Но, конечно. Я всегда сужу о добре и зле без сантиментов.",
yupi_001_3_replay,char_PLAYER_M,Я поддерживаю божественное наказание!,
yupi_001_3_reaction_char_JUPITERMON,char_JUPITERMON,"Как и следовало бы. Я очень надеюсь, что тебя никогда не осудят.",
yupi_001_4_replay,char_PLAYER_M,"Я бы хотел, чтобы тебе не приходилось этого делать.",
yupi_001_4_reaction_char_JUPITERMON,char_JUPITERMON,"Возможно, я чувствую то же самое. Ничто не порадовало бы меня
больше, чем если бы в моем долге больше не было необходимости.",
yupira_001_0_char_JUPITERMON_WRATHMODE,,Выплеснулись ли мои эмоции на поверхность?,
yupira_001_1_replay,char_PLAYER_M,"Слишком много, если хотите знать мое мнение.",
yupira_001_1_reaction_char_JUPITERMON_WRATHMODE,,"Очевидно, что ваше суждение ошибочно. Я спокойно рассуждаю о
необходимости сурового наказания, не более того.",
yupira_001_2_replay,char_PLAYER_M,"Да, я бы так сказал.",
yupira_001_2_reaction_char_JUPITERMON_WRATHMODE,,"Я пойму, если ты так думаешь. Тем не менее, такой спокойный
разговор является доказательством моего самообладания.",
yupira_001_3_replay,char_PLAYER_M,Вовсе нет.,
yupira_001_3_reaction_char_JUPITERMON_WRATHMODE,,"Кажется, ты понимаешь бесстрастность моего гнева.",
yupira_001_4_replay,char_PLAYER_M,На самом деле ты довольно спокоен.,
yupira_001_4_reaction_char_JUPITERMON_WRATHMODE,,"Именно! Кажется, вы понимаете, какое хладнокровие скрывается за
моим гневом.",
mars_001_0_char_MARSMON,char_MARSMON,"Я готов пойти на все, чтобы добиться победы.",
mars_001_1_replay,char_PLAYER_M,Победа очень важна.,
mars_001_1_reaction_char_MARSMON,char_MARSMON,"Мои победы защищают мир в цифровом мире. Мне бы тоже очень
пригодилась ваша помощь!",
mars_001_2_replay,char_PLAYER_M,"Иногда нужно проиграть, чтобы выиграть.",
mars_001_2_reaction_char_MARSMON,char_MARSMON,"Я защищаю цифровой мир, так что ваша логика не работает.
Победа - это все.",
mars_001_3_replay,char_PLAYER_M,Разве это не противоречит правилам?,
mars_001_3_reaction_char_MARSMON,char_MARSMON,"Пожалуйста, поймите, что если это означает спасение Цифрового
мира, я готов нарушить любое правило.",
mars_001_4_replay,char_PLAYER_M,"Выиграешь ты или проиграешь, но лучше всего попытаться поладить.",
mars_001_4_reaction_char_MARSMON,char_MARSMON,"Может быть, когда дело касается тебя, но некоторых в этом мире
можно остановить только силой.",
mel_001_0_char_MERCURYMON,char_MERCURYMON,Я не гожусь на трон.,
mel_001_1_replay,char_PLAYER_M,Тогда отдай это мне!,
mel_001_1_reaction_char_MERCURYMON,char_MERCURYMON,"Вряд ли человек может шутить по этому поводу. Действительно,
безрассудно.",
mel_001_2_replay,char_PLAYER_M,Это неправда.,
mel_001_2_reaction_char_MERCURYMON,char_MERCURYMON,"Вам может так показаться, но мне подходит бродячая жизнь. Она
может многое предложить.",
mel_001_3_replay,char_PLAYER_M,Ты был создан для этого.,
mel_001_3_reaction_char_MERCURYMON,char_MERCURYMON,"Даже если бы это было правдой, теперь я твой союзник. У меня нет
времени ухаживать за троном.",
mel_001_4_replay,char_PLAYER_M,"Значит, передать это кому-то другому?",
mel_001_4_reaction_char_MERCURYMON,char_MERCURYMON,"Конечно, если я встречу кого-то, достойного этого. Возможно, они
пересекутся на нашем пути в этом путешествии.",
nep_001_0_char_NEPTUNEMON,char_NEPTUNEMON,Мы должны защитить прекрасные моря.,
nep_001_1_replay,char_PLAYER_M,Я чувствую то же самое.,
nep_001_1_reaction_char_NEPTUNEMON,char_NEPTUNEMON,"Чувства, безусловно, важны, но нам нужны действия. Не то чтобы я
должен был вам это говорить.",
nep_001_2_replay,char_PLAYER_M,Как нам это сделать?,
nep_001_2_reaction_char_NEPTUNEMON,char_NEPTUNEMON,"Нам многое предстоит сделать. Не могли бы мы вместе поразмыслить
над этим вопросом?",
nep_001_3_replay,char_PLAYER_M,Я бы хотел помочь.,
nep_001_3_reaction_char_NEPTUNEMON,char_NEPTUNEMON,"Это обнадеживает. Несомненно, с помощью человечества нас ждет
светлое будущее.",
nep_001_4_replay,char_PLAYER_M,Ты должен предоставить это мне.,
nep_001_4_reaction_char_NEPTUNEMON,char_NEPTUNEMON,"Я ценю ваши чувства, но это мой долг. Но да, давайте работать
вместе.",
mine_001_0_char_MINERVAMON,char_MINERVAMON,Проводить время с человеком не так уж и убого.,
mine_001_1_replay,char_PLAYER_M,Пока вы можете так думать.,
mine_001_1_reaction_char_MINERVAMON,char_MINERVAMON,"Боже, это правда? Что ж, если у тебя есть другая сторона,
которую ты хочешь мне показать, поторопись и сделай это уже.",
mine_001_2_replay,char_PLAYER_M,Вас это не утомляет?,
mine_001_2_reaction_char_MINERVAMON,char_MINERVAMON,"Вовсе нет! Мне нравится узнавать о вашем распорядке дня. Давайте
узнаем еще больше!",
mine_001_3_replay,char_PLAYER_M,Разве ты не говоришь это просто из вежливости?,
mine_001_3_reaction_char_MINERVAMON,char_MINERVAMON,"Это ты такой сдержанный и чрезмерно вежливый. Давай просто будем
честными друг с другом.",
mine_001_4_replay,char_PLAYER_M,Давай останемся вместе навсегда.,
mine_001_4_reaction_char_MINERVAMON,char_MINERVAMON,"Разумеется, я намерен поступить именно так. В данный момент я не
могу представить себя вдали от тебя.",
meruv_001_0_char_MERVAMON,char_MERVAMON,Тебе еще предстоит повзрослеть.,
meruv_001_1_replay,char_PLAYER_M,Я хочу повзрослеть.,
meruv_001_1_reaction_char_MERVAMON,char_MERVAMON,"Просто думая, что этим ничего не добьешься. Сохраняй
хладнокровие и делай шаг за шагом.",
meruv_001_2_replay,char_PLAYER_M,Я не могу повзрослеть.,
meruv_001_2_reaction_char_MERVAMON,char_MERVAMON,"А ты не можешь? Я имею в виду не физическую зрелость, а
умственную. Все зависит от отношения.",
meruv_001_3_replay,char_PLAYER_M,Не обращайся со мной как с ребенком.,
meruv_001_3_reaction_char_MERVAMON,char_MERVAMON,"Можешь ли ты с уверенностью сказать, что ты взрослее меня?
Что-то подсказывает мне, что нет.",
meruv_001_4_replay,char_PLAYER_M,Я уже там!,
meruv_001_4_reaction_char_MERVAMON,char_MERVAMON,"Такие слова только доказывают, что ты все еще ребенок. И все же
мне нравится твоя невинная, детская сторона.",
apollo_001_0_char_APOLLOMON,char_APOLLOMON,Мне жарко?,
apollo_001_1_replay,char_PLAYER_M,Не совсем.,
apollo_001_1_reaction_char_APOLLOMON,char_APOLLOMON,"Возможно, мне не хватает усердия? Похоже, я должен удвоить свой
режим тренировок.",
apollo_001_2_replay,char_PLAYER_M,Ты такой и есть.,
apollo_001_2_reaction_char_APOLLOMON,char_APOLLOMON,"Должно быть, это горячая кровь бурлит в моих жилах, хотя я и
пытаюсь ее обуздать.",
apollo_001_3_replay,char_PLAYER_M,Слишком жарко.,
apollo_001_3_reaction_char_APOLLOMON,char_APOLLOMON,"В свете моей роли божества, полагаю, я должен воспринять это как
комплимент. Моя благодарность.",
apollo_001_4_replay,char_PLAYER_M,Душно.,
apollo_001_4_reaction_char_APOLLOMON,char_APOLLOMON,"Я приношу извинения, если жара доставляет неудобства, но я не
должен ослаблять свой пыл божества.",
diana_001_0_char_DIANAMON,char_DIANAMON,Мне ... холодно?,
diana_001_1_replay,char_PLAYER_M,Не совсем.,
diana_001_1_reaction_char_DIANAMON,char_DIANAMON,"Что ж, будьте предупреждены, потому что бывают моменты, когда я
могу быть воспринят как таковой.",
diana_001_2_replay,char_PLAYER_M,Ты такой и есть.,
diana_001_2_reaction_char_DIANAMON,char_DIANAMON,"Но, конечно, не все время? Должно быть, так кажется, потому что
я пускаю ледяные стрелы...",
diana_001_3_replay,char_PLAYER_M,Слишком холодно.,
diana_001_3_reaction_char_DIANAMON,char_DIANAMON,"Это то, что ты думаешь ?! Знаешь, иногда я обнимаю других с
теплотой в сердце!",
diana_001_4_replay,char_PLAYER_M,Ты кажешься холодной и безжизненной.,
diana_001_4_reaction_char_DIANAMON,char_DIANAMON,"Вот как я выгляжу? С этим ничего не поделаешь, но, пожалуйста,
обратите внимание и на другую мою сторону.",
vulca_001_0_char_VULCANUSMON,char_VULCANUSMON,"Грр ...! Я так занята, что у меня не хватает рук, чтобы со всем
этим справиться!",
vulca_001_1_replay,char_PLAYER_M,"Ну, а теперь ты просто жадничаешь.",
vulca_001_1_reaction_char_VULCANUSMON,char_VULCANUSMON,"У меня никогда не бывает достаточно денег, чтобы делать свою
лучшую работу, но я, безусловно, благословлен. Лучше заставь их работать.",
vulca_001_2_replay,char_PLAYER_M,Этого должно быть более чем достаточно.,
vulca_001_2_reaction_char_VULCANUSMON,char_VULCANUSMON,"Верно. Восьмерка могла бы сработать при правильном дизайне.
Лучше приложу нос к точильному камню.",
vulca_001_3_replay,char_PLAYER_M,Могу я протянуть вам руку помощи?,
vulca_001_3_reaction_char_VULCANUSMON,char_VULCANUSMON,"Дружба - это все, что мне действительно нужно. Имея восемь
конечностей, я верну это вчетверо больше!",
vulca_001_4_replay,char_PLAYER_M,Сколько еще тебе вообще нужно?,
vulca_001_4_reaction_char_VULCANUSMON,char_VULCANUSMON,"Чем больше, тем веселее, если хочешь знать мое мнение! Тем не
менее, ты хорош с теми двумя, что у тебя есть, верно?",
venus_001_0_char_VENUSMON,char_VENUSMON,Я никогда не пропущу ни одного твоего движения.,
venus_001_1_replay,char_PLAYER_M,Спасибо. Не спускай с меня глаз!,
venus_001_1_reaction_char_VENUSMON,char_VENUSMON,"Конечно. Но имейте в виду, что я вижу все - то, что лежит на
поверхности, и то, что внутри.",
venus_001_2_replay,char_PLAYER_M,Не смотри на меня.,
venus_001_2_reaction_char_VENUSMON,char_VENUSMON,"Собираюсь я смотреть на вас или нет, я наблюдаю за всем, что
можно увидеть в вас.",
venus_001_3_replay,char_PLAYER_M,Тебе обязательно так пристально смотреть?,
venus_001_3_reaction_char_VENUSMON,char_VENUSMON,"Я обещаю, что не пялюсь. Однако знай, что я всегда наблюдаю за
тобой.",
venus_001_4_replay,char_PLAYER_M,Ты действительно видишь меня?,
venus_001_4_reaction_char_VENUSMON,char_VENUSMON,"Восприятие тебя моим разумом, в отличие от моих глаз, позволяет
мне увидеть тебя истинного.",
bacc_001_0_char_BACCHUSMON,char_BACCHUSMON,"Скажи мне, какие фрукты ты любишь!",
bacc_001_1_replay,char_PLAYER_M,Фрукт с насыщенным ароматом.,
bacc_001_1_reaction_char_BACCHUSMON,char_BACCHUSMON,"Вино из таких фруктов опьяняет меня одним только ароматом... К
тому же я бываю довольно щедрым!",
bacc_001_2_replay,char_PLAYER_M,Сладкий фрукт.,
bacc_001_2_reaction_char_BACCHUSMON,char_BACCHUSMON,"При ферментации из этих фруктов получается мягкий напиток. Я
бы с удовольствием попробовала несколько!",
bacc_001_3_replay,char_PLAYER_M,Кислый фрукт.,
bacc_001_3_reaction_char_BACCHUSMON,char_BACCHUSMON,"Мне нравится хрустящая кислинка вин из таких фруктов. Давайте
устроим соревнование по выпивке!",
bacc_001_4_replay,char_PLAYER_M,Сочный фрукт.,
bacc_001_4_reaction_char_BACCHUSMON,char_BACCHUSMON,"Вина из сочных фруктов получаются терпкими и пьются легко,
особенно под хорошую историю!",
yuno_001_0_char_JUNOMON,char_JUNOMON,"Неужели я ... из тех, кто ревнует?",
yuno_001_1_replay,char_PLAYER_M,Вовсе нет. Ты сострадательный и добрый.,
yuno_001_1_reaction_char_JUNOMON,char_JUNOMON,"Я польщен, что ты так высокого мнения обо мне. Мне придется
держать свою ревность в узде...",
yuno_001_2_replay,char_PLAYER_M,"Конечно, нет.",
yuno_001_2_reaction_char_JUNOMON,char_JUNOMON,"Для меня облегчение слышать это. И все же мне интересно, на
каком основании вы это говорите...",
yuno_001_3_replay,char_PLAYER_M,Не беспокойся об этом.,
yuno_001_3_reaction_char_JUNOMON,char_JUNOMON,"Такой ответ беспокоит меня еще больше. Тем не менее, я ценю вашу
доброту.",
yuno_001_4_replay,char_PLAYER_M,Ты зеленоглазый монстр.,
yuno_001_4_reaction_char_JUNOMON,char_JUNOMON,"Понятно... Я буду осторожен, чтобы не слишком привязаться к
тебе.",
yunoh_001_0_char_JUNOMON_HYSTERICMODE,,"Что плохого в том, чтобы ревновать?",
yunoh_001_1_replay,char_PLAYER_M,"Ничего, вот что.",
yunoh_001_1_reaction_char_JUNOMON_HYSTERICMODE,,"Тогда я отдамся этому стремлению. Пожалуйста, не своди с меня
глаз.",
yunoh_001_2_replay,char_PLAYER_M,Это пустая трата твоей красоты.,
yunoh_001_2_reaction_char_JUNOMON_HYSTERICMODE,,"Но подумайте вот о чем. Если вы не можете встретить человека,
которого любите, в чем смысл красоты?",
yunoh_001_3_replay,char_PLAYER_M,Это доставляет неприятности всем.,
yunoh_001_3_reaction_char_JUNOMON_HYSTERICMODE,,"По крайней мере, я буду осторожен, чтобы не доставить вам
никаких неприятностей.",
yunoh_001_4_replay,char_PLAYER_M,Это заставляет всех отстраняться от тебя.,
yunoh_001_4_reaction_char_JUNOMON_HYSTERICMODE,,"Боюсь, это неизбежно. Не своди с меня глаз, я выставлена на
всеобщее обозрение.",
cere_001_0_char_CERESMON,char_CERESMON,Неужели я нигде не могу насладиться чарующим певческим голосом?,
cere_001_1_replay,char_PLAYER_M,Это будет нелегко.,
cere_001_1_reaction_char_CERESMON,char_CERESMON,"Полагаю, что нет... Но я не сдамся, поэтому, пожалуйста,
помогите мне в поисках.",
cere_001_2_replay,char_PLAYER_M,Почему бы не поискать с неба?,
cere_001_2_reaction_char_CERESMON,char_CERESMON,"Естественно, я намерен это сделать. Давайте вместе послушаем с
небес!",
cere_001_3_replay,char_PLAYER_M,"Хочешь, я спою для тебя?",
cere_001_3_reaction_char_CERESMON,char_CERESMON,"Я ценю вашу мысль, но я ищу по-настоящему чарующий голос, а не
просто человеческое пение.",
cere_001_4_replay,char_PLAYER_M,Давайте искать вместе.,
cere_001_4_reaction_char_CERESMON,char_CERESMON,Я благодарю тебя. Мы воспарим в бескрайние небеса вместе.,
cerem_001_0_char_CERESMON_MEDIUM,,Ты не голоден?,
cerem_001_1_replay,char_PLAYER_M,Я хочу собрать немного орехов.,
cerem_001_1_reaction_char_CERESMON_MEDIUM,,"Принимайте благословения Гайи с благодарностью. Соберите слишком
много, и может случиться катастрофа.",
cerem_001_2_replay,char_PLAYER_M,Я сыт.,
cerem_001_2_reaction_char_CERESMON_MEDIUM,,"Да, вы выглядели так, как будто могли бы быть. Так вот как
выглядит довольный человек.",
cerem_001_3_replay,char_PLAYER_M,Ты мне что-то предлагаешь?,
cerem_001_3_reaction_char_CERESMON_MEDIUM,,"У меня здесь есть плоды Карпоса Хуле, но они могут не подойти
человеческому вкусу.",
cerem_001_4_replay,char_PLAYER_M,Я умираю с голоду.,
cerem_001_4_reaction_char_CERESMON_MEDIUM,,"Бедняжка. Будь ты Дигимоном, я мог бы помочь, но, боюсь, я
ничего не смогу сделать. Прости меня.",
pluto_001_0_char_PLUTOMON,char_PLUTOMON,Ты меня боишься?,
pluto_001_1_replay,char_PLAYER_M,Ты потрясающая.,
pluto_001_1_reaction_char_PLUTOMON,char_PLUTOMON,"Слишком много лести погубит вас. Ужаса и насилия следует бояться
должным образом.",
pluto_001_2_replay,char_PLAYER_M,"Да, ты пугаешь.",
pluto_001_2_reaction_char_PLUTOMON,char_PLUTOMON,"Если у тебя нет греха или зла, достойного подземного мира, тебе
нечего меня бояться.",
pluto_001_3_replay,char_PLAYER_M,Я не боюсь.,
pluto_001_3_reaction_char_PLUTOMON,char_PLUTOMON,"Из подземного мира? Во-первых, я бы не отправил такого человека,
как ты, в это царство.",
pluto_001_4_replay,char_PLAYER_M,"Я не боюсь, но ты представляешь собой устрашающее зрелище.",
pluto_001_4_reaction_char_PLUTOMON,char_PLUTOMON,"Хотя и люди, и дигимоны согласились бы, союзник есть союзник.
Ты не будешь моей добычей.",
zplu_001_0_char_UNDEADPLUTOMON,,"Есть ли здесь поблизости свежие, сочные диджикоры?",
zplu_001_1_replay,char_PLAYER_M,Давай поищем вместе.,
zplu_001_1_reaction_char_UNDEADPLUTOMON,,"Я едва ли ожидал такого ответа... Кажется, ты готова заглянуть в
бездну вместе со мной.",
zplu_001_2_replay,char_PLAYER_M,Я понятия не имею.,
zplu_001_2_reaction_char_UNDEADPLUTOMON,,"У твоих друзей, похоже, есть отличные цифровые карты... Но я
полагаю, что ты, человек, был не тем, кто спрашивал.",
zplu_001_3_replay,char_PLAYER_M,"Даже если бы это было так, я бы тебе не сказал.",
zplu_001_3_reaction_char_UNDEADPLUTOMON,,"Дразнишь меня, да? Твои друзья в конечном итоге проиграют с
такой скоростью. Но пока тренируйся.",
zplu_001_4_replay,char_PLAYER_M,"Пожалуйста, проявите некоторую сдержанность.",
zplu_001_4_reaction_char_UNDEADPLUTOMON,,"Полагаю, теперь, когда мы союзники, я должен воздержаться.
Возьми меня с собой в путешествие, чтобы я мог хотя бы забыть о таких вещах.",
gnov_001_0_char_GRACENOVAMON,char_GRACENOVAMON,Есть ли у вас какой-нибудь интерес к путешествиям по галактике?,
gnov_001_1_replay,char_PLAYER_M,Я бы с удовольствием.,
gnov_001_1_reaction_char_GRACENOVAMON,char_GRACENOVAMON,"Устремите свои мысли в новые миры, и однажды ваши мечты станут
реальностью.",
gnov_001_2_replay,char_PLAYER_M,Что это за место такое?,
gnov_001_2_reaction_char_GRACENOVAMON,char_GRACENOVAMON,"Сверхпространство внутри меня трудно описать, но оно покажет вам
новые миры.",
gnov_001_3_replay,char_PLAYER_M,Могу ли я там дышать?,
gnov_001_3_reaction_char_GRACENOVAMON,char_GRACENOVAMON,"Галактика Цифрового мира может отличаться от вашей собственной,
но я помогу вам.",
gnov_001_4_replay,char_PLAYER_M,"Нет, со мной все в порядке.",
gnov_001_4_reaction_char_GRACENOVAMON,char_GRACENOVAMON,"Так вы говорите, но я сам - галактика. Таким образом, вы уже
отправились в путешествие.",
gloco_001_0_char_GROUNDLOCOMON,char_GROUNDLOCOMON,"Думаешь, ты сможешь угнаться за моей сверхскоростью?",
gloco_001_1_replay,char_PLAYER_M,Запросто.,
gloco_001_1_reaction_char_GROUNDLOCOMON,char_GROUNDLOCOMON,"Рад это слышать, потому что гоняться по Сети в полном
одиночестве становится скучно. А теперь поехали!",
gloco_001_2_replay,char_PLAYER_M,Куда ты так спешишь?,
gloco_001_2_reaction_char_GROUNDLOCOMON,char_GROUNDLOCOMON,"Я хочу пройти от одного конца Сети до другого и показать вам
весь Цифровой мир!",
gloco_001_3_replay,char_PLAYER_M,"Не заинтересован в том, чтобы пытаться.",
gloco_001_3_reaction_char_GROUNDLOCOMON,char_GROUNDLOCOMON,"Тогда освободи дорогу. Я не хочу врезаться в тебя и разбить
вдребезги.",
gloco_001_4_replay,char_PLAYER_M,Ты слишком быстр.,
gloco_001_4_reaction_char_GROUNDLOCOMON,char_GROUNDLOCOMON,"Скорость - это все для машины. Я собираюсь становиться только
быстрее, так что тебе лучше не отставать!",
omega_001_0_char_OMEGAMON,char_OMEGAMON,"Бой - это жестокая, болезненная вещь.",
omega_001_1_replay,char_PLAYER_M,Давайте бороться вместе.,
omega_001_1_reaction_char_OMEGAMON,char_OMEGAMON,"Кажется, ваша решимость окрепла. Теперь, когда мы товарищи, наши
сердца и умы едины.",
omega_001_2_replay,char_PLAYER_M,Мы должны избегать этого.,
omega_001_2_reaction_char_OMEGAMON,char_OMEGAMON,"Битва за искоренение зла неизбежна, но я был бы рад услышать
любой ваш план.",
omega_001_3_replay,char_PLAYER_M,Поверь мне. Я знаю.,
omega_001_3_reaction_char_OMEGAMON,char_OMEGAMON,"Вы тоже видели свою долю кровавой бойни. Я хотел бы когда-нибудь
услышать ваши истории.",
omega_001_4_replay,char_PLAYER_M,Это не жестоко и не причиняет боли.,
omega_001_4_reaction_char_OMEGAMON,char_OMEGAMON,"Я предлагаю вам отбросить бахвальство. Вместо этого позвольте
мне поддержать потребности вашего сердца.",
gob_001_0_char_GOBURIMON,char_GOBURIMON,"Я безумно крутой, да? Как и все мои приятели!",
gob_001_1_replay,char_PLAYER_M,Ты хорошо умеешь убегать и прятаться.,
gob_001_1_reaction_char_GOBURIMON,char_GOBURIMON,"... Ч-что ?! Может быть, вы не слышали, но нужно мужество, чтобы
понять, когда нужно спасаться бегством!",
gob_001_2_replay,char_PLAYER_M,Ты хитрый.,
gob_001_2_reaction_char_GOBURIMON,char_GOBURIMON,"Говорите, что хотите! Я и мои приятели просто деремся умно, вот
и все!",
gob_001_3_replay,char_PLAYER_M,"Да, может быть.",
gob_001_3_reaction_char_GOBURIMON,char_GOBURIMON,"Тогда просто радуйся, что мы на одной стороне. Я всегда забочусь
о своих друзьях.",
gob_001_4_replay,char_PLAYER_M,"Скорее, довольно слабый.",
gob_001_4_reaction_char_GOBURIMON,char_GOBURIMON,"Если это то, что ты думаешь, тогда оберегай меня. Я имею в виду,
мы же друзья, верно? Верно?",
oga_001_0_char_ORGEMON,char_ORGEMON,"Что? Я выгляжу взбешенным? Я в отличном настроении, говорю тебе!",
oga_001_1_replay,char_PLAYER_M,"Все, что я вижу, - это сердитую рожу.",
oga_001_1_reaction_char_ORGEMON,char_ORGEMON,"Я в лучшем настроении, когда злюсь! Разозлите меня еще больше, и
я отправлю кого-нибудь в полет!",
oga_001_2_replay,char_PLAYER_M,"В таком случае, давайте споем.",
oga_001_2_reaction_char_ORGEMON,char_ORGEMON,"Дурачок! Сейчас не время для песенки! Я дерусь с крутыми
парнями, когда у меня хорошее настроение!",
oga_001_3_replay,char_PLAYER_M,"Я имею в виду, да, очевидно.",
oga_001_3_reaction_char_ORGEMON,char_ORGEMON,"Верно? Я так счастлив, что это бесит! Я хочу отправить в полет
какого-нибудь шутника!",
oga_001_4_replay,char_PLAYER_M,"Тогда улыбнись, почему бы тебе этого не сделать?",
oga_001_4_reaction_char_ORGEMON,char_ORGEMON,"Я улыбаюсь, черт возьми! Как ты думаешь, что это у меня с лица
слетает, долгий чих?!",
fuga_001_0_char_FUGAMON,char_FUGAMON,Ты занимаешься спортом?,
fuga_001_1_replay,char_PLAYER_M,Что мне следует делать?,
fuga_001_1_reaction_char_FUGAMON,char_FUGAMON,"Как насчет того, чтобы помахать костяной дубинкой вроде меня?
Это добавит тебе мускулов.",
fuga_001_2_replay,char_PLAYER_M,Я хочу позаниматься с тобой.,
fuga_001_2_reaction_char_FUGAMON,char_FUGAMON,"Ты не на моем уровне, малыш. Люди должны вырабатывать
человеческий стиль. Ты меня понял? Подумай об этом.",
fuga_001_3_replay,char_PLAYER_M,Я такой и есть.,
fuga_001_3_reaction_char_FUGAMON,char_FUGAMON,"Не смотри так, но я думаю, что нечестно сравнивать кого-либо с
моим измученным телом.",
fuga_001_4_replay,char_PLAYER_M,Вовсе нет.,
fuga_001_4_reaction_char_FUGAMON,char_FUGAMON,"Тогда как ты собираешься защищаться? Но, мэх. Не то чтобы я не
бросился на помощь.",
hyoga_001_0_char_HYOUGAMON,char_HYOUGAMON,"Эй, приятель, ты дрожишь от холода?",
hyoga_001_1_replay,char_PLAYER_M,Холодно. Согрей меня.,
hyoga_001_1_reaction_char_HYOUGAMON,char_HYOUGAMON,"Как насчет того, чтобы мы с тобой немного перекусили? У моего
снежного пунша острый привкус.",
hyoga_001_2_replay,char_PLAYER_M,"Мне холодно, но я не дрожу.",
hyoga_001_2_reaction_char_HYOUGAMON,char_HYOUGAMON,"Тогда позволь мне сказать тебе кое-что приятное. От такой дикой
беготни, как у меня, кровь бурлит в жилах!",
hyoga_001_3_replay,char_PLAYER_M,"Я не возражаю, чтобы оно было немного прохладным.",
hyoga_001_3_reaction_char_HYOUGAMON,char_HYOUGAMON,"Мило, мило. Как насчет того, чтобы положить лед на плечи, как я?
Из него получается хорошее оружие.",
hyoga_001_4_replay,char_PLAYER_M,Конечно! Этот холод пробирает до костей.,
hyoga_001_4_reaction_char_HYOUGAMON,char_HYOUGAMON,"Что за лентяй. Почему бы тебе не совершить пробежку, разогреть
свое тело? Я даже присоединюсь к тебе, чтобы пробежать несколько кругов.",
gray_001_0_char_GREYMON,char_GREYMON,"Ты всегда очень добр ко мне. Хе-хе. Думаю, это значит, что ты
мой фанат!",
gray_001_1_replay,char_PLAYER_M,"Если ты будешь вести себя слишком самонадеянно, это сведет меня
с ума.",
gray_001_1_reaction_char_GREYMON,char_GREYMON,"Оооочень страшно! Но на самом деле ты не такой, когда злишься,
не так ли?",
gray_001_2_replay,char_PLAYER_M,"Но что, если у меня есть какой-то скрытый мотив?",
gray_001_2_reaction_char_GREYMON,char_GREYMON,"А? Я не подумал об этом ... Хм. Почему именно ты так добр ко
мне?",
gray_001_3_replay,char_PLAYER_M,У тебя неправильное представление.,
gray_001_3_reaction_char_GREYMON,char_GREYMON,"Хе-хе. Что ж, оставлю все как есть... Но нет причин не стараться
для своего партнера!",
gray_001_4_replay,char_PLAYER_M,"Да, ты потрясающая!",
gray_001_4_reaction_char_GREYMON,char_GREYMON,"Э-э, да... Спасибо. Мне немного неловко, когда ты вот так просто
выходишь и говоришь это.",
tita_001_0_char_TITAMON,char_TITAMON,"Кости побежденных принадлежат мне, и я могу претендовать на них.",
tita_001_1_replay,char_PLAYER_M,Как жестоко.,
tita_001_1_reaction_char_TITAMON,char_TITAMON,"Простое уничтожение павших может быть более милосердным, но мой
долг - собрать их обиды.",
tita_001_2_replay,char_PLAYER_M,Звучит как хорошая поминальная служба.,
tita_001_2_reaction_char_TITAMON,char_TITAMON,"Да? Я навеки забираю на себя обиды падших. Несомненно, нет
большего позора.",
tita_001_3_replay,char_PLAYER_M,Для чего ты это делаешь?,
tita_001_3_reaction_char_TITAMON,char_TITAMON,"Данные остаются в их костях. Собирая их, я — на самом деле, мы —
наследуем их недовольство.",
tita_001_4_replay,char_PLAYER_M,Это звучит как настоящая рутинная работа.,
tita_001_4_reaction_char_TITAMON,char_TITAMON,"Я не нуждаюсь в твоей жалости, человек. Если ты должен, пожалей
обиды, оставшиеся в этих костях.",
chro_001_0_char_CHRONOMON,char_CHRONOMON_BOSS_EVENT,Я хочу быть свободным... Свободным от всех форм контроля.,
chro_001_1_replay,char_PLAYER_M,Однажды ты будешь свободен.,
chro_001_1_reaction_char_CHRONOMON,char_CHRONOMON_BOSS_EVENT,"Так что я не должен терять надежду, даже если я не знаю, когда
этот день настанет...?",
chro_001_2_replay,char_PLAYER_M,На все есть свои ограничения.,
chro_001_2_reaction_char_CHRONOMON,char_CHRONOMON_BOSS_EVENT,"Совершенно верно. Все, что я могу сделать, это помнить об
этом...",
chro_001_3_replay,char_PLAYER_M,Теперь ты свободен.,
chro_001_3_reaction_char_CHRONOMON,char_CHRONOMON_BOSS_EVENT,"Вот как вы это воспринимаете? Возможно, дело в том, как я смотрю
на вещи...",
chro_001_4_replay,char_PLAYER_M,"Я здесь, чтобы помочь.",
chro_001_4_reaction_char_CHRONOMON,char_CHRONOMON_BOSS_EVENT,"Боюсь, вы всего лишь пытаетесь утешить меня, но я ценю вашу
поддержку.",
chdes_001_0_char_CHRONOMON_DESTROY,,"Вы верите в судьбу или, возможно, предначертание?",
chdes_001_1_replay,char_PLAYER_M,Я этого не делаю.,
chdes_001_1_reaction_char_CHRONOMON_DESTROY,,"Тогда сопротивляйся до самого конца. Я сделаю все, что в моих
силах, чтобы помочь тебе.",
chdes_001_2_replay,char_PLAYER_M,Я хочу этого.,
chdes_001_2_reaction_char_CHRONOMON_DESTROY,,"Если ты сомневаешься, позволь событиям идти своим чередом. Я
буду присматривать за тобой до конца.",
chdes_001_3_replay,char_PLAYER_M,Я знаю.,
chdes_001_3_reaction_char_CHRONOMON_DESTROY,,Верить легко. Но это также приносит боль. Будьте готовы к этому.,
chdes_001_4_replay,char_PLAYER_M,Я не хочу этого делать.,
chdes_001_4_reaction_char_CHRONOMON_DESTROY,,"И что вы собираетесь с этим делать? Если вы намерены
сопротивляться, я хотел бы помочь.",
puka_001_0_char_PUKAMON,char_PUKAMON,"Жаль, что я не могу подольше плавать в океанских глубинах...",
puka_001_1_replay,char_PLAYER_M,Попробуйте!,
puka_001_1_reaction_char_PUKAMON,char_PUKAMON,"Наверное, я никогда не научусь, если не попытаюсь, верно? Ладно,
тогда я пойду на это!",
puka_001_2_replay,char_PLAYER_M,Давайте выработаем стратегию.,
puka_001_2_reaction_char_PUKAMON,char_PUKAMON,"Да, давайте посмотрим, что делает это возможным. Я готов сделать
это по правилам!",
puka_001_3_replay,char_PLAYER_M,Пришло время для некоторой специальной подготовки.,
puka_001_3_reaction_char_PUKAMON,char_PUKAMON,"Специальная подготовка? Например, что-то, что я делаю сам? Я бы
очень хотел, чтобы ты присоединился ко мне.",
puka_001_4_replay,char_PLAYER_M,"Я буду наблюдать за тобой, пока ты будешь пытаться.",
puka_001_4_reaction_char_PUKAMON,char_PUKAMON,"Мне немного страшно пробовать в одиночку, поэтому я буду рад,
что ты будешь рядом. Ладно, давай сделаем это!",
otama_001_0_char_OTAMAMON,char_OTAMAMON,"Что я могу сделать, чтобы лучше петь?",
otama_001_1_replay,char_PLAYER_M,"Продолжайте практиковаться, точно так же, как вы это делали!",
otama_001_1_reaction_char_OTAMAMON,char_OTAMAMON,"Я понял, что не смогу стать лучше за одну ночь. Огромное
спасибо! Я продолжу усердно работать!",
otama_001_2_replay,char_PLAYER_M,Почему бы не сходить на концерт?,
otama_001_2_reaction_char_OTAMAMON,char_OTAMAMON,"Это хорошая идея! Слушать, как поют другие, тоже важно!",
otama_001_3_replay,char_PLAYER_M,"Я присоединюсь к тебе, если ты захочешь попрактиковаться.",
otama_001_3_reaction_char_OTAMAMON,char_OTAMAMON,"О, боже! Это очень мило с твоей стороны! Давай споем дуэтом,
только ты и я!",
otama_001_4_replay,char_PLAYER_M,Просто пойте от всего сердца!,
otama_001_4_reaction_char_OTAMAMON,char_OTAMAMON,"Я понимаю, что ты имеешь в виду! Пение - это больше, чем просто
умение. Это сердце!",
syako_001_0_char_SHAKOMON,char_SHAKOMON,Интересно... Что во мне самое очаровательное?,
syako_001_1_replay,char_PLAYER_M,Ваши мощные атаки!,
syako_001_1_reaction_char_SHAKOMON,char_SHAKOMON,"Да! Я такой милый, ты и представить себе не можешь, что я могу
бросить тебя. Ты действительно понимаешь меня, ха!",
syako_001_2_replay,char_PLAYER_M,"Ваша тактика, которая сбивает с толку ваших врагов!",
syako_001_2_reaction_char_SHAKOMON,char_SHAKOMON,Ага. Битва начинается с твоей башки! И я весь башка!,
syako_001_3_replay,char_PLAYER_M,"Эта оболочка, которая защищает моего маленького друга!",
syako_001_3_reaction_char_SHAKOMON,char_SHAKOMON,Да? Я так и думал! Эта моя оболочка довольно хороша.,
syako_001_4_replay,char_PLAYER_M,"Тот факт, что ты настоящая милашка патути!",
syako_001_4_reaction_char_SHAKOMON,char_SHAKOMON,Хехехе... Ты меня смущаешь. Но все равно спасибо.,
goma_001_0_char_GOMAMON,char_GOMAMON,"Рыбка, рыбка, рыбка-рыбка! * вздох * Я хочу съесть немного
рыбы...",
goma_001_1_replay,char_PLAYER_M,"Тогда иди, налови уже немного.",
goma_001_1_reaction_char_GOMAMON,char_GOMAMON,"Можешь не сомневаться, я так и сделаю! И после того, как я
поймаю несколько штук, я дам и тебе немного!",
goma_001_2_replay,char_PLAYER_M,Почему бы не устроить ловушку?,
goma_001_2_reaction_char_GOMAMON,char_GOMAMON,"Разве не было бы быстрее, если бы я просто поймал их? Но,
возможно, мне стоит попробовать самый простой способ.",
goma_001_3_replay,char_PLAYER_M,"Ладно, пойдем на рыбалку!",
goma_001_3_reaction_char_GOMAMON,char_GOMAMON,"Это то, что я хотел услышать! Мы наловим тонну рыбы!",
goma_001_4_replay,char_PLAYER_M,"Хочешь, я пойду поищу что-нибудь?",
goma_001_4_reaction_char_GOMAMON,char_GOMAMON,"Спасибо. Это действительно делает меня счастливой! Давайте
найдем несколько штук вместе и съедим их!",
gani_001_0_char_GANIMON,char_GANIMON,"Эй, давай поиграем в эту человеческую игру, камень-ножницы-бумаг
а! Раз, два...",
gani_001_1_replay,char_PLAYER_M,Никакой пощады... Рок!,
gani_001_1_reaction_char_GANIMON,char_GANIMON,Черт возьми! Я проиграл... Но я победил духом!,
gani_001_2_replay,char_PLAYER_M,Как насчет этого?.. Непревзойденная рука!,
gani_001_2_reaction_char_GANIMON,char_GANIMON,"Ух ты! Ты делала камень, ножницы и бумагу одновременно! Мне еще
многому нужно научиться...",
gani_001_3_replay,char_PLAYER_M,Я пойду порисую... Ножницы!,
gani_001_3_reaction_char_GANIMON,char_GANIMON,"Эй, ты сделал ножницы, прямо как я! Это значит, что мы друзья!",
gani_001_4_replay,char_PLAYER_M,"Думаю, я позволю тебе выиграть... Бумага!",
gani_001_4_reaction_char_GANIMON,char_GANIMON,"Я выиграл! Ура! Но... Я знаю, что ты сделал... В любом случае,
спасибо.",
kame_001_0_char_KAMEMON,char_KAMEMON,"Мне нужен макияж... Что я должен изменить, чтобы придать себе
этот вау-эффект?",
kame_001_1_replay,char_PLAYER_M,Замените свой шлем на новый!,
kame_001_1_reaction_char_KAMEMON,char_KAMEMON,"Понятно. Я должен быть достаточно храбрым, чтобы изменить то,
что выделяется больше всего!",
kame_001_2_replay,char_PLAYER_M,Почему бы не начать с чтения модного журнала?,
kame_001_2_reaction_char_KAMEMON,char_KAMEMON,"Журнал о моде ...? Хм. Нравится книга, в которой демонстрируются
последние новинки одежды? Звучит интересно!",
kame_001_3_replay,char_PLAYER_M,Я сошью тебе какую-нибудь новую одежду.,
kame_001_3_reaction_char_KAMEMON,char_KAMEMON,"Ты бы сделал все это? Ради меня, старого маленького? Ты не
представляешь, как я счастлива!",
kame_001_4_replay,char_PLAYER_M,"Ты потрясающая такая, какая ты есть.",
kame_001_4_reaction_char_KAMEMON,char_KAMEMON,"О, черт... Спасибо. Я серьезно. Не обращай внимания на румянец и
все такое...",
seado_001_0_char_SEADRAMON,char_SEADRAMON,"Мой хвост... Я, гордый. Должен стать сильнее!",
seado_001_1_replay,char_PLAYER_M,Ты все еще можешь стать сильнее!,
seado_001_1_reaction_char_SEADRAMON,char_SEADRAMON,"Конечно! Но я рад, что ты это говоришь...",
seado_001_2_replay,char_PLAYER_M,Почему бы не разработать новый ход?,
seado_001_2_reaction_char_SEADRAMON,char_SEADRAMON,"Новый ход... Да, круто. Ты, помоги мне подумать ...?",
seado_001_3_replay,char_PLAYER_M,Я помогу тебе с тренировками.,
seado_001_3_reaction_char_SEADRAMON,char_SEADRAMON,Тренируйтесь вместе... Звучит весело. Я счастлив...,
seado_001_4_replay,char_PLAYER_M,Красный цвет на кончике твоего хвоста - это круто.,
seado_001_4_reaction_char_SEADRAMON,char_SEADRAMON,"Да! Красная часть, круто! Ты ... хорошо понимаешь!",
octa_001_0_char_OCTMON,char_OCTMON,"Аррр! ""ты не заметил за последнее время какую-нибудь модную
добычу?",
octa_001_1_replay,char_PLAYER_M,Я бы не возражал против охоты за сокровищами.,
octa_001_1_reaction_char_OCTMON,char_OCTMON,"Да, поиск, полный опасностей. Пусть мы найдем земли, подобных
которым еще никто не видел.",
octa_001_2_replay,char_PLAYER_M,Почему бы не почитать старый том?,
octa_001_2_reaction_char_OCTMON,char_OCTMON,"Йо-хо! Возможно, мы сможем найти знание о том, как разграбить
то, что было припрятано.",
octa_001_3_replay,char_PLAYER_M,Давай поищем что-нибудь вместе!,
octa_001_3_reaction_char_OCTMON,char_OCTMON,"Ну, разве ты не загляденье! Удача растет только среди товарищей
— как и веселье!",
octa_001_4_replay,char_PLAYER_M,Ты - настоящее сокровище.,
octa_001_4_reaction_char_OCTMON,char_OCTMON,"Разрази меня гром! Я об этом не подумал. Ты доставил
удовольствие этому старому морскому волку сверх всякой меры.",
gawa_001_0_char_GAWAPPAMON,char_GAWAPPAMON,"* вздох* Нужно найти мне несколько новых мелодий, чтобы
заставить это сердце учащенно биться...",
gawa_001_1_replay,char_PLAYER_M,"Может быть, тебе стоит сделать свой собственный?",
gawa_001_1_reaction_char_GAWAPPAMON,char_GAWAPPAMON,"Я никогда об этом не думал! Мои собственные треки... Вот это
была бы шумиха!",
gawa_001_2_replay,char_PLAYER_M,Почему бы не сходить в клубы?,
gawa_001_2_reaction_char_GAWAPPAMON,char_GAWAPPAMON,"Теперь ты заговорил! Нет ничего лучше, чем быть там, прямо
посреди музыки!",
gawa_001_3_replay,char_PLAYER_M,"Хочешь, я что-нибудь спою?",
gawa_001_3_reaction_char_GAWAPPAMON,char_GAWAPPAMON,Ты бы спел только для меня? Это было бы чертовски круто!,
gawa_001_4_replay,char_PLAYER_M,"Ты действительно любишь музыку, да?",
gawa_001_4_reaction_char_GAWAPPAMON,char_GAWAPPAMON,"Жизнь без музыки не стоит того, чтобы жить! Мелодии должны
звучать каждый день!",
hoe_001_0_char_WHAMON,char_WHAMON,"Хо, парень... У меня что-то с животиком не в порядке...",
hoe_001_1_replay,char_PLAYER_M,Почему бы не выпить немного воды?,
hoe_001_1_reaction_char_WHAMON,char_WHAMON,"О, понятно! Если бы я съел что-нибудь смешное, я мог бы
проглотить это большим глотком, а?",
hoe_001_2_replay,char_PLAYER_M,"Должны ли мы проверить, нет ли желудочных заболеваний?",
hoe_001_2_reaction_char_WHAMON,char_WHAMON,"Конечно, лучше проверить, чем пытаться справиться с этим
вслепую. Хорошее решение!",
hoe_001_3_replay,char_PLAYER_M,"Может, мне заглянуть тебе в живот?",
hoe_001_3_reaction_char_WHAMON,char_WHAMON,"Что? Ты был бы готов пойти туда? Ради меня? Как предусмотрительн
о с твоей стороны... Спасибо.",
hoe_001_4_replay,char_PLAYER_M,"О, это очень плохо... Но я здесь ради тебя!",
hoe_001_4_reaction_char_WHAMON,char_WHAMON,"Эти слова облегчают боль лучше, чем любое лекарство. Спасибо
вам за вашу доброту.",
megas_001_0_char_MEGASEADRAMON,char_MEGASEADRAMON,Мой клинок... Потрясающий... Kehehe.,
megas_001_1_replay,char_PLAYER_M,"И мощный, в придачу!",
megas_001_1_reaction_char_MEGASEADRAMON,char_MEGASEADRAMON,"Ты... получишь это. Клинок, сильный! Клинок, КРУТОЙ!",
megas_001_2_replay,char_PLAYER_M,"Было бы еще лучше, если бы ты позаботился об этом.",
megas_001_2_reaction_char_MEGASEADRAMON,char_MEGASEADRAMON,"Заботился? Я, никогда не думай об этом... Я, учись...",
megas_001_3_replay,char_PLAYER_M,"Хочешь, я отполирую его для тебя?",
megas_001_3_reaction_char_MEGASEADRAMON,char_MEGASEADRAMON,"Да! Я, благодарный. Ты, хороший человек.",
megas_001_4_replay,char_PLAYER_M,Ты сам просто потрясающий!,
megas_001_4_reaction_char_MEGASEADRAMON,char_MEGASEADRAMON,Я тоже? Не только Блейд...? Ты говоришь приятные вещи.,
warus_001_0_char_WARUSEADRAMON,char_WARUSEADRAMON,"Сделай так, чтобы мой голос звучал круто, когда ты со мной
разговариваешь.",
warus_001_1_replay,char_PLAYER_M,Да здравствует герой ВаруСеадрамон!,
warus_001_1_reaction_char_WARUSEADRAMON,char_WARUSEADRAMON,"Ты продолжаешь разговаривать со мной в таком тоне, и держу пари,
я действительно могу вырваться!",
warus_001_2_replay,char_PLAYER_M,"Доброго дня тебе, Храбрый ВаруСеадрамон!",
warus_001_2_reaction_char_WARUSEADRAMON,char_WARUSEADRAMON,"Заставляет меня говорить как одного из тех странствующих
самураев. Да, в этом есть что-то особенное.",
warus_001_3_replay,char_PLAYER_M,"Что это такое, мой WaruSeadramon.",
warus_001_3_reaction_char_WARUSEADRAMON,char_WARUSEADRAMON,"Звучит очень ... дружелюбно. Да, мне нравится.",
warus_001_4_replay,char_PLAYER_M,"Привет, Малышка Варусеадрамон!",
warus_001_4_reaction_char_WARUSEADRAMON,char_WARUSEADRAMON,"""Малыш"" - полная противоположность классности! Это даже мило!
Тем не менее... Не так уж плохо, я думаю.",
dago_001_0_char_DAGOMON,char_DAGOMON,Темнота ... это ... успокаивает...,
dago_001_1_replay,char_PLAYER_M,Давай прогуляемся на солнышке.,
dago_001_1_reaction_char_DAGOMON,char_DAGOMON,"Мне это не нравится... и все же, возможно, будет интересно
попробовать.",
dago_001_2_replay,char_PLAYER_M,"Интересно, откуда берется тьма?..",
dago_001_2_reaction_char_DAGOMON,char_DAGOMON,Справедливый вопрос. Что касается ответа... Ищите его сами.,
dago_001_3_replay,char_PLAYER_M,Тогда давай отправимся на ночную прогулку.,
dago_001_3_reaction_char_DAGOMON,char_DAGOMON,"Ты выбираешь тьму, как и я? Хм. Возможно, мне не повредит
присоединиться к тебе на этот раз.",
dago_001_4_replay,char_PLAYER_M,Вас легко найти даже в темноте.,
dago_001_4_reaction_char_DAGOMON,char_DAGOMON,"Найти меня во мраке - задача не из легких... За исключением,
возможно, тебя...",
shaw_001_0_char_SHAWUJINMON,char_SHAWUJINMON,Я хочу жить неторопливой жизнью на реке с чистыми водами.,
shaw_001_1_replay,char_PLAYER_M,Почему бы нам не пойти поискать эту вашу реку?,
shaw_001_1_reaction_char_SHAWUJINMON,char_SHAWUJINMON,"Похоже, это отличное времяпрепровождение! Я мог бы на самом деле
поддержать вас в этом.",
shaw_001_2_replay,char_PLAYER_M,"Тогда давайте изучим, как очищать реки.",
shaw_001_2_reaction_char_SHAWUJINMON,char_SHAWUJINMON,"О! Мы можем снова сделать реки чистыми своими руками? Мне
действительно нравится эта идея.",
shaw_001_3_replay,char_PLAYER_M,Мы можем вместе очистить реки.,
shaw_001_3_reaction_char_SHAWUJINMON,char_SHAWUJINMON,"Это может занять некоторое время, но небольшая очистка реки
может быть забавной, если мы не будем торопиться.",
shaw_001_4_replay,char_PLAYER_M,"Я бы защитил реку, где ты мог бы жить.",
shaw_001_4_reaction_char_SHAWUJINMON,char_SHAWUJINMON,"У меня такое чувство, что ты бы тоже это сделал! Я тебе доверяю.",
metals_001_0_char_METALSEADRAMON,char_METALSEADRAMON,"Я хочу захватить власть над бескрайними океанами, бушуя везде,
где мне заблагорассудится.",
metals_001_1_replay,char_PLAYER_M,"Ты мог бы сделать это прямо сейчас, если бы захотел.",
metals_001_1_reaction_char_METALSEADRAMON,char_METALSEADRAMON,"ДА. Если бы я захотел, я бы правил всеми морями. Хочешь, я
покажу тебе, как я бы это сделал?",
metals_001_2_replay,char_PLAYER_M,По всему миру есть самые разные моря.,
metals_001_2_reaction_char_METALSEADRAMON,char_METALSEADRAMON,"Верно. И разные моря требуют разных методов атаки. Я должен
провести кое-какие исследования.",
metals_001_3_replay,char_PLAYER_M,Я хочу пойти с тобой!,
metals_001_3_reaction_char_METALSEADRAMON,char_METALSEADRAMON,"Хочешь посмотреть на мою великолепную прогулку по морям? Хм.
Когда-нибудь я возьму тебя с собой...",
metals_001_4_replay,char_PLAYER_M,"Держу пари, ты прекрасно выглядишь, когда плаваешь.",
metals_001_4_reaction_char_METALSEADRAMON,char_METALSEADRAMON,"Ты прекрасно понимаешь. Да, моя истинная красота проявляется во
всей красе, когда я нахожусь в океанских волнах.",
presi_001_0_char_PLESIOMON,char_PLESIOMON,Позвольте мне услышать о ваших амбициях.,
presi_001_1_replay,char_PLAYER_M,Путешествуя везде и всюду!,
presi_001_1_reaction_char_PLESIOMON,char_PLESIOMON,"Отправиться в путешествие по этому огромному миру, не так ли?
Это прекрасное стремление, нет, прекрасная мечта.",
presi_001_2_replay,char_PLAYER_M,Зная все об этом мире.,
presi_001_2_reaction_char_PLESIOMON,char_PLESIOMON,"Ты жаден до знаний больше, чем я когда-либо представлял. Такой
голод радует меня.",
presi_001_3_replay,char_PLAYER_M,Помогаю тебе в реализации твоих амбиций.,
presi_001_3_reaction_char_PLESIOMON,char_PLESIOMON,"Мои амбиции... Это большая сила. Возможно, с тобой я смог бы
достичь этой цели.",
presi_001_4_replay,char_PLAYER_M,Быть с тобой во веки веков.,
presi_001_4_reaction_char_PLESIOMON,char_PLESIOMON,"Хм. Если таково ваше желание, очень хорошо. Не то чтобы я
осуждал такую цель.",
mari_001_0_char_MARINEANGEMON,char_MARINEANGEMON,"Интересно, как все могут жить в мире?..",
mari_001_1_replay,char_PLAYER_M,Набравшись смелости поговорить друг с другом.,
mari_001_1_reaction_char_MARINEANGEMON,char_MARINEANGEMON,"Смелости... Я уверен, что мне ее не хватает. Но я чувствую, что
могу ее обрести, оставаясь рядом с тобой!",
mari_001_2_replay,char_PLAYER_M,Понимание друг друга - это ключ к успеху.,
mari_001_2_reaction_char_MARINEANGEMON,char_MARINEANGEMON,"Ты прав. Трудно быть вместе, а тем более разговаривать, если
тебе не хватает сочувствия и проницательности.",
mari_001_3_replay,char_PLAYER_M,"Давайте вместе придумаем, как это сделать.",
mari_001_3_reaction_char_MARINEANGEMON,char_MARINEANGEMON,"То, что я могу положиться на тебя, действительно успокаивает
меня. Давай продолжать держаться вместе!",
mari_001_4_replay,char_PLAYER_M,С любовью обязательно наступит мир.,
mari_001_4_reaction_char_MARINEANGEMON,char_MARINEANGEMON,"Да. Несмотря ни на что, я сохраню любовь и надежду в своем
сердце... особенно для тебя!",
jagame_001_0_char_JUMBOGAMEMON,char_JUMBOGAMEMON,"* крах * * бум * Я, блестящее, упругое тело! Я, супер крутой!",
jagame_001_1_replay,char_PLAYER_M,"Шикарно выглядишь, приятель!",
jagame_001_1_reaction_char_JUMBOGAMEMON,char_JUMBOGAMEMON,"Хехехе... Я надеялся, что ты это скажешь. Я хочу присоединиться
к соревнованиям по бодибилдингу среди людей!",
jagame_001_2_replay,char_PLAYER_M,И с соответствующим умом!,
jagame_001_2_reaction_char_JUMBOGAMEMON,char_JUMBOGAMEMON,"Я, мускулы и мозги! Смотри, как я ухожу! * грохот * * бах*",
jagame_001_3_replay,char_PLAYER_M,Такая ревнивая!,
jagame_001_3_reaction_char_JUMBOGAMEMON,char_JUMBOGAMEMON,"Хочешь, я и тебя потренирую? Мы становимся по-настоящему
крутыми. JumboGamemon гарантирует!",
jagame_001_4_replay,char_PLAYER_M,Твое сердце тоже практически сияет!,
jagame_001_4_reaction_char_JUMBOGAMEMON,char_JUMBOGAMEMON,"Я, сияющее сердце, но никто другой этого не видит... Но ты! Ты
видишь. Я, передай сияние ТЕБЕ!",
bab_001_0_char_BUBBMON,char_BUBBMON,"Гугу, гага!",
bab_001_1_replay,char_PLAYER_M,Ты злишься?,
bab_001_1_reaction_char_BUBBMON,char_BUBBMON,"Если это то, что ты думаешь, тогда поднимай свои очки! Гугу! Я
иду за тобой! Гага!",
bab_001_2_replay,char_PLAYER_M,Ты голоден?,
bab_001_2_reaction_char_BUBBMON,char_BUBBMON,"Если это то, что ты думаешь, тогда накорми меня! Гугу! Выясни,
что я хочу съесть! Гага!",
bab_001_3_replay,char_PLAYER_M,Тебе весело?,
bab_001_3_reaction_char_BUBBMON,char_BUBBMON,"Вы угадали, так что теперь вы должны поболтать со мной! Гугу!
Давай! Давай споем! Гага!",
bab_001_4_replay,char_PLAYER_M,Тебе больно?,
bab_001_4_reaction_char_BUBBMON,char_BUBBMON,"Вы угадали, так что теперь вы должны сказать: ""Боль, боль,
уходи!"" Гугу!",
pyoko_001_0_char_PYOCOMON,char_PYOCOMON,Разве цветок у меня на голове не прелесть?,
pyoko_001_1_replay,char_PLAYER_M,Я никогда не видел ничего подобного.,
pyoko_001_1_reaction_char_PYOCOMON,char_PYOCOMON,"Я преобразоваю в форму, которая будет такой же красивой, как
цветы вашего мира. Вот увидишь!",
pyoko_001_2_replay,char_PLAYER_M,Это вопросительный знак?,
pyoko_001_2_reaction_char_PYOCOMON,char_PYOCOMON,"Хм. Думаю, это похоже на правду, да? Это так же странно, как и
красиво!",
pyoko_001_3_replay,char_PLAYER_M,Это увядание?,
pyoko_001_3_reaction_char_PYOCOMON,char_PYOCOMON,"Я знаю, что он желтый, но это только так выглядит. Не нужно
беспокоиться. Честно!",
pyoko_001_4_replay,char_PLAYER_M,Как мне это назвать?,
pyoko_001_4_reaction_char_PYOCOMON,char_PYOCOMON,"Почему бы и нет, любое название, которое тебе понравится. Не
могу дождаться, чтобы услышать, какой прекрасный лейбл ты придумаешь!",
mochi_001_0_char_MOCHIMON,char_MOCHIMON,"Хочешь, я попробую надуть свое тело?",
mochi_001_1_replay,char_PLAYER_M,Я бы с удовольствием посмотрел на это!,
mochi_001_1_reaction_char_MOCHIMON,char_MOCHIMON,"Не смотри на меня просто так! Если тебе нравится то, что ты
видишь, тогда давай сражаться вместе!",
mochi_001_2_replay,char_PLAYER_M,Что в этом такого интересного?,
mochi_001_2_reaction_char_MOCHIMON,char_MOCHIMON,"Люди, кажется, получают от этого удовольствие. Смотрите в любое
время!",
mochi_001_3_replay,char_PLAYER_M,Тебе и не нужно этого делать.,
mochi_001_3_reaction_char_MOCHIMON,char_MOCHIMON,"Давай, не нужно быть таким напряженным! Я готов уйти в любое
время!",
mochi_001_4_replay,char_PLAYER_M,Тебе больно?,
mochi_001_4_reaction_char_MOCHIMON,char_MOCHIMON,"Далеко не так. На самом деле это довольно приятное ощущение.
Давай когда-нибудь надуем вместе!",
tane_001_0_char_TANEMON,char_TANEMON,Смотри! Смотри! Мой саженец прорастает!,
tane_001_1_replay,char_PLAYER_M,На самом деле он выглядит немного суховатым.,
tane_001_1_reaction_char_TANEMON,char_TANEMON,"Как грубо. Он не только не сухой, но и полон жизненной силы! Вам
не мешало бы поучиться у него!",
tane_001_2_replay,char_PLAYER_M,Зацветет ли она в конце концов?,
tane_001_2_reaction_char_TANEMON,char_TANEMON,"Не могу сказать наверняка, но держу пари, что так и будет.
Внимательно следи за этим ради меня, хорошо?",
tane_001_3_replay,char_PLAYER_M,Что это за саженец?,
tane_001_3_reaction_char_TANEMON,char_TANEMON,"Не могу вам сказать, но я уверен, что это будет ключом к моей
цифровой революции! Внимательно следите за мной!",
tane_001_4_replay,char_PLAYER_M,"Хочешь, я его полью?",
tane_001_4_reaction_char_TANEMON,char_TANEMON,"О, как вы добры! Тем не менее, не волнуйтесь. Я уверен, что буду
Дидживолвиться прекрасно, несмотря ни на что!",
piyo_001_0_char_PIYOMON,char_PIYOMON,"Интересно, что лежит за небесами?..",
piyo_001_1_replay,char_PLAYER_M,"Может быть, старые руины?",
piyo_001_1_reaction_char_PIYOMON,char_PIYOMON,"Оо! Давай отправимся в приключение! От одной мысли об этом у
меня голова идет кругом!",
piyo_001_2_replay,char_PLAYER_M,"Возможно, в неизвестный мир.",
piyo_001_2_reaction_char_PIYOMON,char_PIYOMON,"Понятно! Да, может быть! Я хочу узнать обо всех тех вещах,
которых я еще не знаю!",
piyo_001_3_replay,char_PLAYER_M,Вас ждут новые друзья!,
piyo_001_3_reaction_char_PIYOMON,char_PIYOMON,"Хи-хи! Держу пари, ты прав! Новые друзья, ждите меня! Я скоро
буду там!",
piyo_001_4_replay,char_PLAYER_M,Давайте выясним это вместе.,
piyo_001_4_reaction_char_PIYOMON,char_PIYOMON,"Хорошо! Эй, мы можем взяться за руки? Когда я с тобой, я
чувствую, что могу воспарить!",
tent_001_0_char_TENTOMON,char_TENTOMON,Старый добрый соль вкусный и поджаристый! Ооочень успокаивающий!,
tent_001_1_replay,char_PLAYER_M,Я готов ярко гореть!,
tent_001_1_reaction_char_TENTOMON,char_TENTOMON,"Тебе не терпится уйти, не так ли? Ты даже меня тут взбудоражил!",
tent_001_2_replay,char_PLAYER_M,"Соль? Что такое ""соль""?",
tent_001_2_reaction_char_TENTOMON,char_TENTOMON,"Я имею в виду солнце, приятель. Хе-хе. Знаешь, этот мой купол не
просто для показухи!",
tent_001_3_replay,char_PLAYER_M,"Тебе хочется вздремнуть, да?",
tent_001_3_reaction_char_TENTOMON,char_TENTOMON,"Ага, полностью... * зевок. * Как насчет того, чтобы в следующий
раз устроить нам с тобой небольшую сиесту?",
tent_001_4_replay,char_PLAYER_M,"Раз уж это так успокаивает, почему бы не сделать перерыв?",
tent_001_4_reaction_char_TENTOMON,char_TENTOMON,"Не, я в порядке. Хотя я ценю, что ты присматриваешь за мной,
приятель.",
fanbi_001_0_char_FUNBEEMON,char_FUNBEEMON,Привет всем. Я могу чем-нибудь помочь?,
fanbi_001_1_replay,char_PLAYER_M,"Ну, а ты не мог бы понести это барахло?",
fanbi_001_1_reaction_char_FUNBEEMON,char_FUNBEEMON,"Конечно, предоставьте это мне! Я умею таскать вещи!",
fanbi_001_2_replay,char_PLAYER_M,Что это за цветок такой?,
fanbi_001_2_reaction_char_FUNBEEMON,char_FUNBEEMON,"Давай посмотрим... Хм, я не знаю! Но я проверю вокруг и выясню!",
fanbi_001_3_replay,char_PLAYER_M,"Пчела, мой друг!",
fanbi_001_3_reaction_char_FUNBEEMON,char_FUNBEEMON,"Да? Но я не могу ... потому что мы уже друзья, верно?",
fanbi_001_4_replay,char_PLAYER_M,"Ты достаточно помогаешь, просто находясь здесь.",
fanbi_001_4_reaction_char_FUNBEEMON,char_FUNBEEMON,Ха-ха! Ты такой глупый. Но спасибо. Я всегда буду рядом с тобой!,
flo_001_0_char_FLORAMON,char_FLORAMON,Я немного хочу пить...,
flo_001_1_replay,char_PLAYER_M,Выдержи это!,
flo_001_1_reaction_char_FLORAMON,char_FLORAMON,"Ладно, время быть жестким ...! * тяжело дыша * Теперь я хочу
пить еще больше.",
flo_001_2_replay,char_PLAYER_M,При медленном потягивании воды вы лучше увлажняетесь.,
flo_001_2_reaction_char_FLORAMON,char_FLORAMON,"Правда? Хотел бы я знать все такие вещи, как ты.",
flo_001_3_replay,char_PLAYER_M,"Да, я тоже...",
flo_001_3_reaction_char_FLORAMON,char_FLORAMON,"Тогда мы можем сделать перерыв? Такими темпами я собираюсь
иссякнуть.",
flo_001_4_replay,char_PLAYER_M,Ты можешь выпить немного моей воды.,
flo_001_4_reaction_char_FLORAMON,char_FLORAMON,С-спасибо... Я буду смаковать каждую каплю.,
mash_001_0_char_MUSHMON,char_MUSHMON,Какую шутку мне следует выкинуть в следующий раз?,
mash_001_1_replay,char_PLAYER_M,"Если ты собираешься пошутить, то честно!",
mash_001_1_reaction_char_MUSHMON,char_MUSHMON,"Что, черт возьми, это вообще значит? Хотя, хм... Может быть, ты
на что-то натолкнулся.",
mash_001_2_replay,char_PLAYER_M,Какие розыгрыши ты выкидывал до сих пор?,
mash_001_2_reaction_char_MUSHMON,char_MUSHMON,Хочешь знать? Тогда позволь мне изложить тебе суть дела.,
mash_001_3_replay,char_PLAYER_M,Хочешь провести стратегическую сессию по этому поводу?,
mash_001_3_reaction_char_MUSHMON,char_MUSHMON,"Хехехе. О, ты бааад! Я врубаюсь. Давай хорошенько и долго
подумаем.",
mash_001_4_replay,char_PLAYER_M,"Ты можешь разыгрывать меня, но только меня.",
mash_001_4_reaction_char_MUSHMON,char_MUSHMON,"Как странно, хотеть, чтобы тебя разыграли. Но если ты
настаиваешь, я сойду с ума от этого.",
hawk_001_0_char_HAWKMON,char_HAWKMON,"Что бы вы сделали, если бы встретили кого-то, попавшего в беду?",
hawk_001_1_replay,char_PLAYER_M,"Конечно, я бы им помог!",
hawk_001_1_reaction_char_HAWKMON,char_HAWKMON,"Замечательно! Я чувствую, что поступил бы так же.",
hawk_001_2_replay,char_PLAYER_M,"Я бы спросил, что их беспокоит.",
hawk_001_2_reaction_char_HAWKMON,char_HAWKMON,"Действительно, если бы мы знали причину, то, возможно, смогли бы
что-то сделать, чтобы помочь.",
hawk_001_3_replay,char_PLAYER_M,Я бы постарался их подбодрить.,
hawk_001_3_reaction_char_HAWKMON,char_HAWKMON,"Все мы время от времени попадаем в беду. Неудивительно, что вам
хочется их утешить.",
hawk_001_4_replay,char_PLAYER_M,Я бы их обнял!,
hawk_001_4_reaction_char_HAWKMON,char_HAWKMON,"С-такие крайние меры ...! Тем не менее, я полагаю, что это легче
всего передало бы ваши намерения...",
mucho_001_0_char_MUCHOMON,char_MUCHOMON,Я сорвала букет фруктов! Какого цвета ты хочешь съесть?,
mucho_001_1_replay,char_PLAYER_M,"Красный, похоже, взбодрит меня!",
mucho_001_1_reaction_char_MUCHOMON,char_MUCHOMON,"Вкусно! Пряно-красное! Держу пари, ты в мгновение ока начнешь
дышать огнем!",
mucho_001_2_replay,char_PLAYER_M,"Интересно, какой на вкус темно-фиолетовый?",
mucho_001_2_reaction_char_MUCHOMON,char_MUCHOMON,"У него действительно странный цвет. Сам никогда его не пробовал.
Мне всегда было интересно, какой он на вкус.",
mucho_001_3_replay,char_PLAYER_M,Давай съедим желтую вместе.,
mucho_001_3_reaction_char_MUCHOMON,char_MUCHOMON,"Это вкусно, но кожура - это не шутка. Давайте попробуем
расколоть этого плохого парня вместе!",
mucho_001_4_replay,char_PLAYER_M,"Я возьму розовую, губчатую.",
mucho_001_4_reaction_char_MUCHOMON,char_MUCHOMON,"Этот фрукт настоящий, его очень легко помять. Обращайтесь с ним
осторожно, хорошо?",
worm_001_0_char_WORMMON,char_WORMMON,"Скажи, чем ты хочешь заниматься, когда вырастешь?",
worm_001_1_replay,char_PLAYER_M,Я хочу попробовать все виды испытаний!,
worm_001_1_reaction_char_WORMMON,char_WORMMON,"Да, сложно выбрать только одну, да? Лучше иметь много снов!",
worm_001_2_replay,char_PLAYER_M,Я хочу научиться самым разным вещам!,
worm_001_2_reaction_char_WORMMON,char_WORMMON,"Понятно! Мне тоже есть чему поучиться. Я должен последовать
твоему примеру!",
worm_001_3_replay,char_PLAYER_M,Я хочу завести самых разных друзей!,
worm_001_3_reaction_char_WORMMON,char_WORMMON,"Куча друзей, да? Конечно, было бы неплохо. Конечно, мы с тобой
уже друзья!",
worm_001_4_replay,char_PLAYER_M,"Я хочу быть с тобой, даже когда мы все вырастем!",
worm_001_4_reaction_char_WORMMON,char_WORMMON,"... Черт возьми, да – и ты будешь! Что бы ни случилось, мы
всегда будем друзьями!",
lala_001_0_char_LALAMON,char_LALAMON,"La laaa, la la laaaaa! ♪",
lala_001_1_replay,char_PLAYER_M,Эта мелодия так вдохновляет!,
lala_001_1_reaction_char_LALAMON,char_LALAMON,"О, да! Я вложил всю свою храбрость в песню. Я рад, что она
нашла отклик у вас!",
lala_001_2_replay,char_PLAYER_M,Это странная маленькая песенка.,
lala_001_2_reaction_char_LALAMON,char_LALAMON,Я посвятил свою пытливую натуру песне. Ля-ля-ляя! ♪,
lala_001_3_replay,char_PLAYER_M,Такая приятная мелодия.,
lala_001_3_reaction_char_LALAMON,char_LALAMON,"Это моя песня о дружбе! Мелодия, говорящая о том, что все должны
веселиться вместе!",
lala_001_4_replay,char_PLAYER_M,"Это что, колыбельная?",
lala_001_4_reaction_char_LALAMON,char_LALAMON,"Хохо. Даже не близко. Но если ты так сильно этого хочешь, я был
бы рад нежно напеть тебе.",
aquila_001_0_char_AQUILAMON,char_AQUILAMON,Интересно... Как вам мое выступление?,
aquila_001_1_replay,char_PLAYER_M,Ты сильный и надежный.,
aquila_001_1_reaction_char_AQUILAMON,char_AQUILAMON,Вы слишком добры. Я буду продолжать прилагать к вам все усилия!,
aquila_001_2_replay,char_PLAYER_M,Ваш интеллект - это огромное подспорье.,
aquila_001_2_reaction_char_AQUILAMON,char_AQUILAMON,"Для меня большая честь быть полезным. Я буду продолжать
оттачивать свое умственное мастерство!",
aquila_001_3_replay,char_PLAYER_M,Ты очень хороший друг.,
aquila_001_3_reaction_char_AQUILAMON,char_AQUILAMON,"Что ж, спасибо! Для меня большая честь, что вы считаете меня
равной!",
aquila_001_4_replay,char_PLAYER_M,Ты потрясающая!,
aquila_001_4_reaction_char_AQUILAMON,char_AQUILAMON,... Спасибо. Я тоже тебя ценю.,
wood_001_0_char_WOODMON,char_WOODMON,"Там нет ничего, что могло бы напугать меня! Ни за что!",
wood_001_1_replay,char_PLAYER_M,Даже огня нет?,
wood_001_1_reaction_char_WOODMON,char_WOODMON,"Уф... Н-Нет, не боюсь! Я могу... Я могу дать ему сдачи!",
wood_001_2_replay,char_PLAYER_M,Важно знать свои слабые стороны.,
wood_001_2_reaction_char_WOODMON,char_WOODMON,"Т-ты так думаешь? Может, ты и прав... Думаю, мне еще многому
предстоит научиться.",
wood_001_3_replay,char_PLAYER_M,Вместе мы двое неприкасаемы!,
wood_001_3_reaction_char_WOODMON,char_WOODMON,Именно! Никто не может встать на пути нашей дружбы!,
wood_001_4_replay,char_PLAYER_M,"Итак, что же там восхищает вас?",
wood_001_4_reaction_char_WOODMON,char_WOODMON,Хм. Никогда даже не думал об этом. Интересно...,
kabute_001_0_char_KABUTERIMON,char_KABUTERIMON,"Скажи мне. Что мне нужно, чтобы жить долго?",
kabute_001_1_replay,char_PLAYER_M,Мужество жить дальше.,
kabute_001_1_reaction_char_KABUTERIMON,char_KABUTERIMON,"Мужество... Не понимаю сердца. Но в моей груди... тепло. Это,
мужество?",
kabute_001_2_replay,char_PLAYER_M,"Знание, необходимое для выживания.",
kabute_001_2_reaction_char_KABUTERIMON,char_KABUTERIMON,"Знания... Мне их не хватает. Думаю, поэтому я такой любопытный.",
kabute_001_3_replay,char_PLAYER_M,"Друзья, которые помогают друг другу.",
kabute_001_3_reaction_char_KABUTERIMON,char_KABUTERIMON,"Помогайте друг другу... Ты научил меня этому. Так важны ...
друзья.",
kabute_001_4_replay,char_PLAYER_M,Любящее сердце.,
kabute_001_4_reaction_char_KABUTERIMON,char_KABUTERIMON,"Любовь... Это сложно. Научи меня большему. Мне еще многому
предстоит научиться.",
kiwi_001_0_char_KIWIMON,char_KIWIMON,"Мысль о том, что кто-то может напасть на меня в любой момент,
выводит меня из себя ...!",
kiwi_001_1_replay,char_PLAYER_M,Тогда сопротивляйся!,
kiwi_001_1_reaction_char_KIWIMON,char_KIWIMON,"О-ладно... Думаю, я стал жестче. Если они ударят меня, я ударю
их в ответ!",
kiwi_001_2_replay,char_PLAYER_M,Почему бы тебе не придумать способ сбежать?,
kiwi_001_2_reaction_char_KIWIMON,char_KIWIMON,"Ты прав. Я придумаю всевозможные способы сбежать, если мне
станет страшно!",
kiwi_001_3_replay,char_PLAYER_M,Ты можешь просто подружиться с ними.,
kiwi_001_3_reaction_char_KIWIMON,char_KIWIMON,"Конечно. Я все равно не люблю драться. Я просто надеюсь, что все
такие же дружелюбные, как ты...",
kiwi_001_4_replay,char_PLAYER_M,"Я защищу тебя, Кивимон!",
kiwi_001_4_reaction_char_KIWIMON,char_KIWIMON,"Хорошо... Большое спасибо! Мне, конечно, повезло, что у меня
есть такой приятель, как ты!",
geko_001_0_char_GEKOMON,char_GEKOMON,"Я сыграю мелодию, чтобы оживить обстановку, глурп. Есть
какие-нибудь пожелания, глурп?",
geko_001_1_replay,char_PLAYER_M,Что-нибудь смелое и волнующее.,
geko_001_1_reaction_char_GEKOMON,char_GEKOMON,"Ты угадал, глурп! От одного прослушивания этой песни героические
соки потекут рекой, глурп!",
geko_001_2_replay,char_PLAYER_M,Что-нибудь утонченное.,
geko_001_2_reaction_char_GEKOMON,char_GEKOMON,"Это может быть непросто, глурп... Но для меня нет ничего
невозможного, глурп!",
geko_001_3_replay,char_PLAYER_M,Что-нибудь веселое.,
geko_001_3_reaction_char_GEKOMON,char_GEKOMON,"Предоставь это мне, глурп! У меня есть зажигательный номер,
который заставит всех танцевать, глурп!",
geko_001_4_replay,char_PLAYER_M,Что-то грустное.,
geko_001_4_reaction_char_GEKOMON,char_GEKOMON,"Ни слова больше, глурп! Когда начнется это плаксивое действо, ни
у кого не останется сухих глаз, глурп!",
toge_001_0_char_TOGEMON,char_TOGEMON,"Мы с тобой соревнуемся в гляделки! Кто первым улыбнется, тот
проигрывает!",
toge_001_1_replay,char_PLAYER_M,"Грр, я собираюсь хорошенько наброситься на тебя!",
toge_001_1_reaction_char_TOGEMON,char_TOGEMON,Нгх! В эту игру могут играть двое. Arrrrr!,
toge_001_2_replay,char_PLAYER_M,Возобладает более холодная голова.,
toge_001_2_reaction_char_TOGEMON,char_TOGEMON,"Звучит... довольно умно, на самом деле. Ты имеешь в виду, вот
так?",
toge_001_3_replay,char_PLAYER_M,Полюбуйтесь на это забавное личико!,
toge_001_3_reaction_char_TOGEMON,char_TOGEMON,"О, боже. Это хорошая шутка. Я ценю, что ты подходишь к этому так
серьезно.",
toge_001_4_replay,char_PLAYER_M,"О-о-о, какая же ты милашка.",
toge_001_4_reaction_char_TOGEMON,char_TOGEMON,"Привет, ты заставил меня улыбнуться! Это моя потеря... Тем не
менее, неплохой способ выйти из дома. Нет, в самом деле!",
beji_001_0_char_VEGIMON,char_VEGIMON,Kehehe. Мне скучно! Расскажи мне хорошую историю!,
beji_001_1_replay,char_PLAYER_M,"Ладно, вот один из них о борьбе с монстрами.",
beji_001_1_reaction_char_VEGIMON,char_VEGIMON,"Ого, этот Момотаро потрясающий парень! Теперь я весь загорелся!
Кехе!",
beji_001_2_replay,char_PLAYER_M,"Ладно, тот, что про шкатулку с сокровищами.",
beji_001_2_reaction_char_VEGIMON,char_VEGIMON,"Так несправедливо, что Урашима Таро состарился только за то, что
помог той черепахе! Я хочу знать почему!",
beji_001_3_replay,char_PLAYER_M,"Как насчет ""Обезьяны и краба""?",
beji_001_3_reaction_char_VEGIMON,char_VEGIMON,"Так что даже маленькие крабы и их друзья могут победить
обезьяну, если будут работать вместе!",
beji_001_4_replay,char_PLAYER_M,"Как насчет ""Сказки о принцессе Кагуя""?",
beji_001_4_reaction_char_VEGIMON,char_VEGIMON,"Так грустно, что она вернулась на Луну и оставила тех стариков
позади... * шмыгать носом.*",
wasp_001_0_char_WASPMON,char_WASPMON,"Стой! Кто там идет?! Ах... Извините. Просто привычка,
выработанная моими патрулями.",
wasp_001_1_replay,char_PLAYER_M,"Вы уверены, что на вас можно положиться!",
wasp_001_1_reaction_char_WASPMON,char_WASPMON,"Это оправдывает всю мою бдительность. Я уничтожу любые
подозрительные группы!",
wasp_001_2_replay,char_PLAYER_M,Почему вы так бдительны?,
wasp_001_2_reaction_char_WASPMON,char_WASPMON,"Почему, спросите вы ...? Сила привычки, я полагаю. Я должен
немного больше думать сам.",
wasp_001_3_replay,char_PLAYER_M,Я оставляю это на твое усмотрение.,
wasp_001_3_reaction_char_WASPMON,char_WASPMON,"Да, как и следовало. В свою очередь, напарник, ты будешь
прикрывать мне спину.",
wasp_001_4_replay,char_PLAYER_M,Спасибо за всю вашу тяжелую работу.,
wasp_001_4_reaction_char_WASPMON,char_WASPMON,"Я ценю твою благодарность. В конце концов ... я изо всех сил
стараюсь защитить именно тебя.",
sunf_001_0_char_SUNFLOWMON,char_SUNFLOWMON,"Ночью нет солнца, так что здесь немного скучновато.",
sunf_001_1_replay,char_PLAYER_M,Мы могли бы попробовать напугать друг друга ради забавы.,
sunf_001_1_reaction_char_SUNFLOWMON,char_SUNFLOWMON,"Ты имеешь в виду, что-то вроде испытания на храбрость? Вау...
Ты, должно быть, очень храбрый.",
sunf_001_2_replay,char_PLAYER_M,Почему бы не включить свет?,
sunf_001_2_reaction_char_SUNFLOWMON,char_SUNFLOWMON,"О, да. Я об этом не подумал! Ты умница. Я мог бы кое-чему
научиться.",
sunf_001_3_replay,char_PLAYER_M,Было бы здорово потусоваться вместе.,
sunf_001_3_reaction_char_SUNFLOWMON,char_SUNFLOWMON,"Серьезно? Ты имеешь в виду, типа, сегодня вечером? Я в деле!",
sunf_001_4_replay,char_PLAYER_M,Просто спи. Мы заберем это завтра...,
sunf_001_4_reaction_char_SUNFLOWMON,char_SUNFLOWMON,"Да, это лучшая идея! Давайте немного поспим, а утром соберемся с
силами!",
fly_001_0_char_FLYMON,char_FLYMON,Бзз... Как тебе мои крылья?,
fly_001_1_replay,char_PLAYER_M,Они выглядят крутыми и крепкими!,
fly_001_1_reaction_char_FLYMON,char_FLYMON,"Бзз! Верно? Я покажу тебе, как я использую их, чтобы летать и
уничтожать врагов!",
fly_001_2_replay,char_PLAYER_M,Я хочу изучить их повнимательнее.,
fly_001_2_reaction_char_FLYMON,char_FLYMON,"Тебе больше любопытно, чем страшно, да? Ладно. Посмотри так
близко, как захочешь.",
fly_001_3_replay,char_PLAYER_M,"Страшная, но симпатичная.",
fly_001_3_reaction_char_FLYMON,char_FLYMON,"Испугался, да? Бзз. Как это честно с твоей стороны. Но
расслабься. Я бы никогда не причинил вреда партнеру.",
fly_001_4_replay,char_PLAYER_M,Очень милый и обаятельный.,
fly_001_4_reaction_char_FLYMON,char_FLYMON,"Милый ...? Вот это действительно выводит меня из себя. Но...
Думаю, не обязательно в плохом смысле.",
garuda_001_0_char_GARUDAMON,char_GARUDAMON,Я стою на страже справедливости и порядка в этом мире!,
garuda_001_1_replay,char_PLAYER_M,"Извините, что доставил столько хлопот.",
garuda_001_1_reaction_char_GARUDAMON,char_GARUDAMON,"Если ты так считаешь, тогда исправься. Сейчас же, не беспокоя
меня больше.",
garuda_001_2_replay,char_PLAYER_M,"Вы уверены, что все не выглядит немного хаотично?",
garuda_001_2_reaction_char_GARUDAMON,char_GARUDAMON,"Вот как вам это представляется, не так ли? Тем не менее, это
требует рассмотрения и с моей стороны.",
garuda_001_3_replay,char_PLAYER_M,Отлично! Удачи тебе с этим.,
garuda_001_3_reaction_char_GARUDAMON,char_GARUDAMON,"Конечно. В конце концов, это мой долг. Однако, как мой
компаньон, ты тоже будешь помогать мне.",
garuda_001_4_replay,char_PLAYER_M,Давайте будем стражами вместе.,
garuda_001_4_reaction_char_GARUDAMON,char_GARUDAMON,"Это чувство можно только приветствовать. Я уверен, что вы многое
можете сделать.",
sylphy_001_0_char_SILPHYMON,char_SILPHYMON,Эти части моего тела тебе что-нибудь напоминают?,
sylphy_001_1_replay,char_PLAYER_M,Вовсе нет.,
sylphy_001_1_reaction_char_SILPHYMON,char_SILPHYMON,"Никакой наблюдательности, да? Сосредоточься на своих друзьях, и
ты увидишь все, что угодно.",
sylphy_001_2_replay,char_PLAYER_M,Уши Гатомона.,
sylphy_001_2_reaction_char_SILPHYMON,char_SILPHYMON,"Хороший улов. Вы можете в любое время получить данные, которые я
получаю с этого радара и головного дисплея.",
sylphy_001_3_replay,char_PLAYER_M,Крылья Аквиламона!,
sylphy_001_3_reaction_char_SILPHYMON,char_SILPHYMON,"Крылья действительно выделяются, да? Они позволяют мне свободно
скользить, благополучно приземляясь рядом с тобой.",
sylphy_001_4_replay,char_PLAYER_M,Ноги Аквиламона?,
sylphy_001_4_reaction_char_SILPHYMON,char_SILPHYMON,"Великолепно, да? Я могу парить в воздухе даже без крыльев, так
что смогу защитить тебя где угодно.",
atlaka_001_0_char_ATLURKABUTERIMON,char_ATLURKABUTERIMON,У меня вопрос. Что вы хотите защитить?,
atlaka_001_1_replay,char_PLAYER_M,Мои принципы!,
atlaka_001_1_reaction_char_ATLURKABUTERIMON,char_ATLURKABUTERIMON,"Ах, так у тебя есть убеждения, не так ли? Хотел бы я быть таким,
как ты!",
atlaka_001_2_replay,char_PLAYER_M,"Может быть, мои воспоминания?",
atlaka_001_2_reaction_char_ATLURKABUTERIMON,char_ATLURKABUTERIMON,"Без воспоминаний все, чем вы были до сих пор, исчезло бы...
Пугающая мысль.",
atlaka_001_3_replay,char_PLAYER_M,Мои дорогие друзья.,
atlaka_001_3_reaction_char_ATLURKABUTERIMON,char_ATLURKABUTERIMON,Ты такой заботливый человек. Давай вместе защитим наших друзей!,
atlaka_001_4_replay,char_PLAYER_M,"Ты, АтлаКабутеримон.",
atlaka_001_4_reaction_char_ATLURKABUTERIMON,char_ATLURKABUTERIMON,"... Что ж, спасибо. Я бы тоже хотел обезопасить тебя.",
ete_001_0_char_ETEMON,char_ETEMON,Я подумываю о написании новой песни. Какую музыку мне написать?,
ete_001_1_replay,char_PLAYER_M,Горячий и тяжелый рок!,
ete_001_1_reaction_char_ETEMON,char_ETEMON,Зажигай! Мне это нравится! Мое пламенное сердце зажжет тебя!,
ete_001_2_replay,char_PLAYER_M,Изысканная классическая музыка!,
ete_001_2_reaction_char_ETEMON,char_ETEMON,"Классика! Звучит жестко, но мне нравится хороший вызов!",
ete_001_3_replay,char_PLAYER_M,Рэп о дружбе!,
ete_001_3_reaction_char_ETEMON,char_ETEMON,С любовью ко всем моим корешам! Мастер рэпа в доме!,
ete_001_4_replay,char_PLAYER_M,Любовная Серенада № 2!,
ete_001_4_reaction_char_ETEMON,char_ETEMON,"Эй, продолжение может сработать! Каждый получит порцию разбитого
сердца!",
tono_001_0_char_TONOSAMAGEKOMON,char_TONOSAMAGEKOMON,"Я слишком много пел, и у меня в горле застряла лягушка, глурп...",
tono_001_1_replay,char_PLAYER_M,"Очевидно, что вам нужно больше практики.",
tono_001_1_reaction_char_TONOSAMAGEKOMON,char_TONOSAMAGEKOMON,"Этого недостаточно, чтобы удержать меня, глурп! Небольшой
перерыв, и я вернусь к этому, глурп!",
tono_001_2_replay,char_PLAYER_M,"Это просто потому, что воздух такой сухой.",
tono_001_2_reaction_char_TONOSAMAGEKOMON,char_TONOSAMAGEKOMON,"Я бы не открывал трубы, если бы знал, глурп. Скажи мне
заранее, глурп!",
tono_001_3_replay,char_PLAYER_M,"Что ж, ты действительно спал с открытым ртом...",
tono_001_3_reaction_char_TONOSAMAGEKOMON,char_TONOSAMAGEKOMON,"Как грубо, глурп! По крайней мере, мой храп звучит лучше, чем
эти Гекомоны, глурп!",
tono_001_4_replay,char_PLAYER_M,Ты все равно слишком много поешь.,
tono_001_4_reaction_char_TONOSAMAGEKOMON,char_TONOSAMAGEKOMON,"Но мои фанаты всегда ждут, чтобы услышать, как я пою, глурп! Я
не могу их подвести, глурп!",
dera_001_0_char_DELUMON,char_DELUMON,"Как ты думаешь, что находится в этих зарослях у меня за спиной?",
dera_001_1_replay,char_PLAYER_M,Оружие для уничтожения врагов!,
dera_001_1_reaction_char_DELUMON,char_DELUMON,"Да, это верно! Настоящие королевские особы отвечают силой на
силу и никогда не уступают!",
dera_001_2_replay,char_PLAYER_M,Книги для изучения?,
dera_001_2_reaction_char_DELUMON,char_DELUMON,"Ку- Совершенно верно. Члены королевской семьи должны быть
мудрыми ... И я должен немного почитать.",
dera_001_3_replay,char_PLAYER_M,"Закуски, которыми можно поделиться с друзьями!",
dera_001_3_reaction_char_DELUMON,char_DELUMON,"Именно. Долг знати - помогать тем, кому повезло меньше!",
dera_001_4_replay,char_PLAYER_M,"Может быть, написанные от руки стихи?",
dera_001_4_reaction_char_DELUMON,char_DELUMON,"Действительно. Грустные любовные сонеты, сочиняемые каждую ночь—
пока я жду. Что за чушь ты мне наговорил?",
jure_001_0_char_JYUREIMON,char_JYUREIMON,Я прошу вас защищать и беречь этот глубокий зеленый лес.,
jure_001_1_replay,char_PLAYER_M,Глубоко в лесу опасно.,
jure_001_1_reaction_char_JYUREIMON,char_JYUREIMON,"Я бы никогда не подвергла друзей опасности, но кто знает, что
ждет тех, кто поступает неосторожно?",
jure_001_2_replay,char_PLAYER_M,Однако необходимо вести умеренное протоколирование.,
jure_001_2_reaction_char_JYUREIMON,char_JYUREIMON,"Я воодушевлен вашими знаниями по этому вопросу. При условии, что
они не будут чрезмерными.",
jure_001_3_replay,char_PLAYER_M,"Я помогу, чем смогу.",
jure_001_3_reaction_char_JYUREIMON,char_JYUREIMON,"Я не требую многого. Просто предоставьте природе идти своим
чередом, и она все предоставит.",
jure_001_4_replay,char_PLAYER_M,Я обещаю бережно относиться к лесу.,
jure_001_4_reaction_char_JYUREIMON,char_JYUREIMON,"Я был бы в восторге, если бы все так думали. Наблюдайте за этим
на должном расстоянии.",
lyla_001_0_char_LILAMON,char_LILAMON,"Ты же знаешь, что в каждом прекрасном цветке есть свой яд.",
lyla_001_1_replay,char_PLAYER_M,Немного яда меня не пугает.,
lyla_001_1_reaction_char_LILAMON,char_LILAMON,"На вашем месте я бы не был таким легкомысленным. Будьте
осторожны, не позволяйте красоте сбить вас с пути истинного.",
lyla_001_2_replay,char_PLAYER_M,"Разве ты не имеешь в виду ""имеет свои шипы""?",
lyla_001_2_reaction_char_LILAMON,char_LILAMON,"Это тоже может быть правдой. Если ты так много думаешь, я думаю,
у тебя все будет в порядке.",
lyla_001_3_replay,char_PLAYER_M,"Меня это устраивает, пока это красиво.",
lyla_001_3_reaction_char_LILAMON,char_LILAMON,"Простите меня, если я не соглашусь. Будем надеяться, что эти
чувства никогда не вернутся к вам.",
lyla_001_4_replay,char_PLAYER_M,Тогда я буду держаться на расстоянии.,
lyla_001_4_reaction_char_LILAMON,char_LILAMON,"Разве ты не осторожен? На самом деле слышать это - облегчение.
Я хочу, чтобы ты был рядом.",
lili_001_0_char_LILLYMON,char_LILLYMON,"Скажите, как я выгляжу с вашей точки зрения?",
lili_001_1_replay,char_PLAYER_M,Как сильная молодая женщина.,
lili_001_1_reaction_char_LILLYMON,char_LILLYMON,"Это потому, что из-за тебя у меня горят глаза и распушается
хвост!",
lili_001_2_replay,char_PLAYER_M,Как взрослый человек.,
lili_001_2_reaction_char_LILLYMON,char_LILLYMON,"Хи-хи. Ты не представляешь, каким прекрасным образцом зрелости я
стал.",
lili_001_3_replay,char_PLAYER_M,"Как милая, нежная девушка.",
lili_001_3_reaction_char_LILLYMON,char_LILLYMON,"Боже мой! Ты действительно понимаешь меня, не так ли?",
lili_001_4_replay,char_PLAYER_M,Как надежная старшая сестра.,
lili_001_4_reaction_char_LILLYMON,char_LILLYMON,"Спасибо! И я надеюсь, что вы будете все больше и больше
полагаться на меня.",
herac_001_0_char_HERCULESKABUTERIMON,char_HERCULESKABUTERIMON,Сильное сердце живет в сильном теле!,
herac_001_1_replay,char_PLAYER_M,Сильное сердце важнее.,
herac_001_1_reaction_char_HERCULESKABUTERIMON,char_HERCULESKABUTERIMON,"Без сильного сердца человек становится жертвой трусости. В этом
ты прав.",
herac_001_2_replay,char_PLAYER_M,Сильное тело важнее.,
herac_001_2_reaction_char_HERCULESKABUTERIMON,char_HERCULESKABUTERIMON,"Верно. Невозможно победить без сильного тела. Используй свой
разум, конечно, но сначала тренируй свое тело.",
herac_001_3_replay,char_PLAYER_M,"И у меня есть и то, и другое!",
herac_001_3_reaction_char_HERCULESKABUTERIMON,char_HERCULESKABUTERIMON,Я завидую! Я должен последовать твоему примеру.,
herac_001_4_replay,char_PLAYER_M,Лучше всего иметь хотя бы один.,
herac_001_4_reaction_char_HERCULESKABUTERIMON,char_HERCULESKABUTERIMON,"Согласен. Или у вас могло бы быть одно, а у вашего друга -
другое. Было бы крайне прискорбно не иметь ни того, ни другого.",
rose_001_0_char_ROSEMON,char_ROSEMON,Что это? Ты случайно не смотрел на меня?,
rose_001_1_replay,char_PLAYER_M,Я был очарован твоей красотой.,
rose_001_1_reaction_char_ROSEMON,char_ROSEMON,"Вряд ли я могу винить тебя. Тогда продолжай. Любуйся, пока не
насытишься.",
rose_001_2_replay,char_PLAYER_M,"Мне было интересно, как ты стала такой великолепной.",
rose_001_2_reaction_char_ROSEMON,char_ROSEMON,"Должно быть, все это благодаря моему желанию всегда оставаться
восхитительной.",
rose_001_3_replay,char_PLAYER_M,Я ничего не мог с собой поделать.,
rose_001_3_reaction_char_ROSEMON,char_ROSEMON,"Влюблен в мою вечную красоту, да? Я останусь рядом с тобой
навсегда.",
rose_001_4_replay,char_PLAYER_M,"Я искал тебя, потому что ты мне нравишься.",
rose_001_4_reaction_char_ROSEMON,char_ROSEMON,"Я могу принять твои чувства, но будь готов к тому, что я всегда
буду очарован тобой душой и телом.",
pino_001_0_char_PINOCHIMON,char_PINOCHIMON,"Просто, чтобы ты знал, я немного привираю.",
pino_001_1_replay,char_PLAYER_M,Даже я иногда говорю пару неправд.,
pino_001_1_reaction_char_PINOCHIMON,char_PINOCHIMON,"Моя ложь не так банальна! В любом случае, не приходи ко мне
плакаться, если почувствуешь, что тебя обманули.",
pino_001_2_replay,char_PLAYER_M,Это тоже выдумка?,
pino_001_2_reaction_char_PINOCHIMON,char_PINOCHIMON,"Urgh, touché. Ты выигрываешь этот раунд...",
pino_001_3_replay,char_PLAYER_M,Тебе следует бросить все это.,
pino_001_3_reaction_char_PINOCHIMON,char_PINOCHIMON,"Ты прав. Я никогда, никогда больше не буду лгать — Упси! Я снова
это нарисовал.",
pino_001_4_replay,char_PLAYER_M,Я прощу маленькую невинную ложь.,
pino_001_4_reaction_char_PINOCHIMON,char_PINOCHIMON,"О'кей-доки. Я совру так хорошо, что ты даже не поймешь, что тебя
обманули.",
syuri_001_0_char_SHURIMON,char_SHURIMON,Ты можешь оставить работу с сюрикенами мне!,
syuri_001_1_replay,char_PLAYER_M,Продолжай. Тогда сделай один бросок.,
syuri_001_1_reaction_char_SHURIMON,char_SHURIMON,"Боюсь, я должен отказаться. Мои сюрикены всегда находят свою
цель. Сегодня я не стану отнимать чью-либо жизнь.",
syuri_001_2_replay,char_PLAYER_M,"Научи меня, как их бросать!",
syuri_001_2_reaction_char_SHURIMON,char_SHURIMON,"От этого не будет много пользы, если вы не сможете вытянуть свои
конечности, как я. Тем не менее, наблюдайте!",
syuri_001_3_replay,char_PLAYER_M,Одолжи мне один из твоих сюрикенов.,
syuri_001_3_reaction_char_SHURIMON,char_SHURIMON,"Эти сюрикены - моя жизнь. Даже если я доверяю тебе, я не могу
отдать их так легко.",
syuri_001_4_replay,char_PLAYER_M,Хорошо. Я оставляю это на твое усмотрение.,
syuri_001_4_reaction_char_SHURIMON,char_SHURIMON,"Очень хорошо. Клянусь на этих сюрикенах, я буду защищать своих
товарищей до последнего вздоха!",
kuwa_001_0_char_KUWAGAMON,char_KUWAGAMON,"Какой аспект моей личности заставляет меня казаться самым
крутым?",
kuwa_001_1_replay,char_PLAYER_M,Эти твои большие старые клешни.,
kuwa_001_1_reaction_char_KUWAGAMON,char_KUWAGAMON,"Хехехе. Я так и думал. Мне всегда не терпится что-нибудь с ними
пощипать.",
kuwa_001_2_replay,char_PLAYER_M,Ваша продуманная боевая стратегия.,
kuwa_001_2_reaction_char_KUWAGAMON,char_KUWAGAMON,"Ты думаешь? Я больше из разряда ""сначала врывайся, потом задавай
вопросы"".",
kuwa_001_3_replay,char_PLAYER_M,"То, как ты держишь врагов подальше от своих союзников.",
kuwa_001_3_reaction_char_KUWAGAMON,char_KUWAGAMON,Верно. Прятаться за мной - одно из самых безопасных мест.,
kuwa_001_4_replay,char_PLAYER_M,Этот несгибаемый боевой дух.,
kuwa_001_4_reaction_char_KUWAGAMON,char_KUWAGAMON,"Чтобы защитить то, что нуждается в защите, вам нужно сердце,
которое сильнее всего на свете.",
tyrant_001_0_char_TYRANTKABUTERIMON,char_TYRANTKABUTERIMON,Я - Монарх Насекомых!,
tyrant_001_1_replay,char_PLAYER_M,Я признаю твою силу.,
tyrant_001_1_reaction_char_TYRANTKABUTERIMON,char_TYRANTKABUTERIMON,"Склонитесь в благоговении перед славой моей непроницаемой
Хрондигизоидной оболочки.",
tyrant_001_2_replay,char_PLAYER_M,"Значит, вы напрямую управляете Инсектоидом Дигимоном?",
tyrant_001_2_reaction_char_TYRANTKABUTERIMON,char_TYRANTKABUTERIMON,"Помните об этом! Монарх никогда не занимается подобными
вопросами лично.",
tyrant_001_3_replay,char_PLAYER_M,"Но мы все еще друзья, верно?",
tyrant_001_3_reaction_char_TYRANTKABUTERIMON,char_TYRANTKABUTERIMON,"Конечно. Для вас должно быть честью считать такого доблестного
воина среди своих друзей.",
tyrant_001_4_replay,char_PLAYER_M,"Это то, что я люблю в тебе.",
tyrant_001_4_reaction_char_TYRANTKABUTERIMON,char_TYRANTKABUTERIMON,Монарха любят все.,
roto_001_0_char_LOTOSMON,char_LOTOSMON,"Неужели аура, которую я излучаю, слишком яркая для тебя?",
roto_001_1_replay,char_PLAYER_M,"Да, но я постараюсь с этим справиться ...!",
roto_001_1_reaction_char_LOTOSMON,char_LOTOSMON,"Не нужно принуждать себя. Я все равно приглашу вас в
благословенный мир иллюзии.",
roto_001_2_replay,char_PLAYER_M,Откуда берется эта аура?,
roto_001_2_reaction_char_LOTOSMON,char_LOTOSMON,"Моя сила, дарующая мирные сны, которые позволяют тебе забыть о
своих заботах.",
roto_001_3_replay,char_PLAYER_M,"Дай мне немного этого блеска, почему бы тебе этого не сделать?",
roto_001_3_reaction_char_LOTOSMON,char_LOTOSMON,"Бери столько, сколько захочешь. Все, чего я желаю, - это твоего
счастья.",
roto_001_4_replay,char_PLAYER_M,Я не могу насытиться этим блеском.,
roto_001_4_reaction_char_LOTOSMON,char_LOTOSMON,"Я рад. Продолжай смотреть на меня, и я исполню все твои
счастливые мечты.",
pal_001_0_char_PALMON,char_PALMON,"Даже если на улице жарко и светло, я люблю немного яркого
солнечного света!",
pal_001_1_replay,char_PLAYER_M,Давайте сиять еще ярче!,
pal_001_1_reaction_char_PALMON,char_PALMON,"Да, конечно! Чем больше мистер Сан будет светить на нас, тем
лучше мы будем!",
pal_001_2_replay,char_PLAYER_M,"Уверен, это помогает с фотосинтезом.",
pal_001_2_reaction_char_PALMON,char_PALMON,"Ага. И я надеюсь, что благодаря мне вы сможете дышать тоннами
свежего кислорода!",
pal_001_3_replay,char_PLAYER_M,Как у вас с защитой от ультрафиолета?,
pal_001_3_reaction_char_PALMON,char_PALMON,"Никогда не бойся за меня. Просто убедись, что на тебя не
попадает слишком много прямых солнечных лучей.",
pal_001_4_replay,char_PLAYER_M,Мне не нравится мысль о солнечном ожоге.,
pal_001_4_reaction_char_PALMON,char_PALMON,"Вы можете ужасаться этой мысли, но не я. Все это солнце
способствует прекрасному фотосинтезу!",
roseb_001_0_char_ROSEMON_BM,char_ROSEMON_BM,"Любви или красоты, чего ты желаешь?",
roseb_001_1_replay,char_PLAYER_M,"Мне не нужно ни то, ни другое.",
roseb_001_1_reaction_char_ROSEMON_BM,char_ROSEMON_BM,"Конечно, это не более чем бравада. Нельзя жить ни с любовью, ни
с красотой.",
roseb_001_2_replay,char_PLAYER_M,"Я хочу и того, и другого.",
roseb_001_2_reaction_char_ROSEMON_BM,char_ROSEMON_BM,"Сначала долго и упорно думайте о том, что вам нужно для
исполнения этого ненасытного желания.",
roseb_001_3_replay,char_PLAYER_M,Я хочу красоты.,
roseb_001_3_reaction_char_ROSEMON_BM,char_ROSEMON_BM,Тогда я отдам это тебе — в обмен на твою любовь.,
roseb_001_4_replay,char_PLAYER_M,Я хочу любви.,
roseb_001_4_reaction_char_ROSEMON_BM,char_ROSEMON_BM,Тогда я отдам его тебе - в обмен на твою красоту.,
hag_001_0_char_HAGURUMON,char_HAGURUMON,Джиджиги! Джиджиги!,
hag_001_1_replay,char_PLAYER_M,"Подожди. Это значит, что ты хочешь драться?",
hag_001_1_reaction_char_HAGURUMON,char_HAGURUMON,"Джиджиджи... Хотя я и люблю иногда расслабиться, у меня нет к
тебе претензий.",
hag_001_2_replay,char_PLAYER_M,Разве это не отличается от обычного звука?,
hag_001_2_reaction_char_HAGURUMON,char_HAGURUMON,"Джиджиджи... Рад, что ты заметил. Но мне просто нужно немного
размяться, поэтому я потянулся.",
hag_001_3_replay,char_PLAYER_M,Чувствуете себя не в своей тарелке?,
hag_001_3_reaction_char_HAGURUMON,char_HAGURUMON,"Джиджиджи! Ты таким меня видишь? Я полон энергии, позволь мне
сказать тебе!",
hag_001_4_replay,char_PLAYER_M,С тобой все в порядке? Возьми себя в руки!,
hag_001_4_reaction_char_HAGURUMON,char_HAGURUMON,"Джиджи, джиджи... Я просто поправлял осанку, вот и все. Извини,
что беспокою тебя.",
gotsu_001_0_char_GOTTSUMON,char_GOTTSUMON,Чем бы нам сегодня развлечься?,
gotsu_001_1_replay,char_PLAYER_M,Скалолазание.,
gotsu_001_1_reaction_char_GOTTSUMON,char_GOTTSUMON,"Я не против, но тебе будет больно, если ты упадешь!",
gotsu_001_2_replay,char_PLAYER_M,Спелеология.,
gotsu_001_2_reaction_char_GOTTSUMON,char_GOTTSUMON,"Меня тошнит от камней и валунов, но если ты хочешь это сделать,
тогда вперед!",
gotsu_001_3_replay,char_PLAYER_M,Играйте в пятнашки.,
gotsu_001_3_reaction_char_GOTTSUMON,char_GOTTSUMON,"Хорошо, но это ты!",
gotsu_001_4_replay,char_PLAYER_M,Сходи на свидание.,
gotsu_001_4_reaction_char_GOTTSUMON,char_GOTTSUMON,"..О, я просто подумал, что это тоже было бы забавно.",
aruma_001_0_char_ARMADILLOMON,char_ARMADILLOMON,Я голоден.,
aruma_001_1_replay,char_PLAYER_M,Переедание вредно для вас.,
aruma_001_1_reaction_char_ARMADILLOMON,char_ARMADILLOMON,Не лезь не в свое дело!,
aruma_001_2_replay,char_PLAYER_M,Очень важно сбалансированное питание.,
aruma_001_2_reaction_char_ARMADILLOMON,char_ARMADILLOMON,"А количество лучше, чем качество.",
aruma_001_3_replay,char_PLAYER_M,Хочешь перекусить чем-нибудь вместе?,
aruma_001_3_reaction_char_ARMADILLOMON,char_ARMADILLOMON,Это было бы здорово!,
aruma_001_4_replay,char_PLAYER_M,Хочешь немного желе Чучууу?,
aruma_001_4_reaction_char_ARMADILLOMON,char_ARMADILLOMON,"Теперь ты заговорил! Ты знаешь, что мне нравится.",
kokuw_001_0_char_KOKUWAMON,char_KOKUWAMON,"Вам всем лучше бы ценить электричество, которое у вас есть.",
kokuw_001_1_replay,char_PLAYER_M,"Возвращаюсь к тебе! Следи за тем, что ты выпускаешь!",
kokuw_001_1_reaction_char_KOKUWAMON,char_KOKUWAMON,О! Да... Я буду осторожен.,
kokuw_001_2_replay,char_PLAYER_M,Я сам использую возобновляемые источники энергии.,
kokuw_001_2_reaction_char_KOKUWAMON,char_KOKUWAMON,"Я не понимаю, но звучит потрясающе!",
kokuw_001_3_replay,char_PLAYER_M,Дай мне немного своего сока.,
kokuw_001_3_reaction_char_KOKUWAMON,char_KOKUWAMON,На самом деле это не моя специальность.,
kokuw_001_4_replay,char_PLAYER_M,Я свожу потребление энергии к минимуму.,
kokuw_001_4_reaction_char_KOKUWAMON,char_KOKUWAMON,Рад это слышать. Я тоже внесу свой вклад!,
guard_001_0_char_GUARDROMON,char_GUARDROMON,"Когда дойдет до этого, просто предоставь борьбу мне.",
guard_001_1_replay,char_PLAYER_M,"Эй, это моя реплика.",
guard_001_1_reaction_char_GUARDROMON,char_GUARDROMON,"Слишком хорош для меня, да? Тем не менее, ты кажешься тем, на
кого я могу положиться.",
guard_001_2_replay,char_PLAYER_M,Давайте сначала выработаем стратегию.,
guard_001_2_reaction_char_GUARDROMON,char_GUARDROMON,Звучит заманчиво. Я сам большой специалист по планированию.,
guard_001_3_replay,char_PLAYER_M,"Когда приходит время сражаться, мы сражаемся вместе.",
guard_001_3_reaction_char_GUARDROMON,char_GUARDROMON,Тогда поступай как знаешь.,
guard_001_4_replay,char_PLAYER_M,Только не переусердствуй с этим сейчас.,
guard_001_4_reaction_char_GUARDROMON,char_GUARDROMON,Возвращаюсь к тебе.,
tunk_001_0_char_TANKMON,char_TANKMON,Дагнаббит! Мне просто не терпится побегать на свободе!,
tunk_001_1_replay,char_PLAYER_M,"Хочешь, я возьму тебя на себя?",
tunk_001_1_reaction_char_TANKMON,char_TANKMON,"Ты в деле! ...Хах! Как будто! Зачем мне вообще сдаваться вместе
с тобой?!",
tunk_001_2_replay,char_PLAYER_M,Тебе следует подготовиться к своему следующему бою.,
tunk_001_2_reaction_char_TANKMON,char_TANKMON,"Эй, знаешь, я более чем готов идти! Готов к бою в любой день
недели!",
tunk_001_3_replay,char_PLAYER_M,"Держу пари, это сводит тебя с ума, да?",
tunk_001_3_reaction_char_TANKMON,char_TANKMON,"Я хочу найти место, где бушует битва. Подойдет любое место!",
tunk_001_4_replay,char_PLAYER_M,"Ты заслуживаешь того, чтобы еще немного расслабиться.",
tunk_001_4_reaction_char_TANKMON,char_TANKMON,"Мило с твоей стороны сказать, но расслабление просто
подготавливает меня ко сну...",
tsuchi_001_0_char_TUCHIDARUMON,char_TUCHIDARUMON,Почему все всегда пытаются подраться?,
tsuchi_001_1_replay,char_PLAYER_M,Потому что они сильные?,
tsuchi_001_1_reaction_char_TUCHIDARUMON,char_TUCHIDARUMON,"В таком случае, почему бы им просто не заняться армрестлингом
или чем-то в этом роде?",
tsuchi_001_2_replay,char_PLAYER_M,Потому что они слабые?,
tsuchi_001_2_reaction_char_TUCHIDARUMON,char_TUCHIDARUMON,"В таком случае, почему бы им просто не сработаться или что-то в
этом роде?",
tsuchi_001_3_replay,char_PLAYER_M,Потому что им это нравится?,
tsuchi_001_3_reaction_char_TUCHIDARUMON,char_TUCHIDARUMON,"Ну что ж, тогда я ничего не могу сказать по этому поводу.",
tsuchi_001_4_replay,char_PLAYER_M,Потому что они одиноки?,
tsuchi_001_4_reaction_char_TUCHIDARUMON,char_TUCHIDARUMON,"В таком случае, почему бы им просто не позволить мне быть их
другом?",
ankylo_001_0_char_ANKYLOMON,char_ANKYLOMON,Я самый твердый и тяжеловесный из них всех!,
ankylo_001_1_replay,char_PLAYER_M,"Тебе не кажется, что ты слишком много ешь?",
ankylo_001_1_reaction_char_ANKYLOMON,char_ANKYLOMON,"Нельзя получить такое тело, как у меня, потея над этой дрянью!
Я ем все, что хочу!",
ankylo_001_2_replay,char_PLAYER_M,У вас есть проблемы с передвижением?,
ankylo_001_2_reaction_char_ANKYLOMON,char_ANKYLOMON,"Я могу атаковать и прыгать с лучшими из них! Смотри и учись,
малыш!",
ankylo_001_3_replay,char_PLAYER_M,"Может быть, тебе стоит немного похудеть.",
ankylo_001_3_reaction_char_ANKYLOMON,char_ANKYLOMON,Не волнуйся. Я в своей лучшей форме!,
ankylo_001_4_replay,char_PLAYER_M,Круто!,
ankylo_001_4_reaction_char_ANKYLOMON,char_ANKYLOMON,"Просто подожди, пока я перестроюсь. Тогда я буду еще круче!",
clock_001_0_char_CLOCKMON,char_CLOCKMON,У тебя есть свободное время?,
clock_001_1_replay,char_PLAYER_M,Мне нечего тебе дать.,
clock_001_1_reaction_char_CLOCKMON,char_CLOCKMON,"Ты кажешься приверженцем строгости, когда дело касается времени.
Но это не так уж плохо.",
clock_001_2_replay,char_PLAYER_M,"Я сделаю это, если ты вернешь мне деньги позже.",
clock_001_2_reaction_char_CLOCKMON,char_CLOCKMON,"Ты действительно на высоте. Мне нравятся люди, которые ценят
свое время.",
clock_001_3_replay,char_PLAYER_M,Давай оба найдем время друг для друга.,
clock_001_3_reaction_char_CLOCKMON,char_CLOCKMON,"Когда ты так говоришь, это звучит так, будто мне тоже нужно
уделить этому немного своего времени.",
clock_001_4_replay,char_PLAYER_M,Я всегда найду время для нас двоих.,
clock_001_4_reaction_char_CLOCKMON,char_CLOCKMON,"Что ж, приятно это слышать. Когда-нибудь я тоже уделю тебе свое
время.",
mame_001_0_char_MAMEMON,char_MAMEMON,Я хочу быть большим. Я имею в виду ПО-НАСТОЯЩЕМУ большим!,
mame_001_1_replay,char_PLAYER_M,"Маленький и сильный - это достаточно хорошо, не так ли?",
mame_001_1_reaction_char_MAMEMON,char_MAMEMON,"Я бы хотел быть большим и сильным, но, думаю, я могу начать с
""сильной"" части!",
mame_001_2_replay,char_PLAYER_M,Просто врагам легче обнаружить большие размеры.,
mame_001_2_reaction_char_MAMEMON,char_MAMEMON,"Ха! Наверное, ты прав! Я рад, что я креветка!",
mame_001_3_replay,char_PLAYER_M,Ваш размер - часть очарования Mamemon!,
mame_001_3_reaction_char_MAMEMON,char_MAMEMON,"Ха. Наверное, я не была бы той Маммон, которую вы все знаете и
любите, если бы была большой, не так ли?",
mame_001_4_replay,char_PLAYER_M,"Чем меньше, тем симпатичнее, ты же знаешь.",
mame_001_4_reaction_char_MAMEMON,char_MAMEMON,Т-ты действительно так думаешь? Хе-хе!,
metma_001_0_char_METALMAMEMON,char_METALMAMEMON,Теперь я на 90% машина. Разве это не круто?!,
metma_001_1_replay,char_PLAYER_M,"Зависит от того, насколько ты силен.",
metma_001_1_reaction_char_METALMAMEMON,char_METALMAMEMON,"Конечно, моя сила ничтожна. Я хочу показать вам, каким крутым я
могу быть!",
metma_001_2_replay,char_PLAYER_M,"Крутость - это все, что связано с навыками.",
metma_001_2_reaction_char_METALMAMEMON,char_METALMAMEMON,"Тогда я очень крут! Моя энергетическая бомба обладает
потрясающей разрушительной силой!",
metma_001_3_replay,char_PLAYER_M,Механическое тело - это так круто!,
metma_001_3_reaction_char_METALMAMEMON,char_METALMAMEMON,"Вы можете взглянуть поближе, если хотите!",
metma_001_4_replay,char_PLAYER_M,"Ты крут, с техникой или без нее.",
metma_001_4_reaction_char_METALMAMEMON,char_METALMAMEMON,"Серьезно? Ты имеешь в виду, типа, круто внутри ?! Это делает
меня такой счастливой!",
andro_001_0_char_ANDROMON,char_ANDROMON,"ВСЕ, КТО ВСТАНЕТ У НАС НА ПУТИ, БУДУТ УНИЧТОЖЕНЫ.",
andro_001_1_replay,char_PLAYER_M,Вот это дух!,
andro_001_1_reaction_char_ANDROMON,char_ANDROMON,ОСТАЛЬНОЕ ПРЕДОСТАВЬ МНЕ.,
andro_001_2_replay,char_PLAYER_M,Только не переусердствуйте.,
andro_001_2_reaction_char_ANDROMON,char_ANDROMON,"""ПЕРЕУСЕРДСТВОВАТЬ"" НЕ ВХОДИТ В МОЮ ПРОГРАММУ.",
andro_001_3_replay,char_PLAYER_M,Иногда важно все обговорить.,
andro_001_3_reaction_char_ANDROMON,char_ANDROMON,Я ОСТАВЛЮ ЭТИ СИТУАЦИИ НА ВАШЕ УСМОТРЕНИЕ.,
andro_001_4_replay,char_PLAYER_M,"А как насчет ""Возлюби ближнего своего""?",
andro_001_4_reaction_char_ANDROMON,char_ANDROMON,..Я БУДУ СТАРАТЬСЯ.,
hiand_001_0_char_HIANDROMON,char_HIANDROMON,Будет ли у меня какой-нибудь шанс использовать мой Атомный луч?,
hiand_001_1_replay,char_PLAYER_M,Конечно. Всегда держите его наготове.,
hiand_001_1_reaction_char_HIANDROMON,char_HIANDROMON,Понятно. Я буду готов драться в любое время!,
hiand_001_2_replay,char_PLAYER_M,"Я бы хотел избежать этого, если возможно.",
hiand_001_2_reaction_char_HIANDROMON,char_HIANDROMON,В таком случае я просто буду судить по ходу каждой битвы.,
hiand_001_3_replay,char_PLAYER_M,"Конечно, когда придет время помочь нашим союзникам.",
hiand_001_3_reaction_char_HIANDROMON,char_HIANDROMON,Понятно. Я буду защищать наших союзников до конца!,
hiand_001_4_replay,char_PLAYER_M,"Конечно, когда придет время спасать наших близких.",
hiand_001_4_reaction_char_HIANDROMON,char_HIANDROMON,"Понятно. Ты единственный, кого я мог бы считать любимым
человеком.",
muged_001_0_char_MUGENDRAMON,char_MUGENDRAMON,ХОТИТЕ УВИДЕТЬ ПРИМЕР НЕОГРАНИЧЕННОЙ СИЛЫ?,
muged_001_1_replay,char_PLAYER_M,Конечно! Я хочу увидеть неограниченную силу.,
muged_001_1_reaction_char_MUGENDRAMON,char_MUGENDRAMON,ТОГДА ПОСМОТРИ ПЕРЕД СОБОЙ. Я И ЕСТЬ ТОТ ПРИМЕР.,
muged_001_2_replay,char_PLAYER_M,Это ты? Что делает тебя таким сильным?,
muged_001_2_reaction_char_MUGENDRAMON,char_MUGENDRAMON,"У меня ЕСТЬ САМЫЕ СИЛЬНЫЕ ЧАСТИ, DIGICORE И ПРОГРАММИРОВАНИЕ.
ОНИ ДАЮТ МНЕ БЕЗГРАНИЧНУЮ ВЛАСТЬ.",
muged_001_3_replay,char_PLAYER_M,Я хочу увидеть безграничную дружбу.,
muged_001_3_reaction_char_MUGENDRAMON,char_MUGENDRAMON,"ЕСЛИ ВЫ ПРИМЕТЕ МЕНЯ, я ВСЕГДА БУДУ ОКАЗЫВАТЬ ВАМ СВОЮ
НЕПОКОЛЕБИМУЮ ПОДДЕРЖКУ.",
muged_001_4_replay,char_PLAYER_M,Я хочу видеть бесконечную любовь.,
muged_001_4_reaction_char_MUGENDRAMON,char_MUGENDRAMON,"ЕСЛИ ТЫ ПОПРОСИШЬ МЕНЯ Об ЭТОМ, я ОБЕСПЕЧУ ЭТО НАВСЕГДА.",
megag_001_0_char_MEGAGROWLMON,char_MEGAGROWLMON,Предоставьте любые воздушные атаки мне.,
megag_001_1_replay,char_PLAYER_M,Я хочу летать с тобой!,
megag_001_1_reaction_char_MEGAGROWLMON,char_MEGAGROWLMON,"Просто полетать? Бьюсь об заклад, идея драки пробудит в вас
интерес, как только вы окажетесь там.",
megag_001_2_replay,char_PLAYER_M,Как ты можешь летать с таким огромным телом?,
megag_001_2_reaction_char_MEGAGROWLMON,char_MEGAGROWLMON,"Верньерные двигатели на моих плечах. Сомневаюсь, что кто-либо,
кроме меня, мог контролировать эту мощность.",
megag_001_3_replay,char_PLAYER_M,Давайте попробуем совместные атаки вместе.,
megag_001_3_reaction_char_MEGAGROWLMON,char_MEGAGROWLMON,"Тебе не нужно и пальцем шевелить. У меня и так более чем
достаточно сил.",
megag_001_4_replay,char_PLAYER_M,Я не позволю тебе совершить ничего безрассудного.,
megag_001_4_reaction_char_MEGAGROWLMON,char_MEGAGROWLMON,"Твое беспокойство необоснованно. Сила внутри меня намного
больше, чем ты думаешь.",
ulbra_001_0_char_ULTIMATEBRAKIMON,char_ULTIMATEBRAKIMON,Я самый гигантский Дигимон на земле.,
ulbra_001_1_replay,char_PLAYER_M,Твой вес немного пугает.,
ulbra_001_1_reaction_char_ULTIMATEBRAKIMON,char_ULTIMATEBRAKIMON,"Не нужно меня бояться, но будь осторожен, чтобы тебя не
затоптали ногами.",
ulbra_001_2_replay,char_PLAYER_M,Как ты вообще стал таким огромным?,
ulbra_001_2_reaction_char_ULTIMATEBRAKIMON,char_ULTIMATEBRAKIMON,"Повторная реконструкция, я полагаю? В любом случае, достичь
моего размера, вероятно, было бы невозможно для большинства.",
ulbra_001_3_replay,char_PLAYER_M,"Я хочу, чтобы ты стал еще больше.",
ulbra_001_3_reaction_char_ULTIMATEBRAKIMON,char_ULTIMATEBRAKIMON,"Мне было бы трудно двигаться, если бы я стал больше, но,
возможно, с вашей поддержкой я смог бы справиться с этим.",
ulbra_001_4_replay,char_PLAYER_M,Позволь мне прокатиться у тебя на спине!,
ulbra_001_4_reaction_char_ULTIMATEBRAKIMON,char_ULTIMATEBRAKIMON,"Я не против. Только не ошпарься моими бустерами, ладно?",
mera_001_0_char_MERAMON,char_MERAMON,"Я в ОГНЕ, детка!",
mera_001_1_replay,char_PLAYER_M,Давайте вспыхнем вместе.,
mera_001_1_reaction_char_MERAMON,char_MERAMON,"Мило! Мне нравится! Но смотри, не обожги себя.",
mera_001_2_replay,char_PLAYER_M,Что подпитывает ваш огонь?,
mera_001_2_reaction_char_MERAMON,char_MERAMON,"Ну, я, конечно! Я могу поддерживать этот огонь вечно!",
mera_001_3_replay,char_PLAYER_M,Гори еще ярче!,
mera_001_3_reaction_char_MERAMON,char_MERAMON,"Черт возьми, да! Я - бушующее пламя!",
mera_001_4_replay,char_PLAYER_M,"Будьте осторожны, не переусердствуйте с этим.",
mera_001_4_reaction_char_MERAMON,char_MERAMON,"Ценю твою мысль! Но это пламя даже близко не дотягивает до моего
максимума, приятель!",
bota_001_0_char_BOTAMON,char_BOTAMON,Бл-бл-бл!,
bota_001_1_replay,char_PLAYER_M,Ты хочешь помочь?,
bota_001_1_reaction_char_BOTAMON,char_BOTAMON,"Конечно! Я тоже сделаю все, что в моих силах!",
bota_001_2_replay,char_PLAYER_M,Я пытаюсь учиться...,
bota_001_2_reaction_char_BOTAMON,char_BOTAMON,Научи и меня тоже.,
bota_001_3_replay,char_PLAYER_M,Я рассчитываю на тебя!,
bota_001_3_reaction_char_BOTAMON,char_BOTAMON,Я тоже на тебя рассчитываю!,
bota_001_4_replay,char_PLAYER_M,Давай будем друзьями.,
bota_001_4_reaction_char_BOTAMON,char_BOTAMON,Друзья навеки!,
puni_001_0_char_PUNIMON,char_PUNIMON,"Пуни, пуни!",
puni_001_1_replay,char_PLAYER_M,Ты хочешь куда-нибудь пойти?,
puni_001_1_reaction_char_PUNIMON,char_PUNIMON,"Вместе, с тобой!",
puni_001_2_replay,char_PLAYER_M,Как тебя зовут?,
puni_001_2_reaction_char_PUNIMON,char_PUNIMON,"Я, Пунимон!",
puni_001_3_replay,char_PLAYER_M,Ты хороший парень.,
puni_001_3_reaction_char_PUNIMON,char_PUNIMON,"Я, хороший мальчик!",
puni_001_4_replay,char_PLAYER_M,Ты такой милый!,
puni_001_4_reaction_char_PUNIMON,char_PUNIMON,Я так счастлива!,
koro_001_0_char_KOROMON,char_KOROMON,Я тоже хочу драться! Прямо сейчас!,
koro_001_1_replay,char_PLAYER_M,Я хочу поскорее отправить тебя в бой.,
koro_001_1_reaction_char_KOROMON,char_KOROMON,"Сначала я должен перейти в более сильную форму, верно? Я сделаю
все, что в моих силах, так что подбадривайте меня!",
koro_001_2_replay,char_PLAYER_M,Сначала тебе следует посмотреть несколько сражений.,
koro_001_2_reaction_char_KOROMON,char_KOROMON,Я просмотрел целую кучу! Я практически эксперт в этом вопросе.,
koro_001_3_replay,char_PLAYER_M,Теперь это делается легко.,
koro_001_3_reaction_char_KOROMON,char_KOROMON,"Хорошо. Раз ты так говоришь! Парень, ты добрый человек, не так
ли?",
koro_001_4_replay,char_PLAYER_M,"Я пока не хочу, чтобы ты ссорился.",
koro_001_4_reaction_char_KOROMON,char_KOROMON,"Тогда ладно. Я пока откажусь от этой идеи. Ты действительно
довольно хорошо меня знаешь, не так ли?",
tsuno_001_0_char_TUNOMON,char_TUNOMON,"Мой рог классный, или мой рог классный?!",
tsuno_001_1_replay,char_PLAYER_M,Это немного пугает.,
tsuno_001_1_reaction_char_TUNOMON,char_TUNOMON,"Чувак, я, должно быть, очень крутой, если могу напугать тебя. Я
собираюсь напугать тебя еще немного!",
tsuno_001_2_replay,char_PLAYER_M,Это немного ... сомнительно.,
tsuno_001_2_reaction_char_TUNOMON,char_TUNOMON,"Сомнительный? Что ты подразумеваешь под ""сомнительным""? Давай!
Ты можешь сказать мне!",
tsuno_001_3_replay,char_PLAYER_M,Он выглядит действительно сильным.,
tsuno_001_3_reaction_char_TUNOMON,char_TUNOMON,Что? Помогает?! У меня от этого кружится голова! Не буду врать.,
tsuno_001_4_replay,char_PLAYER_M,Это чертовски круто!,
tsuno_001_4_reaction_char_TUNOMON,char_TUNOMON,"Ценю это! Я должен очень скоро перейти на эволюционировать, чтобы стать
еще круче.",
kote_001_0_char_KOTEMON,char_KOTEMON,"Если ты хочешь стать сильнее, я был бы более чем счастлив
тренировать тебя. Что скажешь?",
kote_001_1_replay,char_PLAYER_M,"Научи меня, пожалуйста!",
kote_001_1_reaction_char_KOTEMON,char_KOTEMON,"В этом весь дух! Научитесь у меня всем техникам, которые
сможете.",
kote_001_2_replay,char_PLAYER_M,Как я могу стать сильнее?,
kote_001_2_reaction_char_KOTEMON,char_KOTEMON,"Боюсь, тренировка - это единственный способ. Тем не менее, сила
- это еще не все.",
kote_001_3_replay,char_PLAYER_M,Мне не хочется тренироваться...,
kote_001_3_reaction_char_KOTEMON,char_KOTEMON,"И все же тренировки дают такие уникальные идеи! Возможно, это
даже способ прочитать своего оппонента.",
kote_001_4_replay,char_PLAYER_M,Сила - это еще не все.,
kote_001_4_reaction_char_KOTEMON,char_KOTEMON,"Хорошо сказано. Если только эти слова - не просто кислый
виноград.",
bui_001_0_char_V-MON,char_V-MON,Я хочу сделать для тебя больше.,
bui_001_1_replay,char_PLAYER_M,Тогда стань еще сильнее.,
bui_001_1_reaction_char_V-MON,char_V-MON,Ты прав. Сначала я должен стать сильнее и перестроиться!,
bui_001_2_replay,char_PLAYER_M,Я не хочу слишком сильно зависеть от других.,
bui_001_2_reaction_char_V-MON,char_V-MON,"То, что ты такая храбрая, просто заставляет меня еще больше
хотеть помочь тебе.",
bui_001_3_replay,char_PLAYER_M,"Просто того, что ты говоришь это, более чем достаточно.",
bui_001_3_reaction_char_V-MON,char_V-MON,"Я рад, что мы с тобой друзья!",
bui_001_4_replay,char_PLAYER_M,Сейчас у тебя все просто отлично получается.,
bui_001_4_reaction_char_V-MON,char_V-MON,"Хорошо, тогда я продолжу свои тренировки, так что просто смотри!",
gao_001_0_char_GAOMON,char_GAOMON,"Эй, как дела?",
gao_001_1_replay,char_PLAYER_M,"Никаких проблем, о которых можно было бы сообщить.",
gao_001_1_reaction_char_GAOMON,char_GAOMON,"Ладно, тогда пришло время для еще одного напряженного дня!",
gao_001_2_replay,char_PLAYER_M,Чувствую себя превосходно!,
gao_001_2_reaction_char_GAOMON,char_GAOMON,"Я должен был догадаться. Я должен больше следить за своим
здоровьем, как и ты!",
gao_001_3_replay,char_PLAYER_M,Разве ты сам не видишь?,
gao_001_3_reaction_char_GAOMON,char_GAOMON,"Да, конечно, я могу!",
gao_001_4_replay,char_PLAYER_M,Не слишком здорово.,
gao_001_4_reaction_char_GAOMON,char_GAOMON,"Нужно время от времени делать перерывы, да?",
falco_001_0_char_FALCOMON,char_FALCOMON,Парить в небе - потрясающее ощущение!,
falco_001_1_replay,char_PLAYER_M,Я хочу полетать с тобой.,
falco_001_1_reaction_char_FALCOMON,char_FALCOMON,"Если бы только у тебя были крылья, как у меня, а?",
falco_001_2_replay,char_PLAYER_M,Я знаю.,
falco_001_2_reaction_char_FALCOMON,char_FALCOMON,А? Ты раньше летал? Ни за что.,
falco_001_3_replay,char_PLAYER_M,Бегать по земле тоже приятно.,
falco_001_3_reaction_char_FALCOMON,char_FALCOMON,Возьми меня как-нибудь с собой!,
falco_001_4_replay,char_PLAYER_M,Я не умею подниматься на высоту.,
falco_001_4_reaction_char_FALCOMON,char_FALCOMON,"Должно быть, тяжело быть человеком.",
gal_001_0_char_GARGOMON,char_GARGOMON,"Что быстрее, бег или полет?",
gal_001_1_replay,char_PLAYER_M,"И то, и другое происходит быстро.",
gal_001_1_reaction_char_GARGOMON,char_GARGOMON,"Я чувствую то же самое. Я хочу преуспеть и в том, и в другом,
чтобы мне не приходилось беспокоиться о выборе.",
gal_001_2_replay,char_PLAYER_M,Я не мог сказать.,
gal_001_2_reaction_char_GARGOMON,char_GARGOMON,"Хорошо, тогда делайте заметки, когда я в следующий раз буду
бегать и летать, и давайте сравним.",
gal_001_3_replay,char_PLAYER_M,Бег - это быстрее.,
gal_001_3_reaction_char_GARGOMON,char_GARGOMON,"Я бы выиграл у тебя гонку... Но просто бежать вместе, похоже,
было бы весело.",
gal_001_4_replay,char_PLAYER_M,Летать стало быстрее.,
gal_001_4_reaction_char_GARGOMON,char_GARGOMON,"Так кажется, потому что ты не умеешь летать, но медленно лучше,
когда болтаешься в небе.",
gaoga_001_0_char_GAOGAMON,char_GAOGAMON,Недостаточно хорош! Мне нужно еще!,
gaoga_001_1_replay,char_PLAYER_M,Чего вам еще нужно?,
gaoga_001_1_reaction_char_GAOGAMON,char_GAOGAMON,"Мощь, скорость и боевой дух. Помоги мне привести себя в порядок!",
gaoga_001_2_replay,char_PLAYER_M,Ты достаточно силен.,
gaoga_001_2_reaction_char_GAOGAMON,char_GAOGAMON,"Не пытайся меня утешать. Или, может быть, ты пытаешься показать
мне другую тактику ...?",
gaoga_001_3_replay,char_PLAYER_M,Ты более чем достаточно крут.,
gaoga_001_3_reaction_char_GAOGAMON,char_GAOGAMON,"Что ж, это действительно выбивает ветер из моих парусов. Ты
победил.",
gaoga_001_4_replay,char_PLAYER_M,Пришло время для некоторой специальной подготовки.,
gaoga_001_4_reaction_char_GAOGAMON,char_GAOGAMON,"Ты присоединишься ко мне? Я знал, что могу на тебя рассчитывать!",
parrot_001_0_char_PARROTMON,char_PARROTMON,"Какой цвет вы предпочитаете - красный, синий, желтый или
зеленый?",
parrot_001_1_replay,char_PLAYER_M,Синий.,
parrot_001_1_reaction_char_PARROTMON,char_PARROTMON,"Тебе нравится оттенок моих ног? Некоторые боятся этого оттенка
из-за этих острых когтей, но не ты, нет.",
parrot_001_2_replay,char_PLAYER_M,Красный...,
parrot_001_2_reaction_char_PARROTMON,char_PARROTMON,"Тебе нравится оттенок моего герба? Ты, должно быть, тоже
заинтригован молниями, которые он выбрасывает.",
parrot_001_3_replay,char_PLAYER_M,Желтый?,
parrot_001_3_reaction_char_PARROTMON,char_PARROTMON,"Тебе нравится цвет моих крыльев? Если сможешь, я покажу тебе,
как они сияют со скоростью звука.",
parrot_001_4_replay,char_PLAYER_M,Зеленый!,
parrot_001_4_reaction_char_PARROTMON,char_PARROTMON,"Тебе нравится тонус моего тела? Держу пари, тебе также дороги
деревья в лесу.",
zudo_001_0_char_ZUDOMON,char_ZUDOMON,Посмотрите на эти мышцы!,
zudo_001_1_replay,char_PLAYER_M,Слишком жестко для меня.,
zudo_001_1_reaction_char_ZUDOMON,char_ZUDOMON,"Только взрослый человек мог понять ценность таких мышц, как эти.",
zudo_001_2_replay,char_PLAYER_M,"Хотел бы я, чтобы у меня было такое тело, как у тебя.",
zudo_001_2_reaction_char_ZUDOMON,char_ZUDOMON,"Тогда тебе лучше сходить в спортзал, приятель.",
zudo_001_3_replay,char_PLAYER_M,"Это, конечно, потрясающие мышцы!",
zudo_001_3_reaction_char_ZUDOMON,char_ZUDOMON,Выпейте их. Я не возражаю.,
zudo_001_4_replay,char_PLAYER_M,Я хочу прикоснуться к ним.,
zudo_001_4_reaction_char_ZUDOMON,char_ZUDOMON,"..Думаю, совсем немного было бы неплохо.",
pico_001_0_char_PICKLEMON,char_PICKLEMON,"Я хорошенько разыграю тебя, если ты не будешь тренироваться
должным образом!",
pico_001_1_replay,char_PLAYER_M,Я начну прямо сейчас.,
pico_001_1_reaction_char_PICKLEMON,char_PICKLEMON,Серьезно? Я не спускаю с тебя глаз!,
pico_001_2_replay,char_PLAYER_M,Я отношусь к этому серьезно. Обещаю.,
pico_001_2_reaction_char_PICKLEMON,char_PICKLEMON,Потрясающе! Рад это слышать. Я с нетерпением жду результатов!,
pico_001_3_replay,char_PLAYER_M,Не-а. Не хочу.,
pico_001_3_reaction_char_PICKLEMON,char_PICKLEMON,"Ты расслабляешься! Берегись, потому что я собираюсь разыграть
тебя!",
pico_001_4_replay,char_PLAYER_M,"Если ты собираешься разыграть меня, то разыграй.",
pico_001_4_reaction_char_PICKLEMON,char_PICKLEMON,"Хехехе... О, это будет здорово.",
bear_001_0_char_BEARMON,char_BEARMON,Давай. Давай поиграем!,
bear_001_1_replay,char_PLAYER_M,Давайте устроим спарринг.,
bear_001_1_reaction_char_BEARMON,char_BEARMON,"Но это тренировка! Ты действительно серьезно относишься ко
всему, да?",
bear_001_2_replay,char_PLAYER_M,Давай поговорим.,
bear_001_2_reaction_char_BEARMON,char_BEARMON,"Ладно, это тоже работает. Мне нравится тебя слушать!",
bear_001_3_replay,char_PLAYER_M,Давайте устроим гонку.,
bear_001_3_reaction_char_BEARMON,char_BEARMON,"Я не очень быстр, но тебе никогда не победить меня!",
bear_001_4_replay,char_PLAYER_M,Давай поиграем в пятнашки.,
bear_001_4_reaction_char_BEARMON,char_BEARMON,"Хорошо, тогда этим займусь я. Мы могли бы поиграть в прятки, но
я знаю, что сразу же найду тебя!",
shout_001_0_char_SHOUTMON,char_SHOUTMON,"Ты хочешь послушать мою песню, или как?",
shout_001_1_replay,char_PLAYER_M,Увеличьте его до одиннадцати.,
shout_001_1_reaction_char_SHOUTMON,char_SHOUTMON,"Хорошо! Я собираюсь кричать во всю мочь! Приготовься, или я
собью тебя с ног!",
shout_001_2_replay,char_PLAYER_M,"Используй свой внутренний голос, пожалуйста.",
shout_001_2_reaction_char_SHOUTMON,char_SHOUTMON,"Ты хочешь хорошенькую вечеринку с прослушиванием, да? Хорошо, я
запишу свою песенку тебе в мозг.",
shout_001_3_replay,char_PLAYER_M,Как насчет песни и танца?,
shout_001_3_reaction_char_SHOUTMON,char_SHOUTMON,"Если ты настаиваешь, я устрою шоу! Живое выступление, только для
тебя!",
shout_001_4_replay,char_PLAYER_M,Давайте сделаем это дуэтом!,
shout_001_4_reaction_char_SHOUTMON,char_SHOUTMON,"Я не одолжу тебе микрофон, но ты можешь петь от всего сердца!
Это наша гармония, детка!",
lena_001_0_char_RENAMON,char_RENAMON,"Кто, по-вашему, по-настоящему сильный Дигимон?",
lena_001_1_replay,char_PLAYER_M,Я не мог сказать.,
lena_001_1_reaction_char_RENAMON,char_RENAMON,"Я тоже не мог, но если я продолжу побеждать сильного Дигимона, я
уверен, что когда-нибудь разберусь с этим.",
lena_001_2_replay,char_PLAYER_M,"Я бы не сказал, что это был ты.",
lena_001_2_reaction_char_RENAMON,char_RENAMON,"Это понятно. В конце концов, этот мир полон Дигимон, которых я
никогда не видел.",
lena_001_3_replay,char_PLAYER_M,"Ты, конечно.",
lena_001_3_reaction_char_RENAMON,char_RENAMON,"Спасибо. Вырубив сильных Дигимон и скопировав их данные, я,
несомненно, силен.",
lena_001_4_replay,char_PLAYER_M,Это мог быть практически любой из них.,
lena_001_4_reaction_char_RENAMON,char_RENAMON,"Понятно. Что ж, независимо от того, с каким сильным Дигимоном я
в конечном итоге столкнусь, я надеюсь, ты меня поддержишь.",
panja_001_0_char_PANJYAMON,char_PANJYAMON,Тебе не нравится холод?,
panja_001_1_replay,char_PLAYER_M,Я не в восторге от этого.,
panja_001_1_reaction_char_PANJYAMON,char_PANJYAMON,"Тогда вам следует тренироваться в полярный мороз. Вы наверняка
привыкнете к этому.",
panja_001_2_replay,char_PLAYER_M,Меня это вполне устраивает.,
panja_001_2_reaction_char_PANJYAMON,char_PANJYAMON,"Просто убедитесь, что вы все еще можете говорить это даже в
арктический холод.",
panja_001_3_replay,char_PLAYER_M,"Я не возражаю, пока у меня есть мои друзья.",
panja_001_3_reaction_char_PANJYAMON,char_PANJYAMON,Я рад это слышать.,
panja_001_4_replay,char_PLAYER_M,"Было бы здорово, если бы ты согрел меня!",
panja_001_4_reaction_char_PANJYAMON,char_PANJYAMON,"Если вы имеете в виду согреться с помощью нескольких совместных
разминок, то я бы с удовольствием это сделал.",
machg_001_0_char_MACHGAOGAMON,char_MACHGAOGAMON,Я уверен в своих двигателях.,
machg_001_1_replay,char_PLAYER_M,Тогда покажи мне.,
machg_001_1_reaction_char_MACHGAOGAMON,char_MACHGAOGAMON,"Это не самое лучшее место для запуска моих ракетных
двигателей...",
machg_001_2_replay,char_PLAYER_M,Ракетные двигатели - дело рискованное.,
machg_001_2_reaction_char_MACHGAOGAMON,char_MACHGAOGAMON,Тебе нечего бояться. Я полностью контролирую их. Вот увидишь.,
machg_001_3_replay,char_PLAYER_M,"Не могу дождаться, чтобы увидеть, что вы можете с ними сделать.",
machg_001_3_reaction_char_MACHGAOGAMON,char_MACHGAOGAMON,"Я тебя не подведу. Эти ракетные двигатели - как продолжение
моего собственного тела.",
machg_001_4_replay,char_PLAYER_M,Теперь поосторожнее с ними.,
machg_001_4_reaction_char_MACHGAOGAMON,char_MACHGAOGAMON,"Я ценю вашу заботу. С нетерпением жду возможности продемонстриро
вать их!",
gaji_001_0_char_GAZIMON,char_GAZIMON,Ни один человек никогда не приручит меня!,
gaji_001_1_replay,char_PLAYER_M,"О, я собираюсь. Просто подожди.",
gaji_001_1_reaction_char_GAZIMON,char_GAZIMON,"Сложный разговор. Я с нетерпением жду, когда ты попробуешь!",
gaji_001_2_replay,char_PLAYER_M,Ты уже приручен.,
gaji_001_2_reaction_char_GAZIMON,char_GAZIMON,"Н-Нет, это не так! Объясни мне, как именно я приручен?",
gaji_001_3_replay,char_PLAYER_M,Мне бы и в голову не пришло пытаться это сделать.,
gaji_001_3_reaction_char_GAZIMON,char_GAZIMON,"Ha! Я вижу, ты понял. Тебя ждет множество дружеских розыгрышей!",
gaji_001_4_replay,char_PLAYER_M,"Я хочу, чтобы ты приручил меня.",
gaji_001_4_reaction_char_GAZIMON,char_GAZIMON,"Ч-что за...? Я этого не ожидал. Хотя, возможно, ручной человек
не так уж и плох...",
beta_001_0_char_BETAMON,char_BETAMON,Насколько силен мой удар током в миллион вольт?,
beta_001_1_replay,char_PLAYER_M,Высоковольтные линии электропередачи пропускают 6600 вольт.,
beta_001_1_reaction_char_BETAMON,char_BETAMON,"Значит, удар током сильнее, хотя линии электропередач намного
больше, чем у меня? Вау!",
beta_001_2_replay,char_PLAYER_M,"Батарейки имеют напряжение 1,5 вольта.",
beta_001_2_reaction_char_BETAMON,char_BETAMON,"Эй, так что, если бы я захотел запитать свой ход батарейками,
сколько бы мне понадобилось, а? А?",
beta_001_3_replay,char_PLAYER_M,Напряжение молнии составляет сто миллионов вольт.,
beta_001_3_reaction_char_BETAMON,char_BETAMON,"Ого! Не знал, что молния настолько потрясающая. У меня есть чем
заняться... Подбодри меня, ладно?",
beta_001_4_replay,char_PLAYER_M,Электрическая розетка имеет напряжение сто вольт.,
beta_001_4_reaction_char_BETAMON,char_BETAMON,"Значит, удар током в твоем доме не поможет, да? Только не
выгоняй меня, ладно?",
giza_001_0_char_GIZAMON,char_GIZAMON,Я хочу пойти поплавать.,
giza_001_1_replay,char_PLAYER_M,Я не умею плавать.,
giza_001_1_reaction_char_GIZAMON,char_GIZAMON,"Тогда я научу тебя. Хотя, это может быть непросто, поскольку у
тебя нет ласт.",
giza_001_2_replay,char_PLAYER_M,"Ну, а я нет.",
giza_001_2_reaction_char_GIZAMON,char_GIZAMON,"Я понял... Но прыжки по суше утомляют меня, так что научи меня,
как легче двигаться.",
giza_001_3_replay,char_PLAYER_M,Поехали!,
giza_001_3_reaction_char_GIZAMON,char_GIZAMON,"Серьезно? Ты же знаешь, что никто не может победить меня в воде,
верно? Я не шучу!",
giza_001_4_replay,char_PLAYER_M,Будьте терпеливы.,
giza_001_4_reaction_char_GIZAMON,char_GIZAMON,"Я здесь, потому что хочу потусоваться с тобой. Просто... в
воде все намного проще!",
tyran_001_0_char_TYRANNOMON,char_TYRANNOMON,Не слишком ли длинными стали мои когти?,
tyran_001_1_replay,char_PLAYER_M,"Да, они слишком длинные.",
tyran_001_1_reaction_char_TYRANNOMON,char_TYRANNOMON,"В последнее время я нечасто пользовался ""Косым Когтем"". Лучше
найди этим плохим парням хорошее применение!",
tyran_001_2_replay,char_PLAYER_M,"Я бы сказал, что они слишком короткие.",
tyran_001_2_reaction_char_TYRANNOMON,char_TYRANNOMON,"Что? Ты уверен? Наверное, мне трудно сказать одному. Я рад, что
спросил!",
tyran_001_3_replay,char_PLAYER_M,"Нет, они в самый раз.",
tyran_001_3_reaction_char_TYRANNOMON,char_TYRANNOMON,"Тогда, должно быть, это мое воображение. Ладно! Теперь мне
хочется что-нибудь порезать!",
tyran_001_4_replay,char_PLAYER_M,Я даже не заметил этого.,
tyran_001_4_reaction_char_TYRANNOMON,char_TYRANNOMON,"Полагаю, это не имеет никакого значения, да? Тем не менее, я бы
хотел, чтобы вы уделили этому больше внимания...",
aird_001_0_char_AIRDRAMON,char_AIRDRAMON,"Хочешь, я тебя куда-нибудь подвезу?",
aird_001_1_replay,char_PLAYER_M,"Отведи меня туда, где я никогда раньше не был.",
aird_001_1_reaction_char_AIRDRAMON,char_AIRDRAMON,"Ты чувствуешь себя со мной так непринужденно, не так ли? Тогда я
подумаю об этом.",
aird_001_2_replay,char_PLAYER_M,Я хочу уехать куда-нибудь далеко.,
aird_001_2_reaction_char_AIRDRAMON,char_AIRDRAMON,"У нас с вами разные представления о том, что такое ""далеко"",
поэтому, вероятно, нам следует сначала определить это.",
aird_001_3_replay,char_PLAYER_M,Я не хочу никуда идти.,
aird_001_3_reaction_char_AIRDRAMON,char_AIRDRAMON,"Возможно, я ошибся. Но ты должен знать, что летать - это
чудесно.",
aird_001_4_replay,char_PLAYER_M,"Я не хочу, чтобы меня подвозили.",
aird_001_4_reaction_char_AIRDRAMON,char_AIRDRAMON,"Что ж, если когда-нибудь настанет день, когда тебе понадобится
моя помощь, все, что тебе нужно сделать, это попросить.",
poyo_001_0_char_POYOMON,char_POYOMON,"Пойо, пойооо!",
poyo_001_1_replay,char_PLAYER_M,Возьми себя в руки!,
poyo_001_1_reaction_char_POYOMON,char_POYOMON,"Я, не теряй!",
poyo_001_2_replay,char_PLAYER_M,У тебя действительно все хорошо получается.,
poyo_001_2_reaction_char_POYOMON,char_POYOMON,"Я, добрый день!",
poyo_001_3_replay,char_PLAYER_M,"Поймон, не так ли?",
poyo_001_3_reaction_char_POYOMON,char_POYOMON,"Я, друг!",
poyo_001_4_replay,char_PLAYER_M,"Я люблю тебя, Поймон!",
poyo_001_4_reaction_char_POYOMON,char_POYOMON,Я тоже люблю тебя!,
toko_001_0_char_TOKOMON,char_TOKOMON,Я хочу быстро перерасти во что-то действительно сложное!,
toko_001_1_replay,char_PLAYER_M,"Ты уже сильная, ты же знаешь.",
toko_001_1_reaction_char_TOKOMON,char_TOKOMON,Вот именно! Я отлично расправляюсь со своими врагами!,
toko_001_2_replay,char_PLAYER_M,Я вас поддерживаю!,
toko_001_2_reaction_char_TOKOMON,char_TOKOMON,"Научи меня, научи меня, пожалуйста!",
toko_001_3_replay,char_PLAYER_M,"Ты милая такая, какая ты есть.",
toko_001_3_reaction_char_TOKOMON,char_TOKOMON,"Правда? Тогда, может быть, я все-таки не буду заниматься
эволюционировать... О, но я действительно хочу!",
toko_001_4_replay,char_PLAYER_M,Тебе тоже лучше выглядеть классно!,
toko_001_4_reaction_char_TOKOMON,char_TOKOMON,"Если моя цифровая революция делает меня сильнее, для меня этого
достаточно. Черт возьми, я и так крут!",
pata_001_0_char_PATAMON,char_PATAMON,"Ты должен извиняться, когда делаешь что-то не так, и извиняться
хорошо... верно?",
pata_001_1_replay,char_PLAYER_M,Это верно.,
pata_001_1_reaction_char_PATAMON,char_PATAMON,"... Я так и знал. Мне лучше набраться смелости и извиниться.
Извините за странный вопрос.",
pata_001_2_replay,char_PLAYER_M,Ты сделал что-то не так?,
pata_001_2_reaction_char_PATAMON,char_PATAMON,"Нет! ...Ну, ладно, думаю, у меня действительно есть некоторые
сожаления. Спасибо, что заставили меня осознать это.",
pata_001_3_replay,char_PLAYER_M,Кто-то что-то с тобой сделал?,
pata_001_3_reaction_char_PATAMON,char_PATAMON,"Ничего особенного. С этим уже покончено. Извини, что беспокою
тебя.",
pata_001_4_replay,char_PLAYER_M,Я принесу извинения от их имени.,
pata_001_4_reaction_char_PATAMON,char_PATAMON,"Ты действительно хороший, не так ли? В таком случае, я пойду
дальше и прощу тебя.",
kuda_001_0_char_KUDAMON,char_KUDAMON,"Езда на плечах человека, несомненно, расслабляет!",
kuda_001_1_replay,char_PLAYER_M,"Держу пари, ты действительно тяжелый.",
kuda_001_1_reaction_char_KUDAMON,char_KUDAMON,"Это просто неправда. Люди, кажется, рады, что я катаюсь на них.
Тебе стоит попробовать.",
kuda_001_2_replay,char_PLAYER_M,Не лезь на меня.,
kuda_001_2_reaction_char_KUDAMON,char_KUDAMON,"Я сам выбираю аттракционы, спасибо. Буду ли я катать вас, все
еще в воздухе.",
kuda_001_3_replay,char_PLAYER_M,Тогда запрыгивай. Я подвезу тебя.,
kuda_001_3_reaction_char_KUDAMON,char_KUDAMON,"Я ценю твою мысль. Тем не менее, мне нужно узнать тебя получше,
иначе я не смогу расслабиться.",
kuda_001_4_replay,char_PLAYER_M,Почему бы не посидеть у них на коленях?,
kuda_001_4_reaction_char_KUDAMON,char_KUDAMON,"Теперь это уже не то же самое, не так ли? Я предпочитаю ощущение
передвижения среди людей.",
pro_001_0_char_PLOTMON,char_PLOTMON,"Скажите, а что такое ""щенок""?",
pro_001_1_replay,char_PLAYER_M,Маленькое озорное создание.,
pro_001_1_reaction_char_PLOTMON,char_PLOTMON,"О, какой позор! Люди говорят, что я похож на одного из них. Если
я когда-нибудь замечу одного, я буду ругать его!",
pro_001_2_replay,char_PLAYER_M,"Форма жизни, похожая на тебя.",
pro_001_2_reaction_char_PLOTMON,char_PLOTMON,"Люди часто так говорят, да. Мне действительно любопытно узнать,
на что они похожи!",
pro_001_3_replay,char_PLAYER_M,"Животное, любимое многими.",
pro_001_3_reaction_char_PLOTMON,char_PLOTMON,"Люди говорят, что я на него похожа. Наверное, поэтому люди
всегда так добры ко мне!",
pro_001_4_replay,char_PLAYER_M,"Милое, как пуговица, создание!",
pro_001_4_reaction_char_PLOTMON,char_PLOTMON,"Симпатичный ?! Знаешь, мне говорили, что я очень на него похож.
Какие приятные слова!",
teri_001_0_char_TERRIERMON,char_TERRIERMON,Нам следовало бы относиться ко всему более непринужденно.,
teri_001_1_replay,char_PLAYER_M,"Я бы сказал, что нам нужно стать более серьезными.",
teri_001_1_reaction_char_TERRIERMON,char_TERRIERMON,"Ты - нечто особенное, не так ли? И все же, не изматывай себя
сейчас.",
teri_001_2_replay,char_PLAYER_M,"Я уже беззаботен, детка!",
teri_001_2_reaction_char_TERRIERMON,char_TERRIERMON,"Не с моей точки зрения, но если ты так говоришь. Я постараюсь
последовать твоему примеру.",
teri_001_3_replay,char_PLAYER_M,Немного серьезности еще никому не повредило.,
teri_001_3_reaction_char_TERRIERMON,char_TERRIERMON,"Легкость и серьезность - это две стороны одной медали,
понимаешь? Я - идеальный пример.",
teri_001_4_replay,char_PLAYER_M,Не слишком ли ты легкомысленна?,
teri_001_4_reaction_char_TERRIERMON,char_TERRIERMON,"Слишком много в самый раз для вашего покорного слуги. Вы
действительно знаете, как сделать комплимент мужчине!",
lop_001_0_char_LOPMON,char_LOPMON,"I'm... Ты же знаешь, я не плакса!",
lop_001_1_replay,char_PLAYER_M,Ты - словарное определение одного из них.,
lop_001_1_reaction_char_LOPMON,char_LOPMON,"Я говорил тебе, что это не так, но ты... Ты...! * шмыгаю носом *
Я не буду плакать, черт возьми! Ты слышишь меня?!",
lop_001_2_replay,char_PLAYER_M,"Только плаксы говорят, что они не плаксы.",
lop_001_2_reaction_char_LOPMON,char_LOPMON,"Понятно. Значит, так оно и есть... Тогда я вычеркну это слово из
своего словарного запаса, начиная с этого момента!",
lop_001_3_replay,char_PLAYER_M,"В таком случае, не плачь.",
lop_001_3_reaction_char_LOPMON,char_LOPMON,"Хорошо. Я не буду плакать... Я ведь не плачу прямо сейчас,
правда? Это значит, что я вылечился! Верно?",
lop_001_4_replay,char_PLAYER_M,"Кто сказал, что ты плакса?",
lop_001_4_reaction_char_LOPMON,char_LOPMON,"Спасибо, что поверил мне! Бьюсь об заклад, никто не назвал бы
меня так, если бы ты был рядом с самого начала.",
ange_001_0_char_ANGEMON,char_ANGEMON,"Я не позволю, чтобы даже самый мелкий проступок остался
безнаказанным.",
ange_001_1_replay,char_PLAYER_M,"Извините, что украл ваши закуски.",
ange_001_1_reaction_char_ANGEMON,char_ANGEMON,"Я аплодирую вам за то, что у вас хватило смелости признаться.
Однако никогда не делайте этого снова.",
ange_001_2_replay,char_PLAYER_M,Ты не можешь дать мне пропуск?,
ange_001_2_reaction_char_ANGEMON,char_ANGEMON,"Если вы можете проявлять хитрость, вам с самого начала не
следовало заниматься порочностью.",
ange_001_3_replay,char_PLAYER_M,Извини за все эти пердежи.,
ange_001_3_reaction_char_ANGEMON,char_ANGEMON,"..Пожалуйста, не приставайте ко мне с такими банальными
выходками.",
ange_001_4_replay,char_PLAYER_M,Моя совесть чиста.,
ange_001_4_reaction_char_ANGEMON,char_ANGEMON,"И вот почему из всех людей я доверяю только тебе. Достойно
восхищения.",
reppa_001_0_char_REPPAMON,char_REPPAMON,"Эй, приятель! Куда ты смотришь?! Сюда! Хвост - это тот, который
Реппамон!",
reppa_001_1_replay,char_PLAYER_M,Не в головной части?,
reppa_001_1_reaction_char_REPPAMON,char_REPPAMON,"Неправильно! Я тот, кто режет и раскалывает. Голова - это просто
бесхребетная показуха!",
reppa_001_2_replay,char_PLAYER_M,Хвост? Разве эта часть не просто лезвие?,
reppa_001_2_reaction_char_REPPAMON,char_REPPAMON,"Та часть ""только лезвие"", на которую ты так бойко ссылаешься, -
это я, Реппамон! Давай начистоту!",
reppa_001_3_replay,char_PLAYER_M,Что угодно. Для меня это все равно.,
reppa_001_3_reaction_char_REPPAMON,char_REPPAMON,"Смотри. Я просто хвост, с телом и головой, свисающими с меня,
как с хвоста. Понимаешь?",
reppa_001_4_replay,char_PLAYER_M,"Разве вы оба не Реппамон, не сделка 2 в 1?",
reppa_001_4_reaction_char_REPPAMON,char_REPPAMON,"Эй, если бы это зависело от меня, я бы просто отрезал вторую
часть. Но, конечно. Будь по-твоему.",
tail_001_0_char_TAILMON,char_TAILMON,"Я хочу, чтобы ты в полной мере использовал силу моего Священного
Кольца.",
tail_001_1_replay,char_PLAYER_M,"Я бы предпочел не использовать его, если в этом нет
необходимости.",
tail_001_1_reaction_char_TAILMON,char_TAILMON,"Вероятно, вам не пришлось бы этого делать, если бы все
оставалось мирным, но это еще более высокий порядок.",
tail_001_2_replay,char_PLAYER_M,"Я бы даже не знал, как им пользоваться.",
tail_001_2_reaction_char_TAILMON,char_TAILMON,Не волнуйся. Я расскажу тебе все тонкости.,
tail_001_3_replay,char_PLAYER_M,"Спасибо. Держу пари, это будет очень полезно.",
tail_001_3_reaction_char_TAILMON,char_TAILMON,Я рад! Важно прикрывать друг друга.,
tail_001_4_replay,char_PLAYER_M,"Просто убедитесь, что вы его не потеряете!",
tail_001_4_reaction_char_TAILMON,char_TAILMON,"Спасибо. Но если ситуация когда-нибудь станет опасной, я знаю,
ты будешь рядом, чтобы защитить меня.",
uni_001_0_char_YUNIMON,char_YUNIMON,Давайте вместе объедем весь мир!,
uni_001_1_replay,char_PLAYER_M,Я бы не смог угнаться за тобой.,
uni_001_1_reaction_char_YUNIMON,char_YUNIMON,"Не будь трусихой! Кроме того, я могу помочь тебе, если ты
отстанешь.",
uni_001_2_replay,char_PLAYER_M,Люди тоже могут летать?,
uni_001_2_reaction_char_YUNIMON,char_YUNIMON,"Не без посторонней помощи, нет. Но с правильными знаниями
возможно все.",
uni_001_3_replay,char_PLAYER_M,Я бы с удовольствием умел летать.,
uni_001_3_reaction_char_YUNIMON,char_YUNIMON,"Невозможно без крыльев. К счастью, у тебя есть я, чтобы
действовать как твои крылья.",
uni_001_4_replay,char_PLAYER_M,Давайте отправимся прямо сейчас!,
uni_001_4_reaction_char_YUNIMON,char_YUNIMON,"Это не так просто. Мы не можем позволить волнению взять над нами
верх.",
angew_001_0_char_ANGEWOMON,char_ANGEWOMON,"Человек должен исправлять ошибки мира, не потворствуя никакому
злу.",
angew_001_1_replay,char_PLAYER_M,Я помогу тебе сделать это.,
angew_001_1_reaction_char_ANGEWOMON,char_ANGEWOMON,"Я хочу, чтобы вы были ядром наших усилий. Таким образом, именно
я должен помогать вам.",
angew_001_2_replay,char_PLAYER_M,Я чувствую то же самое.,
angew_001_2_reaction_char_ANGEWOMON,char_ANGEWOMON,"Если каждый из нас будет действовать обдуманно и творить добро,
мир будет двигаться в правильном направлении.",
angew_001_3_replay,char_PLAYER_M,Я хочу быть кем-то вроде этого.,
angew_001_3_reaction_char_ANGEWOMON,char_ANGEWOMON,"Каждый единомышленник, которого я могу собрать, делает мир
лучше.",
angew_001_4_replay,char_PLAYER_M,"Я делаю это, даже когда остаюсь один.",
angew_001_4_reaction_char_ANGEWOMON,char_ANGEWOMON,"Я здесь ради тебя. Я бы никогда не переложил это бремя на тебя
одного.",
holyan_001_0_char_HOLYANGEMON,char_HOLYANGEMON,"Я иду путем праведности. Будете ли вы двигаться вперед вместе со
мной по этому пути?",
holyan_001_1_replay,char_PLAYER_M,"Я не уверен, что готов к этому.",
holyan_001_1_reaction_char_HOLYANGEMON,char_HOLYANGEMON,"В таком случае, я настаиваю, чтобы мы прошли этот путь вместе.
Вы можете начать с преодоления своих собственных страхов.",
holyan_001_2_replay,char_PLAYER_M,"Да, я бы с удовольствием.",
holyan_001_2_reaction_char_HOLYANGEMON,char_HOLYANGEMON,"Если ваша решимость установлена, путь впереди откроется. Тогда
начнется обучение!",
holyan_001_3_replay,char_PLAYER_M,Я сделаю. Я должен!,
holyan_001_3_reaction_char_HOLYANGEMON,char_HOLYANGEMON,"Вот что значит быть со мной. Я рад видеть, что ты это понимаешь.",
holyan_001_4_replay,char_PLAYER_M,"Вообще-то, я бы хотел, чтобы вы последовали за мной.",
holyan_001_4_reaction_char_HOLYANGEMON,char_HOLYANGEMON,"Я надеялся, что однажды вы возьмете на себя инициативу. Я рад,
что сегодня именно этот день.",
knight_001_0_char_KNIGHTMON,char_KNIGHTMON,"Я клянусь в своей верности вам, мой сеньор.",
knight_001_1_replay,char_PLAYER_M,"Значит, если бы я сказал тебе умереть за меня, ты бы это сделал?",
knight_001_1_reaction_char_KNIGHTMON,char_KNIGHTMON,"Моя преданность тебе проистекает из веры в то, что ты никогда бы
не приказал мне сделать что-то настолько вопиющее.",
knight_001_2_replay,char_PLAYER_M,Ты будешь беспрекословно подчиняться моим приказам?,
knight_001_2_reaction_char_KNIGHTMON,char_KNIGHTMON,"Твои приказы непреложны. Пожалуйста, направь меня, чтобы я
никогда не сбился с пути.",
knight_001_3_replay,char_PLAYER_M,Мы с тобой должны быть на равных.,
knight_001_3_reaction_char_KNIGHTMON,char_KNIGHTMON,"Я должен быть предан своему сеньору. У меня нет желания занимать
ваше положение.",
knight_001_4_replay,char_PLAYER_M,"Я надеюсь, что я тебе понравлюсь.",
knight_001_4_reaction_char_KNIGHTMON,char_KNIGHTMON,"Но, конечно! И я надеюсь, что мое послушание является
достаточным доказательством этого обещания.",
chiri_001_0_char_TYILINMON,char_TYILINMON,Я бы никогда не стал потворствовать бессмысленному убийству!,
chiri_001_1_replay,char_PLAYER_M,Что именно вы бы сделали по этому поводу?,
chiri_001_1_reaction_char_TYILINMON,char_TYILINMON,Я бы назначил наказание! И не думай вмешиваться!,
chiri_001_2_replay,char_PLAYER_M,"Но вы бы сделали это, если бы в этом был какой-то смысл?",
chiri_001_2_reaction_char_TYILINMON,char_TYILINMON,"Убивать никогда не имеет смысла! Ко всему живому в цифровом мире
нужно относиться с состраданием!",
chiri_001_3_replay,char_PLAYER_M,Ты бы когда-нибудь проявил милосердие?,
chiri_001_3_reaction_char_TYILINMON,char_TYILINMON,"Преступник должен раскаяться и никогда больше без необходимости
не лишать себя жизни.",
chiri_001_4_replay,char_PLAYER_M,Согласен.,
chiri_001_4_reaction_char_TYILINMON,char_TYILINMON,"Убийство порождается конфликтом. Мы должны стремиться к миру,
свободному от раздоров.",
glade_001_0_char_GRADEMON,char_GRADEMON,Предоставьте авангард мне.,
glade_001_1_replay,char_PLAYER_M,Я не могу этого сделать.,
glade_001_1_reaction_char_GRADEMON,char_GRADEMON,"Я предпочитаю сам быть на переднем крае, но для вас я могу
сделать исключение.",
glade_001_2_replay,char_PLAYER_M,Я подумаю об этом.,
glade_001_2_reaction_char_GRADEMON,char_GRADEMON,"Я с нетерпением жду, какую стратегию вы разработаете.",
glade_001_3_replay,char_PLAYER_M,Это все твое.,
glade_001_3_reaction_char_GRADEMON,char_GRADEMON,"Когда Золотой Метеор устремится вперед, вы станете свидетелями
фехтования с беспрецедентной скоростью.",
glade_001_4_replay,char_PLAYER_M,"Просто не теряй самообладания, когда дерешься.",
glade_001_4_reaction_char_GRADEMON,char_GRADEMON,"Это сарказм? Я владею мечом наравне со Святым Рыцарем, но я
приму твой совет.",
claan_001_0_char_CLAVISANGEMON,char_CLAVISANGEMON,Вы должны не забыть все запереть.,
claan_001_1_replay,char_PLAYER_M,Я оставляю это на ваше усмотрение.,
claan_001_1_reaction_char_CLAVISANGEMON,char_CLAVISANGEMON,"Я должен охранять Врата Зенита. Вы несете ответственность за то,
чтобы запирать свои собственные двери.",
claan_001_2_replay,char_PLAYER_M,"Я беспокоюсь о том, что забыл запереть дверь.",
claan_001_2_reaction_char_CLAVISANGEMON,char_CLAVISANGEMON,"Тогда вы всегда должны перепроверять. Еще лучше подтвердить это
вслух.",
claan_001_3_replay,char_PLAYER_M,Я всегда так делаю.,
claan_001_3_reaction_char_CLAVISANGEMON,char_CLAVISANGEMON,"Это замечательно. Если до этого когда-нибудь дойдет, мы сможем
помочь друг другу.",
claan_001_4_replay,char_PLAYER_M,Я хочу помочь.,
claan_001_4_reaction_char_CLAVISANGEMON,char_CLAVISANGEMON,"Я могу справиться с охраной Зенитных ворот в одиночку. Но я ценю
вашу мысль.",
ofa_001_0_char_OPHANIMON,char_OPHANIMON,"Я Суперангел, один из трех Небесных Дигимонов, охраняющих Ядро
Цифрового мира.",
ofa_001_1_replay,char_PLAYER_M,Могу я вам чем-нибудь помочь?,
ofa_001_1_reaction_char_OPHANIMON,char_OPHANIMON,"Я был бы счастлив, если бы вы распространили весть о моей любви
и милосердии по всему Цифровому миру.",
ofa_001_2_replay,char_PLAYER_M,В чем заключается ваш долг?,
ofa_001_2_reaction_char_OPHANIMON,char_OPHANIMON,"Мой долг - распространять любовь и сострадание по всему
цифровому миру. Это то, кто я есть.",
ofa_001_3_replay,char_PLAYER_M,Что такое Суперангел?,
ofa_001_3_reaction_char_OPHANIMON,char_OPHANIMON,"Одна из ролей среди ангелов и относится к типу Дигимонов, очень
похожих на ""Насекомых"" или ""Рептилий"".",
ofa_001_4_replay,char_PLAYER_M,Для тебя нормально быть здесь?,
ofa_001_4_reaction_char_OPHANIMON,char_OPHANIMON,"Мое присутствие здесь означает, что мне есть за чем понаблюдать
и чего достичь.",
serap_001_0_char_SERAPHIMON,char_SERAPHIMON,"Я серафим Дигимон, тот, кто правит всеми Ангелами Дигимон.",
serap_001_1_replay,char_PLAYER_M,Могу я вам чем-нибудь помочь?,
serap_001_1_reaction_char_SERAPHIMON,char_SERAPHIMON,Не позволяйте злу существовать в этом мире.,
serap_001_2_replay,char_PLAYER_M,Делает ли это вас замечательным?,
serap_001_2_reaction_char_SERAPHIMON,char_SERAPHIMON,"Я принадлежу к высшему эшелону Ангелов-Дигимонов, но это просто
роль, отведенная мне.",
serap_001_3_replay,char_PLAYER_M,Что такое Серафим?,
serap_001_3_reaction_char_SERAPHIMON,char_SERAPHIMON,"Величайший из всех ангелов, говорят они. Это не меняет того
факта, что мы друзья.",
serap_001_4_replay,char_PLAYER_M,Для тебя нормально быть здесь?,
serap_001_4_reaction_char_SERAPHIMON,char_SERAPHIMON,"Я покидаю это место, когда приближается последняя битва. До тех
пор я останусь с тобой.",
pega_001_0_char_PEGASMON,char_PEGASMON,"Не стой у меня за спиной. Я не понесу ответственности, если ты
получишь удар по голове.",
pega_001_1_replay,char_PLAYER_M,"Ударь меня, если тебе нужно.",
pega_001_1_reaction_char_PEGASMON,char_PEGASMON,"Говори о том, что напрашиваешься на это... Ты изменишь свою
мелодию, как только увидишь, как я скачу галопом на родео.",
pega_001_2_replay,char_PLAYER_M,Неужели это действительно было бы так больно?,
pega_001_2_reaction_char_PEGASMON,char_PEGASMON,"""Больно"" не подошло бы для описания этого. Представьте это как
удар, жестокий и настоящий.",
pega_001_3_replay,char_PLAYER_M,Можно я тебя оседлаю?,
pega_001_3_reaction_char_PEGASMON,char_PEGASMON,"Я бы предпочел, чтобы вы сделали это не без причины, но ради
правого дела я бы согласился.",
pega_001_4_replay,char_PLAYER_M,Не делай этого сейчас.,
pega_001_4_reaction_char_PEGASMON,char_PEGASMON,"Уверяю вас, это рефлекс. Хотя, возможно, ваше особое присутствие
сведет это на нет?",
nefe_001_0_char_NEFERTIMON,char_NEFERTIMON,Позволь мне очаровать тебя светом моей улыбки.,
nefe_001_1_replay,char_PLAYER_M,Ты не расстроен?,
nefe_001_1_reaction_char_NEFERTIMON,char_NEFERTIMON,"Такие мысли - доказательство твоей нечистоты. Однажды я очищу
тебя своим обаянием.",
nefe_001_2_replay,char_PLAYER_M,Подожди. Ты улыбаешься?,
nefe_001_2_reaction_char_NEFERTIMON,char_NEFERTIMON,"Подожди. Ты не можешь сказать? Однажды я очищу тебя своим
обаянием.",
nefe_001_3_replay,char_PLAYER_M,"О, я в восторге.",
nefe_001_3_reaction_char_NEFERTIMON,char_NEFERTIMON,"Но, конечно. Я верю, что мы с тобой прекрасно поладим.",
nefe_001_4_replay,char_PLAYER_M,Я тебе не позволю.,
nefe_001_4_reaction_char_NEFERTIMON,char_NEFERTIMON,"Другие люди говорили то же самое, но они тоже были
загипнотизированы. Как и вы, я уверен.",
mug_001_0_char_MAGNAMON,char_MAGNAMON,Вы верите в чудеса?,
mug_001_1_replay,char_PLAYER_M,"Я уверен, что хочу!",
mug_001_1_reaction_char_MAGNAMON,char_MAGNAMON,"Если есть какие-то трудности, которые вы хотите преодолеть,
поверьте, я проведу вас до конца.",
mug_001_2_replay,char_PLAYER_M,"Я имею в виду, я бы хотел этого...",
mug_001_2_reaction_char_MAGNAMON,char_MAGNAMON,"Я чувствую в тебе нерешительность. Оставайся со мной, и однажды
ты поверишь.",
mug_001_3_replay,char_PLAYER_M,Ни единого шанса.,
mug_001_3_reaction_char_MAGNAMON,char_MAGNAMON,"Сила чудес реальна. Вы никогда не должны сдаваться, какой бы
тяжелой ни была ситуация.",
mug_001_4_replay,char_PLAYER_M,"Я верю в тебя, Магнамон.",
mug_001_4_reaction_char_MAGNAMON,char_MAGNAMON,Приятно это слышать. Верить в меня - значит верить в силу чудес.,
coro_001_0_char_CORONAMON,char_CORONAMON,"Ни у кого нет больше мужества, чем у меня!",
coro_001_1_replay,char_PLAYER_M,"А как насчет чего-нибудь еще, кроме кишок?",
coro_001_1_reaction_char_CORONAMON,char_CORONAMON,"Солнце на моей стороне, поэтому мое пламя непобедимо! Давайте
выйдем и сразимся!",
coro_001_2_replay,char_PLAYER_M,Это впечатляет.,
coro_001_2_reaction_char_CORONAMON,char_CORONAMON,"Я знаю. Всегда наименее смелые парни говорят, что у других их
нет.",
coro_001_3_replay,char_PLAYER_M,Тогда давай сразимся.,
coro_001_3_reaction_char_CORONAMON,char_CORONAMON,"Да? Но я хотел быть друзьями... Мы ведь в этом вместе, верно?",
coro_001_4_replay,char_PLAYER_M,Ты сильный человек.,
coro_001_4_reaction_char_CORONAMON,char_CORONAMON,"Спасибо. Так ты уважаешь меня, да? Я уважаю тебя в ответ.",
luna_001_0_char_LUNAMON,char_LUNAMON,Хмм? Ты только что что-то сказал?,
luna_001_1_replay,char_PLAYER_M,Я подбадривал тебя!,
luna_001_1_reaction_char_LUNAMON,char_LUNAMON,"Я так и думал! Подумал, что ты, возможно, разговариваешь с
кем-то другим... Спасибо! Давайте сделаем все, что в наших силах!",
luna_001_2_replay,char_PLAYER_M,Просто разговариваю сам с собой.,
luna_001_2_reaction_char_LUNAMON,char_LUNAMON,"Да? Что ж, почему бы тебе вместо этого не поговорить со мной? Я
уверен, тебе есть чему меня научить.",
luna_001_3_replay,char_PLAYER_M,Я ничего не сказал.,
luna_001_3_reaction_char_LUNAMON,char_LUNAMON,"Мне показалось, я слышал твой голос. Моя ошибка. Иногда мой слух
работает против меня...",
luna_001_4_replay,char_PLAYER_M,Я просто поздоровался!,
luna_001_4_reaction_char_LUNAMON,char_LUNAMON,"Я так и думал. Цени это! Я был уверен, что узнаю твой голос. Я
рад, что узнал!",
anwi_001_0_char_ANCIENTWISETMON,char_ANCIENTWISETMON,"Я веду хронику всей мудрости с далекого прошлого. Ничто не
выходит за рамки моих знаний.",
anwi_001_1_replay,char_PLAYER_M,"Так что знаешь, о чем я сейчас думаю?",
anwi_001_1_reaction_char_ANCIENTWISETMON,char_ANCIENTWISETMON,"Это не имеет ничего общего с мудростью. Если ты пытаешься
испытать меня, знай, что это бессмысленно.",
anwi_001_2_replay,char_PLAYER_M,Я хочу учиться.,
anwi_001_2_reaction_char_ANCIENTWISETMON,char_ANCIENTWISETMON,"Я научу тебя всему, что смогу. Чтобы построить будущее, ты
должен знать прошлое.",
anwi_001_3_replay,char_PLAYER_M,Это немного пугает.,
anwi_001_3_reaction_char_ANCIENTWISETMON,char_ANCIENTWISETMON,"Мудрость, которой я обладаю, может предсказывать будущее. Я не
буду применять то же самое к тебе.",
anwi_001_4_replay,char_PLAYER_M,Хотел бы я быть таким же.,
anwi_001_4_reaction_char_ANCIENTWISETMON,char_ANCIENTWISETMON,"Вместо того чтобы желать, я бы хотел, чтобы ты перенял мою
мудрость и сделал ее своей собственной.",
sola_001_0_char_SOLARMON,char_SOLARMON,Джиджиги! Джиджиги!,
sola_001_1_replay,char_PLAYER_M,"Ты довольно горячая штучка, не так ли?",
sola_001_1_reaction_char_SOLARMON,char_SOLARMON,"Gigigi... Это мой горячий DigiCore. Извините за духоту. Просто
считайте это тренировкой!",
sola_001_2_replay,char_PLAYER_M,Вы Хагурумон?,
sola_001_2_reaction_char_SOLARMON,char_SOLARMON,"Джиджиджи! Я Солармон, и не забывай об этом!",
sola_001_3_replay,char_PLAYER_M,Твой блеск... Он почти ангельский.,
sola_001_3_reaction_char_SOLARMON,char_SOLARMON,"Джиджи? Ты хочешь сказать, что я божественен или что-то в этом
роде? Да ладно. Ты заставишь меня покраснеть...",
sola_001_4_replay,char_PLAYER_M,У тебя сегодня красное лицо.,
sola_001_4_reaction_char_SOLARMON,char_SOLARMON,"Джиджи? Да, у меня всегда такое лицо. Надеюсь, ты не принимаешь
меня за кого-то другого.",
bird_001_0_char_BIRDRAMON,char_BIRDRAMON,Я могу что-нибудь для вас сделать?,
bird_001_1_replay,char_PLAYER_M,Поделись со мной частью своей интенсивности.,
bird_001_1_reaction_char_BIRDRAMON,char_BIRDRAMON,"Интенсивность исходит изнутри, так что выполнить эту задачу
можете только вы.",
bird_001_2_replay,char_PLAYER_M,"Я хочу научиться быть спокойной, как ты.",
bird_001_2_reaction_char_BIRDRAMON,char_BIRDRAMON,"Я кажусь тебе спокойным? Я просто думаю о том, что я могу
сделать до начала битвы.",
bird_001_3_replay,char_PLAYER_M,Позволь мне прокатиться на тебе верхом.,
bird_001_3_reaction_char_BIRDRAMON,char_BIRDRAMON,"Я бы не возражал, но твоя задница загорится. Может быть, будет
лучше схватить меня за ноги.",
bird_001_4_replay,char_PLAYER_M,Я хочу быть с тобой вечно.,
bird_001_4_reaction_char_BIRDRAMON,char_BIRDRAMON,"Любое сильное желание обязательно сбудется. Я останусь с тобой
до скончания времен.",
agni_001_0_char_AGNIMON,char_AGNIMON,Пламя повинуется моему приказу.,
agni_001_1_replay,char_PLAYER_M,Тебе не следует ничего сжигать.,
agni_001_1_reaction_char_AGNIMON,char_AGNIMON,"Мое пламя священно и высвобождается только для того, чтобы
очистить Цифровой мир от зла.",
agni_001_2_replay,char_PLAYER_M,Можете ли вы сжигать мусор?,
agni_001_2_reaction_char_AGNIMON,char_AGNIMON,"Я могу превратить в пепел все, что угодно, но я должен помнить
об окружающей среде.",
agni_001_3_replay,char_PLAYER_M,Вы тоже умеете тушить пожары?,
agni_001_3_reaction_char_AGNIMON,char_AGNIMON,"Это сложная задача... Однако, даю вам слово, я разберусь с любым
пожаром, который устрою.",
agni_001_4_replay,char_PLAYER_M,Вы можете нагреть воду?,
agni_001_4_reaction_char_AGNIMON,char_AGNIMON,"Нет ничего, что я не мог бы подогреть. Если вы желаете горячую
воду, то она будет готова.",
vuli_001_0_char_VRITRAMON,char_VRITRAMON,Пламя огненного дракона превращает всех врагов в пепел!,
vuli_001_1_replay,char_PLAYER_M,"Даже очень, очень большие враги?",
vuli_001_1_reaction_char_VRITRAMON,char_VRITRAMON,"Чем сильнее противник, тем ярче горит мой боевой дух — и мое
пламя под стать ему!",
vuli_001_2_replay,char_PLAYER_M,Даже целая толпа врагов?,
vuli_001_2_reaction_char_VRITRAMON,char_VRITRAMON,"Я оставляю тактику тебе. Меня не волнует, насколько плохо
обстоят дела в бою! Я никогда не отступаю!",
vuli_001_3_replay,char_PLAYER_M,"Ты уверен, что после этого от них ничего не осталось?",
vuli_001_3_reaction_char_VRITRAMON,char_VRITRAMON,"Выстрелите лазером, который соперничает с солнцем, и вы ничего
не обнаружите на его пути! Поверьте мне.",
vuli_001_4_replay,char_PLAYER_M,"Ну, а что, если они убегут?",
vuli_001_4_reaction_char_VRITRAMON,char_VRITRAMON,"Этого никогда не случится. Я подниму пылающий торнадо своими
огненными крыльями, чтобы защитить тебя!",
rigra_001_0_char_RIZEGREYMON,char_RIZEGREYMON,Я хочу преобразовать и механизировать все свое тело...,
rigra_001_1_replay,char_PLAYER_M,"Звучит так, будто ты станешь действительно сильным.",
rigra_001_1_reaction_char_RIZEGREYMON,char_RIZEGREYMON,"Я думаю, что я уже довольно силен, но мне бы хотелось
посмотреть, насколько сильным я мог бы стать.",
rigra_001_2_replay,char_PLAYER_M,"Ты великолепен таким, какой ты есть.",
rigra_001_2_reaction_char_RIZEGREYMON,char_RIZEGREYMON,"Мне нравится мое тело таким, какое оно есть, но я должен
использовать любые возможности, какие только смогу.",
rigra_001_3_replay,char_PLAYER_M,"Держу пари, в таком виде ты бы выглядела круто.",
rigra_001_3_reaction_char_RIZEGREYMON,char_RIZEGREYMON,"Внешность тут ни при чем. Я хочу посмотреть, насколько сильным я
могу стать.",
rigra_001_4_replay,char_PLAYER_M,Ты мне нравишься из плоти и крови.,
rigra_001_4_reaction_char_RIZEGREYMON,char_RIZEGREYMON,"Значит, раньше я выглядела превосходно? Не уверена, радует меня
это или печалит...",
shakko_001_0_char_SHAKKOUMON,char_SHAKKOUMON,Я БУДУ ЗАЩИЩАТЬ ЭТУ ЗЕМЛЮ.,
shakko_001_1_replay,char_PLAYER_M,Тогда я оставляю это на ваше усмотрение.,
shakko_001_1_reaction_char_SHAKKOUMON,char_SHAKKOUMON,ДА. БУДЬТЕ УВЕРЕНЫ. Я МОГУ АТАКОВАТЬ ВО ВСЕХ НАПРАВЛЕНИЯХ.,
shakko_001_2_replay,char_PLAYER_M,Не-а. Не беспокойся об этом.,
shakko_001_2_reaction_char_SHAKKOUMON,char_SHAKKOUMON,"ТАК НЕ ПОЙДЕТ. КАК БОЖЕСТВО-ХРАНИТЕЛЬ, я ДОЛЖЕН ВЫПОЛНИТЬ Свой
ДОЛГ.",
shakko_001_3_replay,char_PLAYER_M,С нетерпением жду вашей защиты.,
shakko_001_3_reaction_char_SHAKKOUMON,char_SHAKKOUMON,ЭТО ВСЕГО ЛИШЬ ОБЯЗАННОСТЬ БОЖЕСТВА-ХРАНИТЕЛЯ.,
shakko_001_4_replay,char_PLAYER_M,Большое вам спасибо.,
shakko_001_4_reaction_char_SHAKKOUMON,char_SHAKKOUMON,Я РАД ПОЛУЧИТЬ ВАШУ БЛАГОДАРНОСТЬ.,
shigra_001_0_char_SHINEGREYMON,char_SHINEGREYMON,Может ли что-нибудь победить энергию солнца?,
shigra_001_1_replay,char_PLAYER_M,"Нет, этого не произойдет.",
shigra_001_1_reaction_char_SHINEGREYMON,char_SHINEGREYMON,"Именно. Ни одна из них не может сравниться с раскаленной
энергией этой звезды.",
shigra_001_2_replay,char_PLAYER_M,Твоя сила.,
shigra_001_2_reaction_char_SHINEGREYMON,char_SHINEGREYMON,"Верно. Без моего ведома было бы трудно преобразовать энергию
солнца в мою силу.",
shigra_001_3_replay,char_PLAYER_M,Моя сила.,
shigra_001_3_reaction_char_SHINEGREYMON,char_SHINEGREYMON,"Не говоря уже о том, сможешь ли ты победить солнце, я признаю
твои способности, мой друг.",
shigra_001_4_replay,char_PLAYER_M,Сила дружбы.,
shigra_001_4_reaction_char_SHINEGREYMON,char_SHINEGREYMON,"Верно. Силу друзей не стоит презирать. Они позволили мне
показать истинную ценность солнца.",
houo_001_0_char_HOUOUMON,char_HOUOUMON,Я должен очистить тебя от всего зла!,
houo_001_1_replay,char_PLAYER_M,Не делай мне больно!,
houo_001_1_reaction_char_HOUOUMON,char_HOUOUMON,"Когда зло будет очищено, боль и мучения уйдут навсегда. Как
насчет краткого момента боли?",
houo_001_2_replay,char_PLAYER_M,Держись!,
houo_001_2_reaction_char_HOUOUMON,char_HOUOUMON,"Я не могу позволить злу процветать! И все же, давайте вместе
выберем лучшее время для вашего очищения...",
houo_001_3_replay,char_PLAYER_M,Не отчищайте меня!,
houo_001_3_reaction_char_HOUOUMON,char_HOUOUMON,"Вас мучает совесть? Если да, то тем больше причин что-то с этим
делать!",
houo_001_4_replay,char_PLAYER_M,Давай. Сделай это сейчас!,
houo_001_4_reaction_char_HOUOUMON,char_HOUOUMON,"Когда придет время, я со всей поспешностью очищу вас от зла.
Предоставьте выбор времени мне.",
megi_001_0_char_MEGIDRAMON,char_MEGIDRAMON,"Проповедовать мне о добродетелях добродетели было бы просто
напрасной тратой сил.",
megi_001_1_replay,char_PLAYER_M,"Тем не менее, я все равно буду отстаивать это.",
megi_001_1_reaction_char_MEGIDRAMON,char_MEGIDRAMON,"Это ничего бы не значило, но ты действительно говоришь забавные
вещи. По крайней мере, я аплодирую твоему мужеству.",
megi_001_2_replay,char_PLAYER_M,Должно же где-то в тебе быть что-то хорошее.,
megi_001_2_reaction_char_MEGIDRAMON,char_MEGIDRAMON,"Я не знаю, что вы неправильно понимаете. Никогда не
недооценивайте силу тьмы.",
megi_001_3_replay,char_PLAYER_M,Я полностью согласен.,
megi_001_3_reaction_char_MEGIDRAMON,char_MEGIDRAMON,"Итак, ты понимаешь это, не так ли? Разумный человек.",
megi_001_4_replay,char_PLAYER_M,Мне жаль тебя.,
megi_001_4_reaction_char_MEGIDRAMON,char_MEGIDRAMON,"Твоя попытка привлечь мое внимание бессмысленна. Ты достойна
сожаления.",
beow_001_0_char_BEOWOLFMON,char_BEOWOLFMON,Что выше - дикая природа или интеллект?,
beow_001_1_replay,char_PLAYER_M,Дикая природа.,
beow_001_1_reaction_char_BEOWOLFMON,char_BEOWOLFMON,"Да, возможно, моя необузданность и есть источник моего
непоколебимого боевого духа.",
beow_001_2_replay,char_PLAYER_M,Интеллект.,
beow_001_2_reaction_char_BEOWOLFMON,char_BEOWOLFMON,"Да, возможно, именно из-за моего интеллекта исходит моя твердая
решимость бороться за своих друзей.",
beow_001_3_replay,char_PLAYER_M,Их невозможно сравнить.,
beow_001_3_reaction_char_BEOWOLFMON,char_BEOWOLFMON,"ДА. Настоящий воин должен уравновешивать дикий дух разумом, как
это делаю я.",
beow_001_4_replay,char_PLAYER_M,Нет смысла беспокоиться об этом.,
beow_001_4_reaction_char_BEOWOLFMON,char_BEOWOLFMON,"Верно. Нет времени на подобные мысли, когда сражаешься за своих
друзей на поле боя.",
mumm_001_0_char_MUMMYMON,char_MUMMYMON,"Может быть, самое время перебинтовать мне бинты...",
mumm_001_1_replay,char_PLAYER_M,Я помогу тебе.,
mumm_001_1_reaction_char_MUMMYMON,char_MUMMYMON,"Чтобы сделать меня беззащитной, ты имеешь в виду? Извини, что не
доверяю тебе, но я пас.",
mumm_001_2_replay,char_PLAYER_M,"Я бы с удовольствием посмотрел, как это работает.",
mumm_001_2_reaction_char_MUMMYMON,char_MUMMYMON,"Чтобы наблюдать за мной, ты имеешь в виду? Нет, спасибо. Я
переделаю свои накидки, когда ты отвернешься.",
mumm_001_3_replay,char_PLAYER_M,Вам не нужно их чинить.,
mumm_001_3_reaction_char_MUMMYMON,char_MUMMYMON,"Я не могу хорошо драться со свободными бинтами, но если ты так
говоришь, я с этим справлюсь.",
mumm_001_4_replay,char_PLAYER_M,"Честно говоря, они немного вонючие.",
mumm_001_4_reaction_char_MUMMYMON,char_MUMMYMON,"Как грубо! Хотя, думаю, я бы и не заметила, если бы ты
что-нибудь не сказал...",
pen_001_0_char_PENMON,char_PENMON,"Скажи, тебе жарко, или мне только кажется?",
pen_001_1_replay,char_PLAYER_M,Вовсе нет.,
pen_001_1_reaction_char_PENMON,char_PENMON,"Так это просто моя тепловая чувствительность? Тогда ладно. Я
попробую потерпеть еще немного.",
pen_001_2_replay,char_PLAYER_M,"Я бы сказал, что здесь холодно, если уж на то пошло.",
pen_001_2_reaction_char_PENMON,char_PENMON,"Хм. Никто из тех, кого я встретил на Южном полюсе, тоже не любил
холод. Неужели все люди такие?",
pen_001_3_replay,char_PLAYER_M,Это в самый раз.,
pen_001_3_reaction_char_PENMON,char_PENMON,"Я знал это. Я просто не могу чувствовать себя комфортно без
льда. Пойдем куда-нибудь, где немного прохладнее!",
pen_001_4_replay,char_PLAYER_M,Здесь душно.,
pen_001_4_reaction_char_PENMON,char_PENMON,"По-моему, тебе довольно комфортно. Пойдем окунемся в ледяную
воду, ты и я!",
ikka_001_0_char_IKKAKUMON,char_IKKAKUMON,"Скажи, я действительно такая пухленькая?",
ikka_001_1_replay,char_PLAYER_M,"Да, ты довольно пухленькая.",
ikka_001_1_reaction_char_IKKAKUMON,char_IKKAKUMON,"Я, конечно, не совсем быстрый, но упитанный? Для моей гарпунной
торпеды это просто немного объемисто.",
ikka_001_2_replay,char_PLAYER_M,"Кто сказал, что ты толстая?",
ikka_001_2_reaction_char_IKKAKUMON,char_IKKAKUMON,"Я так и знал! Если уж на то пошло, я худею. Знаешь, у меня
сильный стресс.",
ikka_001_3_replay,char_PLAYER_M,"Ты все такой же, как всегда.",
ikka_001_3_reaction_char_IKKAKUMON,char_IKKAKUMON,"Верно? Спасибо! Какое облегчение. У меня такой груз с души
свалился. Я даже проголодался.",
ikka_001_4_replay,char_PLAYER_M,Сам толком не могу сказать.,
ikka_001_4_reaction_char_IKKAKUMON,char_IKKAKUMON,"Ты мой друг, так что не спускай с меня глаз, ладно? Предупреди,
если я начну раздуваться.",
yuki_001_0_char_YUKIDARUMON,char_YUKIDARUMON,Я хочу пригласить всех в мою снежную хижину!,
yuki_001_1_replay,char_PLAYER_M,Я бы с удовольствием жила с тобой.,
yuki_001_1_reaction_char_YUKIDARUMON,char_YUKIDARUMON,"Всегда пожалуйста! Только не простудитесь. Для людей там немного
прохладновато.",
yuki_001_2_replay,char_PLAYER_M,Я обязательно пойду!,
yuki_001_2_reaction_char_YUKIDARUMON,char_YUKIDARUMON,"Я надеюсь, вы поймете, что мне нравится в жизни в мире льда и
снега.",
yuki_001_3_replay,char_PLAYER_M,"Думаю, я пас.",
yuki_001_3_reaction_char_YUKIDARUMON,char_YUKIDARUMON,"Не выносишь холод, да? Тогда мне лучше прогреть свою хижину
изнутри.",
yuki_001_4_replay,char_PLAYER_M,Тебе там не холодно?,
yuki_001_4_reaction_char_YUKIDARUMON,char_YUKIDARUMON,"Конечно, я в порядке! Кроме того, мое сердце наполняется теплом,
когда я с тобой.",
moja_001_0_char_MOJYAMON,char_MOJYAMON,"Я слышал, меня называют ""Редким животным Дигимоном"". Что во мне
такого редкого?",
moja_001_1_replay,char_PLAYER_M,Люди не так уж часто сталкиваются с тобой.,
moja_001_1_reaction_char_MOJYAMON,char_MOJYAMON,"Вы можете встретиться со мной в любое время в глубинке! Хотя это
может быть слишком сурово для вас, людей.",
moja_001_2_replay,char_PLAYER_M,"Никто не знает, где ты живешь.",
moja_001_2_reaction_char_MOJYAMON,char_MOJYAMON,"Глубоко в заснеженных горах. Но это священная земля, так что не
топчитесь по ней.",
moja_001_3_replay,char_PLAYER_M,Я ничего не могу придумать.,
moja_001_3_reaction_char_MOJYAMON,char_MOJYAMON,"Имеет смысл. В конце концов, я встретил всех вас, и теперь мы
друзья!",
moja_001_4_replay,char_PLAYER_M,"Ты классная, любопытная находка!",
moja_001_4_reaction_char_MOJYAMON,char_MOJYAMON,"Ты заставляешь меня краснеть под всей этой шерстью. Но не
волнуйся. Я не буду убегать и прятаться.",
viki_001_0_char_VIKEMON,char_VIKEMON,Я просто не выношу эту жару.,
viki_001_1_replay,char_PLAYER_M,"Я не думаю, что это горячо.",
viki_001_1_reaction_char_VIKEMON,char_VIKEMON,"Тьфу! Слишком привыкайте к этой жаре, и вы замерзнете, когда
похолодает!",
viki_001_2_replay,char_PLAYER_M,"Я бы сказал, что здесь холодно, если уж на то пошло.",
viki_001_2_reaction_char_VIKEMON,char_VIKEMON,"Ты так думаешь? Тогда тебе не стоит приезжать в вечную мерзлоту.
Может, это и к лучшему.",
viki_001_3_replay,char_PLAYER_M,Почему бы тебе не снять что-нибудь из этой одежды?,
viki_001_3_reaction_char_VIKEMON,char_VIKEMON,"Сделал бы, если бы мог... Но поскольку мы теперь друзья, я
просто постараюсь привыкнуть к этой жаре.",
viki_001_4_replay,char_PLAYER_M,"Ваш мех, несомненно, выглядит красивым и поджаристым.",
viki_001_4_reaction_char_VIKEMON,char_VIKEMON,"Скорее приятный и холодный. Это как кристаллики льда! Хочешь, я
тебя освежу?",
mete_001_0_char_METALETEMON,char_METALETEMON,"Какое слово, по-вашему, отражает суть вашего покорного слуги?",
mete_001_1_replay,char_PLAYER_M,Подлый...,
mete_001_1_reaction_char_METALETEMON,char_METALETEMON,"Прошу прощения ?! Тем не менее, вы не ошибаетесь. Если уж на то
пошло, это лучший комплимент на свете!",
mete_001_2_replay,char_PLAYER_M,Окончательный.,
mete_001_2_reaction_char_METALETEMON,char_METALETEMON,"Я Мега, ты знаешь. Излагай факты прямо!",
mete_001_3_replay,char_PLAYER_M,Непобедимый?,
mete_001_3_reaction_char_METALETEMON,char_METALETEMON,"Чувак, ты понял! Может, мне вместо этого написать это у себя на
груди?",
mete_001_4_replay,char_PLAYER_M,Самый сильный!,
mete_001_4_reaction_char_METALETEMON,char_METALETEMON,"Ты просто смотришь на мою грудь, или как? Тем не менее, ты не
ошибаешься. Посмотри хорошенько!",
raidora_001_0_char_LIGHDRAMON,char_LIGHDRAMON,Я хочу быстренько пробежаться здесь.,
raidora_001_1_replay,char_PLAYER_M,Ты можешь меня подвезти?,
raidora_001_1_reaction_char_LIGHDRAMON,char_LIGHDRAMON,"Я рад, что такие головокружительные скорости не вызывают у тебя
тошноты, но, может быть, мне лучше этого не делать.",
raidora_001_2_replay,char_PLAYER_M,Давайте бежать вместе!,
raidora_001_2_reaction_char_LIGHDRAMON,char_LIGHDRAMON,"Мне нравится твоя отвага! И все же, ты знаешь, я очень быстр. Я
бегу со скоростью самой молнии.",
raidora_001_3_replay,char_PLAYER_M,"Я думаю, что сам откажусь.",
raidora_001_3_reaction_char_LIGHDRAMON,char_LIGHDRAMON,"Но мчаться по земле - это действительно здорово. Жаль, что я не
могу подвезти тебя.",
raidora_001_4_replay,char_PLAYER_M,Давай просто успокоимся.,
raidora_001_4_reaction_char_LIGHDRAMON,char_LIGHDRAMON,"Если ты настаиваешь. Давай сегодня расслабимся. Мы можем
отложить пробежку на другой день.",
horus_001_0_char_HOLSMON,char_HOLSMON,Я совершу короткую прогулку по небу.,
horus_001_1_replay,char_PLAYER_M,Bon voyage!,
horus_001_1_reaction_char_HOLSMON,char_HOLSMON,"Я хочу осмотреть безопасность на земле с воздуха. Я вернусь
раньше, чем ты успеешь оглянуться.",
horus_001_2_replay,char_PLAYER_M,Я буду наблюдать за тобой отсюда.,
horus_001_2_reaction_char_HOLSMON,char_HOLSMON,"Я был бы впечатлен, если бы человеческие глаза могли следить за
мной. Я полагаю, вы очень быстро потеряете след.",
horus_001_3_replay,char_PLAYER_M,Возьми меня с собой.,
horus_001_3_reaction_char_HOLSMON,char_HOLSMON,"Летать с тобой было бы довольно весело, но сейчас не время для
игр. Может быть, в следующий раз.",
horus_001_4_replay,char_PLAYER_M,Одна? Это нечестно.,
horus_001_4_reaction_char_HOLSMON,char_HOLSMON,"Я хотел бы взять тебя с собой, но небо таит в себе изрядную долю
опасностей.",
piko_001_0_char_PICODEVIMON,char_PICODEVIMON,"Эй, босс, чем могу быть полезен?",
piko_001_1_replay,char_PLAYER_M,Потри мне плечи.,
piko_001_1_reaction_char_PICODEVIMON,char_PICODEVIMON,"..Да, хорошо, только не вини меня, если я сотру с них кровь
прямо сейчас.",
piko_001_2_replay,char_PLAYER_M,Что ты вообще можешь сделать?,
piko_001_2_reaction_char_PICODEVIMON,char_PICODEVIMON,"Все, что захочешь. Честность! И коварные махинации — это мой
хлеб с маслом!",
piko_001_3_replay,char_PLAYER_M,Пойди купи мне сока.,
piko_001_3_reaction_char_PICODEVIMON,char_PICODEVIMON,"Да ладно, босс. Это немного... Как насчет команды, достойной
моего изощренного коварства?",
piko_001_4_replay,char_PLAYER_M,Ты и так делаешь более чем достаточно.,
piko_001_4_reaction_char_PICODEVIMON,char_PICODEVIMON,"Не будь таким. Используй меня и оскорбляй сколько хочешь. Я
готов и жду 24/7!",
devi_001_0_char_DEVIMON,char_DEVIMON,Сила людей - это пустяк.,
devi_001_1_replay,char_PLAYER_M,Сила людей безгранична.,
devi_001_1_reaction_char_DEVIMON,char_DEVIMON,Интригующе. Я хотел бы увидеть проявление этой силы.,
devi_001_2_replay,char_PLAYER_M,Сила Девимона - это пустяк.,
devi_001_2_reaction_char_DEVIMON,char_DEVIMON,"У тебя острый язычок. Однако однажды тебе понадобятся мои сила и
интеллект.",
devi_001_3_replay,char_PLAYER_M,Человеческий потенциал безграничен.,
devi_001_3_reaction_char_DEVIMON,char_DEVIMON,"Веский довод. Люди иногда действуют таким образом, который не
поддается логике. Возможно, вы тоже...",
devi_001_4_replay,char_PLAYER_M,Но у нас есть сила любви.,
devi_001_4_reaction_char_DEVIMON,char_DEVIMON,"Хотя я никогда не буду обманут этим, любовь действительно не та
сила, к которой следует относиться легкомысленно...",
vande_001_0_char_VAMDEMON,char_VAMDEMON,Вы хоть немного интересуетесь темными искусствами?,
vande_001_1_replay,char_PLAYER_M,Ни капельки.,
vande_001_1_reaction_char_VAMDEMON,char_VAMDEMON,"Хехехе. Перестань притворяться. Любой человек, который
подружился бы со мной, не сказал бы такого.",
vande_001_2_replay,char_PLAYER_M,"Научи меня, научи меня!",
vande_001_2_reaction_char_VAMDEMON,char_VAMDEMON,"Ты определенно скрываешь свое сердце. Молись, чтобы ты сделал
достаточно, чтобы заслужить мое расположение.",
vande_001_3_replay,char_PLAYER_M,"Признаюсь, мне любопытно.",
vande_001_3_reaction_char_VAMDEMON,char_VAMDEMON,"ДА. Ты подружился со мной, значит, у тебя должен быть какой-то
интерес. Тем не менее, я выбираю, кого учить.",
vande_001_4_replay,char_PLAYER_M,"Они - зло, и их нужно остановить.",
vande_001_4_reaction_char_VAMDEMON,char_VAMDEMON,"Вы попытались бы перевоспитать такого порочного человека, как я?
Смешно! Но я с нетерпением жду этой попытки.",
ldevi_001_0_char_LADYDEVIMON,char_LADYDEVIMON,Я скажу вот что. Бои не выигрываются пустыми сантиментами!,
ldevi_001_1_replay,char_PLAYER_M,Я не прибегаю к коварным уловкам.,
ldevi_001_1_reaction_char_LADYDEVIMON,char_LADYDEVIMON,"Сказали бы вы это, даже если бы вас загнали в угол? Я с
нетерпением жду ответа.",
ldevi_001_2_replay,char_PLAYER_M,"Что плохого в том, чтобы немного поболтать на словах?",
ldevi_001_2_reaction_char_LADYDEVIMON,char_LADYDEVIMON,"Неужели ты не понимаешь? Пустые слова не подействуют на
нечестивых.",
ldevi_001_3_replay,char_PLAYER_M,Тебе не о чем беспокоиться.,
ldevi_001_3_reaction_char_LADYDEVIMON,char_LADYDEVIMON,"Хохохо. Тогда ладно. Я с нетерпением жду того дня, когда ты
придешь умолять меня о помощи.",
ldevi_001_4_replay,char_PLAYER_M,Я оставляю хитрую тактику на ваше усмотрение.,
ldevi_001_4_reaction_char_LADYDEVIMON,char_LADYDEVIMON,"Хорошо сказано! Я трусливый, жестокий и бессердечный. Я с
нетерпением жду того дня, когда мы будем сражаться вместе.",
asta_001_0_char_ASTAMON,char_ASTAMON,Нож или автомат? Что мне следует использовать сегодня ...?,
asta_001_1_replay,char_PLAYER_M,"Используйте и то, и другое.",
asta_001_1_reaction_char_ASTAMON,char_ASTAMON,"Да, хорошее решение. Я бы тоже хотел получить удар темной
энергией, пока я этим занимаюсь.",
asta_001_2_replay,char_PLAYER_M,Пулемет.,
asta_001_2_reaction_char_ASTAMON,char_ASTAMON,"Пули Оро Сальмона обладают собственной волей. Я должен брать
деньги с людей за то, что они смотрят, как я стреляю.",
asta_001_3_replay,char_PLAYER_M,Нож.,
asta_001_3_reaction_char_ASTAMON,char_ASTAMON,"Думаю, нож бы сгодился, чтобы поиграть с тобой. Не то чтобы я
когда-нибудь пырнул тебя ножом.",
asta_001_4_replay,char_PLAYER_M,"Не используйте ни то, ни другое.",
asta_001_4_reaction_char_ASTAMON,char_ASTAMON,"Вокруг не видно никаких мишеней, так что, может быть, я сегодня
обойдусь без оружия и просто получу удовольствие.",
skuba_001_0_char_SKULLBALUCHIMON,char_SKULLBALUCHIMON,ТЫ БОИШЬСЯ СМЕРТИ?,
skuba_001_1_replay,char_PLAYER_M,Я действительно не могу сказать.,
skuba_001_1_reaction_char_SKULLBALUCHIMON,char_SKULLBALUCHIMON,БОЯТЬСЯ СМЕРТИ - ЗНАЧИТ БЫТЬ НЕСПОСОБНЫМ БОРОТЬСЯ...,
skuba_001_2_replay,char_PLAYER_M,Научи меня этому.,
skuba_001_2_reaction_char_SKULLBALUCHIMON,char_SKULLBALUCHIMON,Я ТОЖЕ ХОЧУ ЗНАТЬ...,
skuba_001_3_replay,char_PLAYER_M,Это ужасно.,
skuba_001_3_reaction_char_SKULLBALUCHIMON,char_SKULLBALUCHIMON,"Я НЕ ХОЧУ СРАЖАТЬСЯ С ТОБОЙ, НО ВСЕ, КТО СТАЛКИВАЕТСЯ СО МНОЙ
ЛИЦОМ К ЛИЦУ, СТАЛКИВАЮТСЯ С УГРОЗОЙ СМЕРТИ.",
skuba_001_4_replay,char_PLAYER_M,Я не боюсь.,
skuba_001_4_reaction_char_SKULLBALUCHIMON,char_SKULLBALUCHIMON,"Я РАД, ЧТО мне НЕ ПРИХОДИТСЯ ВИДЕТЬ, КАК ТЕБЯ СОТРЯСАЕТ УГРОЗА
СМЕРТИ.",
demon_001_0_char_DEMON,char_DEMON,Трепещи перед злом.,
demon_001_1_replay,char_PLAYER_M,Зло будет побеждено.,
demon_001_1_reaction_char_DEMON,char_DEMON,"Молись, чтобы твое отсутствие страха не бросило тебя в объятия
смерти, человек.",
demon_001_2_replay,char_PLAYER_M,Я ничего не боюсь.,
demon_001_2_reaction_char_DEMON,char_DEMON,"Тогда немедленно исправьте это ошибочное мышление. Отсутствие
должного страха приведет к вашей гибели.",
demon_001_3_replay,char_PLAYER_M,Я полон страха.,
demon_001_3_reaction_char_DEMON,char_DEMON,"Бойтесь меня, Злого короля Дигимона со многими злыми и Темными
Ангелами Дигимонами под моим командованием.",
demon_001_4_replay,char_PLAYER_M,Я презираю зло.,
demon_001_4_reaction_char_DEMON,char_DEMON,"Казалось бы, самая глубокая ненависть проистекает из самой
сильной любви.",
pie_001_0_char_PIEDMON,char_PIEDMON,Как бы вы отнеслись к игре в карты?,
pie_001_1_replay,char_PLAYER_M,Теперь никакого жульничества.,
pie_001_1_reaction_char_PIEDMON,char_PIEDMON,"Вряд ли я нуждаюсь в твоей лекции. Такой сильный человек, как я,
не нуждается в уловках.",
pie_001_2_replay,char_PLAYER_M,"Нет, спасибо.",
pie_001_2_reaction_char_PIEDMON,char_PIEDMON,"Умный ход. Избегать опрометчивой конкуренции - ключ к долгой
жизни.",
pie_001_3_replay,char_PLAYER_M,Звучит забавно.,
pie_001_3_reaction_char_PIEDMON,char_PIEDMON,"Да? Но я тот, кто получит удовольствие, ты же знаешь. Ты
обеспечишь развлечение.",
pie_001_4_replay,char_PLAYER_M,Звучит как зевок.,
pie_001_4_reaction_char_PIEDMON,char_PIEDMON,"О, прошу прощения. Я бы не стал играть в такую скучную игру, в
которой у тебя не было бы шансов на победу.",
kelbi_001_0_char_KERPYMON_BAD,,"Я должен был быть хорошим... Небесный херувим Дигимон,
охраняющий Ядро Цифрового мира.",
kelbi_001_1_replay,char_PLAYER_M,Я могу чем-нибудь помочь?,
kelbi_001_1_reaction_char_KERPYMON_BAD,,"Если ты готов провалиться во тьму вместе со мной, тогда да. Но я
не могу вернуться.",
kelbi_001_2_replay,char_PLAYER_M,"Ты хочешь сказать, что сейчас тебе нехорошо?",
kelbi_001_2_reaction_char_KERPYMON_BAD,,"Теперь я фанатично зол. В конечном счете, я никогда не был ничем
большим, чем никчемным животным.",
kelbi_001_3_replay,char_PLAYER_M,Что такое Херувим Дигимон?,
kelbi_001_3_reaction_char_KERPYMON_BAD,,"Высокопоставленные ангелы. Теперь, когда я погрузился во тьму, я
просто твой друг.",
kelbi_001_4_replay,char_PLAYER_M,"Ты уверена, что хочешь быть здесь, со мной?",
kelbi_001_4_reaction_char_KERPYMON_BAD,,"Даже несмотря на то, что я пал жертвой разложения зла, это мой
выбор - быть рядом с тобой.",
aruda_001_0_char_ALDAMON,char_ALDAMON,"Мне часто говорят, что я на кого-то похожа, но кто бы это мог
быть ...?",
aruda_001_1_replay,char_PLAYER_M,Горящий Греймон.,
aruda_001_1_reaction_char_ALDAMON,char_ALDAMON,"Да, наши когти и хвосты похожи. Впрочем, судите сами, кто из нас
сильнее.",
aruda_001_2_replay,char_PLAYER_M,Агунимон.,
aruda_001_2_reaction_char_ALDAMON,char_ALDAMON,"Наши лица похожи, это правда, но я бы хотел, чтобы вы
присмотрелись поближе и увидели, чем мы отличаемся.",
aruda_001_3_replay,char_PLAYER_M,Древний Греймон.,
aruda_001_3_reaction_char_ALDAMON,char_ALDAMON,"Говорить, что я похож на четвероногого дракона, неприятно, но,
по крайней мере, ты считаешь меня сильным.",
aruda_001_4_replay,char_PLAYER_M,Пламемон.,
aruda_001_4_reaction_char_ALDAMON,char_ALDAMON,"Странно, но меня это не беспокоит, хотя я и не чувствую, что у
меня такие моложавые черты лица.",
doru_001_0_char_DORUMON,char_DORUMON,Не волнуйся. Я не кусаюсь.,
doru_001_1_replay,char_PLAYER_M,"Я никогда не прощу тебе, если ты это сделаешь.",
doru_001_1_reaction_char_DORUMON,char_DORUMON,"Но я не хочу! Честно! Послушай. Давай просто пойдем и поколотим
плохих парней вместе!",
doru_001_2_replay,char_PLAYER_M,Лжец.,
doru_001_2_reaction_char_DORUMON,char_DORUMON,Я не лгу! Я кусаю только врагов.,
doru_001_3_replay,char_PLAYER_M,Я не волнуюсь.,
doru_001_3_reaction_char_DORUMON,char_DORUMON,"Хорошо! Потому что мы друзья. Спасибо, что поверили мне!",
doru_001_4_replay,char_PLAYER_M,"Ты можешь укусить меня, если хочешь.",
doru_001_4_reaction_char_DORUMON,char_DORUMON,"Эй, я никогда не кусаю своих друзей. Но, полагаю, я мог бы, если
бы ты действительно этого хотела...",
giru_001_0_char_GUILMON,char_GUILMON,Я хочу выкопать где-нибудь яму.,
giru_001_1_replay,char_PLAYER_M,"Делай все, что захочешь.",
giru_001_1_reaction_char_GUILMON,char_GUILMON,"Ладно, тогда я копаю туннель! Я постараюсь сделать его самым
большим на сегодняшний день!",
giru_001_2_replay,char_PLAYER_M,Не копайся.,
giru_001_2_reaction_char_GUILMON,char_GUILMON,"Но я люблю копать ямы... Дай мне знать, если найдется подходящее
место для копания!",
giru_001_3_replay,char_PLAYER_M,Копай здесь! Гав!,
giru_001_3_reaction_char_GUILMON,char_GUILMON,"Гав? Ты же знаешь, я не издаю таких звуков.",
giru_001_4_replay,char_PLAYER_M,Строишь новое логово Гилмонов?,
giru_001_4_reaction_char_GUILMON,char_GUILMON,"Эй, отличная идея! Это может быть нашим секретным убежищем
Гилмона!",
elec_001_0_char_ELECMON,char_ELECMON,Разве мои хвосты не классные?,
elec_001_1_replay,char_PLAYER_M,Не совсем.,
elec_001_1_reaction_char_ELECMON,char_ELECMON,"... Ч-что?! Ты даже не впечатлен тем, как я могу их раздуть?",
elec_001_2_replay,char_PLAYER_M,Сколько их у вас?,
elec_001_2_reaction_char_ELECMON,char_ELECMON,"У меня их девять! Круто, да? Хотя я не могу предложить тебе ни
одной!",
elec_001_3_replay,char_PLAYER_M,Очень круто.,
elec_001_3_reaction_char_ELECMON,char_ELECMON,"Не стесняйтесь копировать меня, если хотите!",
elec_001_4_replay,char_PLAYER_M,"Твои хвосты - это не все, что в тебе есть классного.",
elec_001_4_reaction_char_ELECMON,char_ELECMON,С-спасибо. Я не ожидал такого приятного комплимента...,
chu_001_0_char_TYUMON,char_TYUMON,"Эй, ты рад, что мы теперь друзья?",
chu_001_1_replay,char_PLAYER_M,Я не уверен.,
chu_001_1_reaction_char_TYUMON,char_TYUMON,"В чем тут не быть уверенным? Я не страшный. Я всегда буду рядом
с тобой.",
chu_001_2_replay,char_PLAYER_M,Нет.,
chu_001_2_reaction_char_TYUMON,char_TYUMON,"Но ты выглядишь супер счастливой. Пошли. Давай узнаем друг друга
получше!",
chu_001_3_replay,char_PLAYER_M,Немного.,
chu_001_3_reaction_char_TYUMON,char_TYUMON,"...Ха. Ты хочешь сказать, что ты немного счастлив? Давай. Не
нужно стесняться! Ты можешь сказать мне!",
chu_001_4_replay,char_PLAYER_M,Я такой и есть!,
chu_001_4_reaction_char_TYUMON,char_TYUMON,"Хе-хе. Тогда мы оба нравимся друг другу. Давай как-нибудь сходим
на свидание!",
imp_001_0_char_IMPMON,char_IMPMON,"Любой, кто смеется надо мной, обречен на вечную боль!",
imp_001_1_replay,char_PLAYER_M,Это неправильное отношение к жизни.,
imp_001_1_reaction_char_IMPMON,char_IMPMON,"Пытаешься отругать своего покорного слугу? Поскольку мы
приятели, я сделаю вид, что этого не слышал...",
imp_001_2_replay,char_PLAYER_M,Это относится и ко мне тоже.,
imp_001_2_reaction_char_IMPMON,char_IMPMON,"Я держу тебя. Я просто должен проявить к тебе уважение, верно?
Тогда тебе лучше не подшучивать надо мной.",
imp_001_3_replay,char_PLAYER_M,"Эй, я высоко ценю тебя!",
imp_001_3_reaction_char_IMPMON,char_IMPMON,"Хе-хе! Так ты улавливаешь то, что я пишу, да? Думаю, мы
прекрасно поладим.",
imp_001_4_replay,char_PLAYER_M,Давайте все просто поладим друг с другом.,
imp_001_4_reaction_char_IMPMON,char_IMPMON,"Ладно. Прекрасно — просто чтобы ты хорошо выглядел. Даже не буду
ни над кем и ни над чем подшучивать.",
nume_001_0_char_NUMEMON,char_NUMEMON,"Слушай, давай охладимся где-нибудь в хорошем и влажном месте.",
nume_001_1_replay,char_PLAYER_M,Этого не происходит.,
nume_001_1_reaction_char_NUMEMON,char_NUMEMON,"О, чувак. И я так нервничал, спрашивая! Я думал, что ты
заставишь мое сердце биться еще сильнее.",
nume_001_2_replay,char_PLAYER_M,"Может быть, в следующий раз.",
nume_001_2_reaction_char_NUMEMON,char_NUMEMON,Ты обещаешь? Я отведу тебя во все лучшие злачные места!,
nume_001_3_replay,char_PLAYER_M,Давай отдохнем где-нибудь в другом месте.,
nume_001_3_reaction_char_NUMEMON,char_NUMEMON,"Тогда я отведу тебя в какое-нибудь милое и скользкое местечко.
Потрясающий выбор!",
nume_001_4_replay,char_PLAYER_M,Совсем ненадолго.,
nume_001_4_reaction_char_NUMEMON,char_NUMEMON,...О! Теперь я хочу немного покакать!,
geogra_001_0_char_GEOGREYMON,char_GEOGREYMON,"Я хочу выработать новый навык. Как ты думаешь, каким он должен
быть?",
geogra_001_1_replay,char_PLAYER_M,"Смелая, лобовая, таранящая атака!",
geogra_001_1_reaction_char_GEOGREYMON,char_GEOGREYMON,"Так что, просто ворваться, не глядя? Это потребует некоторой
смелости... но мне это нравится!",
geogra_001_2_replay,char_PLAYER_M,"Атака в слабое место, которая поражает то, что причиняет боль!",
geogra_001_2_reaction_char_GEOGREYMON,char_GEOGREYMON,"Это означает найти слабое место врага... Еще одно напоминание о
том, почему быть умным выгодно.",
geogra_001_3_replay,char_PLAYER_M,"Партнерская атака, в которой мы наносим удар вместе!",
geogra_001_3_reaction_char_GEOGREYMON,char_GEOGREYMON,"Ты имеешь в виду, что ты атакуешь со мной ?! Наша дружба дала бы
мне еще больше власти!",
geogra_001_4_replay,char_PLAYER_M,Никогда не будь безрассудным! Ход железной гвардии!,
geogra_001_4_reaction_char_GEOGREYMON,char_GEOGREYMON,"Ты предлагаешь какую-то защиту, а не только атаки? Это
действительно мило с твоей стороны...",
gabe_001_0_char_GERBEMON,char_GERBEMON,"Эй! Я знаю о кучах мусора, которые накапливают люди. Что ты
собираешься с этим делать?",
gabe_001_1_replay,char_PLAYER_M,"Продолжайте говорить всем, чтобы они были менее расточительными.",
gabe_001_1_reaction_char_GERBEMON,char_GERBEMON,"Чтобы высказаться, нужна смелость. Молодец, что показываешь
дорогу!",
gabe_001_2_replay,char_PLAYER_M,Сортируйте мой мусор и перерабатывайте должным образом.,
gabe_001_2_reaction_char_GERBEMON,char_GERBEMON,"Хорошо. При правильном мышлении мусор перестает быть мусором,
верно? Я тебя поддерживаю.",
gabe_001_3_replay,char_PLAYER_M,Давайте вместе поищем многоразовые материалы.,
gabe_001_3_reaction_char_GERBEMON,char_GERBEMON,"Хорошая мысль. Что скажешь, если мы найдем несколько подходящих
чайных чашек в знак нашей дружбы?",
gabe_001_4_replay,char_PLAYER_M,"Такого понятия, как мусор, не существует.",
gabe_001_4_reaction_char_GERBEMON,char_GERBEMON,"Хохохо! Мне нравится твой образ мыслей. Все вещи заслуживают
того, чтобы к ним относились с любовью.",
deta_001_0_char_DIGITAMAMON,char_DIGITAMAMON,"Я мечтаю когда-нибудь открыть ресторан, где подают огромные
порции. Думаешь, это увенчается успехом?",
deta_001_1_replay,char_PLAYER_M,Определенно. Дерзай!,
deta_001_1_reaction_char_DIGITAMAMON,char_DIGITAMAMON,"Ты так думаешь ?! Хорошо... Теперь все, что мне нужно, это
мужество, чтобы довести свой план до конца!",
deta_001_2_replay,char_PLAYER_M,Сначала изучите местоположение и конкуренцию.,
deta_001_2_reaction_char_DIGITAMAMON,char_DIGITAMAMON,"А, я понял. Тебе нужен ум, чтобы вести успешный бизнес, да?",
deta_001_3_replay,char_PLAYER_M,Я бы тоже там работал!,
deta_001_3_reaction_char_DIGITAMAMON,char_DIGITAMAMON,"Это было бы огромной помощью! Мы вдвоем могли бы стать самыми
дружелюбными гурманами в округе!",
deta_001_4_replay,char_PLAYER_M,"Можете поспорить, я бы ел там каждый день!",
deta_001_4_reaction_char_DIGITAMAMON,char_DIGITAMAMON,"Хе-хе. Каждый день? Черт возьми... Тогда я бы вложил в еду всю
любовь, какую только мог!",
monza_001_0_char_MONZAEMON,char_MONZAEMON,"Люди сходят с ума при первой встрече со мной. Что я могу
сделать ...?",
monza_001_1_replay,char_PLAYER_M,Будь храброй и поговори с ними!,
monza_001_1_reaction_char_MONZAEMON,char_MONZAEMON,"Хм... Ты прав. Все начинается с разговоров. Я постараюсь
набраться смелости!",
monza_001_2_replay,char_PLAYER_M,Попробуйте проанализировать их реакцию.,
monza_001_2_reaction_char_MONZAEMON,char_MONZAEMON,"Итак, сначала я должен выяснить, что их пугает, да? Это хороший
довод. Спасибо!",
monza_001_3_replay,char_PLAYER_M,Я помогу тебе завести больше друзей!,
monza_001_3_reaction_char_MONZAEMON,char_MONZAEMON,"Я рад, что ты мой друг! Давай вместе заведем еще кучу приятелей!",
monza_001_4_replay,char_PLAYER_M,"Я просто знаю, какая ты удивительная.",
monza_001_4_reaction_char_MONZAEMON,char_MONZAEMON,"Какие милые слова! В конце концов, ты, возможно, единственный
друг, который мне нужен.",
hack_001_0_char_HACKMON,char_HACKMON,Не обращайся со мной как с ребенком!,
hack_001_1_replay,char_PLAYER_M,Но ты всего лишь ребенок.,
hack_001_1_reaction_char_HACKMON,char_HACKMON,"..Я имею в виду, конечно, но в моем левом мизинце больше
страсти, чем у целого взрослого человека!",
hack_001_2_replay,char_PLAYER_M,Тогда веди себя уже как взрослый человек.,
hack_001_2_reaction_char_HACKMON,char_HACKMON,"И что во мне не взрослого ?! ... О, такие вот судорожные
реакции, да?",
hack_001_3_replay,char_PLAYER_M,Дерзкий маленький сопляк!,
hack_001_3_reaction_char_HACKMON,char_HACKMON,"Как ты смеешь! Просто подожди. Я стану таким сильным, что
заставлю тебя проглотить эти слова!",
hack_001_4_replay,char_PLAYER_M,Это должно быть мило?,
hack_001_4_reaction_char_HACKMON,char_HACKMON,"Кто сказал, что я хочу быть милым ?! Однажды ты назовешь меня
крутым!",
graw_001_0_char_GROWMON,char_GROWMON,Мое оружие - эти крутые клинки! А у тебя какое?,
graw_001_1_replay,char_PLAYER_M,Смелость сразиться с любым противником.,
graw_001_1_reaction_char_GROWMON,char_GROWMON,"Оружие, спрятанное внутри, где его никто не может увидеть, - это
чертовски круто!",
graw_001_2_replay,char_PLAYER_M,Мои знания в области Дигимон.,
graw_001_2_reaction_char_GROWMON,char_GROWMON,"Я не силен в таких вещах, но я знаю, что это важно. Ты будешь
мозгами. Я мускулатура!",
graw_001_3_replay,char_PLAYER_M,Мои надежные товарищи.,
graw_001_3_reaction_char_GROWMON,char_GROWMON,"Это касается и меня, верно? Потому что ты определенно тот, кому
я доверяю!",
graw_001_4_replay,char_PLAYER_M,"Ты, мой партнер.",
graw_001_4_reaction_char_GROWMON,char_GROWMON,"Эй, сейчас! Ты пытаешься заставить меня покраснеть? Хотя я ценю
твою мысль!",
paid_001_0_char_PAILDRAMON,char_PAILDRAMON,"Посмотрите, что происходит, когда вы пересекаете лучшие части
дракона и насекомого!",
paid_001_1_replay,char_PLAYER_M,Эти когти действительно выглядят острыми.,
paid_001_1_reaction_char_PAILDRAMON,char_PAILDRAMON,"Я даже могу запустить их. Как только я вонзил свои шипы во
врага, они никуда не денутся.",
paid_001_2_replay,char_PLAYER_M,"Ты выглядишь так, словно обладаешь невероятной силой.",
paid_001_2_reaction_char_PAILDRAMON,char_PAILDRAMON,"Во мне сильна мощь дракона, но не забывай, что ловкость
насекомого подкрепляет ее.",
paid_001_3_replay,char_PLAYER_M,Какая у тебя твердая скорлупа.,
paid_001_3_reaction_char_PAILDRAMON,char_PAILDRAMON,"Панцирь насекомого обеспечивает безупречную защиту. И я не
забуду защитить тебя тоже.",
paid_001_4_replay,char_PLAYER_M,Что это за штуки прикреплены к твоей талии?,
paid_001_4_reaction_char_PAILDRAMON,char_PAILDRAMON,"Они излучают волны энергии. Пока я дышу, я всегда буду сражаться
за своих друзей!",
banleo_001_0_char_BANCHOLEOMON,char_BANCHOLEOMON,"Покажи мне, из чего ты сделан! Если бы я предстал перед тобой
как враг, что бы ты сделал?!",
banleo_001_1_replay,char_PLAYER_M,Отвечай моим кулаком.,
banleo_001_1_reaction_char_BANCHOLEOMON,char_BANCHOLEOMON,"Значит, у тебя хватает смелости ударить меня, не так ли? Мне это
в тебе нравится!",
banleo_001_2_replay,char_PLAYER_M,Выговориться и узнать тебя получше.,
banleo_001_2_reaction_char_BANCHOLEOMON,char_BANCHOLEOMON,"Так ты бы выбрал слова, а не кулаки, да? Не все битвы
выигрываются силой, это правда.",
banleo_001_3_replay,char_PLAYER_M,"Сражайтесь до тех пор, пока мы не достигнем взаимопонимания.",
banleo_001_3_reaction_char_BANCHOLEOMON,char_BANCHOLEOMON,"Да, связь между нами станет крепче. Чтобы узнать друга, ты
должен сразиться с ним!",
banleo_001_4_replay,char_PLAYER_M,Я не хочу драться с тобой.,
banleo_001_4_reaction_char_BANCHOLEOMON,char_BANCHOLEOMON,"Хех. Ты не хочешь, чтобы я был врагом даже в притче. Мягкий...
но мне это в тебе нравится.",
ganku_001_0_char_GANKOOMON,char_GANKOOMON,"Любой, кто сбивается с пути праведности, не получает пощады.",
ganku_001_1_replay,char_PLAYER_M,Включай его.,
ganku_001_1_reaction_char_GANKOOMON,char_GANKOOMON,"Хорошо, хорошо. Если у тебя хватит мужества пойти со мной,
сбиться с пути не составит труда.",
ganku_001_2_replay,char_PLAYER_M,Здесь нечего бояться.,
ganku_001_2_reaction_char_GANKOOMON,char_GANKOOMON,"Эй, я буду здесь, чтобы вбить в тебя немного здравого смысла,
так почему бы тебе не побыть немного непослушной?",
ganku_001_3_replay,char_PLAYER_M,"Может быть, уже слишком поздно.",
ganku_001_3_reaction_char_GANKOOMON,char_GANKOOMON,"Не будь глупой. Пока в моих глазах горит свет, никогда не
поздно.",
ganku_001_4_replay,char_PLAYER_M,Я буду осторожен.,
ganku_001_4_reaction_char_GANKOOMON,char_GANKOOMON,"Мне нравится эта невинность. Я всегда буду наставлять тебя на
путь истинный, так что делай, что хочешь!",
guraleo_001_0_char_GRAPLEOMON,char_GRAPLEOMON,"Ради увеличения силы я должен выходить на улицу и тренироваться.
Какие тренировки мне следует проводить?",
guraleo_001_1_replay,char_PLAYER_M,Путешествие в невиданные страны.,
guraleo_001_1_reaction_char_GRAPLEOMON,char_GRAPLEOMON,"Значит, закалять сердце важнее, чем кулак? Мужество в бою
превыше всего!",
guraleo_001_2_replay,char_PLAYER_M,Прочитал много книг.,
guraleo_001_2_reaction_char_GRAPLEOMON,char_GRAPLEOMON,"Я даже не подумал об этом. Правильные знания позволяют тебе
доминировать над любым врагом, да?",
guraleo_001_3_replay,char_PLAYER_M,Давайте спарринговать вместе!,
guraleo_001_3_reaction_char_GRAPLEOMON,char_GRAPLEOMON,"Ты присоединишься ко мне на тренировках ?! Понятно... Да, мы
должны стать сильнее вместе, мой партнер.",
guraleo_001_4_replay,char_PLAYER_M,"Я не хочу, чтобы ты ходил тренироваться.",
guraleo_001_4_reaction_char_GRAPLEOMON,char_GRAPLEOMON,"Ха-ха. Волновался, что я не вернусь? Ну, не бойся. Если я уйду,
ты пойдешь с нами.",
belsta_001_0_char_BEELSTARMON,char_BEELSTARMON,"Некто осмеливается называть меня ""Леди Вельземон"". Как будто я
когда-либо буду сотрудничать с этим дураком!",
belsta_001_1_replay,char_PLAYER_M,"Тогда просто будь лучше, чем Вельземон.",
belsta_001_1_reaction_char_BEELSTARMON,char_BEELSTARMON,"Верно. Мне неприятно это признавать, но я наименее известный из
нас. Я должен бороться, чтобы это изменить!",
belsta_001_2_replay,char_PLAYER_M,Используйте это прозвище в своих интересах.,
belsta_001_2_reaction_char_BEELSTARMON,char_BEELSTARMON,"Я никогда об этом не думал... Использование имени может иметь
свои преимущества. Ты довольно умен.",
belsta_001_3_replay,char_PLAYER_M,Ваш партнер стоит прямо здесь.,
belsta_001_3_reaction_char_BEELSTARMON,char_BEELSTARMON,Ты знаешь... Ты прав! ДА... Это ты - мой партнер!,
belsta_001_4_replay,char_PLAYER_M,"Прозвища не имеют значения. Ты тот, кто ты есть.",
belsta_001_4_reaction_char_BEELSTARMON,char_BEELSTARMON,"Хи-хи. Я так и знал, что ты это скажешь!",
supsta_001_0_char_SUPERSTARMON,char_SUPERSTARMON,"Я хочу показать свою новую суперзвезду в видео! Что бы ты снял
на моем месте?",
supsta_001_1_replay,char_PLAYER_M,Обратный прыжок с тарзанки в стратосферу!,
supsta_001_1_reaction_char_SUPERSTARMON,char_SUPERSTARMON,"Это дало бы всем возможность оценить мою отвагу, да? Понятно. Я
устрою прыжок прямо сейчас!",
supsta_001_2_replay,char_PLAYER_M,Выиграли суперсложный конкурс викторин?,
supsta_001_2_reaction_char_SUPERSTARMON,char_SUPERSTARMON,"Хвастаюсь своим умом, да? Мило! Лучше поменять очки на
какие-нибудь технические характеристики.",
supsta_001_3_replay,char_PLAYER_M,Гастрономический тур для двоих!,
supsta_001_3_reaction_char_SUPERSTARMON,char_SUPERSTARMON,"Выступление с нами в центре внимания, да? Это было бы
великолепное проявление духа товарищества!",
supsta_001_4_replay,char_PLAYER_M,24-часовая трансляция нашей совместной жизни!,
supsta_001_4_reaction_char_SUPERSTARMON,char_SUPERSTARMON,"Что? Например, видео в прямом эфире? Хохо! Жизнь с тобой кажется
мне веселым времяпрепровождением!",
migao_001_0_char_MIRAGEGAOGAMON,char_MIRAGEGAOGAMON,"Я покажу тебе скорость, невидимую невооруженным глазом!",
migao_001_1_replay,char_PLAYER_M,"Держу пари, ты создаешь сумасшедшие ударные волны.",
migao_001_1_reaction_char_MIRAGEGAOGAMON,char_MIRAGEGAOGAMON,"Мои приемы, конечно, хороши, но те, что выполняются из моих рук
и груди, гораздо более потрясающи.",
migao_001_2_replay,char_PLAYER_M,Я бы с удовольствием посмотрел на это!,
migao_001_2_reaction_char_MIRAGEGAOGAMON,char_MIRAGEGAOGAMON,"Тем не менее, вы можете увидеть остаточное изображение лишь
мельком, учитывая скорость, с которой я двигаюсь.",
migao_001_3_replay,char_PLAYER_M,"Если это происходит так быстро, как я вообще могу это увидеть?",
migao_001_3_reaction_char_MIRAGEGAOGAMON,char_MIRAGEGAOGAMON,"Не то чтобы вы этого совсем не видели. Даже на мое остаточное
изображение стоит посмотреть.",
migao_001_4_replay,char_PLAYER_M,С какой скоростью мы здесь говорим?,
migao_001_4_reaction_char_MIRAGEGAOGAMON,char_MIRAGEGAOGAMON,"Это трудно объяснить, но даже если ты меня не видишь, я уверен,
ты почувствуешь мое присутствие.",
kure_001_0_char_CRANIAMON,char_CRANIAMON,"Я бы хотел, чтобы вы познакомили меня с какой-нибудь
человеческой едой. Что бы вы порекомендовали?",
kure_001_1_replay,char_PLAYER_M,Острый адский рамен!,
kure_001_1_reaction_char_CRANIAMON,char_CRANIAMON,"Одно название говорит о том, что мне понадобится немного
смелости. Что скрывается за этим вкусом? Я должен знать!",
kure_001_2_replay,char_PLAYER_M,"Рыбное ассорти, богатое ДГК! Много Омега-3!",
kure_001_2_reaction_char_CRANIAMON,char_CRANIAMON,"Блюдо, которое питает и желудок, и мозг? Насколько
фантастически эффективно!",
kure_001_3_replay,char_PLAYER_M,Давайте устроим вечеринку с хот-потом!,
kure_001_3_reaction_char_CRANIAMON,char_CRANIAMON,"Трапеза становится приятнее, когда ее едят вместе! Для меня
было бы честью разделить ее с вами!",
kure_001_4_replay,char_PLAYER_M,Я приготовлю тебе вкусную домашнюю еду.,
kure_001_4_reaction_char_CRANIAMON,char_CRANIAMON,"Домашняя кухня? Для меня? Хо-хо! Думаю, это было бы вкуснее, чем
блюда в любом ресторане.",
mdora_001_0_char_MEGADRAMON,char_MEGADRAMON,"Предполагается, что люди слабы, но я чувствую в них своего рода
силу. Откуда она берется?",
mdora_001_1_replay,char_PLAYER_M,Такое мужество исходит из глубины нашего сердца.,
mdora_001_1_reaction_char_MEGADRAMON,char_MEGADRAMON,"Понятно. Итак, люди сражаются, несмотря на свою хрупкость. Это
то, что вы называете ""силой сердца""?",
mdora_001_2_replay,char_PLAYER_M,Мы компенсируем свои слабости мудростью.,
mdora_001_2_reaction_char_MEGADRAMON,char_MEGADRAMON,"Мудрость может компенсировать такие вещи? Хм... Возможно, мне
следует расширить свои собственные знания.",
mdora_001_3_replay,char_PLAYER_M,От объединения усилий с нашими друзьями.,
mdora_001_3_reaction_char_MEGADRAMON,char_MEGADRAMON,"Даже маленькие угольки могут разжечь костер, да? Представьте,
как мы с вами могли бы разгореться вместе.",
mdora_001_4_replay,char_PLAYER_M,Наши чувства к другим делают нас сильнее.,
mdora_001_4_reaction_char_MEGADRAMON,char_MEGADRAMON,"Это трудно понять. Чувства делают тебя сильнее? Люди
очаровательны.",
cydora_001_0_char_CYBERDRAMON,char_CYBERDRAMON,"У вас есть какие-нибудь враги, которых вы хотите удалить?",
cydora_001_1_replay,char_PLAYER_M,"""Удаление"" звучит немного грубо.",
cydora_001_1_reaction_char_CYBERDRAMON,char_CYBERDRAMON,Я стираю врагов без следа. Это мое призвание.,
cydora_001_2_replay,char_PLAYER_M,Нет необходимости удалять их.,
cydora_001_2_reaction_char_CYBERDRAMON,char_CYBERDRAMON,Вакцины уничтожают вирусы. Таков правильный ход вещей.,
cydora_001_3_replay,char_PLAYER_M,Я знаю.,
cydora_001_3_reaction_char_CYBERDRAMON,char_CYBERDRAMON,"Твои враги - мои враги. К тому времени, как ты заметишь, они уже
будут стерты.",
cydora_001_4_replay,char_PLAYER_M,Неа.,
cydora_001_4_reaction_char_CYBERDRAMON,char_CYBERDRAMON,"Невозможно. Ваши враги будут найдены и стерты вместе с
пространством вокруг них.",
mgra_001_0_char_METALGREYMON,char_METALGREYMON,"Я намного круче этого синего придурка, верно?",
mgra_001_1_replay,char_PLAYER_M,ТАК намного круче!,
mgra_001_1_reaction_char_METALGREYMON,char_METALGREYMON,"Мы с тобой думаем одинаково! Я буду сражаться на твоей стороне
во веки веков!",
mgra_001_2_replay,char_PLAYER_M,Вы оба потрясающие!,
mgra_001_2_reaction_char_METALGREYMON,char_METALGREYMON,"Я хотел, чтобы ты назвал меня, но ты довольно приятный человек,
не так ли?",
mgra_001_3_replay,char_PLAYER_M,Вы почти не изменились?,
mgra_001_3_reaction_char_METALGREYMON,char_METALGREYMON,"Ты так думаешь? Тогда ладно. Мне придется преобразовать
эволюционировать в еще более крутую форму!",
mgra_001_4_replay,char_PLAYER_M,Мне больше нравится синяя...,
mgra_001_4_reaction_char_METALGREYMON,char_METALGREYMON,"Почему я должен— Подожди. Ты смеешься надо мной? Ты должен
просто сказать, что ты на самом деле думаешь!",
aero_001_0_char_AEROVEEDRAMON,char_AEROVEEDRAMON,"Эй, ты не умеешь летать, верно? Что ж, ты можешь запрыгнуть мне
на спину. Куда ты хочешь полететь?",
aero_001_1_replay,char_PLAYER_M,Я хочу ехать очень быстро!,
aero_001_1_reaction_char_AEROVEEDRAMON,char_AEROVEEDRAMON,"Ha! Ты храбрый парень! Хотя мое скольжение может стать довольно
интенсивным! Хочешь попробовать?",
aero_001_2_replay,char_PLAYER_M,"Я хочу пойти посмотреть, что там, в облаках.",
aero_001_2_reaction_char_AEROVEEDRAMON,char_AEROVEEDRAMON,"Эй, я тоже никогда не видел облаков вблизи. Посмотреть, как они
сделаны, может быть забавно!",
aero_001_3_replay,char_PLAYER_M,Давай вместе посмотрим на радугу.,
aero_001_3_reaction_char_AEROVEEDRAMON,char_AEROVEEDRAMON,"Я слышал, что радуги похожи на мосты, соединяющие друзей.
Может быть, нам стоит взглянуть!",
aero_001_4_replay,char_PLAYER_M,"Все прекрасно, пока мы идем вместе.",
aero_001_4_reaction_char_AEROVEEDRAMON,char_AEROVEEDRAMON,"Хехе... Я подумал о том же! Уверен, нам будет весело, куда бы мы
ни пошли!",
rapi_001_0_char_RAPIDMON,char_RAPIDMON,"Я ""Rapidmon"", а не ""Rabbitmon"". Не перевирайте!",
rapi_001_1_replay,char_PLAYER_M,Для меня это все равно.,
rapi_001_1_reaction_char_RAPIDMON,char_RAPIDMON,"Пока я могу быстро двигаться и драться, думаю, имя не имеет
такого уж большого значения...",
rapi_001_2_replay,char_PLAYER_M,В чем разница?,
rapi_001_2_reaction_char_RAPIDMON,char_RAPIDMON,"""Рапид"" означает стремительный. ""Рэббит"" - нет! Это довольно
большая разница, приятель!",
rapi_001_3_replay,char_PLAYER_M,"Вы уверены, что это не ""Кролик""?",
rapi_001_3_reaction_char_RAPIDMON,char_RAPIDMON,"У тебя уши заложило или что?! Это ""Rapidmon""! Теперь мы друзья,
так что тебе лучше запомнить!",
rapi_001_4_replay,char_PLAYER_M,"Я знаю, я знаю.",
rapi_001_4_reaction_char_RAPIDMON,char_RAPIDMON,"Ух, какое облегчение! Видишь ли, у людей иногда бывают
странности. Будь осторожен, ладно?",
rave_001_0_char_RAVEMON,char_RAVEMON,"Какой тебе нравится, белый или черный?",
rave_001_1_replay,char_PLAYER_M,Определенно белый.,
rave_001_1_reaction_char_RAVEMON,char_RAVEMON,"Я рублю своих врагов своим белым крылом. Когда-нибудь я покажу
тебе, насколько это смертоносно.",
rave_001_2_replay,char_PLAYER_M,Неужели мы должны относиться ко всему так черно-бело?,
rave_001_2_reaction_char_RAVEMON,char_RAVEMON,"Очень забавно... Тем не менее, я полагаю, вы правы. Не все вещи
можно так четко разделить.",
rave_001_3_replay,char_PLAYER_M,"Немного из колонки А, немного из колонки Б.",
rave_001_3_reaction_char_RAVEMON,char_RAVEMON,"Я тоже люблю и свое белое крыло, и черное крыло. Я бы сказал,
что у нас схожие вкусы.",
rave_001_4_replay,char_PLAYER_M,"Черный, конечно.",
rave_001_4_reaction_char_RAVEMON,char_RAVEMON,"Я могу прикрыться своим черным крылом, хотя мне и не нужно
прятаться от тебя.",
justi_001_0_char_JUSTIMON,char_JUSTIMON,"Что вы думаете о моем красном шарфе? Он мне очень идет, вы
согласны?",
justi_001_1_replay,char_PLAYER_M,"Это немного запутывает тебя, не так ли?",
justi_001_1_reaction_char_JUSTIMON,char_JUSTIMON,"Он просто обвит вокруг моей шеи. В конце концов, я появляюсь и
исчезаю, как ветер.",
justi_001_2_replay,char_PLAYER_M,"Немного длинновато, не правда ли?",
justi_001_2_reaction_char_JUSTIMON,char_JUSTIMON,"Как же иначе она должна развеваться на ветру? Такова
продолжительность правосудия.",
justi_001_3_replay,char_PLAYER_M,Тебе очень идет футболка!,
justi_001_3_reaction_char_JUSTIMON,char_JUSTIMON,"Большое вам спасибо. Должен сказать, ничто так не говорит
""Justimon"", как красный шарф.",
justi_001_4_replay,char_PLAYER_M,"Я не думаю, что это на самом деле ты.",
justi_001_4_reaction_char_JUSTIMON,char_JUSTIMON,"Впервые слышу подобное мнение. Тем не менее, я верю, что со
временем оно укрепится в тебе.",
lasty_001_0_char_RUSTTYRANOMON,char_RUSTTYRANOMON,"Я обрел абсолютную силу... но этого недостаточно. Ты можешь
сказать, чего не хватает?",
lasty_001_1_replay,char_PLAYER_M,Мужество отступить.,
lasty_001_1_reaction_char_RUSTTYRANOMON,char_RUSTTYRANOMON,"... Я могу уважать это. Отступление требует предельного
мужества, но иногда оно необходимо.",
lasty_001_2_replay,char_PLAYER_M,"Знание противника, с которым вы сталкиваетесь.",
lasty_001_2_reaction_char_RUSTTYRANOMON,char_RUSTTYRANOMON,"Значит, знание может превзойти даже подавляющую силу? Тогда это
сделало бы меня непобедимым!",
lasty_001_3_replay,char_PLAYER_M,"Друзья, которым ты можешь доверять.",
lasty_001_3_reaction_char_RUSTTYRANOMON,char_RUSTTYRANOMON,"Хм... Друзья подталкивают друг друга к большим высотам? Хорошо.
Тогда стань моим другом.",
lasty_001_4_replay,char_PLAYER_M,"Любовь к тем, кого ты хочешь защитить.",
lasty_001_4_reaction_char_RUSTTYRANOMON,char_RUSTTYRANOMON,"Наличие кого-то, кого можно защитить, делает тебя сильнее? Тогда
я буду защищать тебя на предстоящем пути.",
chaos_001_0_char_CHAOSMON,char_CHAOSMON,"Должно же быть хоть какое-то развлечение, даже для такого
недолговечного человека, как я. Есть предложения?",
chaos_001_1_replay,char_PLAYER_M,Путешествие в неизведанные миры.,
chaos_001_1_reaction_char_CHAOSMON,char_CHAOSMON,"Одно только слово ""приключение"" приводит меня в восторг.
Приключение до самого конца может быть приятным.",
chaos_001_2_replay,char_PLAYER_M,Прочитал тонны книг.,
chaos_001_2_reaction_char_CHAOSMON,char_CHAOSMON,"Да, я могу узнать о многих временах и местах, и все это отсюда.
Чтение похоже на путешествие.",
chaos_001_3_replay,char_PLAYER_M,Давайте сыграем в карточную игру!,
chaos_001_3_reaction_char_CHAOSMON,char_CHAOSMON,"Хех. Игра, в которую нельзя играть в одиночку, да? Если ты
поиграешь со мной, я готов попробовать.",
chaos_001_4_replay,char_PLAYER_M,Давай просто продолжим общаться вместе.,
chaos_001_4_reaction_char_CHAOSMON,char_CHAOSMON,"Хм... Если мое время ограничено, было бы забавно провести его
все с тобой.",
ruche_001_0_char_LUCEMON,char_LUCEMON,"Я знаю, что никогда не пойму этого, но... что такого есть в
людях, что делает их такими безумными?",
ruche_001_1_replay,char_PLAYER_M,Сильные чувства делают людей сильнее.,
ruche_001_1_reaction_char_LUCEMON,char_LUCEMON,"Ты не говоришь? Превзойти свою изначальную силу только благодаря
эмоциям! Какие странные люди.",
ruche_001_2_replay,char_PLAYER_M,Мы так многому хотим научиться.,
ruche_001_2_reaction_char_LUCEMON,char_LUCEMON,"Боже, но вы, люди, жадные. Вы хотите знать, что находится за
пределами или вне поля зрения.",
ruche_001_3_replay,char_PLAYER_M,"Мы хотим быть с друзьями, которые нам небезразличны.",
ruche_001_3_reaction_char_LUCEMON,char_LUCEMON,"Друзья - это такая ценная вещь? В таком случае, попробуй
подружиться со мной!",
ruche_001_4_replay,char_PLAYER_M,"У нас есть вещи, которые мы хотим защитить.",
ruche_001_4_reaction_char_LUCEMON,char_LUCEMON,"Защита чего-то настолько важна? Я не понимаю... и все же мне
не претит эта концепция.",
gabu_001_0_char_GABUMON,char_GABUMON,"Я собираюсь устроить вечеринку с моими друзьями из Дигимон! Чем
бы нам развлечься?",
gabu_001_1_replay,char_PLAYER_M,Спой песню перед всеми!,
gabu_001_1_reaction_char_GABUMON,char_GABUMON,"Хм ... Думаю, я слишком застенчив для этого. Но это было бы
круто. Может быть, я наберусь смелости и попробую!",
gabu_001_2_replay,char_PLAYER_M,Устройте конкурс викторин.,
gabu_001_2_reaction_char_GABUMON,char_GABUMON,"Вау, это было бы очень весело! Я собираюсь прочитать много книг
и задать вопросы!",
gabu_001_3_replay,char_PLAYER_M,Попросите всех вместе нарисовать общую картину.,
gabu_001_3_reaction_char_GABUMON,char_GABUMON,"Ты имеешь в виду, на том же листе бумаги? Звучит так, будто это
было бы весело и оставило бы хорошие воспоминания!",
gabu_001_4_replay,char_PLAYER_M,"Как насчет того, чтобы приготовить что-нибудь перекусить?",
gabu_001_4_reaction_char_GABUMON,char_GABUMON,"Звучит замысловато... но я бы хотел показать свою любовь ко
всем! Эй, ты можешь помочь мне попрактиковаться?",
agu_001_0_char_AGUMON,char_AGUMON,"Я хочу быть очаровательным персонажем-талисманом! Как я могу
понравиться всем?",
agu_001_1_replay,char_PLAYER_M,Попробуйте выполнить смелый трюк!,
agu_001_1_reaction_char_AGUMON,char_AGUMON,"Всем нравится смотреть на это, да? Может, я попрыгаю с тарзанки
или поиграю в цыпленка!",
agu_001_2_replay,char_PLAYER_M,Продемонстрируйте свою интеллектуальную сторону.,
agu_001_2_reaction_char_AGUMON,char_AGUMON,"Люди любят умных мастеров викторин, да! Ладно, пора взяться за
учебники и стать умником!",
agu_001_3_replay,char_PLAYER_M,Я займусь для тебя пиаром.,
agu_001_3_reaction_char_AGUMON,char_AGUMON,"А? Ты бы рассказал обо мне? Вот это настоящий друг! Я
рассчитываю на тебя!",
agu_001_4_replay,char_PLAYER_M,"Люди любят тебя такой, какая ты сейчас.",
agu_001_4_reaction_char_AGUMON,char_AGUMON,"Мне хорошо такой, какая я есть ...? Знаешь, может, ты и права.
Ура, я супер счастлива!",
vdora_001_0_char_V-DRAMON,char_V-DRAMON,"Знак на моей груди похож на букву ""V"", не так ли? Как ты
думаешь, что это означает?",
vdora_001_1_replay,char_PLAYER_M,"""Доблесть"". Это символ мужества!",
vdora_001_1_reaction_char_V-DRAMON,char_V-DRAMON,"Ух ты, как это чертовски круто ?! Мне лучше убедиться, что я
соответствую этой букве ""V"" в бою!",
vdora_001_2_replay,char_PLAYER_M,"""Победа"". Это значит, что ты всегда побеждаешь!",
vdora_001_2_reaction_char_V-DRAMON,char_V-DRAMON,"""Победа"", да? Хе-хе. Надеюсь, я тебя никогда не подведу!",
vdora_001_3_replay,char_PLAYER_M,"""Добродетель"". Ты всегда поступаешь правильно!",
vdora_001_3_reaction_char_V-DRAMON,char_V-DRAMON,"Правильно! И это значит, что я никогда тебя не брошу. Ты можешь
на меня рассчитывать!",
vdora_001_4_replay,char_PLAYER_M,"""Жизненная сила"". Ты полон энергии и жизни!",
vdora_001_4_reaction_char_V-DRAMON,char_V-DRAMON,"Жизненная сила? Да! Я всегда буду использовать свою жизненную
силу для тебя!",
exbui_001_0_char_XV-MON,char_XV-MON,Мне все еще нужно больше энергии.,
exbui_001_1_replay,char_PLAYER_M,Ты стал намного сильнее.,
exbui_001_1_reaction_char_XV-MON,char_XV-MON,"Может быть, по сравнению с тем, что было до того, как я перешел
на эволюционировал, но я должен сделать лучше, чем это!",
exbui_001_2_replay,char_PLAYER_M,Хотя ты довольно крутая.,
exbui_001_2_reaction_char_XV-MON,char_XV-MON,Все эти разговоры со мной не сработают! Я вырос из всего этого!,
exbui_001_3_replay,char_PLAYER_M,Тебе просто нужно больше тренироваться.,
exbui_001_3_reaction_char_XV-MON,char_XV-MON,"Правильно. Все, что я могу делать, это тренироваться! Я хочу
продолжать Дидживолвинг, так что подбадривайте меня!",
exbui_001_4_replay,char_PLAYER_M,"Ты мне нравишься такой, какая ты есть.",
exbui_001_4_reaction_char_XV-MON,char_XV-MON,"Но я хочу, чтобы я нравился тебе еще больше, и именно поэтому я
буду тренироваться, чтобы стать сильнее!",
pec_001_0_char_PECKMON,char_PECKMON,"Говорю вам, бегать НАМНОГО быстрее, чем летать!",
pec_001_1_replay,char_PLAYER_M,Какие у тебя крепкие ноги.,
pec_001_1_reaction_char_PECKMON,char_PECKMON,"Да, ты это знаешь. Я могу бегать целый день, без проблем.
Никто не сможет победить меня!",
pec_001_2_replay,char_PLAYER_M,Это неправда.,
pec_001_2_reaction_char_PECKMON,char_PECKMON,"Ты поймешь это, как только увидишь, как я бегу. Черт возьми,
может быть, я даже подвезу тебя.",
pec_001_3_replay,char_PLAYER_M,"Бег, должно быть, доставляет удовольствие.",
pec_001_3_reaction_char_PECKMON,char_PECKMON,"Это точно. Летать по земле - самое лучшее! Присоединяйся ко мне.
Ты поймешь, что я имею в виду.",
pec_001_4_replay,char_PLAYER_M,"Держу пари, летать еще приятнее.",
pec_001_4_reaction_char_PECKMON,char_PECKMON,"Летать - это круто и все такое, но я в любой день совершу
хорошую пробежку. Присоединяйся ко мне как-нибудь в дороге!",
sting_001_0_char_STINGMON,char_STINGMON,"Пожалуйста, скажи мне! За что ты сражаешься, чтобы защитить?!",
sting_001_1_replay,char_PLAYER_M,Моя собственная гордость.,
sting_001_1_reaction_char_STINGMON,char_STINGMON,"Должно быть, ты этим гордишься! Я тебя уважаю!",
sting_001_2_replay,char_PLAYER_M,"Руины, старинные фолианты и другие ценные культуры.",
sting_001_2_reaction_char_STINGMON,char_STINGMON,"Вы передадите историю будущим поколениям. Я тоже буду сражаться,
чтобы защитить руины!",
sting_001_3_replay,char_PLAYER_M,"Друзья, в которых я верю.",
sting_001_3_reaction_char_STINGMON,char_STINGMON,"Да, друзья дороже золота и серебра! Я счастлив быть среди ваших!",
sting_001_4_replay,char_PLAYER_M,"Ты, мой дорогой партнер.",
sting_001_4_reaction_char_STINGMON,char_STINGMON,"Ты считаешь меня своим партнером ?! Я тронут! Я буду бороться,
чтобы защитить тебя, партнер.",
volf_001_0_char_WOLFMON,char_WOLFMON,Воин всегда должен идти путем праведности.,
volf_001_1_replay,char_PLAYER_M,Иногда тебе позволено совершать ошибки.,
volf_001_1_reaction_char_WOLFMON,char_WOLFMON,"Верно. Случается с каждым. Самое главное - признавать и
исправлять свои ошибки.",
volf_001_2_replay,char_PLAYER_M,Ты всегда поступаешь правильно.,
volf_001_2_reaction_char_WOLFMON,char_WOLFMON,"Спасибо, но лучше не переоценивай меня. Если я допущу ошибку,
мне нужно, чтобы ты сразу же сказал мне об этом.",
volf_001_3_replay,char_PLAYER_M,Я постараюсь быть осторожным.,
volf_001_3_reaction_char_WOLFMON,char_WOLFMON,"Это было направлено не против вас. Тем не менее, нет ничего
лучше, чем идти напрямик.",
volf_001_4_replay,char_PLAYER_M,"Ты стойкий Дигимон, ты знаешь это?",
volf_001_4_reaction_char_WOLFMON,char_WOLFMON,"Я просто говорю то, что должен говорить воин. Тем не менее, я
постараюсь соответствовать этим словам.",
gall_001_0_char_GARURUMON,char_GARURUMON,"Я крутой или как? Я слышал, что есть разные типы крутости, так
какой же я?",
gall_001_1_replay,char_PLAYER_M,Дикий вид крутизны.,
gall_001_1_reaction_char_GARURUMON,char_GARURUMON,"Хехехе... Я так и знал! И я собираюсь показать всем, что я не
просто выгляжу дико, я дикий!",
gall_001_2_replay,char_PLAYER_M,Умный - это круто.,
gall_001_2_reaction_char_GARURUMON,char_GARURUMON,"Что ж, я буду. Ты действительно наблюдательна. Мое истинное
очарование в том, как много я знаю!",
gall_001_3_replay,char_PLAYER_M,Надежный вид крутизны.,
gall_001_3_reaction_char_GARURUMON,char_GARURUMON,"У крутых совсем другое сердце, да? Не волнуйся. Я никогда не
наброшусь на тебя!",
gall_001_4_replay,char_PLAYER_M,Привлекательный вид крутизны.,
gall_001_4_reaction_char_GARURUMON,char_GARURUMON,"Л-милый ...? Тьфу, да ладно! Я здесь, вся в смущении, но мой
хвост не перестает вилять!",
kyubi_001_0_char_KYUBIMON,char_KYUBIMON,"Я хотел бы познакомиться с людьми, которые молятся о мире.",
kyubi_001_1_replay,char_PLAYER_M,Я бы хотел быть одним из них.,
kyubi_001_1_reaction_char_KYUBIMON,char_KYUBIMON,"Желать мира - это первый шаг к действию. Давайте пройдем этот
путь вместе.",
kyubi_001_2_replay,char_PLAYER_M,На меня не рассчитывай.,
kyubi_001_2_reaction_char_KYUBIMON,char_KYUBIMON,"Не усложняйте ситуацию больше, чем она должна быть.
Несомненно, вы тоже желаете мира.",
kyubi_001_3_replay,char_PLAYER_M,Тогда узнай меня получше!,
kyubi_001_3_reaction_char_KYUBIMON,char_KYUBIMON,"Я верю, что у вас есть все необходимое, чтобы присоединиться ко
мне в стремлении к миру. Я верю в вас.",
kyubi_001_4_replay,char_PLAYER_M,"Замечательная вещь, к которой стоит стремиться.",
kyubi_001_4_reaction_char_KYUBIMON,char_KYUBIMON,"Не говори так, как будто это не имеет к тебе никакого отношения.
Я хочу узнать тебя больше, чем кого-либо другого.",
garumu_001_0_char_GARUMMON,char_GARUMMON,"Я клянусь в верности вам, мой сеньор.",
garumu_001_1_replay,char_PLAYER_M,Рассчитываю на это!,
garumu_001_1_reaction_char_GARUMMON,char_GARUMMON,"Я хочу, чтобы мы вместе боролись за справедливость, поэтому
именно я рассчитываю на вас.",
garumu_001_2_replay,char_PLAYER_M,Что же нам теперь делать?,
garumu_001_2_reaction_char_GARUMMON,char_GARUMMON,"Защищайте все хорошее в цифровом мире. Я также хотел бы услышать
ваши мысли.",
garumu_001_3_replay,char_PLAYER_M,"Я хочу, чтобы мы были равны.",
garumu_001_3_reaction_char_GARUMMON,char_GARUMMON,"Ты по-настоящему скромный человек. Даже на равных я бы
постарался последовать твоему примеру.",
garumu_001_4_replay,char_PLAYER_M,Теперь я испытываю чувство долга.,
garumu_001_4_reaction_char_GARUMMON,char_GARUMMON,"И именно эта искренность привлекла меня к вам. Давайте вместе
поразим зло.",
wagall_001_0_char_WEREGARURUMON,char_WEREGARURUMON,"Эти джинсы довольно отвратительны, не так ли?",
wagall_001_1_replay,char_PLAYER_M,"Да, они тебе идут.",
wagall_001_1_reaction_char_WEREGARURUMON,char_WEREGARURUMON,"Верно? Благодаря хорошему настроению, в которое они меня
привели, мои удары ногами и прыжки стали острее, чем когда-либо.",
wagall_001_2_replay,char_PLAYER_M,Этот череп немного пугающий.,
wagall_001_2_reaction_char_WEREGARURUMON,char_WEREGARURUMON,"Это сигнал моим противникам, что я иду за их головой.
Настраивает их на психологический лад перед боем.",
wagall_001_3_replay,char_PLAYER_M,Поговорим о дурном вкусе.,
wagall_001_3_reaction_char_WEREGARURUMON,char_WEREGARURUMON,"Пренебрегаешь моим чувством стиля? Учитывая, какие вещи я
вытворяю, я бы сказал, что это в точку.",
wagall_001_4_replay,char_PLAYER_M,"Я думаю, у тебя там разрыв?",
wagall_001_4_reaction_char_WEREGARURUMON,char_WEREGARURUMON,"Они называются ""потертые джинсы"". Такой человек, как ты, должен
знать, насколько они крутые.",
ruchef_001_0_char_LUCEMON_FM,char_LUCEMON,"Какая ценность в том, что мы проводим время вместе?",
ruchef_001_1_replay,char_PLAYER_M,Ценность не имеет к этому никакого отношения.,
ruchef_001_1_reaction_char_LUCEMON_FM,char_LUCEMON,"Хе-хе... Боже, у тебя действительно есть мужество. Я позволю
тебе провести со мной еще немного времени в качестве угощения.",
ruchef_001_2_replay,char_PLAYER_M,Ты мог бы чему-нибудь научиться.,
ruchef_001_2_reaction_char_LUCEMON_FM,char_LUCEMON,"Хм. Обычно я не замечаю таких муравьев, как ты. Еще одна
причина понаблюдать за тобой поближе?",
ruchef_001_3_replay,char_PLAYER_M,Мы можем стать друзьями.,
ruchef_001_3_reaction_char_LUCEMON_FM,char_LUCEMON,"Мне не нужны друзья. Тем не менее, ты довольно интригующий
человек. Полагаю, я мог бы провести с тобой немного времени.",
ruchef_001_4_replay,char_PLAYER_M,Я хочу спасти тебя.,
ruchef_001_4_reaction_char_LUCEMON_FM,char_LUCEMON,"Хм! Какая чушь! Но все же... Возможно, я понаблюдаю за тобой еще
немного.",
omsha_001_0_char_OMEGASHOUTMON,char_OMEGASHOUTMON,"Если вы заметите блестящее остаточное изображение, это могу быть
я, знаете ли!",
omsha_001_1_replay,char_PLAYER_M,Вы двигаетесь со скоростью света?,
omsha_001_1_reaction_char_OMEGASHOUTMON,char_OMEGASHOUTMON,"Это всего лишь скорость моего движения. Мое неистовое рвение
распространяется быстрее света!",
omsha_001_2_replay,char_PLAYER_M,Я никогда такого не видел.,
omsha_001_2_reaction_char_OMEGASHOUTMON,char_OMEGASHOUTMON,"Даже остаточное изображение будет трудно распознать. Такую
скорость обеспечивает Омни-инФорс.",
omsha_001_3_replay,char_PLAYER_M,Я бы с удовольствием посмотрел на это!,
omsha_001_3_reaction_char_OMEGASHOUTMON,char_OMEGASHOUTMON,"Если вы сможете справиться со мной и моим неистовым рвением, то
вы наверняка это увидите!",
omsha_001_4_replay,char_PLAYER_M,"Возможно, вы слишком торопитесь, чтобы что-то разглядеть.",
omsha_001_4_reaction_char_OMEGASHOUTMON,char_OMEGASHOUTMON,"Если вы хотите меня увидеть, я могу немного притормозить. Но
только на минутку.",
wogra_001_0_char_WARGREYMON,char_WARGREYMON,"Враги иногда прибегают к трусливой тактике. Что мне делать, если
друг взят в заложники?",
wogra_001_1_replay,char_PLAYER_M,Трусы заслуживают пинка в лицо!,
wogra_001_1_reaction_char_WARGREYMON,char_WARGREYMON,"Хахаха! Я и сам не смог бы выразиться лучше! Влей свое мужество
в глотки этим злодеям!",
wogra_001_2_replay,char_PLAYER_M,Обманите своих врагов с помощью обманных стратегий.,
wogra_001_2_reaction_char_WARGREYMON,char_WARGREYMON,"О, это довольно крутая идея. Если бы все прошло хорошо, никому
даже не пришлось бы пострадать.",
wogra_001_3_replay,char_PLAYER_M,Устройте один-два удара вместе со своими приятелями!,
wogra_001_3_reaction_char_WARGREYMON,char_WARGREYMON,"Хорошее решение! Независимо от того, насколько они далеки друг
от друга, настоящие друзья едины умом и сердцем!",
wogra_001_4_replay,char_PLAYER_M,Я займу место заложника.,
wogra_001_4_reaction_char_WARGREYMON,char_WARGREYMON,"Занять их место? Что-то вроде обмена заложниками? Вау... Такой
добрый ответ тебе вполне подходит.",
impe_001_0_char_IMPERIALDRAMON_FM,char_IMPERIALDRAMON_FM,"Иногда мне кажется, что я настолько силен, что это пугает.
Нормально ли для меня обладать такой силой?",
impe_001_1_replay,char_PLAYER_M,"Я хочу, чтобы у тебя была эта сила.",
impe_001_1_reaction_char_IMPERIALDRAMON_FM,char_IMPERIALDRAMON_FM,"Ты веришь, что я не сделаю с ним ничего глупого? Тогда я
воспользуюсь им от чистого сердца.",
impe_001_2_replay,char_PLAYER_M,"Сила - это все о том, как вы ее используете.",
impe_001_2_reaction_char_IMPERIALDRAMON_FM,char_IMPERIALDRAMON_FM,"Ты имеешь в виду правильный способ владеть им? Тогда я возьму
страницу из книги моих предков.",
impe_001_3_replay,char_PLAYER_M,Ваши друзья всегда будут держать вас в узде.,
impe_001_3_reaction_char_IMPERIALDRAMON_FM,char_IMPERIALDRAMON_FM,"Ты прав. Я не одинок. Что ж, если я когда-нибудь потеряю себя...
Тогда я буду рассчитывать на тебя.",
impe_001_4_replay,char_PLAYER_M,Я всегда буду рядом с тобой.,
impe_001_4_reaction_char_IMPERIALDRAMON_FM,char_IMPERIALDRAMON_FM,"Тогда ладно. Если ты будешь со мной, я знаю, что продолжу
использовать эту силу во благо.",
god_001_0_char_GODDRAMON,char_GODDRAMON,Разрушение или возрождение? Вот в чем вопрос.,
god_001_1_replay,char_PLAYER_M,Разрушение.,
god_001_1_reaction_char_GODDRAMON,char_GODDRAMON,"С моей мощью легко разрушать. Я должен должным образом обдумать,
что еще можно сделать.",
god_001_2_replay,char_PLAYER_M,Что все это значит?,
god_001_2_reaction_char_GODDRAMON,char_GODDRAMON,"Враги, которые нас окружают, и этот мир. Есть много вопросов,
которые требуют решения.",
god_001_3_replay,char_PLAYER_M,Возрождение.,
god_001_3_reaction_char_GODDRAMON,char_GODDRAMON,"Возрождение может последовать только за разрушением. Если вы
можете вынести эту истину, давайте двигаться вперед.",
god_001_4_replay,char_PLAYER_M,"И то, и другое важно.",
god_001_4_reaction_char_GODDRAMON,char_GODDRAMON,"Это две силы, которые стабилизируют этот мир. Давайте вместе
создавать будущее.",
exa_001_0_char_EXAMON,char_EXAMON,"Не ошибитесь. Моя фигура - это не все, что есть во мне большого!
Вы понимаете, да?",
exa_001_1_replay,char_PLAYER_M,Твое сильное сердце тоже огромного размера.,
exa_001_1_reaction_char_EXAMON,char_EXAMON,"Ты хорошо меня знаешь. У меня огромное сердце, подходящее для
этого огромного тела!",
exa_001_2_replay,char_PLAYER_M,Ваш интеллект столь же огромен.,
exa_001_2_reaction_char_EXAMON,char_EXAMON,"Именно. В этом каркасе заложена не только сила, но и знание всех
вещей.",
exa_001_3_replay,char_PLAYER_M,"Несмотря на разницу в размерах, наша связь огромна.",
exa_001_3_reaction_char_EXAMON,char_EXAMON,"Хоть ты и маленький, я признаю твою силу. Наши узы дружбы
крепки.",
exa_001_4_replay,char_PLAYER_M,"Твоя любовь так велика, что у меня кружится голова.",
exa_001_4_reaction_char_EXAMON,char_EXAMON,"Размер моей любви превосходит размер этого тела. Не бойся. Я
всегда буду оберегать тебя.",
jies_001_0_char_JESMON,char_JESMON,"Я хотел бы иметь роль, когда я сражаюсь вместе со всеми. Какую
роль я должен сыграть?",
jies_001_1_replay,char_PLAYER_M,Возглавьте атаку!,
jies_001_1_reaction_char_JESMON,char_JESMON,"Роль, соответствующая моей отваге! Я проложу путь для моих
соотечественников.",
jies_001_2_replay,char_PLAYER_M,Команда сзади.,
jies_001_2_reaction_char_JESMON,char_JESMON,"Роль, соответствующая моей проницательности! Мои точные
инструкции укажут нам путь к победе.",
jies_001_3_replay,char_PLAYER_M,Поддержите наших союзников.,
jies_001_3_reaction_char_JESMON,char_JESMON,"Роль, соответствующая моему мастерству поддержки! Я позабочусь о
том, чтобы каждый мог действовать в полную силу.",
jies_001_4_replay,char_PLAYER_M,Я доверяю тебе прикрывать мой тыл.,
jies_001_4_reaction_char_JESMON,char_JESMON,"Вы бы доверяли мне до такой степени ?! Конечно! Считайте, что
ваша спина неприступна!",
kaigra_001_0_char_KAISERGREYMON,char_KAISERGREYMON,Я буду править Геей!,
kaigra_001_1_replay,char_PLAYER_M,Возможно ли это вообще?,
kaigra_001_1_reaction_char_KAISERGREYMON,char_KAISERGREYMON,"Ты узнаешь, как только я продемонстрирую свою силу. Я покажу
тебе все, на что я способен!",
kaigra_001_2_replay,char_PLAYER_M,Как бы ты вообще это сделал?,
kaigra_001_2_reaction_char_KAISERGREYMON,char_KAISERGREYMON,"У меня мощь девяти драконьих вен. Посмотрите сами, к чему
сводится эта сила!",
kaigra_001_3_replay,char_PLAYER_M,Ты можешь это сделать!,
kaigra_001_3_reaction_char_KAISERGREYMON,char_KAISERGREYMON,"Но, конечно! Смотрите, как я добавляю силу восьми драконьих вен
к своей собственной мощи!",
kaigra_001_4_replay,char_PLAYER_M,Я бы хотел помочь.,
kaigra_001_4_reaction_char_KAISERGREYMON,char_KAISERGREYMON,"Я ценю это, но на моей стороне девять драконьих вен. Этого
более чем достаточно!",
levi_001_0_char_LEVIAMON,char_LEVIAMON,Ты должен завидовать моей силе.,
levi_001_1_replay,char_PLAYER_M,"О, я позеленела от зависти.",
levi_001_1_reaction_char_LEVIAMON,char_LEVIAMON,"Кекеке... Хороший ответ. Погрязни в этой зависти! До того дня,
когда я поглотю цифровой мир...",
levi_001_2_replay,char_PLAYER_M,"Достаточно ли вы сильны, чтобы заслужить зависть?",
levi_001_2_reaction_char_LEVIAMON,char_LEVIAMON,"Кекеке... Такое ужасное невежество. Ты все поймешь в тот день,
когда я погублю тебя.",
levi_001_3_replay,char_PLAYER_M,В этом нет смысла. Ты просто слишком силен.,
levi_001_3_reaction_char_LEVIAMON,char_LEVIAMON,"Кекеке... У меня это работает. Давай посмотрим, станешь ли ты в
конечном итоге заискивать передо мной или боготворить меня.",
levi_001_4_replay,char_PLAYER_M,"Далеко не так. Я думаю, это здорово!",
levi_001_4_reaction_char_LEVIAMON,char_LEVIAMON,"Кекеке... Если ты не можешь победить их, присоединяйся к ним,
хорошо? Тогда я возьму тебя в команду.",
sleip_001_0_char_SLEIPMON,char_SLEIPMON,"С чем бы вы предпочли иметь дело - с палящей жарой или
пронизывающим холодом?",
sleip_001_1_replay,char_PLAYER_M,Палящий зной!,
sleip_001_1_reaction_char_SLEIPMON,char_SLEIPMON,"Предпочесть язычок пламени пронизывающему холоду — это достойное
решение.",
sleip_001_2_replay,char_PLAYER_M,Сильный холод...,
sleip_001_2_reaction_char_SLEIPMON,char_SLEIPMON,"Человек вряд ли может устоять перед пламенем, но необходима
определенная решимость, чтобы выдержать холод.",
sleip_001_3_replay,char_PLAYER_M,Для меня это все равно.,
sleip_001_3_reaction_char_SLEIPMON,char_SLEIPMON,"Смирились с любой из этих участей, не так ли? В этом есть что-то
благородное. Неплохо.",
sleip_001_4_replay,char_PLAYER_M,"Могу ли я сказать ни то, ни другое?",
sleip_001_4_reaction_char_SLEIPMON,char_SLEIPMON,"Я бы назвал это естественной человеческой реакцией. Не волнуйся.
Я защищу тебя и от того, и от другого.",
mgul_001_0_char_METALGARURUMON,char_METALGARURUMON,"Скажи мне первое слово, которое приходит тебе в голову, когда ты
слышишь слово ""металл"".",
mgul_001_1_replay,char_PLAYER_M,Жестко!,
mgul_001_1_reaction_char_METALGARURUMON,char_METALGARURUMON,"Я очень горжусь своими плавными движениями, несмотря на всю эту
прочную броню. Смотри! Я заставлю твою кровь биться быстрее.",
mgul_001_2_replay,char_PLAYER_M,Машина!,
mgul_001_2_reaction_char_METALGARURUMON,char_METALGARURUMON,"Верно. По сути, я ходячая, говорящая машина с оружием в руках.
Когда-нибудь мы должны пересчитать все мое оружие.",
mgul_001_3_replay,char_PLAYER_M,Холодно!,
mgul_001_3_reaction_char_METALGARURUMON,char_METALGARURUMON,"Я могу выдыхать взрывы абсолютного нуля, но мое тело и душа
всегда горят жаром.",
mgul_001_4_replay,char_PLAYER_M,Крепкий?,
mgul_001_4_reaction_char_METALGARURUMON,char_METALGARURUMON,"Конечно, хотя я защищал своих друзей своим крепким телом еще до
того, как получил этот металл.",
mgaob_001_0_char_MIRAGEGAOGAMON_BM,char_MIRAGEGAOGAMON_BM,"В этой форме я опасен. Тебе не следует подходить слишком
близко...",
mgaob_001_1_replay,char_PLAYER_M,"Я могу сказать это, просто взглянув на тебя.",
mgaob_001_1_reaction_char_MIRAGEGAOGAMON_BM,char_MIRAGEGAOGAMON_BM,"Тогда я предлагаю вам сделать шаг назад. Моя энергия планетного
класса - это не то, на что стоит обращать внимание.",
mgaob_001_2_replay,char_PLAYER_M,Что в тебе такого опасного?,
mgaob_001_2_reaction_char_MIRAGEGAOGAMON_BM,char_MIRAGEGAOGAMON_BM,"Мои способности полностью высвободились. Эта энергия планетного
класса может уничтожить все.",
mgaob_001_3_replay,char_PLAYER_M,"Во всяком случае, я этого не планировал.",
mgaob_001_3_reaction_char_MIRAGEGAOGAMON_BM,char_MIRAGEGAOGAMON_BM,"Я рад. Как только я сделаю то, что должен, и отменю режим
серийной съемки, давай встретимся снова.",
mgaob_001_4_replay,char_PLAYER_M,"Несмотря на это, я все еще хочу быть рядом с тобой.",
mgaob_001_4_reaction_char_MIRAGEGAOGAMON_BM,char_MIRAGEGAOGAMON_BM,"Пожалуйста, не расстраивай меня. Я не хочу, чтобы моя энергия
планетного уровня причинила тебе какой-либо вред...",
magul_001_0_char_MAGNAGARURUMON,char_MAGNAGARURUMON,"Я покажу вам, как на самом деле выглядит скорость света.",
magul_001_1_replay,char_PLAYER_M,Я бы с удовольствием посмотрел на это!,
magul_001_1_reaction_char_MAGNAGARURUMON,char_MAGNAGARURUMON,"Я был бы удивлен, если бы вы смогли увидеть мое остаточное
изображение. Я быстро набираю большую высоту.",
magul_001_2_replay,char_PLAYER_M,Вы двигаетесь со скоростью света?,
magul_001_2_reaction_char_MAGNAGARURUMON,char_MAGNAGARURUMON,"На самом деле, я летаю на субсветовой скорости. Не так уж и
много отличается, по большому счету.",
magul_001_3_replay,char_PLAYER_M,"Держу пари, от этого зрелища меня бы затошнило.",
magul_001_3_reaction_char_MAGNAGARURUMON,char_MAGNAGARURUMON,"Пялиться на мерцающий свет вредно для человеческих глаз. Не
нужно так себя изводить.",
magul_001_4_replay,char_PLAYER_M,"Держу пари, он действительно яркий.",
magul_001_4_reaction_char_MAGNAGARURUMON,char_MAGNAGARURUMON,"Когда начинается битва, ослепительная вспышка проносится по
небу. Это дает вам знать, что я здесь.",
mgulb_001_0_char_MAGNAGARURUMON_SEPARATION,,"Мне не нужны никакие доспехи, чтобы сражаться!",
mgulb_001_1_replay,char_PLAYER_M,Ты выглядишь легкой на ногах.,
mgulb_001_1_reaction_char_MAGNAGARURUMON_SEPARATION,,"Все верно. Я намного быстрее, чем был с прикрепленной броней -
даже быстрее света!",
mgulb_001_2_replay,char_PLAYER_M,А как насчет вашего оружия?,
mgulb_001_2_reaction_char_MAGNAGARURUMON_SEPARATION,,"Броня была в порядке, но скорость всегда была моим величайшим
оружием — особенно мои полосы света.",
mgulb_001_3_replay,char_PLAYER_M,Я верю тебе.,
mgulb_001_3_reaction_char_MAGNAGARURUMON_SEPARATION,,"Спасибо. Я могу сделать все, благодаря вере моих друзей.
Следите за моей сверхсветовой скоростью!",
mgulb_001_4_replay,char_PLAYER_M,Разве это не опасно?,
mgulb_001_4_reaction_char_MAGNAGARURUMON_SEPARATION,,"Снятие доспехов не означает, что я безоружен. Я так быстр, что у
тебя не будет времени волноваться!",
ravebu_001_0_char_RAVEMON_BM,char_RAVEMON_BM,"... Разве ты не чувствуешь этого? Огромная энергия,
потрескивающая в воздухе?",
ravebu_001_1_replay,char_PLAYER_M,"Я бы хотел, чтобы я мог.",
ravebu_001_1_reaction_char_RAVEMON_BM,char_RAVEMON_BM,"Узри мою темно-фиолетовую ауру. Возможно, тогда ты почувствуешь
эту изобильную энергию.",
ravebu_001_2_replay,char_PLAYER_M,Я вообще этого не чувствую.,
ravebu_001_2_reaction_char_RAVEMON_BM,char_RAVEMON_BM,"Это бесполезно для людей? Хотя ты должен это видеть. Это моя
темно-фиолетовая аура.",
ravebu_001_3_replay,char_PLAYER_M,"О, я чувствую это.",
ravebu_001_3_reaction_char_RAVEMON_BM,char_RAVEMON_BM,"Это не должно быть возможно для людей, но если ты так говоришь,
я тебе поверю.",
ravebu_001_4_replay,char_PLAYER_M,Я больше не буду этого чувствовать.,
ravebu_001_4_reaction_char_RAVEMON_BM,char_RAVEMON_BM,"Вы боитесь быть переполненным этой энергией? Не волнуйтесь. Я
могу это контролировать.",
duke_001_0_char_DUKEMON,char_DUKEMON,Есть ли поблизости какие-нибудь злодеи?,
duke_001_1_replay,char_PLAYER_M,"Возможно, так оно и есть.",
duke_001_1_reaction_char_DUKEMON,char_DUKEMON,"Тогда ты и я, Галантмон, должны искоренить их и свершить
правосудие над их порочными душами!",
duke_001_2_replay,char_PLAYER_M,Я не знаю.,
duke_001_2_reaction_char_DUKEMON,char_DUKEMON,"Тогда необходимо провести тщательное расследование. Ничто не
может ускользнуть от проницательного взгляда Галлантмона.",
duke_001_3_replay,char_PLAYER_M,Они есть.,
duke_001_3_reaction_char_DUKEMON,char_DUKEMON,"Тогда я, Галантмон, немедленно понесу наказание. И ты будешь на
моей стороне!",
duke_001_4_replay,char_PLAYER_M,Неа.,
duke_001_4_reaction_char_DUKEMON,char_DUKEMON,"Я рад. Я, Галантмон, не потерплю даже малейшего проступка! Мир
должен быть сохранен!",
dukec_001_0_char_DUKEMON_CM,char_DUKEMON_CM,"Теперь, когда у меня есть крылья и алые доспехи, я, Галантмон,
непобедим!",
dukec_001_1_replay,char_PLAYER_M,Ты действительно выглядишь довольно сильным.,
dukec_001_1_reaction_char_DUKEMON_CM,char_DUKEMON_CM,"Высвободив всю свою силу, я, Галантмон, несомненно,
могущественен.",
dukec_001_2_replay,char_PLAYER_M,"Тебе, должно быть, жарко во всем этом.",
dukec_001_2_reaction_char_DUKEMON_CM,char_DUKEMON_CM,"Мои алые доспехи свидетельствуют о пылающей силе, бурлящей
внутри меня.",
dukec_001_3_replay,char_PLAYER_M,Мне больше нравится старый Галантмон.,
dukec_001_3_reaction_char_DUKEMON_CM,char_DUKEMON_CM,"Такая мощь не может сохраняться вечно. Нравится мне это или нет,
но со временем я вернусь к своему прежнему облику.",
dukec_001_4_replay,char_PLAYER_M,"Я надеюсь, что ты останешься такой навсегда.",
dukec_001_4_reaction_char_DUKEMON_CM,char_DUKEMON_CM,"К сожалению, когда моя сила иссякнет, я вернусь к своей старой
форме. Я должен сиять ярко, пока могу!",
chadu_001_0_char_CHAOSDUKEMON,char_CHAOSDUKEMON,"Как только вы падаете, темнота и уныние становятся не такими уж
плохими.",
chadu_001_1_replay,char_PLAYER_M,Я разочарован в тебе.,
chadu_001_1_reaction_char_CHAOSDUKEMON,char_CHAOSDUKEMON,"Говорите что хотите, но я, Хаосгаллантмон, навлеку катастрофу на
Цифровой мир!",
chadu_001_2_replay,char_PLAYER_M,Ты совершаешь плохие поступки?,
chadu_001_2_reaction_char_CHAOSDUKEMON,char_CHAOSDUKEMON,"Конечно. Инстинкты Хаосгаллантмона заставляют меня сеять
бедствие и разорение.",
chadu_001_3_replay,char_PLAYER_M,Не делай ничего плохого.,
chadu_001_3_reaction_char_CHAOSDUKEMON,char_CHAOSDUKEMON,"Друг или нет, Хаосгаллантмон не может подчиниться. Мои инстинкты
заставляют меня призвать каламити.",
chadu_001_4_replay,char_PLAYER_M,Тебе это не идет.,
chadu_001_4_reaction_char_CHAOSDUKEMON,char_CHAOSDUKEMON,"Возможно, не сейчас, но скоро тьма заберет Меня, Хаосгаллантмон.
Ты увидишь.",
mduke_001_0_char_MEDIEVALDUKEMON,char_MEDIEVALDUKEMON,Знаете ли вы о Цифровом мире в другом измерении?,
mduke_001_1_replay,char_PLAYER_M,Что это за мир такой?,
mduke_001_1_reaction_char_MEDIEVALDUKEMON,char_MEDIEVALDUKEMON,"Незрелый мир на пути к гибели, неспособный защитить себя от
внешних захватчиков.",
mduke_001_2_replay,char_PLAYER_M,"Я не понимаю, что ты имеешь в виду.",
mduke_001_2_reaction_char_MEDIEVALDUKEMON,char_MEDIEVALDUKEMON,"Цифровой мир, который вы знаете, не единственный в мире.
Знаете, есть и другие.",
mduke_001_3_replay,char_PLAYER_M,Я знаю об этом.,
mduke_001_3_reaction_char_MEDIEVALDUKEMON,char_MEDIEVALDUKEMON,"Тогда вы тоже должны знать обо мне: Средневековый Аллантмон,
Генерал Вихря.",
mduke_001_4_replay,char_PLAYER_M,Никогда о таком не слышал.,
mduke_001_4_reaction_char_MEDIEVALDUKEMON,char_MEDIEVALDUKEMON,"Он называется ""Ведьминский"". Это мой любимый мир, хотя его магия
все еще несколько нераскрыта.",
alfa_001_0_char_ALPHAMON,char_ALPHAMON,"Я не хочу предстать перед человеком таким, какой я есть
сейчас...",
alfa_001_1_replay,char_PLAYER_M,Я хочу видеть тебя чаще.,
alfa_001_1_reaction_char_ALPHAMON,char_ALPHAMON,"Полагаю, в этом нет ничего дурного. Но знай, что ты первый
человек, который рассматривает меня так близко.",
alfa_001_2_replay,char_PLAYER_M,"Я хочу увидеть, как ты дерешься.",
alfa_001_2_reaction_char_ALPHAMON,char_ALPHAMON,"Мои битвы не для развлечения, и ваши глаза, несмотря ни на что,
уловили бы лишь мгновение.",
alfa_001_3_replay,char_PLAYER_M,Ладно. Я не буду пялиться.,
alfa_001_3_reaction_char_ALPHAMON,char_ALPHAMON,"Очень тактично для человека. Если бы только все святые воины
были такими, как вы.",
alfa_001_4_replay,char_PLAYER_M,"Я сделаю вид, что никогда тебя не видел.",
alfa_001_4_reaction_char_ALPHAMON,char_ALPHAMON,"Прошлое редко можно изменить, но поскольку это вы видели меня, я
не слишком беспокоюсь.",
alfak_001_0_char_ALPHAMON_OURYUKEN,char_ALPHAMON_OURYUKEN,"Теперь, когда я владею мечом, все мои боевые способности
направлены исключительно на нападение!",
alfak_001_1_replay,char_PLAYER_M,Как ты дошел до такого состояния?,
alfak_001_1_reaction_char_ALPHAMON_OURYUKEN,char_ALPHAMON_OURYUKEN,"Чудесная цифровая революция возможна только благодаря волшебному
кругу цифрового кода Alphamon.",
alfak_001_2_replay,char_PLAYER_M,Ты Альфамон?,
alfak_001_2_reaction_char_ALPHAMON_OURYUKEN,char_ALPHAMON_OURYUKEN,"Я не Альфамон, но раньше Оуриюмон. Благодаря цифровой революции
я теперь клинок Альфамона.",
alfak_001_3_replay,char_PLAYER_M,Могу я овладеть тобой?,
alfak_001_3_reaction_char_ALPHAMON_OURYUKEN,char_ALPHAMON_OURYUKEN,"Только Альфамон может владеть мной. Это невозможно для любого
другого Дигимона, не говоря уже о человеке.",
alfak_001_4_replay,char_PLAYER_M,"Извини, что тебя превратили в меч.",
alfak_001_4_reaction_char_ALPHAMON_OURYUKEN,char_ALPHAMON_OURYUKEN,"Сожалеть не о чем. Такая форма - величайшая честь для прототипа
Дигимон.",
lokni_001_0_char_LOADKNIGHTMON,char_LOADKNIGHTMON,"У меня своя система правосудия. И я отказываюсь участвовать в
дебатах по этому поводу.",
lokni_001_1_replay,char_PLAYER_M,Это кажется неправильным.,
lokni_001_1_reaction_char_LOADKNIGHTMON,char_LOADKNIGHTMON,"Что я только что сказал? Тем не менее, я полагаю, вы вольны
иметь любое мнение, которое вам нравится.",
lokni_001_2_replay,char_PLAYER_M,Ваш образ мышления неправильный.,
lokni_001_2_reaction_char_LOADKNIGHTMON,char_LOADKNIGHTMON,"Что я только что сказал? Говорите, что хотите. Все ваши мнения
для меня просто чепуха.",
lokni_001_3_replay,char_PLAYER_M,"Ты прав, что так думаешь.",
lokni_001_3_reaction_char_LOADKNIGHTMON,char_LOADKNIGHTMON,"Не помню, чтобы я спрашивал твоего мнения. И все же, по крайней
мере, ты не пытаешься спорить.",
lokni_001_4_replay,char_PLAYER_M,"Я думаю, это один из способов думать о вещах.",
lokni_001_4_reaction_char_LOADKNIGHTMON,char_LOADKNIGHTMON,"А какой есть другой способ? Я не оправдываю дерзость, но
признаю, мне небезразлично, что вы думаете.",
duna_001_0_char_DYNASMON,char_DYNASMON,Я с радостью отдам свою жизнь за моего сеньора.,
duna_001_1_replay,char_PLAYER_M,Даже если твой сеньор - зло?,
duna_001_1_reaction_char_DYNASMON,char_DYNASMON,"Добро или зло - решать моему сеньору. Я просто служу своему
сеньору до конца.",
duna_001_2_replay,char_PLAYER_M,Это безумные разговоры.,
duna_001_2_reaction_char_DYNASMON,char_DYNASMON,"Я не говорю вам расстаться со своей жизнью. Вам нужно лишь
действовать в соответствии со своими собственными убеждениями.",
duna_001_3_replay,char_PLAYER_M,Рад за тебя.,
duna_001_3_reaction_char_DYNASMON,char_DYNASMON,"Многие люди этого не понимают, но, похоже, вы понимаете. Я вижу,
что у нас с вами прочная дружба.",
duna_001_4_replay,char_PLAYER_M,Вы должны больше ценить свою жизнь.,
duna_001_4_reaction_char_DYNASMON,char_DYNASMON,"Хотя ваша забота о моем благополучии радует меня, мой сеньор
превыше всего.",
duft_001_0_char_DUFTMON,char_DUFTMON,"Стратегия - это все, когда дело доходит до управления сражением.",
duft_001_1_replay,char_PLAYER_M,Мои стратегии лучше.,
duft_001_1_reaction_char_DUFTMON,char_DUFTMON,"Превосходит мой? Интересно... Тогда давай посмотрим, на что ты
способен.",
duft_001_2_replay,char_PLAYER_M,"Для победы требуется нечто большее, чем стратегия.",
duft_001_2_reaction_char_DUFTMON,char_DUFTMON,"Оправдание того, кому не хватает стратегического видения. Я
достаточно скоро докажу, насколько вы неправы.",
duft_001_3_replay,char_PLAYER_M,"Ах, да? Расскажите мне о ваших стратегиях...",
duft_001_3_reaction_char_DUFTMON,char_DUFTMON,"Ну, например— Подождите! Я почти раскрыл свою руку. Мне придется
быть более осторожным...",
duft_001_4_replay,char_PLAYER_M,"Какой бы ни была ваша стратегия, рассчитывайте на меня.",
duft_001_4_reaction_char_DUFTMON,char_DUFTMON,"Соглашаться, не зная деталей, глупо, но вы правы, доверяя мне.",
duftrm_001_0_char_DUFTMON_LM,char_DUFTMON_LM,"Мои боевые способности тоже безупречны. Ты можешь доверить мне
все.",
duftrm_001_1_replay,char_PLAYER_M,"Нет, спасибо.",
duftrm_001_1_reaction_char_DUFTMON_LM,char_DUFTMON_LM,"Подобная бравада тебе ничего не даст. Сначала ты должен хотя бы
понаблюдать за моим мастерством в бою.",
duftrm_001_2_replay,char_PLAYER_M,Хорошо. Тогда докажи это.,
duftrm_001_2_reaction_char_DUFTMON_LM,char_DUFTMON_LM,"Я не люблю, когда со мной разговаривают свысока, но ты изменишь
свой тон, как только увидишь меня в действии.",
duftrm_001_3_replay,char_PLAYER_M,Я буду рассчитывать на тебя.,
duftrm_001_3_reaction_char_DUFTMON_LM,char_DUFTMON_LM,"Мудрое решение. Вы не пожалеете. Будьте благодарны, что у вас
есть хорошие союзники.",
duftrm_001_4_replay,char_PLAYER_M,"Ты действительно уверен в себе, да?",
duftrm_001_4_reaction_char_DUFTMON_LM,char_DUFTMON_LM,"У меня есть как стратегический склад ума, так и боевая доблесть,
чтобы подкрепить это. Вы должны уважать это.",
holyd_001_0_char_HOLYDRAMON,char_HOLYDRAMON,Освещать всю тьму святым светом! Это моя миссия!,
holyd_001_1_replay,char_PLAYER_M,"Да, пожалуйста, сделайте это.",
holyd_001_1_reaction_char_HOLYDRAMON,char_HOLYDRAMON,Это все для цифрового мира. Я не позволю злу прятаться в тени!,
holyd_001_2_replay,char_PLAYER_M,"Блин, это потрясающе.",
holyd_001_2_reaction_char_HOLYDRAMON,char_HOLYDRAMON,"Напротив, моего света все еще не хватает. Пожалуйста, скажи мне,
где может скрываться тьма.",
holyd_001_3_replay,char_PLAYER_M,Давайте прольем этот свет вместе.,
holyd_001_3_reaction_char_HOLYDRAMON,char_HOLYDRAMON,"Пожалуйста, предоставьте это мне. Вам не хватает техники,
подходящей для выполнения задачи.",
holyd_001_4_replay,char_PLAYER_M,Ты не можешь осветить всю тьму.,
holyd_001_4_reaction_char_HOLYDRAMON,char_HOLYDRAMON,"Я это сделаю. Я должен! Я не могу позволить теням поглотить моих
друзей!",
alfo_001_0_char_ULFORCEVDRAMON,char_ULFORCEVDRAMON,Никто не может превзойти мою божественную быстроту.,
alfo_001_1_replay,char_PLAYER_M,Я могу сделать это со сверхъестественной быстротой.,
alfo_001_1_reaction_char_ULFORCEVDRAMON,char_ULFORCEVDRAMON,"Такого понятия не существует. Словесные игры и дикий бред со
мной не сработают.",
alfo_001_2_replay,char_PLAYER_M,"Мне нужна божественная быстрота, чтобы я мог не отставать.",
alfo_001_2_reaction_char_ULFORCEVDRAMON,char_ULFORCEVDRAMON,"Мечты, надежды и цели - это хорошо, но мы посмотрим, сможет ли
человеческий разум сравниться с моей скоростью.",
alfo_001_3_replay,char_PLAYER_M,Ничто и никогда не могло быть быстрее.,
alfo_001_3_reaction_char_ULFORCEVDRAMON,char_ULFORCEVDRAMON,"Ах, так ты понимаешь. Стремись совершенствоваться, но также знай
свои ограничения.",
alfo_001_4_replay,char_PLAYER_M,Я не пытаюсь соревноваться с тобой.,
alfo_001_4_reaction_char_ULFORCEVDRAMON,char_ULFORCEVDRAMON,"Сдаться без боя? И все же в мои намерения не входило заставлять
тебя сдаваться. Давай будем друзьями.",
barba_001_0_char_BARBAMON,char_BARBAMON,"Желание побуждает всех к действию. Человек, дай волю своей
жадности!",
barba_001_1_replay,char_PLAYER_M,Нет никого жаднее меня.,
barba_001_1_reaction_char_BARBAMON,char_BARBAMON,"Ты предполагаешь, что твоя жадность может превзойти жадность
Злого Короля? Тогда позволь желанию править днем!",
barba_001_2_replay,char_PLAYER_M,Я обуздываю свои желания.,
barba_001_2_reaction_char_BARBAMON,char_BARBAMON,"Нет необходимости в самоограничении. Давай, сейчас. Покажи мне
свою беззастенчивую жадность!",
barba_001_3_replay,char_PLAYER_M,Жадность вредна для здоровья.,
barba_001_3_reaction_char_BARBAMON,char_BARBAMON,"Это сарказм? Будет забавно посмотреть, кто из нас первым
поддастся жадности.",
barba_001_4_replay,char_PLAYER_M,Я ничего не желаю.,
barba_001_4_reaction_char_BARBAMON,char_BARBAMON,"Невозможно. Однажды я пробуду жадность, спрятанную глубоко в
твоем сердце!",
bel_001_0_char_BEELZEBUMON,char_BEELZEBUMON,Просто оставь меня в покое. Я плохо работаю с другими.,
bel_001_1_replay,char_PLAYER_M,"О, не уходи. Я буду скучать по тебе.",
bel_001_1_reaction_char_BEELZEBUMON,char_BEELZEBUMON,"Я не говорил, что ухожу. Я буду прямо здесь, так что не нужно
грустить.",
bel_001_2_replay,char_PLAYER_M,Но иногда я хочу поговорить с тобой.,
bel_001_2_reaction_char_BEELZEBUMON,char_BEELZEBUMON,"Хорошо, при условии, что ты расскажешь мне что-то, чего я еще не
знаю.",
bel_001_3_replay,char_PLAYER_M,Я хочу быть друзьями.,
bel_001_3_reaction_char_BEELZEBUMON,char_BEELZEBUMON,"Я не говорю, что ты мне не нравишься. Я просто не хочу ни с кем
объединяться.",
bel_001_4_replay,char_PLAYER_M,Я хочу знать о тебе все.,
bel_001_4_reaction_char_BEELZEBUMON,char_BEELZEBUMON,"Ты странный человек... Но нам не нужно объединяться, чтобы ты
узнал обо мне.",
belbl_001_0_char_BEELZEMON_BM,char_BEELZEMON_BM,Не пугайся так. Я почти никогда не сержусь.,
belbl_001_1_replay,char_PLAYER_M,"Я хочу посмотреть, как ты выглядишь в гневе.",
belbl_001_1_reaction_char_BEELZEMON_BM,char_BEELZEMON_BM,"Единственный раз, когда кто-то видит меня сердитым, - это перед
смертью.",
belbl_001_2_replay,char_PLAYER_M,"Хорошо, тогда улыбнись.",
belbl_001_2_reaction_char_BEELZEMON_BM,char_BEELZEMON_BM,"Я делаю это, если у меня есть на то причина. Так что давай.
Попробуй рассмешить меня.",
belbl_001_3_replay,char_PLAYER_M,Я хочу попытаться разозлить тебя.,
belbl_001_3_reaction_char_BEELZEMON_BM,char_BEELZEMON_BM,"Это невозможно, главным образом потому, что ты мне нравишься.",
belbl_001_4_replay,char_PLAYER_M,"Но ты выглядишь крутым, когда злишься.",
belbl_001_4_reaction_char_BEELZEMON_BM,char_BEELZEMON_BM,"Вы неправильно поняли. Никто из тех, кто видит меня сердитым, не
живет, чтобы рассказать об этом.",
lilis_001_0_char_LILITHMON,char_LILITHMON,Ты готов впасть в немилость ко мне?,
lilis_001_1_replay,char_PLAYER_M,Я бы хотел попробовать.,
lilis_001_1_reaction_char_LILITHMON,char_LILITHMON,"Ты понимаешь, что значит влюбиться вместе со мной, не так ли?
Будь уверен, что ты готов.",
lilis_001_2_replay,char_PLAYER_M,"О, я уже там.",
lilis_001_2_reaction_char_LILITHMON,char_LILITHMON,"..Я не уверен, что это значит, но, возможно, вам следует еще
немного пересмотреть себя?",
lilis_001_3_replay,char_PLAYER_M,Давайте вместе стремиться к большему.,
lilis_001_3_reaction_char_LILITHMON,char_LILITHMON,"Если вы хотите достичь больших высот нечестивыми средствами, то
я здесь для этого.",
lilis_001_4_replay,char_PLAYER_M,Не суди обо мне превратно.,
lilis_001_4_reaction_char_LILITHMON,char_LILITHMON,"Хо-хо-хо! Мне нравится, когда люди выставляют себя такими
храбрыми.",
belfrm_001_0_char_BELPHEMON_RM,char_BELPHEMON_RM,Это ты пробудил меня от тысячелетнего сна?!,
belfrm_001_1_replay,char_PLAYER_M,Нет.,
belfrm_001_1_reaction_char_BELPHEMON_RM,char_BELPHEMON_RM,"Кто меня разбудил, сейчас не имеет значения, но будь готов,
потому что я всегда мщу.",
belfrm_001_2_replay,char_PLAYER_M,"Если это вас расстраивает, почему бы вам снова не лечь спать?",
belfrm_001_2_reaction_char_BELPHEMON_RM,char_BELPHEMON_RM,"Я никогда об этом не думал... Сработает это или нет, попробовать
стоит.",
belfrm_001_3_replay,char_PLAYER_M,"Что, если это так?",
belfrm_001_3_reaction_char_BELPHEMON_RM,char_BELPHEMON_RM,"Обычно я бы уничтожил тебя, но я все еще слишком сонный. Так что
пока ты свободен.",
belfrm_001_4_replay,char_PLAYER_M,Да.,
belfrm_001_4_reaction_char_BELPHEMON_RM,char_BELPHEMON_RM,"Не кажется, что прошла тысяча лет. Я бы хотел поспать еще
немного.",
belfsm_001_0_char_BELPHEMON_SM,char_BELPHEMON_SM,Ззз... * храп*,
belfsm_001_1_replay,char_PLAYER_M,"Ух ты, кстати о громком храпе!",
belfsm_001_1_reaction_char_BELPHEMON_SM,char_BELPHEMON_SM,"Эй ...! Помолчи, или тебе это грозит ... Ззз...",
belfsm_001_2_replay,char_PLAYER_M,"Вероятно, сварливый стояк, так что я оставлю все как есть.",
belfsm_001_2_reaction_char_BELPHEMON_SM,char_BELPHEMON_SM,"Че-?! ... О. Думаю, еще не время просыпаться ... Ззз...",
belfsm_001_3_replay,char_PLAYER_M,Оно так мирно спит. Я буду вести себя тихо.,
belfsm_001_3_reaction_char_BELPHEMON_SM,char_BELPHEMON_SM,Ззз... Ззз... * бормочу*,
belfsm_001_4_replay,char_PLAYER_M,"Я заткну ему нос, чтобы он перестал храпеть.",
belfsm_001_4_reaction_char_BELPHEMON_SM,char_BELPHEMON_SM,* фыркает * Да? * фыркает * Да?! Ззз...,
ruches_001_0_char_LUCEMON_SM,char_LUCEMON_SM,Ты бы хотел запечатать меня?,
ruches_001_1_replay,char_PLAYER_M,"Да, я бы так и сделал.",
ruches_001_1_reaction_char_LUCEMON_SM,char_LUCEMON_SM,"Вы, безусловно, искренни... И все же это невозможно. Я всего
лишь тень Люсемона.",
ruches_001_2_replay,char_PLAYER_M,"Честно говоря, я не знаю.",
ruches_001_2_reaction_char_LUCEMON_SM,char_LUCEMON_SM,"Пойдите и перечитайте древние тексты. Верить им или нет - решать
вам.",
ruches_001_3_replay,char_PLAYER_M,"Я хочу, чтобы ты был моим другом.",
ruches_001_3_reaction_char_LUCEMON_SM,char_LUCEMON_SM,"Ты хочешь соблазнить меня, носящего Венцы Смертных грехов?
Давай посмотрим, к чему это приведет.",
ruches_001_4_replay,char_PLAYER_M,Как я вообще мог?,
ruches_001_4_reaction_char_LUCEMON_SM,char_LUCEMON_SM,"Конечно, это за пределами твоих возможностей. Тем не менее, наше
нынешнее сосуществование меня устраивает.",
freyd_001_0_char_FLAMEDRAMON,char_FLAMEDRAMON,Мое мужество - пылающий ад!,
freyd_001_1_replay,char_PLAYER_M,Пусть он разгорится еще жарче.,
freyd_001_1_reaction_char_FLAMEDRAMON,char_FLAMEDRAMON,"Ни слова больше. Мое мужество вспыхнет прямо там, рядом с моим
пламенем!",
freyd_001_2_replay,char_PLAYER_M,Откуда столько мужества?,
freyd_001_2_reaction_char_FLAMEDRAMON,char_FLAMEDRAMON,"Потому что у меня есть Цифра Мужества. Но я был бы полон
мужества даже без нее!",
freyd_001_3_replay,char_PLAYER_M,"По-моему, здесь слишком жарко.",
freyd_001_3_reaction_char_FLAMEDRAMON,char_FLAMEDRAMON,"Упс. Правда? Иногда я сама этого не понимаю, так что спасибо,
что рассказала.",
freyd_001_4_replay,char_PLAYER_M,Теперь я тоже чувствую себя храброй.,
freyd_001_4_reaction_char_FLAMEDRAMON,char_FLAMEDRAMON,"Значит, я воспламенил и твою отвагу? Думаю, мы лучшая команда!",
aonb_001_0_char_ENBARRMON,char_ENBARRMON,Ты хочешь взобраться на мой борт и путешествовать по миру?,
aonb_001_1_replay,char_PLAYER_M,"Может быть, совсем чуть-чуть.",
aonb_001_1_reaction_char_ENBARRMON,char_ENBARRMON,"Любопытный, но робкий, да? Не нужно связывать себя
обязательствами прямо сейчас. Просто приготовься к долгому путешествию!",
aonb_001_2_replay,char_PLAYER_M,"Нет, спасибо.",
aonb_001_2_reaction_char_ENBARRMON,char_ENBARRMON,"Я не думал, что ты такой осторожный. Знаешь, говорят, что лучше
действовать, чем волноваться.",
aonb_001_3_replay,char_PLAYER_M,Я не собираюсь умирать.,
aonb_001_3_reaction_char_ENBARRMON,char_ENBARRMON,"Человек он или нет, я бы не позволил другу умереть. Ты не
погибнешь, сидя верхом на моей спине.",
aonb_001_4_replay,char_PLAYER_M,Я бы с удовольствием!,
aonb_001_4_reaction_char_ENBARRMON,char_ENBARRMON,"Понятно. Хотя я не могу забрать тебя сейчас, я клянусь выполнить
свое обещание, прежде чем ты умрешь.",
common001_0_child_courage,,"Эй, а что такое смелость?",
common001_0_male_courage,,"Эй, а что такое смелость?",
common001_0_female_courage,,"Эй, а что такое смелость?",
common001_0_old_courage,,"Эй, а что такое смелость?",
common001_0_child_love,,"Эй, а что такое смелость?",
common001_0_male_love,,"Эй, а что такое смелость?",
common001_0_female_love,,"Эй, а что такое смелость?",
common001_0_old_love,,"Эй, а что такое смелость?",
common001_0_child_friendship,,"Эй, а что такое смелость?",
common001_0_male_friendship,,"Эй, а что такое смелость?",
common001_0_female_friendship,,"Эй, а что такое смелость?",
common001_0_old_friendship,,"Эй, а что такое смелость?",
common001_0_child_knowledge,,"Эй, а что такое смелость?",
common001_0_male_knowledge,,"Эй, а что такое смелость?",
common001_0_female_knowledge,,"Эй, а что такое смелость?",
common001_0_old_knowledge,,"Эй, а что такое смелость?",
common001_1_replay,char_PLAYER_M,"Что-то важное, что делает тебя сильнее.",
common001_1_reaction_child_courage,,"Хехе. Я так и думал. Смелость - это действительно круто. Я хочу
большего!",
common001_1_reaction_male_courage,,"Хехе. Я так и думал. Смелость - это действительно круто. Я хочу
большего!",
common001_1_reaction_female_courage,,"Хехе. Я так и думал. Смелость - это действительно круто. Я хочу
большего!",
common001_1_reaction_old_courage,,"Хехе. Я так и думал. Смелость - это действительно круто. Я хочу
большего!",
common001_1_reaction_child_love,,"Хехе. Я так и думал. Смелость - это действительно круто. Я хочу
большего!",
common001_1_reaction_male_love,,"Хехе. Я так и думал. Смелость - это действительно круто. Я хочу
большего!",
common001_1_reaction_female_love,,"Хехе. Я так и думал. Смелость - это действительно круто. Я хочу
большего!",
common001_1_reaction_old_love,,"Хехе. Я так и думал. Смелость - это действительно круто. Я хочу
большего!",
common001_1_reaction_child_friendship,,"Хехе. Я так и думал. Смелость - это действительно круто. Я хочу
большего!",
common001_1_reaction_male_friendship,,"Хехе. Я так и думал. Смелость - это действительно круто. Я хочу
большего!",
common001_1_reaction_female_friendship,,"Хехе. Я так и думал. Смелость - это действительно круто. Я хочу
большего!",
common001_1_reaction_old_friendship,,"Хехе. Я так и думал. Смелость - это действительно круто. Я хочу
большего!",
common001_1_reaction_child_knowledge,,"Хехе. Я так и думал. Смелость - это действительно круто. Я хочу
большего!",
common001_1_reaction_male_knowledge,,"Хехе. Я так и думал. Смелость - это действительно круто. Я хочу
большего!",
common001_1_reaction_female_knowledge,,"Хехе. Я так и думал. Смелость - это действительно круто. Я хочу
большего!",
common001_1_reaction_old_knowledge,,"Хехе. Я так и думал. Смелость - это действительно круто. Я хочу
большего!",
common001_2_replay,char_PLAYER_M,Превосходит меня.,
common001_2_reaction_child_courage,,"Так ты тоже не знаешь? Хм, я все еще не знаю, что такое
смелость...",
common001_2_reaction_male_courage,,"Так ты тоже не знаешь? Хм, я все еще не знаю, что такое
смелость...",
common001_2_reaction_female_courage,,"Так ты тоже не знаешь? Хм, я все еще не знаю, что такое
смелость...",
common001_2_reaction_old_courage,,"Так ты тоже не знаешь? Хм, я все еще не знаю, что такое
смелость...",
common001_2_reaction_child_love,,"Так ты тоже не знаешь? Хм, я все еще не знаю, что такое
смелость...",
common001_2_reaction_male_love,,"Так ты тоже не знаешь? Хм, я все еще не знаю, что такое
смелость...",
common001_2_reaction_female_love,,"Так ты тоже не знаешь? Хм, я все еще не знаю, что такое
смелость...",
common001_2_reaction_old_love,,"Так ты тоже не знаешь? Хм, я все еще не знаю, что такое
смелость...",
common001_2_reaction_child_friendship,,"Так ты тоже не знаешь? Хм, я все еще не знаю, что такое
смелость...",
common001_2_reaction_male_friendship,,"Так ты тоже не знаешь? Хм, я все еще не знаю, что такое
смелость...",
common001_2_reaction_female_friendship,,"Так ты тоже не знаешь? Хм, я все еще не знаю, что такое
смелость...",
common001_2_reaction_old_friendship,,"Так ты тоже не знаешь? Хм, я все еще не знаю, что такое
смелость...",
common001_2_reaction_child_knowledge,,"Так ты тоже не знаешь? Хм, я все еще не знаю, что такое
смелость...",
common001_2_reaction_male_knowledge,,"Так ты тоже не знаешь? Хм, я все еще не знаю, что такое
смелость...",
common001_2_reaction_female_knowledge,,"Так ты тоже не знаешь? Хм, я все еще не знаю, что такое
смелость...",
common001_2_reaction_old_knowledge,,"Так ты тоже не знаешь? Хм, я все еще не знаю, что такое
смелость...",
common002_0_child_courage,,Я хочу больше веселиться. Что мне делать?,
common002_0_male_courage,,Я хочу больше веселиться. Что мне делать?,
common002_0_female_courage,,Я хочу больше веселиться. Что мне делать?,
common002_0_old_courage,,Я хочу больше веселиться. Что мне делать?,
common002_0_child_love,,Я хочу больше веселиться. Что мне делать?,
common002_0_male_love,,Я хочу больше веселиться. Что мне делать?,
common002_0_female_love,,Я хочу больше веселиться. Что мне делать?,
common002_0_old_love,,Я хочу больше веселиться. Что мне делать?,
common002_0_child_friendship,,Я хочу больше веселиться. Что мне делать?,
common002_0_male_friendship,,Я хочу больше веселиться. Что мне делать?,
common002_0_female_friendship,,Я хочу больше веселиться. Что мне делать?,
common002_0_old_friendship,,Я хочу больше веселиться. Что мне делать?,
common002_0_child_knowledge,,Я хочу больше веселиться. Что мне делать?,
common002_0_male_knowledge,,Я хочу больше веселиться. Что мне делать?,
common002_0_female_knowledge,,Я хочу больше веселиться. Что мне делать?,
common002_0_old_knowledge,,Я хочу больше веселиться. Что мне делать?,
common002_1_replay,char_PLAYER_M,"Будьте достаточно смелы, чтобы сделать этот первый шаг.",
common002_1_reaction_child_courage,,Хорошая идея! Смелость может помочь мне начать что-то новое.,
common002_1_reaction_male_courage,,Хорошая идея! Смелость может помочь мне начать что-то новое.,
common002_1_reaction_female_courage,,Хорошая идея! Смелость может помочь мне начать что-то новое.,
common002_1_reaction_old_courage,,Хорошая идея! Смелость может помочь мне начать что-то новое.,
common002_1_reaction_child_love,,Хорошая идея! Смелость может помочь мне начать что-то новое.,
common002_1_reaction_male_love,,Хорошая идея! Смелость может помочь мне начать что-то новое.,
common002_1_reaction_female_love,,Хорошая идея! Смелость может помочь мне начать что-то новое.,
common002_1_reaction_old_love,,Хорошая идея! Смелость может помочь мне начать что-то новое.,
common002_1_reaction_child_friendship,,Хорошая идея! Смелость может помочь мне начать что-то новое.,
common002_1_reaction_male_friendship,,Хорошая идея! Смелость может помочь мне начать что-то новое.,
common002_1_reaction_female_friendship,,Хорошая идея! Смелость может помочь мне начать что-то новое.,
common002_1_reaction_old_friendship,,Хорошая идея! Смелость может помочь мне начать что-то новое.,
common002_1_reaction_child_knowledge,,Хорошая идея! Смелость может помочь мне начать что-то новое.,
common002_1_reaction_male_knowledge,,Хорошая идея! Смелость может помочь мне начать что-то новое.,
common002_1_reaction_female_knowledge,,Хорошая идея! Смелость может помочь мне начать что-то новое.,
common002_1_reaction_old_knowledge,,Хорошая идея! Смелость может помочь мне начать что-то новое.,
common002_2_replay,char_PLAYER_M,"Может быть, сейчас самое время ничего не делать и ждать.",
common002_2_reaction_child_courage,,"Значит, иногда лучше ничего не делать, да? Ладно, я буду сидеть
очень тихо.",
common002_2_reaction_male_courage,,"Значит, иногда лучше ничего не делать, да? Ладно, я буду сидеть
очень тихо.",
common002_2_reaction_female_courage,,"Значит, иногда лучше ничего не делать, да? Ладно, я буду сидеть
очень тихо.",
common002_2_reaction_old_courage,,"Значит, иногда лучше ничего не делать, да? Ладно, я буду сидеть
очень тихо.",
common002_2_reaction_child_love,,"Значит, иногда лучше ничего не делать, да? Ладно, я буду сидеть
очень тихо.",
common002_2_reaction_male_love,,"Значит, иногда лучше ничего не делать, да? Ладно, я буду сидеть
очень тихо.",
common002_2_reaction_female_love,,"Значит, иногда лучше ничего не делать, да? Ладно, я буду сидеть
очень тихо.",
common002_2_reaction_old_love,,"Значит, иногда лучше ничего не делать, да? Ладно, я буду сидеть
очень тихо.",
common002_2_reaction_child_friendship,,"Значит, иногда лучше ничего не делать, да? Ладно, я буду сидеть
очень тихо.",
common002_2_reaction_male_friendship,,"Значит, иногда лучше ничего не делать, да? Ладно, я буду сидеть
очень тихо.",
common002_2_reaction_female_friendship,,"Значит, иногда лучше ничего не делать, да? Ладно, я буду сидеть
очень тихо.",
common002_2_reaction_old_friendship,,"Значит, иногда лучше ничего не делать, да? Ладно, я буду сидеть
очень тихо.",
common002_2_reaction_child_knowledge,,"Значит, иногда лучше ничего не делать, да? Ладно, я буду сидеть
очень тихо.",
common002_2_reaction_male_knowledge,,"Значит, иногда лучше ничего не делать, да? Ладно, я буду сидеть
очень тихо.",
common002_2_reaction_female_knowledge,,"Значит, иногда лучше ничего не делать, да? Ладно, я буду сидеть
очень тихо.",
common002_2_reaction_old_knowledge,,"Значит, иногда лучше ничего не делать, да? Ладно, я буду сидеть
очень тихо.",
common003_0_child_courage,,Тебя устраивают страшилки?,
common003_0_male_courage,,Тебя устраивают страшилки?,
common003_0_female_courage,,Тебя устраивают страшилки?,
common003_0_old_courage,,Тебя устраивают страшилки?,
common003_0_child_love,,Тебя устраивают страшилки?,
common003_0_male_love,,Тебя устраивают страшилки?,
common003_0_female_love,,Тебя устраивают страшилки?,
common003_0_old_love,,Тебя устраивают страшилки?,
common003_0_child_friendship,,Тебя устраивают страшилки?,
common003_0_male_friendship,,Тебя устраивают страшилки?,
common003_0_female_friendship,,Тебя устраивают страшилки?,
common003_0_old_friendship,,Тебя устраивают страшилки?,
common003_0_child_knowledge,,Тебя устраивают страшилки?,
common003_0_male_knowledge,,Тебя устраивают страшилки?,
common003_0_female_knowledge,,Тебя устраивают страшилки?,
common003_0_old_knowledge,,Тебя устраивают страшилки?,
common003_1_replay,char_PLAYER_M,В полном порядке.,
common003_1_reaction_child_courage,,Вау! Я хочу быть похожим на тебя!,
common003_1_reaction_male_courage,,Вау! Я хочу быть похожим на тебя!,
common003_1_reaction_female_courage,,Вау! Я хочу быть похожим на тебя!,
common003_1_reaction_old_courage,,Вау! Я хочу быть похожим на тебя!,
common003_1_reaction_child_love,,Вау! Я хочу быть похожим на тебя!,
common003_1_reaction_male_love,,Вау! Я хочу быть похожим на тебя!,
common003_1_reaction_female_love,,Вау! Я хочу быть похожим на тебя!,
common003_1_reaction_old_love,,Вау! Я хочу быть похожим на тебя!,
common003_1_reaction_child_friendship,,Вау! Я хочу быть похожим на тебя!,
common003_1_reaction_male_friendship,,Вау! Я хочу быть похожим на тебя!,
common003_1_reaction_female_friendship,,Вау! Я хочу быть похожим на тебя!,
common003_1_reaction_old_friendship,,Вау! Я хочу быть похожим на тебя!,
common003_1_reaction_child_knowledge,,Вау! Я хочу быть похожим на тебя!,
common003_1_reaction_male_knowledge,,Вау! Я хочу быть похожим на тебя!,
common003_1_reaction_female_knowledge,,Вау! Я хочу быть похожим на тебя!,
common003_1_reaction_old_knowledge,,Вау! Я хочу быть похожим на тебя!,
common003_2_replay,char_PLAYER_M,Я пугливый кот.,
common003_2_reaction_child_courage,,"Правда? Тогда, я думаю, бояться - это нормально... Фух.",
common003_2_reaction_male_courage,,"Правда? Тогда, я думаю, бояться - это нормально... Фух.",
common003_2_reaction_female_courage,,"Правда? Тогда, я думаю, бояться - это нормально... Фух.",
common003_2_reaction_old_courage,,"Правда? Тогда, я думаю, бояться - это нормально... Фух.",
common003_2_reaction_child_love,,"Правда? Тогда, я думаю, бояться - это нормально... Фух.",
common003_2_reaction_male_love,,"Правда? Тогда, я думаю, бояться - это нормально... Фух.",
common003_2_reaction_female_love,,"Правда? Тогда, я думаю, бояться - это нормально... Фух.",
common003_2_reaction_old_love,,"Правда? Тогда, я думаю, бояться - это нормально... Фух.",
common003_2_reaction_child_friendship,,"Правда? Тогда, я думаю, бояться - это нормально... Фух.",
common003_2_reaction_male_friendship,,"Правда? Тогда, я думаю, бояться - это нормально... Фух.",
common003_2_reaction_female_friendship,,"Правда? Тогда, я думаю, бояться - это нормально... Фух.",
common003_2_reaction_old_friendship,,"Правда? Тогда, я думаю, бояться - это нормально... Фух.",
common003_2_reaction_child_knowledge,,"Правда? Тогда, я думаю, бояться - это нормально... Фух.",
common003_2_reaction_male_knowledge,,"Правда? Тогда, я думаю, бояться - это нормально... Фух.",
common003_2_reaction_female_knowledge,,"Правда? Тогда, я думаю, бояться - это нормально... Фух.",
common003_2_reaction_old_knowledge,,"Правда? Тогда, я думаю, бояться - это нормально... Фух.",
common004_0_child_courage,,"Думаешь, мне стоит накачать еще немного мышц?",
common004_0_male_courage,,"Думаешь, мне стоит накачать еще немного мышц?",
common004_0_female_courage,,"Думаешь, мне стоит накачать еще немного мышц?",
common004_0_old_courage,,"Думаешь, мне стоит накачать еще немного мышц?",
common004_0_child_love,,"Думаешь, мне стоит накачать еще немного мышц?",
common004_0_male_love,,"Думаешь, мне стоит накачать еще немного мышц?",
common004_0_female_love,,"Думаешь, мне стоит накачать еще немного мышц?",
common004_0_old_love,,"Думаешь, мне стоит накачать еще немного мышц?",
common004_0_child_friendship,,"Думаешь, мне стоит накачать еще немного мышц?",
common004_0_male_friendship,,"Думаешь, мне стоит накачать еще немного мышц?",
common004_0_female_friendship,,"Думаешь, мне стоит накачать еще немного мышц?",
common004_0_old_friendship,,"Думаешь, мне стоит накачать еще немного мышц?",
common004_0_child_knowledge,,"Думаешь, мне стоит накачать еще немного мышц?",
common004_0_male_knowledge,,"Думаешь, мне стоит накачать еще немного мышц?",
common004_0_female_knowledge,,"Думаешь, мне стоит накачать еще немного мышц?",
common004_0_old_knowledge,,"Думаешь, мне стоит накачать еще немного мышц?",
common004_1_replay,char_PLAYER_M,"ДА. Если ты будешь сильнее, это сделает тебя храбрее!",
common004_1_reaction_child_courage,,Серьезно? Ладно. Тогда пора набухаться!,
common004_1_reaction_male_courage,,Серьезно? Ладно. Тогда пора набухаться!,
common004_1_reaction_female_courage,,Серьезно? Ладно. Тогда пора набухаться!,
common004_1_reaction_old_courage,,Серьезно? Ладно. Тогда пора набухаться!,
common004_1_reaction_child_love,,Серьезно? Ладно. Тогда пора набухаться!,
common004_1_reaction_male_love,,Серьезно? Ладно. Тогда пора набухаться!,
common004_1_reaction_female_love,,Серьезно? Ладно. Тогда пора набухаться!,
common004_1_reaction_old_love,,Серьезно? Ладно. Тогда пора набухаться!,
common004_1_reaction_child_friendship,,Серьезно? Ладно. Тогда пора набухаться!,
common004_1_reaction_male_friendship,,Серьезно? Ладно. Тогда пора набухаться!,
common004_1_reaction_female_friendship,,Серьезно? Ладно. Тогда пора набухаться!,
common004_1_reaction_old_friendship,,Серьезно? Ладно. Тогда пора набухаться!,
common004_1_reaction_child_knowledge,,Серьезно? Ладно. Тогда пора набухаться!,
common004_1_reaction_male_knowledge,,Серьезно? Ладно. Тогда пора набухаться!,
common004_1_reaction_female_knowledge,,Серьезно? Ладно. Тогда пора набухаться!,
common004_1_reaction_old_knowledge,,Серьезно? Ладно. Тогда пора набухаться!,
common004_2_replay,char_PLAYER_M,"Ты великолепен таким, какой ты есть.",
common004_2_reaction_child_courage,,"Да, не хотел бы давить на себя слишком сильно. Я просто буду
собой!",
common004_2_reaction_male_courage,,"Да, не хотел бы давить на себя слишком сильно. Я просто буду
собой!",
common004_2_reaction_female_courage,,"Да, не хотел бы давить на себя слишком сильно. Я просто буду
собой!",
common004_2_reaction_old_courage,,"Да, не хотел бы давить на себя слишком сильно. Я просто буду
собой!",
common004_2_reaction_child_love,,"Да, не хотел бы давить на себя слишком сильно. Я просто буду
собой!",
common004_2_reaction_male_love,,"Да, не хотел бы давить на себя слишком сильно. Я просто буду
собой!",
common004_2_reaction_female_love,,"Да, не хотел бы давить на себя слишком сильно. Я просто буду
собой!",
common004_2_reaction_old_love,,"Да, не хотел бы давить на себя слишком сильно. Я просто буду
собой!",
common004_2_reaction_child_friendship,,"Да, не хотел бы давить на себя слишком сильно. Я просто буду
собой!",
common004_2_reaction_male_friendship,,"Да, не хотел бы давить на себя слишком сильно. Я просто буду
собой!",
common004_2_reaction_female_friendship,,"Да, не хотел бы давить на себя слишком сильно. Я просто буду
собой!",
common004_2_reaction_old_friendship,,"Да, не хотел бы давить на себя слишком сильно. Я просто буду
собой!",
common004_2_reaction_child_knowledge,,"Да, не хотел бы давить на себя слишком сильно. Я просто буду
собой!",
common004_2_reaction_male_knowledge,,"Да, не хотел бы давить на себя слишком сильно. Я просто буду
собой!",
common004_2_reaction_female_knowledge,,"Да, не хотел бы давить на себя слишком сильно. Я просто буду
собой!",
common004_2_reaction_old_knowledge,,"Да, не хотел бы давить на себя слишком сильно. Я просто буду
собой!",
common005_0_child_courage,,Что делает становление умнее?,
common005_0_male_courage,,Что делает становление умнее?,
common005_0_female_courage,,Что делает становление умнее?,
common005_0_old_courage,,Что делает становление умнее?,
common005_0_child_love,,Что делает становление умнее?,
common005_0_male_love,,Что делает становление умнее?,
common005_0_female_love,,Что делает становление умнее?,
common005_0_old_love,,Что делает становление умнее?,
common005_0_child_friendship,,Что делает становление умнее?,
common005_0_male_friendship,,Что делает становление умнее?,
common005_0_female_friendship,,Что делает становление умнее?,
common005_0_old_friendship,,Что делает становление умнее?,
common005_0_child_knowledge,,Что делает становление умнее?,
common005_0_male_knowledge,,Что делает становление умнее?,
common005_0_female_knowledge,,Что делает становление умнее?,
common005_0_old_knowledge,,Что делает становление умнее?,
common005_1_replay,char_PLAYER_M,Это делает всех счастливыми.,
common005_1_reaction_child_courage,,"Правда?! Я хочу, чтобы все были счастливы!",
common005_1_reaction_male_courage,,"Правда?! Я хочу, чтобы все были счастливы!",
common005_1_reaction_female_courage,,"Правда?! Я хочу, чтобы все были счастливы!",
common005_1_reaction_old_courage,,"Правда?! Я хочу, чтобы все были счастливы!",
common005_1_reaction_child_love,,"Правда?! Я хочу, чтобы все были счастливы!",
common005_1_reaction_male_love,,"Правда?! Я хочу, чтобы все были счастливы!",
common005_1_reaction_female_love,,"Правда?! Я хочу, чтобы все были счастливы!",
common005_1_reaction_old_love,,"Правда?! Я хочу, чтобы все были счастливы!",
common005_1_reaction_child_friendship,,"Правда?! Я хочу, чтобы все были счастливы!",
common005_1_reaction_male_friendship,,"Правда?! Я хочу, чтобы все были счастливы!",
common005_1_reaction_female_friendship,,"Правда?! Я хочу, чтобы все были счастливы!",
common005_1_reaction_old_friendship,,"Правда?! Я хочу, чтобы все были счастливы!",
common005_1_reaction_child_knowledge,,"Правда?! Я хочу, чтобы все были счастливы!",
common005_1_reaction_male_knowledge,,"Правда?! Я хочу, чтобы все были счастливы!",
common005_1_reaction_female_knowledge,,"Правда?! Я хочу, чтобы все были счастливы!",
common005_1_reaction_old_knowledge,,"Правда?! Я хочу, чтобы все были счастливы!",
common005_2_replay,char_PLAYER_M,Это заставляет вас беспокоиться о большем количестве вещей.,
common005_2_reaction_child_courage,,"О, быть умным звучит довольно грубо. Тогда, может быть, мне и не
нужно быть умным!",
common005_2_reaction_male_courage,,"О, быть умным звучит довольно грубо. Тогда, может быть, мне и не
нужно быть умным!",
common005_2_reaction_female_courage,,"О, быть умным звучит довольно грубо. Тогда, может быть, мне и не
нужно быть умным!",
common005_2_reaction_old_courage,,"О, быть умным звучит довольно грубо. Тогда, может быть, мне и не
нужно быть умным!",
common005_2_reaction_child_love,,"О, быть умным звучит довольно грубо. Тогда, может быть, мне и не
нужно быть умным!",
common005_2_reaction_male_love,,"О, быть умным звучит довольно грубо. Тогда, может быть, мне и не
нужно быть умным!",
common005_2_reaction_female_love,,"О, быть умным звучит довольно грубо. Тогда, может быть, мне и не
нужно быть умным!",
common005_2_reaction_old_love,,"О, быть умным звучит довольно грубо. Тогда, может быть, мне и не
нужно быть умным!",
common005_2_reaction_child_friendship,,"О, быть умным звучит довольно грубо. Тогда, может быть, мне и не
нужно быть умным!",
common005_2_reaction_male_friendship,,"О, быть умным звучит довольно грубо. Тогда, может быть, мне и не
нужно быть умным!",
common005_2_reaction_female_friendship,,"О, быть умным звучит довольно грубо. Тогда, может быть, мне и не
нужно быть умным!",
common005_2_reaction_old_friendship,,"О, быть умным звучит довольно грубо. Тогда, может быть, мне и не
нужно быть умным!",
common005_2_reaction_child_knowledge,,"О, быть умным звучит довольно грубо. Тогда, может быть, мне и не
нужно быть умным!",
common005_2_reaction_male_knowledge,,"О, быть умным звучит довольно грубо. Тогда, может быть, мне и не
нужно быть умным!",
common005_2_reaction_female_knowledge,,"О, быть умным звучит довольно грубо. Тогда, может быть, мне и не
нужно быть умным!",
common005_2_reaction_old_knowledge,,"О, быть умным звучит довольно грубо. Тогда, может быть, мне и не
нужно быть умным!",
common006_0_child_courage,,"Если есть что-то, чего я не знаю, ты научишь меня?",
common006_0_male_courage,,"Если есть что-то, чего я не знаю, ты научишь меня?",
common006_0_female_courage,,"Если есть что-то, чего я не знаю, ты научишь меня?",
common006_0_old_courage,,"Если есть что-то, чего я не знаю, ты научишь меня?",
common006_0_child_love,,"Если есть что-то, чего я не знаю, ты научишь меня?",
common006_0_male_love,,"Если есть что-то, чего я не знаю, ты научишь меня?",
common006_0_female_love,,"Если есть что-то, чего я не знаю, ты научишь меня?",
common006_0_old_love,,"Если есть что-то, чего я не знаю, ты научишь меня?",
common006_0_child_friendship,,"Если есть что-то, чего я не знаю, ты научишь меня?",
common006_0_male_friendship,,"Если есть что-то, чего я не знаю, ты научишь меня?",
common006_0_female_friendship,,"Если есть что-то, чего я не знаю, ты научишь меня?",
common006_0_old_friendship,,"Если есть что-то, чего я не знаю, ты научишь меня?",
common006_0_child_knowledge,,"Если есть что-то, чего я не знаю, ты научишь меня?",
common006_0_male_knowledge,,"Если есть что-то, чего я не знаю, ты научишь меня?",
common006_0_female_knowledge,,"Если есть что-то, чего я не знаю, ты научишь меня?",
common006_0_old_knowledge,,"Если есть что-то, чего я не знаю, ты научишь меня?",
common006_1_replay,char_PLAYER_M,Мы можем разобраться в этом вместе.,
common006_1_reaction_child_courage,,"Спасибо. Это было бы большой помощью! Мы найдем ответы всей
командой!",
common006_1_reaction_male_courage,,"Спасибо. Это было бы большой помощью! Мы найдем ответы всей
командой!",
common006_1_reaction_female_courage,,"Спасибо. Это было бы большой помощью! Мы найдем ответы всей
командой!",
common006_1_reaction_old_courage,,"Спасибо. Это было бы большой помощью! Мы найдем ответы всей
командой!",
common006_1_reaction_child_love,,"Спасибо. Это было бы большой помощью! Мы найдем ответы всей
командой!",
common006_1_reaction_male_love,,"Спасибо. Это было бы большой помощью! Мы найдем ответы всей
командой!",
common006_1_reaction_female_love,,"Спасибо. Это было бы большой помощью! Мы найдем ответы всей
командой!",
common006_1_reaction_old_love,,"Спасибо. Это было бы большой помощью! Мы найдем ответы всей
командой!",
common006_1_reaction_child_friendship,,"Спасибо. Это было бы большой помощью! Мы найдем ответы всей
командой!",
common006_1_reaction_male_friendship,,"Спасибо. Это было бы большой помощью! Мы найдем ответы всей
командой!",
common006_1_reaction_female_friendship,,"Спасибо. Это было бы большой помощью! Мы найдем ответы всей
командой!",
common006_1_reaction_old_friendship,,"Спасибо. Это было бы большой помощью! Мы найдем ответы всей
командой!",
common006_1_reaction_child_knowledge,,"Спасибо. Это было бы большой помощью! Мы найдем ответы всей
командой!",
common006_1_reaction_male_knowledge,,"Спасибо. Это было бы большой помощью! Мы найдем ответы всей
командой!",
common006_1_reaction_female_knowledge,,"Спасибо. Это было бы большой помощью! Мы найдем ответы всей
командой!",
common006_1_reaction_old_knowledge,,"Спасибо. Это было бы большой помощью! Мы найдем ответы всей
командой!",
common006_2_replay,char_PLAYER_M,Если у меня будет время.,
common006_2_reaction_child_courage,,"Я знаю, что это значит! Это значит, что ты не собираешься
помогать!",
common006_2_reaction_male_courage,,"Я знаю, что это значит! Это значит, что ты не собираешься
помогать!",
common006_2_reaction_female_courage,,"Я знаю, что это значит! Это значит, что ты не собираешься
помогать!",
common006_2_reaction_old_courage,,"Я знаю, что это значит! Это значит, что ты не собираешься
помогать!",
common006_2_reaction_child_love,,"Я знаю, что это значит! Это значит, что ты не собираешься
помогать!",
common006_2_reaction_male_love,,"Я знаю, что это значит! Это значит, что ты не собираешься
помогать!",
common006_2_reaction_female_love,,"Я знаю, что это значит! Это значит, что ты не собираешься
помогать!",
common006_2_reaction_old_love,,"Я знаю, что это значит! Это значит, что ты не собираешься
помогать!",
common006_2_reaction_child_friendship,,"Я знаю, что это значит! Это значит, что ты не собираешься
помогать!",
common006_2_reaction_male_friendship,,"Я знаю, что это значит! Это значит, что ты не собираешься
помогать!",
common006_2_reaction_female_friendship,,"Я знаю, что это значит! Это значит, что ты не собираешься
помогать!",
common006_2_reaction_old_friendship,,"Я знаю, что это значит! Это значит, что ты не собираешься
помогать!",
common006_2_reaction_child_knowledge,,"Я знаю, что это значит! Это значит, что ты не собираешься
помогать!",
common006_2_reaction_male_knowledge,,"Я знаю, что это значит! Это значит, что ты не собираешься
помогать!",
common006_2_reaction_female_knowledge,,"Я знаю, что это значит! Это значит, что ты не собираешься
помогать!",
common006_2_reaction_old_knowledge,,"Я знаю, что это значит! Это значит, что ты не собираешься
помогать!",
common007_0_child_courage,,Что делает становление умнее?,
common007_0_male_courage,,Что делает становление умнее?,
common007_0_female_courage,,Что делает становление умнее?,
common007_0_old_courage,,Что делает становление умнее?,
common007_0_child_love,,Что делает становление умнее?,
common007_0_male_love,,Что делает становление умнее?,
common007_0_female_love,,Что делает становление умнее?,
common007_0_old_love,,Что делает становление умнее?,
common007_0_child_friendship,,Что делает становление умнее?,
common007_0_male_friendship,,Что делает становление умнее?,
common007_0_female_friendship,,Что делает становление умнее?,
common007_0_old_friendship,,Что делает становление умнее?,
common007_0_child_knowledge,,Что делает становление умнее?,
common007_0_male_knowledge,,Что делает становление умнее?,
common007_0_female_knowledge,,Что делает становление умнее?,
common007_0_old_knowledge,,Что делает становление умнее?,
common007_1_replay,char_PLAYER_M,Это делает всех счастливыми.,
common007_1_reaction_child_courage,,"Правда?! Я хочу, чтобы все были счастливы!",
common007_1_reaction_male_courage,,"Правда?! Я хочу, чтобы все были счастливы!",
common007_1_reaction_female_courage,,"Правда?! Я хочу, чтобы все были счастливы!",
common007_1_reaction_old_courage,,"Правда?! Я хочу, чтобы все были счастливы!",
common007_1_reaction_child_love,,"Правда?! Я хочу, чтобы все были счастливы!",
common007_1_reaction_male_love,,"Правда?! Я хочу, чтобы все были счастливы!",
common007_1_reaction_female_love,,"Правда?! Я хочу, чтобы все были счастливы!",
common007_1_reaction_old_love,,"Правда?! Я хочу, чтобы все были счастливы!",
common007_1_reaction_child_friendship,,"Правда?! Я хочу, чтобы все были счастливы!",
common007_1_reaction_male_friendship,,"Правда?! Я хочу, чтобы все были счастливы!",
common007_1_reaction_female_friendship,,"Правда?! Я хочу, чтобы все были счастливы!",
common007_1_reaction_old_friendship,,"Правда?! Я хочу, чтобы все были счастливы!",
common007_1_reaction_child_knowledge,,"Правда?! Я хочу, чтобы все были счастливы!",
common007_1_reaction_male_knowledge,,"Правда?! Я хочу, чтобы все были счастливы!",
common007_1_reaction_female_knowledge,,"Правда?! Я хочу, чтобы все были счастливы!",
common007_1_reaction_old_knowledge,,"Правда?! Я хочу, чтобы все были счастливы!",
common007_2_replay,char_PLAYER_M,Это заставляет вас беспокоиться о большем количестве вещей.,
common007_2_reaction_child_courage,,"О, быть умным звучит довольно грубо. Тогда, может быть, мне и не
нужно быть умным!",
common007_2_reaction_male_courage,,"О, быть умным звучит довольно грубо. Тогда, может быть, мне и не
нужно быть умным!",
common007_2_reaction_female_courage,,"О, быть умным звучит довольно грубо. Тогда, может быть, мне и не
нужно быть умным!",
common007_2_reaction_old_courage,,"О, быть умным звучит довольно грубо. Тогда, может быть, мне и не
нужно быть умным!",
common007_2_reaction_child_love,,"О, быть умным звучит довольно грубо. Тогда, может быть, мне и не
нужно быть умным!",
common007_2_reaction_male_love,,"О, быть умным звучит довольно грубо. Тогда, может быть, мне и не
нужно быть умным!",
common007_2_reaction_female_love,,"О, быть умным звучит довольно грубо. Тогда, может быть, мне и не
нужно быть умным!",
common007_2_reaction_old_love,,"О, быть умным звучит довольно грубо. Тогда, может быть, мне и не
нужно быть умным!",
common007_2_reaction_child_friendship,,"О, быть умным звучит довольно грубо. Тогда, может быть, мне и не
нужно быть умным!",
common007_2_reaction_male_friendship,,"О, быть умным звучит довольно грубо. Тогда, может быть, мне и не
нужно быть умным!",
common007_2_reaction_female_friendship,,"О, быть умным звучит довольно грубо. Тогда, может быть, мне и не
нужно быть умным!",
common007_2_reaction_old_friendship,,"О, быть умным звучит довольно грубо. Тогда, может быть, мне и не
нужно быть умным!",
common007_2_reaction_child_knowledge,,"О, быть умным звучит довольно грубо. Тогда, может быть, мне и не
нужно быть умным!",
common007_2_reaction_male_knowledge,,"О, быть умным звучит довольно грубо. Тогда, может быть, мне и не
нужно быть умным!",
common007_2_reaction_female_knowledge,,"О, быть умным звучит довольно грубо. Тогда, может быть, мне и не
нужно быть умным!",
common007_2_reaction_old_knowledge,,"О, быть умным звучит довольно грубо. Тогда, может быть, мне и не
нужно быть умным!",
common008_0_child_courage,,"Если есть что-то, чего я не знаю, ты научишь меня?",
common008_0_male_courage,,"Если есть что-то, чего я не знаю, ты научишь меня?",
common008_0_female_courage,,"Если есть что-то, чего я не знаю, ты научишь меня?",
common008_0_old_courage,,"Если есть что-то, чего я не знаю, ты научишь меня?",
common008_0_child_love,,"Если есть что-то, чего я не знаю, ты научишь меня?",
common008_0_male_love,,"Если есть что-то, чего я не знаю, ты научишь меня?",
common008_0_female_love,,"Если есть что-то, чего я не знаю, ты научишь меня?",
common008_0_old_love,,"Если есть что-то, чего я не знаю, ты научишь меня?",
common008_0_child_friendship,,"Если есть что-то, чего я не знаю, ты научишь меня?",
common008_0_male_friendship,,"Если есть что-то, чего я не знаю, ты научишь меня?",
common008_0_female_friendship,,"Если есть что-то, чего я не знаю, ты научишь меня?",
common008_0_old_friendship,,"Если есть что-то, чего я не знаю, ты научишь меня?",
common008_0_child_knowledge,,"Если есть что-то, чего я не знаю, ты научишь меня?",
common008_0_male_knowledge,,"Если есть что-то, чего я не знаю, ты научишь меня?",
common008_0_female_knowledge,,"Если есть что-то, чего я не знаю, ты научишь меня?",
common008_0_old_knowledge,,"Если есть что-то, чего я не знаю, ты научишь меня?",
common008_1_replay,char_PLAYER_M,Мы можем разобраться в этом вместе.,
common008_1_reaction_child_courage,,"Спасибо. Это было бы большой помощью! Мы найдем ответы всей
командой!",
common008_1_reaction_male_courage,,"Спасибо. Это было бы большой помощью! Мы найдем ответы всей
командой!",
common008_1_reaction_female_courage,,"Спасибо. Это было бы большой помощью! Мы найдем ответы всей
командой!",
common008_1_reaction_old_courage,,"Спасибо. Это было бы большой помощью! Мы найдем ответы всей
командой!",
common008_1_reaction_child_love,,"Спасибо. Это было бы большой помощью! Мы найдем ответы всей
командой!",
common008_1_reaction_male_love,,"Спасибо. Это было бы большой помощью! Мы найдем ответы всей
командой!",
common008_1_reaction_female_love,,"Спасибо. Это было бы большой помощью! Мы найдем ответы всей
командой!",
common008_1_reaction_old_love,,"Спасибо. Это было бы большой помощью! Мы найдем ответы всей
командой!",
common008_1_reaction_child_friendship,,"Спасибо. Это было бы большой помощью! Мы найдем ответы всей
командой!",
common008_1_reaction_male_friendship,,"Спасибо. Это было бы большой помощью! Мы найдем ответы всей
командой!",
common008_1_reaction_female_friendship,,"Спасибо. Это было бы большой помощью! Мы найдем ответы всей
командой!",
common008_1_reaction_old_friendship,,"Спасибо. Это было бы большой помощью! Мы найдем ответы всей
командой!",
common008_1_reaction_child_knowledge,,"Спасибо. Это было бы большой помощью! Мы найдем ответы всей
командой!",
common008_1_reaction_male_knowledge,,"Спасибо. Это было бы большой помощью! Мы найдем ответы всей
командой!",
common008_1_reaction_female_knowledge,,"Спасибо. Это было бы большой помощью! Мы найдем ответы всей
командой!",
common008_1_reaction_old_knowledge,,"Спасибо. Это было бы большой помощью! Мы найдем ответы всей
командой!",
common008_2_replay,char_PLAYER_M,Если у меня будет время.,
common008_2_reaction_child_courage,,"Я знаю, что это значит! Это значит, что ты не собираешься
помогать!",
common008_2_reaction_male_courage,,"Я знаю, что это значит! Это значит, что ты не собираешься
помогать!",
common008_2_reaction_female_courage,,"Я знаю, что это значит! Это значит, что ты не собираешься
помогать!",
common008_2_reaction_old_courage,,"Я знаю, что это значит! Это значит, что ты не собираешься
помогать!",
common008_2_reaction_child_love,,"Я знаю, что это значит! Это значит, что ты не собираешься
помогать!",
common008_2_reaction_male_love,,"Я знаю, что это значит! Это значит, что ты не собираешься
помогать!",
common008_2_reaction_female_love,,"Я знаю, что это значит! Это значит, что ты не собираешься
помогать!",
common008_2_reaction_old_love,,"Я знаю, что это значит! Это значит, что ты не собираешься
помогать!",
common008_2_reaction_child_friendship,,"Я знаю, что это значит! Это значит, что ты не собираешься
помогать!",
common008_2_reaction_male_friendship,,"Я знаю, что это значит! Это значит, что ты не собираешься
помогать!",
common008_2_reaction_female_friendship,,"Я знаю, что это значит! Это значит, что ты не собираешься
помогать!",
common008_2_reaction_old_friendship,,"Я знаю, что это значит! Это значит, что ты не собираешься
помогать!",
common008_2_reaction_child_knowledge,,"Я знаю, что это значит! Это значит, что ты не собираешься
помогать!",
common008_2_reaction_male_knowledge,,"Я знаю, что это значит! Это значит, что ты не собираешься
помогать!",
common008_2_reaction_female_knowledge,,"Я знаю, что это значит! Это значит, что ты не собираешься
помогать!",
common008_2_reaction_old_knowledge,,"Я знаю, что это значит! Это значит, что ты не собираешься
помогать!",
common009_0_child_courage,,"Я не знаю, как проводить время с друзьями. Что мы должны делать
вместе?",
common009_0_male_courage,,"Я не знаю, как проводить время с друзьями. Что мы должны делать
вместе?",
common009_0_female_courage,,"Я не знаю, как проводить время с друзьями. Что мы должны делать
вместе?",
common009_0_old_courage,,"Я не знаю, как проводить время с друзьями. Что мы должны делать
вместе?",
common009_0_child_love,,"Я не знаю, как проводить время с друзьями. Что мы должны делать
вместе?",
common009_0_male_love,,"Я не знаю, как проводить время с друзьями. Что мы должны делать
вместе?",
common009_0_female_love,,"Я не знаю, как проводить время с друзьями. Что мы должны делать
вместе?",
common009_0_old_love,,"Я не знаю, как проводить время с друзьями. Что мы должны делать
вместе?",
common009_0_child_friendship,,"Я не знаю, как проводить время с друзьями. Что мы должны делать
вместе?",
common009_0_male_friendship,,"Я не знаю, как проводить время с друзьями. Что мы должны делать
вместе?",
common009_0_female_friendship,,"Я не знаю, как проводить время с друзьями. Что мы должны делать
вместе?",
common009_0_old_friendship,,"Я не знаю, как проводить время с друзьями. Что мы должны делать
вместе?",
common009_0_child_knowledge,,"Я не знаю, как проводить время с друзьями. Что мы должны делать
вместе?",
common009_0_male_knowledge,,"Я не знаю, как проводить время с друзьями. Что мы должны делать
вместе?",
common009_0_female_knowledge,,"Я не знаю, как проводить время с друзьями. Что мы должны делать
вместе?",
common009_0_old_knowledge,,"Я не знаю, как проводить время с друзьями. Что мы должны делать
вместе?",
common009_1_replay,char_PLAYER_M,Просто общайтесь друг с другом.,
common009_1_reaction_child_courage,,"Может быть, я слишком много думал об этом. Я просто счастлив
быть со своим другом ... с тобой!",
common009_1_reaction_male_courage,,"Может быть, я слишком много думал об этом. Я просто счастлив
быть со своим другом ... с тобой!",
common009_1_reaction_female_courage,,"Может быть, я слишком много думал об этом. Я просто счастлив
быть со своим другом ... с тобой!",
common009_1_reaction_old_courage,,"Может быть, я слишком много думал об этом. Я просто счастлив
быть со своим другом ... с тобой!",
common009_1_reaction_child_love,,"Может быть, я слишком много думал об этом. Я просто счастлив
быть со своим другом ... с тобой!",
common009_1_reaction_male_love,,"Может быть, я слишком много думал об этом. Я просто счастлив
быть со своим другом ... с тобой!",
common009_1_reaction_female_love,,"Может быть, я слишком много думал об этом. Я просто счастлив
быть со своим другом ... с тобой!",
common009_1_reaction_old_love,,"Может быть, я слишком много думал об этом. Я просто счастлив
быть со своим другом ... с тобой!",
common009_1_reaction_child_friendship,,"Может быть, я слишком много думал об этом. Я просто счастлив
быть со своим другом ... с тобой!",
common009_1_reaction_male_friendship,,"Может быть, я слишком много думал об этом. Я просто счастлив
быть со своим другом ... с тобой!",
common009_1_reaction_female_friendship,,"Может быть, я слишком много думал об этом. Я просто счастлив
быть со своим другом ... с тобой!",
common009_1_reaction_old_friendship,,"Может быть, я слишком много думал об этом. Я просто счастлив
быть со своим другом ... с тобой!",
common009_1_reaction_child_knowledge,,"Может быть, я слишком много думал об этом. Я просто счастлив
быть со своим другом ... с тобой!",
common009_1_reaction_male_knowledge,,"Может быть, я слишком много думал об этом. Я просто счастлив
быть со своим другом ... с тобой!",
common009_1_reaction_female_knowledge,,"Может быть, я слишком много думал об этом. Я просто счастлив
быть со своим другом ... с тобой!",
common009_1_reaction_old_knowledge,,"Может быть, я слишком много думал об этом. Я просто счастлив
быть со своим другом ... с тобой!",
common009_2_replay,char_PLAYER_M,"Хм, я на самом деле не уверен.",
common009_2_reaction_child_courage,,"Проводить время с друзьями, конечно, тяжело. Может быть, лучше
побыть одному...",
common009_2_reaction_male_courage,,"Проводить время с друзьями, конечно, тяжело. Может быть, лучше
побыть одному...",
common009_2_reaction_female_courage,,"Проводить время с друзьями, конечно, тяжело. Может быть, лучше
побыть одному...",
common009_2_reaction_old_courage,,"Проводить время с друзьями, конечно, тяжело. Может быть, лучше
побыть одному...",
common009_2_reaction_child_love,,"Проводить время с друзьями, конечно, тяжело. Может быть, лучше
побыть одному...",
common009_2_reaction_male_love,,"Проводить время с друзьями, конечно, тяжело. Может быть, лучше
побыть одному...",
common009_2_reaction_female_love,,"Проводить время с друзьями, конечно, тяжело. Может быть, лучше
побыть одному...",
common009_2_reaction_old_love,,"Проводить время с друзьями, конечно, тяжело. Может быть, лучше
побыть одному...",
common009_2_reaction_child_friendship,,"Проводить время с друзьями, конечно, тяжело. Может быть, лучше
побыть одному...",
common009_2_reaction_male_friendship,,"Проводить время с друзьями, конечно, тяжело. Может быть, лучше
побыть одному...",
common009_2_reaction_female_friendship,,"Проводить время с друзьями, конечно, тяжело. Может быть, лучше
побыть одному...",
common009_2_reaction_old_friendship,,"Проводить время с друзьями, конечно, тяжело. Может быть, лучше
побыть одному...",
common009_2_reaction_child_knowledge,,"Проводить время с друзьями, конечно, тяжело. Может быть, лучше
побыть одному...",
common009_2_reaction_male_knowledge,,"Проводить время с друзьями, конечно, тяжело. Может быть, лучше
побыть одному...",
common009_2_reaction_female_knowledge,,"Проводить время с друзьями, конечно, тяжело. Может быть, лучше
побыть одному...",
common009_2_reaction_old_knowledge,,"Проводить время с друзьями, конечно, тяжело. Может быть, лучше
побыть одному...",
common010_0_child_courage,,Что такое друзья? Не лучше ли их иметь?,
common010_0_male_courage,,Что такое друзья? Не лучше ли их иметь?,
common010_0_female_courage,,Что такое друзья? Не лучше ли их иметь?,
common010_0_old_courage,,Что такое друзья? Не лучше ли их иметь?,
common010_0_child_love,,Что такое друзья? Не лучше ли их иметь?,
common010_0_male_love,,Что такое друзья? Не лучше ли их иметь?,
common010_0_female_love,,Что такое друзья? Не лучше ли их иметь?,
common010_0_old_love,,Что такое друзья? Не лучше ли их иметь?,
common010_0_child_friendship,,Что такое друзья? Не лучше ли их иметь?,
common010_0_male_friendship,,Что такое друзья? Не лучше ли их иметь?,
common010_0_female_friendship,,Что такое друзья? Не лучше ли их иметь?,
common010_0_old_friendship,,Что такое друзья? Не лучше ли их иметь?,
common010_0_child_knowledge,,Что такое друзья? Не лучше ли их иметь?,
common010_0_male_knowledge,,Что такое друзья? Не лучше ли их иметь?,
common010_0_female_knowledge,,Что такое друзья? Не лучше ли их иметь?,
common010_0_old_knowledge,,Что такое друзья? Не лучше ли их иметь?,
common010_1_replay,char_PLAYER_M,Ты уже это делаешь. Я твой друг.,
common010_1_reaction_child_courage,,"Так ты друг! Хе-хе! Я так рад, что он у меня есть!",
common010_1_reaction_male_courage,,"Так ты друг! Хе-хе! Я так рад, что он у меня есть!",
common010_1_reaction_female_courage,,"Так ты друг! Хе-хе! Я так рад, что он у меня есть!",
common010_1_reaction_old_courage,,"Так ты друг! Хе-хе! Я так рад, что он у меня есть!",
common010_1_reaction_child_love,,"Так ты друг! Хе-хе! Я так рад, что он у меня есть!",
common010_1_reaction_male_love,,"Так ты друг! Хе-хе! Я так рад, что он у меня есть!",
common010_1_reaction_female_love,,"Так ты друг! Хе-хе! Я так рад, что он у меня есть!",
common010_1_reaction_old_love,,"Так ты друг! Хе-хе! Я так рад, что он у меня есть!",
common010_1_reaction_child_friendship,,"Так ты друг! Хе-хе! Я так рад, что он у меня есть!",
common010_1_reaction_male_friendship,,"Так ты друг! Хе-хе! Я так рад, что он у меня есть!",
common010_1_reaction_female_friendship,,"Так ты друг! Хе-хе! Я так рад, что он у меня есть!",
common010_1_reaction_old_friendship,,"Так ты друг! Хе-хе! Я так рад, что он у меня есть!",
common010_1_reaction_child_knowledge,,"Так ты друг! Хе-хе! Я так рад, что он у меня есть!",
common010_1_reaction_male_knowledge,,"Так ты друг! Хе-хе! Я так рад, что он у меня есть!",
common010_1_reaction_female_knowledge,,"Так ты друг! Хе-хе! Я так рад, что он у меня есть!",
common010_1_reaction_old_knowledge,,"Так ты друг! Хе-хе! Я так рад, что он у меня есть!",
common010_2_replay,char_PLAYER_M,"Я не думаю, что тебе нужно форсировать это.",
common010_2_reaction_child_courage,,"Да, наверное, ты прав. И если у меня их нет, может быть, они мне
и не нужны.",
common010_2_reaction_male_courage,,"Да, наверное, ты прав. И если у меня их нет, может быть, они мне
и не нужны.",
common010_2_reaction_female_courage,,"Да, наверное, ты прав. И если у меня их нет, может быть, они мне
и не нужны.",
common010_2_reaction_old_courage,,"Да, наверное, ты прав. И если у меня их нет, может быть, они мне
и не нужны.",
common010_2_reaction_child_love,,"Да, наверное, ты прав. И если у меня их нет, может быть, они мне
и не нужны.",
common010_2_reaction_male_love,,"Да, наверное, ты прав. И если у меня их нет, может быть, они мне
и не нужны.",
common010_2_reaction_female_love,,"Да, наверное, ты прав. И если у меня их нет, может быть, они мне
и не нужны.",
common010_2_reaction_old_love,,"Да, наверное, ты прав. И если у меня их нет, может быть, они мне
и не нужны.",
common010_2_reaction_child_friendship,,"Да, наверное, ты прав. И если у меня их нет, может быть, они мне
и не нужны.",
common010_2_reaction_male_friendship,,"Да, наверное, ты прав. И если у меня их нет, может быть, они мне
и не нужны.",
common010_2_reaction_female_friendship,,"Да, наверное, ты прав. И если у меня их нет, может быть, они мне
и не нужны.",
common010_2_reaction_old_friendship,,"Да, наверное, ты прав. И если у меня их нет, может быть, они мне
и не нужны.",
common010_2_reaction_child_knowledge,,"Да, наверное, ты прав. И если у меня их нет, может быть, они мне
и не нужны.",
common010_2_reaction_male_knowledge,,"Да, наверное, ты прав. И если у меня их нет, может быть, они мне
и не нужны.",
common010_2_reaction_female_knowledge,,"Да, наверное, ты прав. И если у меня их нет, может быть, они мне
и не нужны.",
common010_2_reaction_old_knowledge,,"Да, наверное, ты прав. И если у меня их нет, может быть, они мне
и не нужны.",
common011_0_child_courage,,"Эм ... Мы же друзья, верно?",
common011_0_male_courage,,"Эм ... Мы же друзья, верно?",
common011_0_female_courage,,"Эм ... Мы же друзья, верно?",
common011_0_old_courage,,"Эм ... Мы же друзья, верно?",
common011_0_child_love,,"Эм ... Мы же друзья, верно?",
common011_0_male_love,,"Эм ... Мы же друзья, верно?",
common011_0_female_love,,"Эм ... Мы же друзья, верно?",
common011_0_old_love,,"Эм ... Мы же друзья, верно?",
common011_0_child_friendship,,"Эм ... Мы же друзья, верно?",
common011_0_male_friendship,,"Эм ... Мы же друзья, верно?",
common011_0_female_friendship,,"Эм ... Мы же друзья, верно?",
common011_0_old_friendship,,"Эм ... Мы же друзья, верно?",
common011_0_child_knowledge,,"Эм ... Мы же друзья, верно?",
common011_0_male_knowledge,,"Эм ... Мы же друзья, верно?",
common011_0_female_knowledge,,"Эм ... Мы же друзья, верно?",
common011_0_old_knowledge,,"Эм ... Мы же друзья, верно?",
common011_1_replay,char_PLAYER_M,"Конечно, мы друзья!",
common011_1_reaction_child_courage,,Хехе! Я так счастлив! Давай останемся друзьями навсегда!,
common011_1_reaction_male_courage,,Хехе! Я так счастлив! Давай останемся друзьями навсегда!,
common011_1_reaction_female_courage,,Хехе! Я так счастлив! Давай останемся друзьями навсегда!,
common011_1_reaction_old_courage,,Хехе! Я так счастлив! Давай останемся друзьями навсегда!,
common011_1_reaction_child_love,,Хехе! Я так счастлив! Давай останемся друзьями навсегда!,
common011_1_reaction_male_love,,Хехе! Я так счастлив! Давай останемся друзьями навсегда!,
common011_1_reaction_female_love,,Хехе! Я так счастлив! Давай останемся друзьями навсегда!,
common011_1_reaction_old_love,,Хехе! Я так счастлив! Давай останемся друзьями навсегда!,
common011_1_reaction_child_friendship,,Хехе! Я так счастлив! Давай останемся друзьями навсегда!,
common011_1_reaction_male_friendship,,Хехе! Я так счастлив! Давай останемся друзьями навсегда!,
common011_1_reaction_female_friendship,,Хехе! Я так счастлив! Давай останемся друзьями навсегда!,
common011_1_reaction_old_friendship,,Хехе! Я так счастлив! Давай останемся друзьями навсегда!,
common011_1_reaction_child_knowledge,,Хехе! Я так счастлив! Давай останемся друзьями навсегда!,
common011_1_reaction_male_knowledge,,Хехе! Я так счастлив! Давай останемся друзьями навсегда!,
common011_1_reaction_female_knowledge,,Хехе! Я так счастлив! Давай останемся друзьями навсегда!,
common011_1_reaction_old_knowledge,,Хехе! Я так счастлив! Давай останемся друзьями навсегда!,
common011_2_replay,char_PLAYER_M,Я не уверен...,
common011_2_reaction_child_courage,,Что? Почему ты не уверен?! Ты такой злой!,
common011_2_reaction_male_courage,,Что? Почему ты не уверен?! Ты такой злой!,
common011_2_reaction_female_courage,,Что? Почему ты не уверен?! Ты такой злой!,
common011_2_reaction_old_courage,,Что? Почему ты не уверен?! Ты такой злой!,
common011_2_reaction_child_love,,Что? Почему ты не уверен?! Ты такой злой!,
common011_2_reaction_male_love,,Что? Почему ты не уверен?! Ты такой злой!,
common011_2_reaction_female_love,,Что? Почему ты не уверен?! Ты такой злой!,
common011_2_reaction_old_love,,Что? Почему ты не уверен?! Ты такой злой!,
common011_2_reaction_child_friendship,,Что? Почему ты не уверен?! Ты такой злой!,
common011_2_reaction_male_friendship,,Что? Почему ты не уверен?! Ты такой злой!,
common011_2_reaction_female_friendship,,Что? Почему ты не уверен?! Ты такой злой!,
common011_2_reaction_old_friendship,,Что? Почему ты не уверен?! Ты такой злой!,
common011_2_reaction_child_knowledge,,Что? Почему ты не уверен?! Ты такой злой!,
common011_2_reaction_male_knowledge,,Что? Почему ты не уверен?! Ты такой злой!,
common011_2_reaction_female_knowledge,,Что? Почему ты не уверен?! Ты такой злой!,
common011_2_reaction_old_knowledge,,Что? Почему ты не уверен?! Ты такой злой!,
common012_0_child_courage,,Быть с тобой по какой-то причине действительно успокаивает меня.,
common012_0_male_courage,,Быть с тобой по какой-то причине действительно успокаивает меня.,
common012_0_female_courage,,Быть с тобой по какой-то причине действительно успокаивает меня.,
common012_0_old_courage,,Быть с тобой по какой-то причине действительно успокаивает меня.,
common012_0_child_love,,Быть с тобой по какой-то причине действительно успокаивает меня.,
common012_0_male_love,,Быть с тобой по какой-то причине действительно успокаивает меня.,
common012_0_female_love,,Быть с тобой по какой-то причине действительно успокаивает меня.,
common012_0_old_love,,Быть с тобой по какой-то причине действительно успокаивает меня.,
common012_0_child_friendship,,Быть с тобой по какой-то причине действительно успокаивает меня.,
common012_0_male_friendship,,Быть с тобой по какой-то причине действительно успокаивает меня.,
common012_0_female_friendship,,Быть с тобой по какой-то причине действительно успокаивает меня.,
common012_0_old_friendship,,Быть с тобой по какой-то причине действительно успокаивает меня.,
common012_0_child_knowledge,,Быть с тобой по какой-то причине действительно успокаивает меня.,
common012_0_male_knowledge,,Быть с тобой по какой-то причине действительно успокаивает меня.,
common012_0_female_knowledge,,Быть с тобой по какой-то причине действительно успокаивает меня.,
common012_0_old_knowledge,,Быть с тобой по какой-то причине действительно успокаивает меня.,
common012_1_replay,char_PLAYER_M,"Это потому, что мы приятели.",
common012_1_reaction_child_courage,,"О, так вот что такое приятель... Вау, быть приятелями - это
здорово!",
common012_1_reaction_male_courage,,"О, так вот что такое приятель... Вау, быть приятелями - это
здорово!",
common012_1_reaction_female_courage,,"О, так вот что такое приятель... Вау, быть приятелями - это
здорово!",
common012_1_reaction_old_courage,,"О, так вот что такое приятель... Вау, быть приятелями - это
здорово!",
common012_1_reaction_child_love,,"О, так вот что такое приятель... Вау, быть приятелями - это
здорово!",
common012_1_reaction_male_love,,"О, так вот что такое приятель... Вау, быть приятелями - это
здорово!",
common012_1_reaction_female_love,,"О, так вот что такое приятель... Вау, быть приятелями - это
здорово!",
common012_1_reaction_old_love,,"О, так вот что такое приятель... Вау, быть приятелями - это
здорово!",
common012_1_reaction_child_friendship,,"О, так вот что такое приятель... Вау, быть приятелями - это
здорово!",
common012_1_reaction_male_friendship,,"О, так вот что такое приятель... Вау, быть приятелями - это
здорово!",
common012_1_reaction_female_friendship,,"О, так вот что такое приятель... Вау, быть приятелями - это
здорово!",
common012_1_reaction_old_friendship,,"О, так вот что такое приятель... Вау, быть приятелями - это
здорово!",
common012_1_reaction_child_knowledge,,"О, так вот что такое приятель... Вау, быть приятелями - это
здорово!",
common012_1_reaction_male_knowledge,,"О, так вот что такое приятель... Вау, быть приятелями - это
здорово!",
common012_1_reaction_female_knowledge,,"О, так вот что такое приятель... Вау, быть приятелями - это
здорово!",
common012_1_reaction_old_knowledge,,"О, так вот что такое приятель... Вау, быть приятелями - это
здорово!",
common012_2_replay,char_PLAYER_M,"Может быть, тебе все это мерещится?",
common012_2_reaction_child_courage,,"Хм. Теперь, когда ты это сказал, возможно, так и есть...",
common012_2_reaction_male_courage,,"Хм. Теперь, когда ты это сказал, возможно, так и есть...",
common012_2_reaction_female_courage,,"Хм. Теперь, когда ты это сказал, возможно, так и есть...",
common012_2_reaction_old_courage,,"Хм. Теперь, когда ты это сказал, возможно, так и есть...",
common012_2_reaction_child_love,,"Хм. Теперь, когда ты это сказал, возможно, так и есть...",
common012_2_reaction_male_love,,"Хм. Теперь, когда ты это сказал, возможно, так и есть...",
common012_2_reaction_female_love,,"Хм. Теперь, когда ты это сказал, возможно, так и есть...",
common012_2_reaction_old_love,,"Хм. Теперь, когда ты это сказал, возможно, так и есть...",
common012_2_reaction_child_friendship,,"Хм. Теперь, когда ты это сказал, возможно, так и есть...",
common012_2_reaction_male_friendship,,"Хм. Теперь, когда ты это сказал, возможно, так и есть...",
common012_2_reaction_female_friendship,,"Хм. Теперь, когда ты это сказал, возможно, так и есть...",
common012_2_reaction_old_friendship,,"Хм. Теперь, когда ты это сказал, возможно, так и есть...",
common012_2_reaction_child_knowledge,,"Хм. Теперь, когда ты это сказал, возможно, так и есть...",
common012_2_reaction_male_knowledge,,"Хм. Теперь, когда ты это сказал, возможно, так и есть...",
common012_2_reaction_female_knowledge,,"Хм. Теперь, когда ты это сказал, возможно, так и есть...",
common012_2_reaction_old_knowledge,,"Хм. Теперь, когда ты это сказал, возможно, так и есть...",
common013_0_child_courage,,"Что это за теплое чувство у меня в груди? Мне становится жарко,
когда я думаю о ком-то, кто мне нравится.",
common013_0_male_courage,,"Что это за теплое чувство у меня в груди? Мне становится жарко,
когда я думаю о ком-то, кто мне нравится.",
common013_0_female_courage,,"Что это за теплое чувство у меня в груди? Мне становится жарко,
когда я думаю о ком-то, кто мне нравится.",
common013_0_old_courage,,"Что это за теплое чувство у меня в груди? Мне становится жарко,
когда я думаю о ком-то, кто мне нравится.",
common013_0_child_love,,"Что это за теплое чувство у меня в груди? Мне становится жарко,
когда я думаю о ком-то, кто мне нравится.",
common013_0_male_love,,"Что это за теплое чувство у меня в груди? Мне становится жарко,
когда я думаю о ком-то, кто мне нравится.",
common013_0_female_love,,"Что это за теплое чувство у меня в груди? Мне становится жарко,
когда я думаю о ком-то, кто мне нравится.",
common013_0_old_love,,"Что это за теплое чувство у меня в груди? Мне становится жарко,
когда я думаю о ком-то, кто мне нравится.",
common013_0_child_friendship,,"Что это за теплое чувство у меня в груди? Мне становится жарко,
когда я думаю о ком-то, кто мне нравится.",
common013_0_male_friendship,,"Что это за теплое чувство у меня в груди? Мне становится жарко,
когда я думаю о ком-то, кто мне нравится.",
common013_0_female_friendship,,"Что это за теплое чувство у меня в груди? Мне становится жарко,
когда я думаю о ком-то, кто мне нравится.",
common013_0_old_friendship,,"Что это за теплое чувство у меня в груди? Мне становится жарко,
когда я думаю о ком-то, кто мне нравится.",
common013_0_child_knowledge,,"Что это за теплое чувство у меня в груди? Мне становится жарко,
когда я думаю о ком-то, кто мне нравится.",
common013_0_male_knowledge,,"Что это за теплое чувство у меня в груди? Мне становится жарко,
когда я думаю о ком-то, кто мне нравится.",
common013_0_female_knowledge,,"Что это за теплое чувство у меня в груди? Мне становится жарко,
когда я думаю о ком-то, кто мне нравится.",
common013_0_old_knowledge,,"Что это за теплое чувство у меня в груди? Мне становится жарко,
когда я думаю о ком-то, кто мне нравится.",
common013_1_replay,char_PLAYER_M,Это называется любовью.,
common013_1_reaction_child_courage,,"О. Итак, любовь - это теплая вещь!",
common013_1_reaction_male_courage,,"О. Итак, любовь - это теплая вещь!",
common013_1_reaction_female_courage,,"О. Итак, любовь - это теплая вещь!",
common013_1_reaction_old_courage,,"О. Итак, любовь - это теплая вещь!",
common013_1_reaction_child_love,,"О. Итак, любовь - это теплая вещь!",
common013_1_reaction_male_love,,"О. Итак, любовь - это теплая вещь!",
common013_1_reaction_female_love,,"О. Итак, любовь - это теплая вещь!",
common013_1_reaction_old_love,,"О. Итак, любовь - это теплая вещь!",
common013_1_reaction_child_friendship,,"О. Итак, любовь - это теплая вещь!",
common013_1_reaction_male_friendship,,"О. Итак, любовь - это теплая вещь!",
common013_1_reaction_female_friendship,,"О. Итак, любовь - это теплая вещь!",
common013_1_reaction_old_friendship,,"О. Итак, любовь - это теплая вещь!",
common013_1_reaction_child_knowledge,,"О. Итак, любовь - это теплая вещь!",
common013_1_reaction_male_knowledge,,"О. Итак, любовь - это теплая вещь!",
common013_1_reaction_female_knowledge,,"О. Итак, любовь - это теплая вещь!",
common013_1_reaction_old_knowledge,,"О. Итак, любовь - это теплая вещь!",
common013_2_replay,char_PLAYER_M,"Ты уверен, что все это не только у тебя в голове?",
common013_2_reaction_child_courage,,"Хм, ладно. Думаю, мне это просто показалось.",
common013_2_reaction_male_courage,,"Хм, ладно. Думаю, мне это просто показалось.",
common013_2_reaction_female_courage,,"Хм, ладно. Думаю, мне это просто показалось.",
common013_2_reaction_old_courage,,"Хм, ладно. Думаю, мне это просто показалось.",
common013_2_reaction_child_love,,"Хм, ладно. Думаю, мне это просто показалось.",
common013_2_reaction_male_love,,"Хм, ладно. Думаю, мне это просто показалось.",
common013_2_reaction_female_love,,"Хм, ладно. Думаю, мне это просто показалось.",
common013_2_reaction_old_love,,"Хм, ладно. Думаю, мне это просто показалось.",
common013_2_reaction_child_friendship,,"Хм, ладно. Думаю, мне это просто показалось.",
common013_2_reaction_male_friendship,,"Хм, ладно. Думаю, мне это просто показалось.",
common013_2_reaction_female_friendship,,"Хм, ладно. Думаю, мне это просто показалось.",
common013_2_reaction_old_friendship,,"Хм, ладно. Думаю, мне это просто показалось.",
common013_2_reaction_child_knowledge,,"Хм, ладно. Думаю, мне это просто показалось.",
common013_2_reaction_male_knowledge,,"Хм, ладно. Думаю, мне это просто показалось.",
common013_2_reaction_female_knowledge,,"Хм, ладно. Думаю, мне это просто показалось.",
common013_2_reaction_old_knowledge,,"Хм, ладно. Думаю, мне это просто показалось.",
common014_0_child_courage,,"Эй, если бы ты получила подарок, чего бы ты хотела?",
common014_0_male_courage,,"Эй, если бы ты получила подарок, чего бы ты хотела?",
common014_0_female_courage,,"Эй, если бы ты получила подарок, чего бы ты хотела?",
common014_0_old_courage,,"Эй, если бы ты получила подарок, чего бы ты хотела?",
common014_0_child_love,,"Эй, если бы ты получила подарок, чего бы ты хотела?",
common014_0_male_love,,"Эй, если бы ты получила подарок, чего бы ты хотела?",
common014_0_female_love,,"Эй, если бы ты получила подарок, чего бы ты хотела?",
common014_0_old_love,,"Эй, если бы ты получила подарок, чего бы ты хотела?",
common014_0_child_friendship,,"Эй, если бы ты получила подарок, чего бы ты хотела?",
common014_0_male_friendship,,"Эй, если бы ты получила подарок, чего бы ты хотела?",
common014_0_female_friendship,,"Эй, если бы ты получила подарок, чего бы ты хотела?",
common014_0_old_friendship,,"Эй, если бы ты получила подарок, чего бы ты хотела?",
common014_0_child_knowledge,,"Эй, если бы ты получила подарок, чего бы ты хотела?",
common014_0_male_knowledge,,"Эй, если бы ты получила подарок, чего бы ты хотела?",
common014_0_female_knowledge,,"Эй, если бы ты получила подарок, чего бы ты хотела?",
common014_0_old_knowledge,,"Эй, если бы ты получила подарок, чего бы ты хотела?",
common014_1_replay,char_PLAYER_M,"Песня, полная любви.",
common014_1_reaction_child_courage,,"Хорошо, я напишу оригинальную песню специально для тебя! С
тоннами любви, конечно!",
common014_1_reaction_male_courage,,"Хорошо, я напишу оригинальную песню специально для тебя! С
тоннами любви, конечно!",
common014_1_reaction_female_courage,,"Хорошо, я напишу оригинальную песню специально для тебя! С
тоннами любви, конечно!",
common014_1_reaction_old_courage,,"Хорошо, я напишу оригинальную песню специально для тебя! С
тоннами любви, конечно!",
common014_1_reaction_child_love,,"Хорошо, я напишу оригинальную песню специально для тебя! С
тоннами любви, конечно!",
common014_1_reaction_male_love,,"Хорошо, я напишу оригинальную песню специально для тебя! С
тоннами любви, конечно!",
common014_1_reaction_female_love,,"Хорошо, я напишу оригинальную песню специально для тебя! С
тоннами любви, конечно!",
common014_1_reaction_old_love,,"Хорошо, я напишу оригинальную песню специально для тебя! С
тоннами любви, конечно!",
common014_1_reaction_child_friendship,,"Хорошо, я напишу оригинальную песню специально для тебя! С
тоннами любви, конечно!",
common014_1_reaction_male_friendship,,"Хорошо, я напишу оригинальную песню специально для тебя! С
тоннами любви, конечно!",
common014_1_reaction_female_friendship,,"Хорошо, я напишу оригинальную песню специально для тебя! С
тоннами любви, конечно!",
common014_1_reaction_old_friendship,,"Хорошо, я напишу оригинальную песню специально для тебя! С
тоннами любви, конечно!",
common014_1_reaction_child_knowledge,,"Хорошо, я напишу оригинальную песню специально для тебя! С
тоннами любви, конечно!",
common014_1_reaction_male_knowledge,,"Хорошо, я напишу оригинальную песню специально для тебя! С
тоннами любви, конечно!",
common014_1_reaction_female_knowledge,,"Хорошо, я напишу оригинальную песню специально для тебя! С
тоннами любви, конечно!",
common014_1_reaction_old_knowledge,,"Хорошо, я напишу оригинальную песню специально для тебя! С
тоннами любви, конечно!",
common014_2_replay,char_PLAYER_M,"Какая-нибудь новая одежда, вкусная еда, а потом...",
common014_2_reaction_child_courage,,"Хм, ты действительно хочешь так много? Я не уверен, что смогу
получить все это...",
common014_2_reaction_male_courage,,"Хм, ты действительно хочешь так много? Я не уверен, что смогу
получить все это...",
common014_2_reaction_female_courage,,"Хм, ты действительно хочешь так много? Я не уверен, что смогу
получить все это...",
common014_2_reaction_old_courage,,"Хм, ты действительно хочешь так много? Я не уверен, что смогу
получить все это...",
common014_2_reaction_child_love,,"Хм, ты действительно хочешь так много? Я не уверен, что смогу
получить все это...",
common014_2_reaction_male_love,,"Хм, ты действительно хочешь так много? Я не уверен, что смогу
получить все это...",
common014_2_reaction_female_love,,"Хм, ты действительно хочешь так много? Я не уверен, что смогу
получить все это...",
common014_2_reaction_old_love,,"Хм, ты действительно хочешь так много? Я не уверен, что смогу
получить все это...",
common014_2_reaction_child_friendship,,"Хм, ты действительно хочешь так много? Я не уверен, что смогу
получить все это...",
common014_2_reaction_male_friendship,,"Хм, ты действительно хочешь так много? Я не уверен, что смогу
получить все это...",
common014_2_reaction_female_friendship,,"Хм, ты действительно хочешь так много? Я не уверен, что смогу
получить все это...",
common014_2_reaction_old_friendship,,"Хм, ты действительно хочешь так много? Я не уверен, что смогу
получить все это...",
common014_2_reaction_child_knowledge,,"Хм, ты действительно хочешь так много? Я не уверен, что смогу
получить все это...",
common014_2_reaction_male_knowledge,,"Хм, ты действительно хочешь так много? Я не уверен, что смогу
получить все это...",
common014_2_reaction_female_knowledge,,"Хм, ты действительно хочешь так много? Я не уверен, что смогу
получить все это...",
common014_2_reaction_old_knowledge,,"Хм, ты действительно хочешь так много? Я не уверен, что смогу
получить все это...",
common015_0_child_courage,,Мне только что приснился страшный сон...,
common015_0_male_courage,,Мне только что приснился страшный сон...,
common015_0_female_courage,,Мне только что приснился страшный сон...,
common015_0_old_courage,,Мне только что приснился страшный сон...,
common015_0_child_love,,Мне только что приснился страшный сон...,
common015_0_male_love,,Мне только что приснился страшный сон...,
common015_0_female_love,,Мне только что приснился страшный сон...,
common015_0_old_love,,Мне только что приснился страшный сон...,
common015_0_child_friendship,,Мне только что приснился страшный сон...,
common015_0_male_friendship,,Мне только что приснился страшный сон...,
common015_0_female_friendship,,Мне только что приснился страшный сон...,
common015_0_old_friendship,,Мне только что приснился страшный сон...,
common015_0_child_knowledge,,Мне только что приснился страшный сон...,
common015_0_male_knowledge,,Мне только что приснился страшный сон...,
common015_0_female_knowledge,,Мне только что приснился страшный сон...,
common015_0_old_knowledge,,Мне только что приснился страшный сон...,
common015_1_replay,char_PLAYER_M,Не волнуйся. Теперь все кончено. Ты можешь расслабиться.,
common015_1_reaction_child_courage,,Хорошо ...! Теперь я чувствую тепло и пушистость внутри!,
common015_1_reaction_male_courage,,Хорошо ...! Теперь я чувствую тепло и пушистость внутри!,
common015_1_reaction_female_courage,,Хорошо ...! Теперь я чувствую тепло и пушистость внутри!,
common015_1_reaction_old_courage,,Хорошо ...! Теперь я чувствую тепло и пушистость внутри!,
common015_1_reaction_child_love,,Хорошо ...! Теперь я чувствую тепло и пушистость внутри!,
common015_1_reaction_male_love,,Хорошо ...! Теперь я чувствую тепло и пушистость внутри!,
common015_1_reaction_female_love,,Хорошо ...! Теперь я чувствую тепло и пушистость внутри!,
common015_1_reaction_old_love,,Хорошо ...! Теперь я чувствую тепло и пушистость внутри!,
common015_1_reaction_child_friendship,,Хорошо ...! Теперь я чувствую тепло и пушистость внутри!,
common015_1_reaction_male_friendship,,Хорошо ...! Теперь я чувствую тепло и пушистость внутри!,
common015_1_reaction_female_friendship,,Хорошо ...! Теперь я чувствую тепло и пушистость внутри!,
common015_1_reaction_old_friendship,,Хорошо ...! Теперь я чувствую тепло и пушистость внутри!,
common015_1_reaction_child_knowledge,,Хорошо ...! Теперь я чувствую тепло и пушистость внутри!,
common015_1_reaction_male_knowledge,,Хорошо ...! Теперь я чувствую тепло и пушистость внутри!,
common015_1_reaction_female_knowledge,,Хорошо ...! Теперь я чувствую тепло и пушистость внутри!,
common015_1_reaction_old_knowledge,,Хорошо ...! Теперь я чувствую тепло и пушистость внутри!,
common015_2_replay,char_PLAYER_M,Просто постарайся забыть об этом.,
common015_2_reaction_child_courage,,"Ладно, я попробую... но меня действительно беспокоят страшные
вещи.",
common015_2_reaction_male_courage,,"Ладно, я попробую... но меня действительно беспокоят страшные
вещи.",
common015_2_reaction_female_courage,,"Ладно, я попробую... но меня действительно беспокоят страшные
вещи.",
common015_2_reaction_old_courage,,"Ладно, я попробую... но меня действительно беспокоят страшные
вещи.",
common015_2_reaction_child_love,,"Ладно, я попробую... но меня действительно беспокоят страшные
вещи.",
common015_2_reaction_male_love,,"Ладно, я попробую... но меня действительно беспокоят страшные
вещи.",
common015_2_reaction_female_love,,"Ладно, я попробую... но меня действительно беспокоят страшные
вещи.",
common015_2_reaction_old_love,,"Ладно, я попробую... но меня действительно беспокоят страшные
вещи.",
common015_2_reaction_child_friendship,,"Ладно, я попробую... но меня действительно беспокоят страшные
вещи.",
common015_2_reaction_male_friendship,,"Ладно, я попробую... но меня действительно беспокоят страшные
вещи.",
common015_2_reaction_female_friendship,,"Ладно, я попробую... но меня действительно беспокоят страшные
вещи.",
common015_2_reaction_old_friendship,,"Ладно, я попробую... но меня действительно беспокоят страшные
вещи.",
common015_2_reaction_child_knowledge,,"Ладно, я попробую... но меня действительно беспокоят страшные
вещи.",
common015_2_reaction_male_knowledge,,"Ладно, я попробую... но меня действительно беспокоят страшные
вещи.",
common015_2_reaction_female_knowledge,,"Ладно, я попробую... но меня действительно беспокоят страшные
вещи.",
common015_2_reaction_old_knowledge,,"Ладно, я попробую... но меня действительно беспокоят страшные
вещи.",
common016_0_child_courage,,Я так проголодалась...,
common016_0_male_courage,,Я так проголодалась...,
common016_0_female_courage,,Я так проголодалась...,
common016_0_old_courage,,Я так проголодалась...,
common016_0_child_love,,Я так проголодалась...,
common016_0_male_love,,Я так проголодалась...,
common016_0_female_love,,Я так проголодалась...,
common016_0_old_love,,Я так проголодалась...,
common016_0_child_friendship,,Я так проголодалась...,
common016_0_male_friendship,,Я так проголодалась...,
common016_0_female_friendship,,Я так проголодалась...,
common016_0_old_friendship,,Я так проголодалась...,
common016_0_child_knowledge,,Я так проголодалась...,
common016_0_male_knowledge,,Я так проголодалась...,
common016_0_female_knowledge,,Я так проголодалась...,
common016_0_old_knowledge,,Я так проголодалась...,
common016_1_replay,char_PLAYER_M,"Ладно, держи. Каждый из нас может взять по половинке.",
common016_1_reaction_child_courage,,Правда? Хехе. Это здорово. Спасибо!,
common016_1_reaction_male_courage,,Правда? Хехе. Это здорово. Спасибо!,
common016_1_reaction_female_courage,,Правда? Хехе. Это здорово. Спасибо!,
common016_1_reaction_old_courage,,Правда? Хехе. Это здорово. Спасибо!,
common016_1_reaction_child_love,,Правда? Хехе. Это здорово. Спасибо!,
common016_1_reaction_male_love,,Правда? Хехе. Это здорово. Спасибо!,
common016_1_reaction_female_love,,Правда? Хехе. Это здорово. Спасибо!,
common016_1_reaction_old_love,,Правда? Хехе. Это здорово. Спасибо!,
common016_1_reaction_child_friendship,,Правда? Хехе. Это здорово. Спасибо!,
common016_1_reaction_male_friendship,,Правда? Хехе. Это здорово. Спасибо!,
common016_1_reaction_female_friendship,,Правда? Хехе. Это здорово. Спасибо!,
common016_1_reaction_old_friendship,,Правда? Хехе. Это здорово. Спасибо!,
common016_1_reaction_child_knowledge,,Правда? Хехе. Это здорово. Спасибо!,
common016_1_reaction_male_knowledge,,Правда? Хехе. Это здорово. Спасибо!,
common016_1_reaction_female_knowledge,,Правда? Хехе. Это здорово. Спасибо!,
common016_1_reaction_old_knowledge,,Правда? Хехе. Это здорово. Спасибо!,
common016_2_replay,char_PLAYER_M,Я тоже...,
common016_2_reaction_child_courage,,"Я очень надеюсь, что скоро придет время есть...",
common016_2_reaction_male_courage,,"Я очень надеюсь, что скоро придет время есть...",
common016_2_reaction_female_courage,,"Я очень надеюсь, что скоро придет время есть...",
common016_2_reaction_old_courage,,"Я очень надеюсь, что скоро придет время есть...",
common016_2_reaction_child_love,,"Я очень надеюсь, что скоро придет время есть...",
common016_2_reaction_male_love,,"Я очень надеюсь, что скоро придет время есть...",
common016_2_reaction_female_love,,"Я очень надеюсь, что скоро придет время есть...",
common016_2_reaction_old_love,,"Я очень надеюсь, что скоро придет время есть...",
common016_2_reaction_child_friendship,,"Я очень надеюсь, что скоро придет время есть...",
common016_2_reaction_male_friendship,,"Я очень надеюсь, что скоро придет время есть...",
common016_2_reaction_female_friendship,,"Я очень надеюсь, что скоро придет время есть...",
common016_2_reaction_old_friendship,,"Я очень надеюсь, что скоро придет время есть...",
common016_2_reaction_child_knowledge,,"Я очень надеюсь, что скоро придет время есть...",
common016_2_reaction_male_knowledge,,"Я очень надеюсь, что скоро придет время есть...",
common016_2_reaction_female_knowledge,,"Я очень надеюсь, что скоро придет время есть...",
common016_2_reaction_old_knowledge,,"Я очень надеюсь, что скоро придет время есть...",
common017_0_child_courage,,Схватка с кем-то сильнее меня заводит меня!,
common017_0_male_courage,,Схватка с кем-то сильнее меня заводит меня!,
common017_0_female_courage,,Схватка с кем-то сильнее меня заводит меня!,
common017_0_old_courage,,Схватка с кем-то сильнее меня заводит меня!,
common017_0_child_love,,Схватка с кем-то сильнее меня заводит меня!,
common017_0_male_love,,Схватка с кем-то сильнее меня заводит меня!,
common017_0_female_love,,Схватка с кем-то сильнее меня заводит меня!,
common017_0_old_love,,Схватка с кем-то сильнее меня заводит меня!,
common017_0_child_friendship,,Схватка с кем-то сильнее меня заводит меня!,
common017_0_male_friendship,,Схватка с кем-то сильнее меня заводит меня!,
common017_0_female_friendship,,Схватка с кем-то сильнее меня заводит меня!,
common017_0_old_friendship,,Схватка с кем-то сильнее меня заводит меня!,
common017_0_child_knowledge,,Схватка с кем-то сильнее меня заводит меня!,
common017_0_male_knowledge,,Схватка с кем-то сильнее меня заводит меня!,
common017_0_female_knowledge,,Схватка с кем-то сильнее меня заводит меня!,
common017_0_old_knowledge,,Схватка с кем-то сильнее меня заводит меня!,
common017_1_replay,char_PLAYER_M,То же самое и здесь. Смелость - это сила!,
common017_1_reaction_child_courage,,"Это позволяет вам делать вещи, выходящие за рамки ваших обычных
возможностей.",
common017_1_reaction_male_courage,,"Это позволяет вам делать вещи, выходящие за рамки ваших обычных
возможностей.",
common017_1_reaction_female_courage,,"Это позволяет вам делать вещи, выходящие за рамки ваших обычных
возможностей.",
common017_1_reaction_old_courage,,"Это позволяет вам делать вещи, выходящие за рамки ваших обычных
возможностей.",
common017_1_reaction_child_love,,"Это позволяет вам делать вещи, выходящие за рамки ваших обычных
возможностей.",
common017_1_reaction_male_love,,"Это позволяет вам делать вещи, выходящие за рамки ваших обычных
возможностей.",
common017_1_reaction_female_love,,"Это позволяет вам делать вещи, выходящие за рамки ваших обычных
возможностей.",
common017_1_reaction_old_love,,"Это позволяет вам делать вещи, выходящие за рамки ваших обычных
возможностей.",
common017_1_reaction_child_friendship,,"Это позволяет вам делать вещи, выходящие за рамки ваших обычных
возможностей.",
common017_1_reaction_male_friendship,,"Это позволяет вам делать вещи, выходящие за рамки ваших обычных
возможностей.",
common017_1_reaction_female_friendship,,"Это позволяет вам делать вещи, выходящие за рамки ваших обычных
возможностей.",
common017_1_reaction_old_friendship,,"Это позволяет вам делать вещи, выходящие за рамки ваших обычных
возможностей.",
common017_1_reaction_child_knowledge,,"Это позволяет вам делать вещи, выходящие за рамки ваших обычных
возможностей.",
common017_1_reaction_male_knowledge,,"Это позволяет вам делать вещи, выходящие за рамки ваших обычных
возможностей.",
common017_1_reaction_female_knowledge,,"Это позволяет вам делать вещи, выходящие за рамки ваших обычных
возможностей.",
common017_1_reaction_old_knowledge,,"Это позволяет вам делать вещи, выходящие за рамки ваших обычных
возможностей.",
common017_2_replay,char_PLAYER_M,"По-моему, это больше похоже на безрассудство...",
common017_2_reaction_child_courage,,"О-о, правда? Возможно, мне следует быть более осторожным...",
common017_2_reaction_male_courage,,"О-о, правда? Возможно, мне следует быть более осторожным...",
common017_2_reaction_female_courage,,"О-о, правда? Возможно, мне следует быть более осторожным...",
common017_2_reaction_old_courage,,"О-о, правда? Возможно, мне следует быть более осторожным...",
common017_2_reaction_child_love,,"О-о, правда? Возможно, мне следует быть более осторожным...",
common017_2_reaction_male_love,,"О-о, правда? Возможно, мне следует быть более осторожным...",
common017_2_reaction_female_love,,"О-о, правда? Возможно, мне следует быть более осторожным...",
common017_2_reaction_old_love,,"О-о, правда? Возможно, мне следует быть более осторожным...",
common017_2_reaction_child_friendship,,"О-о, правда? Возможно, мне следует быть более осторожным...",
common017_2_reaction_male_friendship,,"О-о, правда? Возможно, мне следует быть более осторожным...",
common017_2_reaction_female_friendship,,"О-о, правда? Возможно, мне следует быть более осторожным...",
common017_2_reaction_old_friendship,,"О-о, правда? Возможно, мне следует быть более осторожным...",
common017_2_reaction_child_knowledge,,"О-о, правда? Возможно, мне следует быть более осторожным...",
common017_2_reaction_male_knowledge,,"О-о, правда? Возможно, мне следует быть более осторожным...",
common017_2_reaction_female_knowledge,,"О-о, правда? Возможно, мне следует быть более осторожным...",
common017_2_reaction_old_knowledge,,"О-о, правда? Возможно, мне следует быть более осторожным...",
common018_0_child_courage,,"Ты можешь преодолеть все, что угодно, пока ты храбр!",
common018_0_male_courage,,"Ты можешь преодолеть все, что угодно, пока ты храбр!",
common018_0_female_courage,,"Ты можешь преодолеть все, что угодно, пока ты храбр!",
common018_0_old_courage,,"Ты можешь преодолеть все, что угодно, пока ты храбр!",
common018_0_child_love,,"Ты можешь преодолеть все, что угодно, пока ты храбр!",
common018_0_male_love,,"Ты можешь преодолеть все, что угодно, пока ты храбр!",
common018_0_female_love,,"Ты можешь преодолеть все, что угодно, пока ты храбр!",
common018_0_old_love,,"Ты можешь преодолеть все, что угодно, пока ты храбр!",
common018_0_child_friendship,,"Ты можешь преодолеть все, что угодно, пока ты храбр!",
common018_0_male_friendship,,"Ты можешь преодолеть все, что угодно, пока ты храбр!",
common018_0_female_friendship,,"Ты можешь преодолеть все, что угодно, пока ты храбр!",
common018_0_old_friendship,,"Ты можешь преодолеть все, что угодно, пока ты храбр!",
common018_0_child_knowledge,,"Ты можешь преодолеть все, что угодно, пока ты храбр!",
common018_0_male_knowledge,,"Ты можешь преодолеть все, что угодно, пока ты храбр!",
common018_0_female_knowledge,,"Ты можешь преодолеть все, что угодно, пока ты храбр!",
common018_0_old_knowledge,,"Ты можешь преодолеть все, что угодно, пока ты храбр!",
common018_1_replay,char_PLAYER_M,Вы совершенно правы!,
common018_1_reaction_child_courage,,Я так и знал! Давайте будем храбрыми до конца!,
common018_1_reaction_male_courage,,Я так и знал! Давайте будем храбрыми до конца!,
common018_1_reaction_female_courage,,Я так и знал! Давайте будем храбрыми до конца!,
common018_1_reaction_old_courage,,Я так и знал! Давайте будем храбрыми до конца!,
common018_1_reaction_child_love,,Я так и знал! Давайте будем храбрыми до конца!,
common018_1_reaction_male_love,,Я так и знал! Давайте будем храбрыми до конца!,
common018_1_reaction_female_love,,Я так и знал! Давайте будем храбрыми до конца!,
common018_1_reaction_old_love,,Я так и знал! Давайте будем храбрыми до конца!,
common018_1_reaction_child_friendship,,Я так и знал! Давайте будем храбрыми до конца!,
common018_1_reaction_male_friendship,,Я так и знал! Давайте будем храбрыми до конца!,
common018_1_reaction_female_friendship,,Я так и знал! Давайте будем храбрыми до конца!,
common018_1_reaction_old_friendship,,Я так и знал! Давайте будем храбрыми до конца!,
common018_1_reaction_child_knowledge,,Я так и знал! Давайте будем храбрыми до конца!,
common018_1_reaction_male_knowledge,,Я так и знал! Давайте будем храбрыми до конца!,
common018_1_reaction_female_knowledge,,Я так и знал! Давайте будем храбрыми до конца!,
common018_1_reaction_old_knowledge,,Я так и знал! Давайте будем храбрыми до конца!,
common018_2_replay,char_PLAYER_M,"Нет, есть и другие вещи, которые тоже имеют значение.",
common018_2_reaction_child_courage,,"Ха. Правда? Фу, это тяжело...",
common018_2_reaction_male_courage,,"Ха. Правда? Фу, это тяжело...",
common018_2_reaction_female_courage,,"Ха. Правда? Фу, это тяжело...",
common018_2_reaction_old_courage,,"Ха. Правда? Фу, это тяжело...",
common018_2_reaction_child_love,,"Ха. Правда? Фу, это тяжело...",
common018_2_reaction_male_love,,"Ха. Правда? Фу, это тяжело...",
common018_2_reaction_female_love,,"Ха. Правда? Фу, это тяжело...",
common018_2_reaction_old_love,,"Ха. Правда? Фу, это тяжело...",
common018_2_reaction_child_friendship,,"Ха. Правда? Фу, это тяжело...",
common018_2_reaction_male_friendship,,"Ха. Правда? Фу, это тяжело...",
common018_2_reaction_female_friendship,,"Ха. Правда? Фу, это тяжело...",
common018_2_reaction_old_friendship,,"Ха. Правда? Фу, это тяжело...",
common018_2_reaction_child_knowledge,,"Ха. Правда? Фу, это тяжело...",
common018_2_reaction_male_knowledge,,"Ха. Правда? Фу, это тяжело...",
common018_2_reaction_female_knowledge,,"Ха. Правда? Фу, это тяжело...",
common018_2_reaction_old_knowledge,,"Ха. Правда? Фу, это тяжело...",
common019_0_child_courage,,"Если я вижу кого-то в беде, я всегда хочу помочь.",
common019_0_male_courage,,"Если я вижу кого-то в беде, я всегда хочу помочь.",
common019_0_female_courage,,"Если я вижу кого-то в беде, я всегда хочу помочь.",
common019_0_old_courage,,"Если я вижу кого-то в беде, я всегда хочу помочь.",
common019_0_child_love,,"Если я вижу кого-то в беде, я всегда хочу помочь.",
common019_0_male_love,,"Если я вижу кого-то в беде, я всегда хочу помочь.",
common019_0_female_love,,"Если я вижу кого-то в беде, я всегда хочу помочь.",
common019_0_old_love,,"Если я вижу кого-то в беде, я всегда хочу помочь.",
common019_0_child_friendship,,"Если я вижу кого-то в беде, я всегда хочу помочь.",
common019_0_male_friendship,,"Если я вижу кого-то в беде, я всегда хочу помочь.",
common019_0_female_friendship,,"Если я вижу кого-то в беде, я всегда хочу помочь.",
common019_0_old_friendship,,"Если я вижу кого-то в беде, я всегда хочу помочь.",
common019_0_child_knowledge,,"Если я вижу кого-то в беде, я всегда хочу помочь.",
common019_0_male_knowledge,,"Если я вижу кого-то в беде, я всегда хочу помочь.",
common019_0_female_knowledge,,"Если я вижу кого-то в беде, я всегда хочу помочь.",
common019_0_old_knowledge,,"Если я вижу кого-то в беде, я всегда хочу помочь.",
common019_1_replay,char_PLAYER_M,Это хорошая вещь.,
common019_1_reaction_child_courage,,Верно? Хе-хе. Я собираюсь продолжать помогать всем!,
common019_1_reaction_male_courage,,Верно? Хе-хе. Я собираюсь продолжать помогать всем!,
common019_1_reaction_female_courage,,Верно? Хе-хе. Я собираюсь продолжать помогать всем!,
common019_1_reaction_old_courage,,Верно? Хе-хе. Я собираюсь продолжать помогать всем!,
common019_1_reaction_child_love,,Верно? Хе-хе. Я собираюсь продолжать помогать всем!,
common019_1_reaction_male_love,,Верно? Хе-хе. Я собираюсь продолжать помогать всем!,
common019_1_reaction_female_love,,Верно? Хе-хе. Я собираюсь продолжать помогать всем!,
common019_1_reaction_old_love,,Верно? Хе-хе. Я собираюсь продолжать помогать всем!,
common019_1_reaction_child_friendship,,Верно? Хе-хе. Я собираюсь продолжать помогать всем!,
common019_1_reaction_male_friendship,,Верно? Хе-хе. Я собираюсь продолжать помогать всем!,
common019_1_reaction_female_friendship,,Верно? Хе-хе. Я собираюсь продолжать помогать всем!,
common019_1_reaction_old_friendship,,Верно? Хе-хе. Я собираюсь продолжать помогать всем!,
common019_1_reaction_child_knowledge,,Верно? Хе-хе. Я собираюсь продолжать помогать всем!,
common019_1_reaction_male_knowledge,,Верно? Хе-хе. Я собираюсь продолжать помогать всем!,
common019_1_reaction_female_knowledge,,Верно? Хе-хе. Я собираюсь продолжать помогать всем!,
common019_1_reaction_old_knowledge,,Верно? Хе-хе. Я собираюсь продолжать помогать всем!,
common019_2_replay,char_PLAYER_M,Просто не забывай о себе.,
common019_2_reaction_child_courage,,"Да, сначала мне нужно помочь себе.",
common019_2_reaction_male_courage,,"Да, сначала мне нужно помочь себе.",
common019_2_reaction_female_courage,,"Да, сначала мне нужно помочь себе.",
common019_2_reaction_old_courage,,"Да, сначала мне нужно помочь себе.",
common019_2_reaction_child_love,,"Да, сначала мне нужно помочь себе.",
common019_2_reaction_male_love,,"Да, сначала мне нужно помочь себе.",
common019_2_reaction_female_love,,"Да, сначала мне нужно помочь себе.",
common019_2_reaction_old_love,,"Да, сначала мне нужно помочь себе.",
common019_2_reaction_child_friendship,,"Да, сначала мне нужно помочь себе.",
common019_2_reaction_male_friendship,,"Да, сначала мне нужно помочь себе.",
common019_2_reaction_female_friendship,,"Да, сначала мне нужно помочь себе.",
common019_2_reaction_old_friendship,,"Да, сначала мне нужно помочь себе.",
common019_2_reaction_child_knowledge,,"Да, сначала мне нужно помочь себе.",
common019_2_reaction_male_knowledge,,"Да, сначала мне нужно помочь себе.",
common019_2_reaction_female_knowledge,,"Да, сначала мне нужно помочь себе.",
common019_2_reaction_old_knowledge,,"Да, сначала мне нужно помочь себе.",
common020_0_child_courage,,"По правде говоря ... Есть кое-что, за что я должен извиниться.",
common020_0_male_courage,,"По правде говоря ... Есть кое-что, за что я должен извиниться.",
common020_0_female_courage,,"По правде говоря ... Есть кое-что, за что я должен извиниться.",
common020_0_old_courage,,"По правде говоря ... Есть кое-что, за что я должен извиниться.",
common020_0_child_love,,"По правде говоря ... Есть кое-что, за что я должен извиниться.",
common020_0_male_love,,"По правде говоря ... Есть кое-что, за что я должен извиниться.",
common020_0_female_love,,"По правде говоря ... Есть кое-что, за что я должен извиниться.",
common020_0_old_love,,"По правде говоря ... Есть кое-что, за что я должен извиниться.",
common020_0_child_friendship,,"По правде говоря ... Есть кое-что, за что я должен извиниться.",
common020_0_male_friendship,,"По правде говоря ... Есть кое-что, за что я должен извиниться.",
common020_0_female_friendship,,"По правде говоря ... Есть кое-что, за что я должен извиниться.",
common020_0_old_friendship,,"По правде говоря ... Есть кое-что, за что я должен извиниться.",
common020_0_child_knowledge,,"По правде говоря ... Есть кое-что, за что я должен извиниться.",
common020_0_male_knowledge,,"По правде говоря ... Есть кое-что, за что я должен извиниться.",
common020_0_female_knowledge,,"По правде говоря ... Есть кое-что, за что я должен извиниться.",
common020_0_old_knowledge,,"По правде говоря ... Есть кое-что, за что я должен извиниться.",
common020_1_replay,char_PLAYER_M,"Я прощу тебя, раз ты такой храбрый.",
common020_1_reaction_child_courage,,Правда? Извините и спасибо!,
common020_1_reaction_male_courage,,Правда? Извините и спасибо!,
common020_1_reaction_female_courage,,Правда? Извините и спасибо!,
common020_1_reaction_old_courage,,Правда? Извините и спасибо!,
common020_1_reaction_child_love,,Правда? Извините и спасибо!,
common020_1_reaction_male_love,,Правда? Извините и спасибо!,
common020_1_reaction_female_love,,Правда? Извините и спасибо!,
common020_1_reaction_old_love,,Правда? Извините и спасибо!,
common020_1_reaction_child_friendship,,Правда? Извините и спасибо!,
common020_1_reaction_male_friendship,,Правда? Извините и спасибо!,
common020_1_reaction_female_friendship,,Правда? Извините и спасибо!,
common020_1_reaction_old_friendship,,Правда? Извините и спасибо!,
common020_1_reaction_child_knowledge,,Правда? Извините и спасибо!,
common020_1_reaction_male_knowledge,,Правда? Извините и спасибо!,
common020_1_reaction_female_knowledge,,Правда? Извините и спасибо!,
common020_1_reaction_old_knowledge,,Правда? Извините и спасибо!,
common020_2_replay,char_PLAYER_M,Что ты натворил?,
common020_2_reaction_child_courage,,"Итак... Я съела все твои закуски... П-прости. Скоро я принесу
тебе еще!",
common020_2_reaction_male_courage,,"Итак... Я съела все твои закуски... П-прости. Скоро я принесу
тебе еще!",
common020_2_reaction_female_courage,,"Итак... Я съела все твои закуски... П-прости. Скоро я принесу
тебе еще!",
common020_2_reaction_old_courage,,"Итак... Я съела все твои закуски... П-прости. Скоро я принесу
тебе еще!",
common020_2_reaction_child_love,,"Итак... Я съела все твои закуски... П-прости. Скоро я принесу
тебе еще!",
common020_2_reaction_male_love,,"Итак... Я съела все твои закуски... П-прости. Скоро я принесу
тебе еще!",
common020_2_reaction_female_love,,"Итак... Я съела все твои закуски... П-прости. Скоро я принесу
тебе еще!",
common020_2_reaction_old_love,,"Итак... Я съела все твои закуски... П-прости. Скоро я принесу
тебе еще!",
common020_2_reaction_child_friendship,,"Итак... Я съела все твои закуски... П-прости. Скоро я принесу
тебе еще!",
common020_2_reaction_male_friendship,,"Итак... Я съела все твои закуски... П-прости. Скоро я принесу
тебе еще!",
common020_2_reaction_female_friendship,,"Итак... Я съела все твои закуски... П-прости. Скоро я принесу
тебе еще!",
common020_2_reaction_old_friendship,,"Итак... Я съела все твои закуски... П-прости. Скоро я принесу
тебе еще!",
common020_2_reaction_child_knowledge,,"Итак... Я съела все твои закуски... П-прости. Скоро я принесу
тебе еще!",
common020_2_reaction_male_knowledge,,"Итак... Я съела все твои закуски... П-прости. Скоро я принесу
тебе еще!",
common020_2_reaction_female_knowledge,,"Итак... Я съела все твои закуски... П-прости. Скоро я принесу
тебе еще!",
common020_2_reaction_old_knowledge,,"Итак... Я съела все твои закуски... П-прости. Скоро я принесу
тебе еще!",
common021_0_child_courage,,"Некоторые люди одержимы знаниями. Как ты думаешь, Дигимон тоже
должен быть таким?",
common021_0_male_courage,,"Некоторые люди одержимы знаниями. Как ты думаешь, Дигимон тоже
должен быть таким?",
common021_0_female_courage,,"Некоторые люди одержимы знаниями. Как ты думаешь, Дигимон тоже
должен быть таким?",
common021_0_old_courage,,"Некоторые люди одержимы знаниями. Как ты думаешь, Дигимон тоже
должен быть таким?",
common021_0_child_love,,"Некоторые люди одержимы знаниями. Как ты думаешь, Дигимон тоже
должен быть таким?",
common021_0_male_love,,"Некоторые люди одержимы знаниями. Как ты думаешь, Дигимон тоже
должен быть таким?",
common021_0_female_love,,"Некоторые люди одержимы знаниями. Как ты думаешь, Дигимон тоже
должен быть таким?",
common021_0_old_love,,"Некоторые люди одержимы знаниями. Как ты думаешь, Дигимон тоже
должен быть таким?",
common021_0_child_friendship,,"Некоторые люди одержимы знаниями. Как ты думаешь, Дигимон тоже
должен быть таким?",
common021_0_male_friendship,,"Некоторые люди одержимы знаниями. Как ты думаешь, Дигимон тоже
должен быть таким?",
common021_0_female_friendship,,"Некоторые люди одержимы знаниями. Как ты думаешь, Дигимон тоже
должен быть таким?",
common021_0_old_friendship,,"Некоторые люди одержимы знаниями. Как ты думаешь, Дигимон тоже
должен быть таким?",
common021_0_child_knowledge,,"Некоторые люди одержимы знаниями. Как ты думаешь, Дигимон тоже
должен быть таким?",
common021_0_male_knowledge,,"Некоторые люди одержимы знаниями. Как ты думаешь, Дигимон тоже
должен быть таким?",
common021_0_female_knowledge,,"Некоторые люди одержимы знаниями. Как ты думаешь, Дигимон тоже
должен быть таким?",
common021_0_old_knowledge,,"Некоторые люди одержимы знаниями. Как ты думаешь, Дигимон тоже
должен быть таким?",
common021_1_replay,char_PLAYER_M,Конечно. Знание - это сила.,
common021_1_reaction_child_courage,,"Понял. Значит, чем больше ты знаешь, тем больше можешь сделать?
Может быть, я последую этому примеру!",
common021_1_reaction_male_courage,,"Понял. Значит, чем больше ты знаешь, тем больше можешь сделать?
Может быть, я последую этому примеру!",
common021_1_reaction_female_courage,,"Понял. Значит, чем больше ты знаешь, тем больше можешь сделать?
Может быть, я последую этому примеру!",
common021_1_reaction_old_courage,,"Понял. Значит, чем больше ты знаешь, тем больше можешь сделать?
Может быть, я последую этому примеру!",
common021_1_reaction_child_love,,"Понял. Значит, чем больше ты знаешь, тем больше можешь сделать?
Может быть, я последую этому примеру!",
common021_1_reaction_male_love,,"Понял. Значит, чем больше ты знаешь, тем больше можешь сделать?
Может быть, я последую этому примеру!",
common021_1_reaction_female_love,,"Понял. Значит, чем больше ты знаешь, тем больше можешь сделать?
Может быть, я последую этому примеру!",
common021_1_reaction_old_love,,"Понял. Значит, чем больше ты знаешь, тем больше можешь сделать?
Может быть, я последую этому примеру!",
common021_1_reaction_child_friendship,,"Понял. Значит, чем больше ты знаешь, тем больше можешь сделать?
Может быть, я последую этому примеру!",
common021_1_reaction_male_friendship,,"Понял. Значит, чем больше ты знаешь, тем больше можешь сделать?
Может быть, я последую этому примеру!",
common021_1_reaction_female_friendship,,"Понял. Значит, чем больше ты знаешь, тем больше можешь сделать?
Может быть, я последую этому примеру!",
common021_1_reaction_old_friendship,,"Понял. Значит, чем больше ты знаешь, тем больше можешь сделать?
Может быть, я последую этому примеру!",
common021_1_reaction_child_knowledge,,"Понял. Значит, чем больше ты знаешь, тем больше можешь сделать?
Может быть, я последую этому примеру!",
common021_1_reaction_male_knowledge,,"Понял. Значит, чем больше ты знаешь, тем больше можешь сделать?
Может быть, я последую этому примеру!",
common021_1_reaction_female_knowledge,,"Понял. Значит, чем больше ты знаешь, тем больше можешь сделать?
Может быть, я последую этому примеру!",
common021_1_reaction_old_knowledge,,"Понял. Значит, чем больше ты знаешь, тем больше можешь сделать?
Может быть, я последую этому примеру!",
common021_2_replay,char_PLAYER_M,"Я думаю, что тренировка важнее.",
common021_2_reaction_child_courage,,"Так ты имеешь в виду, что сила и мастерство превыше мозгов, да?
Понял!",
common021_2_reaction_male_courage,,"Так ты имеешь в виду, что сила и мастерство превыше мозгов, да?
Понял!",
common021_2_reaction_female_courage,,"Так ты имеешь в виду, что сила и мастерство превыше мозгов, да?
Понял!",
common021_2_reaction_old_courage,,"Так ты имеешь в виду, что сила и мастерство превыше мозгов, да?
Понял!",
common021_2_reaction_child_love,,"Так ты имеешь в виду, что сила и мастерство превыше мозгов, да?
Понял!",
common021_2_reaction_male_love,,"Так ты имеешь в виду, что сила и мастерство превыше мозгов, да?
Понял!",
common021_2_reaction_female_love,,"Так ты имеешь в виду, что сила и мастерство превыше мозгов, да?
Понял!",
common021_2_reaction_old_love,,"Так ты имеешь в виду, что сила и мастерство превыше мозгов, да?
Понял!",
common021_2_reaction_child_friendship,,"Так ты имеешь в виду, что сила и мастерство превыше мозгов, да?
Понял!",
common021_2_reaction_male_friendship,,"Так ты имеешь в виду, что сила и мастерство превыше мозгов, да?
Понял!",
common021_2_reaction_female_friendship,,"Так ты имеешь в виду, что сила и мастерство превыше мозгов, да?
Понял!",
common021_2_reaction_old_friendship,,"Так ты имеешь в виду, что сила и мастерство превыше мозгов, да?
Понял!",
common021_2_reaction_child_knowledge,,"Так ты имеешь в виду, что сила и мастерство превыше мозгов, да?
Понял!",
common021_2_reaction_male_knowledge,,"Так ты имеешь в виду, что сила и мастерство превыше мозгов, да?
Понял!",
common021_2_reaction_female_knowledge,,"Так ты имеешь в виду, что сила и мастерство превыше мозгов, да?
Понял!",
common021_2_reaction_old_knowledge,,"Так ты имеешь в виду, что сила и мастерство превыше мозгов, да?
Понял!",
common022_0_child_courage,,Знание врага - ключ к победе. Знания и стратегия важны в бою!,
common022_0_male_courage,,Знание врага - ключ к победе. Знания и стратегия важны в бою!,
common022_0_female_courage,,Знание врага - ключ к победе. Знания и стратегия важны в бою!,
common022_0_old_courage,,Знание врага - ключ к победе. Знания и стратегия важны в бою!,
common022_0_child_love,,Знание врага - ключ к победе. Знания и стратегия важны в бою!,
common022_0_male_love,,Знание врага - ключ к победе. Знания и стратегия важны в бою!,
common022_0_female_love,,Знание врага - ключ к победе. Знания и стратегия важны в бою!,
common022_0_old_love,,Знание врага - ключ к победе. Знания и стратегия важны в бою!,
common022_0_child_friendship,,Знание врага - ключ к победе. Знания и стратегия важны в бою!,
common022_0_male_friendship,,Знание врага - ключ к победе. Знания и стратегия важны в бою!,
common022_0_female_friendship,,Знание врага - ключ к победе. Знания и стратегия важны в бою!,
common022_0_old_friendship,,Знание врага - ключ к победе. Знания и стратегия важны в бою!,
common022_0_child_knowledge,,Знание врага - ключ к победе. Знания и стратегия важны в бою!,
common022_0_male_knowledge,,Знание врага - ключ к победе. Знания и стратегия важны в бою!,
common022_0_female_knowledge,,Знание врага - ключ к победе. Знания и стратегия важны в бою!,
common022_0_old_knowledge,,Знание врага - ключ к победе. Знания и стратегия важны в бою!,
common022_1_replay,char_PLAYER_M,Это верно.,
common022_1_reaction_child_courage,,"Тебе нужно думать, когда сражаешься. Я рад, что ты согласен!",
common022_1_reaction_male_courage,,"Тебе нужно думать, когда сражаешься. Я рад, что ты согласен!",
common022_1_reaction_female_courage,,"Тебе нужно думать, когда сражаешься. Я рад, что ты согласен!",
common022_1_reaction_old_courage,,"Тебе нужно думать, когда сражаешься. Я рад, что ты согласен!",
common022_1_reaction_child_love,,"Тебе нужно думать, когда сражаешься. Я рад, что ты согласен!",
common022_1_reaction_male_love,,"Тебе нужно думать, когда сражаешься. Я рад, что ты согласен!",
common022_1_reaction_female_love,,"Тебе нужно думать, когда сражаешься. Я рад, что ты согласен!",
common022_1_reaction_old_love,,"Тебе нужно думать, когда сражаешься. Я рад, что ты согласен!",
common022_1_reaction_child_friendship,,"Тебе нужно думать, когда сражаешься. Я рад, что ты согласен!",
common022_1_reaction_male_friendship,,"Тебе нужно думать, когда сражаешься. Я рад, что ты согласен!",
common022_1_reaction_female_friendship,,"Тебе нужно думать, когда сражаешься. Я рад, что ты согласен!",
common022_1_reaction_old_friendship,,"Тебе нужно думать, когда сражаешься. Я рад, что ты согласен!",
common022_1_reaction_child_knowledge,,"Тебе нужно думать, когда сражаешься. Я рад, что ты согласен!",
common022_1_reaction_male_knowledge,,"Тебе нужно думать, когда сражаешься. Я рад, что ты согласен!",
common022_1_reaction_female_knowledge,,"Тебе нужно думать, когда сражаешься. Я рад, что ты согласен!",
common022_1_reaction_old_knowledge,,"Тебе нужно думать, когда сражаешься. Я рад, что ты согласен!",
common022_2_replay,char_PLAYER_M,"Ты уверен, что власть не имеет большего значения?",
common022_2_reaction_child_courage,,"Значит, это нормально - просто применять грубую силу ко всему?
Что ж, это действительно означает меньше думать, да.",
common022_2_reaction_male_courage,,"Значит, это нормально - просто применять грубую силу ко всему?
Что ж, это действительно означает меньше думать, да.",
common022_2_reaction_female_courage,,"Значит, это нормально - просто применять грубую силу ко всему?
Что ж, это действительно означает меньше думать, да.",
common022_2_reaction_old_courage,,"Значит, это нормально - просто применять грубую силу ко всему?
Что ж, это действительно означает меньше думать, да.",
common022_2_reaction_child_love,,"Значит, это нормально - просто применять грубую силу ко всему?
Что ж, это действительно означает меньше думать, да.",
common022_2_reaction_male_love,,"Значит, это нормально - просто применять грубую силу ко всему?
Что ж, это действительно означает меньше думать, да.",
common022_2_reaction_female_love,,"Значит, это нормально - просто применять грубую силу ко всему?
Что ж, это действительно означает меньше думать, да.",
common022_2_reaction_old_love,,"Значит, это нормально - просто применять грубую силу ко всему?
Что ж, это действительно означает меньше думать, да.",
common022_2_reaction_child_friendship,,"Значит, это нормально - просто применять грубую силу ко всему?
Что ж, это действительно означает меньше думать, да.",
common022_2_reaction_male_friendship,,"Значит, это нормально - просто применять грубую силу ко всему?
Что ж, это действительно означает меньше думать, да.",
common022_2_reaction_female_friendship,,"Значит, это нормально - просто применять грубую силу ко всему?
Что ж, это действительно означает меньше думать, да.",
common022_2_reaction_old_friendship,,"Значит, это нормально - просто применять грубую силу ко всему?
Что ж, это действительно означает меньше думать, да.",
common022_2_reaction_child_knowledge,,"Значит, это нормально - просто применять грубую силу ко всему?
Что ж, это действительно означает меньше думать, да.",
common022_2_reaction_male_knowledge,,"Значит, это нормально - просто применять грубую силу ко всему?
Что ж, это действительно означает меньше думать, да.",
common022_2_reaction_female_knowledge,,"Значит, это нормально - просто применять грубую силу ко всему?
Что ж, это действительно означает меньше думать, да.",
common022_2_reaction_old_knowledge,,"Значит, это нормально - просто применять грубую силу ко всему?
Что ж, это действительно означает меньше думать, да.",
common023_0_child_courage,,"В последнее время я начал понимать, что есть еще много-много
вещей, которых я не знаю...",
common023_0_male_courage,,"В последнее время я начал понимать, что есть еще много-много
вещей, которых я не знаю...",
common023_0_female_courage,,"В последнее время я начал понимать, что есть еще много-много
вещей, которых я не знаю...",
common023_0_old_courage,,"В последнее время я начал понимать, что есть еще много-много
вещей, которых я не знаю...",
common023_0_child_love,,"В последнее время я начал понимать, что есть еще много-много
вещей, которых я не знаю...",
common023_0_male_love,,"В последнее время я начал понимать, что есть еще много-много
вещей, которых я не знаю...",
common023_0_female_love,,"В последнее время я начал понимать, что есть еще много-много
вещей, которых я не знаю...",
common023_0_old_love,,"В последнее время я начал понимать, что есть еще много-много
вещей, которых я не знаю...",
common023_0_child_friendship,,"В последнее время я начал понимать, что есть еще много-много
вещей, которых я не знаю...",
common023_0_male_friendship,,"В последнее время я начал понимать, что есть еще много-много
вещей, которых я не знаю...",
common023_0_female_friendship,,"В последнее время я начал понимать, что есть еще много-много
вещей, которых я не знаю...",
common023_0_old_friendship,,"В последнее время я начал понимать, что есть еще много-много
вещей, которых я не знаю...",
common023_0_child_knowledge,,"В последнее время я начал понимать, что есть еще много-много
вещей, которых я не знаю...",
common023_0_male_knowledge,,"В последнее время я начал понимать, что есть еще много-много
вещей, которых я не знаю...",
common023_0_female_knowledge,,"В последнее время я начал понимать, что есть еще много-много
вещей, которых я не знаю...",
common023_0_old_knowledge,,"В последнее время я начал понимать, что есть еще много-много
вещей, которых я не знаю...",
common023_1_replay,char_PLAYER_M,Тогда давайте попробуем изучить некоторые из этих вещей.,
common023_1_reaction_child_courage,,"Хм, хорошая идея. Возможно, это сделало бы меня умнее.",
common023_1_reaction_male_courage,,"Хм, хорошая идея. Возможно, это сделало бы меня умнее.",
common023_1_reaction_female_courage,,"Хм, хорошая идея. Возможно, это сделало бы меня умнее.",
common023_1_reaction_old_courage,,"Хм, хорошая идея. Возможно, это сделало бы меня умнее.",
common023_1_reaction_child_love,,"Хм, хорошая идея. Возможно, это сделало бы меня умнее.",
common023_1_reaction_male_love,,"Хм, хорошая идея. Возможно, это сделало бы меня умнее.",
common023_1_reaction_female_love,,"Хм, хорошая идея. Возможно, это сделало бы меня умнее.",
common023_1_reaction_old_love,,"Хм, хорошая идея. Возможно, это сделало бы меня умнее.",
common023_1_reaction_child_friendship,,"Хм, хорошая идея. Возможно, это сделало бы меня умнее.",
common023_1_reaction_male_friendship,,"Хм, хорошая идея. Возможно, это сделало бы меня умнее.",
common023_1_reaction_female_friendship,,"Хм, хорошая идея. Возможно, это сделало бы меня умнее.",
common023_1_reaction_old_friendship,,"Хм, хорошая идея. Возможно, это сделало бы меня умнее.",
common023_1_reaction_child_knowledge,,"Хм, хорошая идея. Возможно, это сделало бы меня умнее.",
common023_1_reaction_male_knowledge,,"Хм, хорошая идея. Возможно, это сделало бы меня умнее.",
common023_1_reaction_female_knowledge,,"Хм, хорошая идея. Возможно, это сделало бы меня умнее.",
common023_1_reaction_old_knowledge,,"Хм, хорошая идея. Возможно, это сделало бы меня умнее.",
common023_2_replay,char_PLAYER_M,И здесь то же самое.,
common023_2_reaction_child_courage,,"О, ты тоже, да?.. Но теперь я чувствую себя немного лучше.
Спасибо.",
common023_2_reaction_male_courage,,"О, ты тоже, да?.. Но теперь я чувствую себя немного лучше.
Спасибо.",
common023_2_reaction_female_courage,,"О, ты тоже, да?.. Но теперь я чувствую себя немного лучше.
Спасибо.",
common023_2_reaction_old_courage,,"О, ты тоже, да?.. Но теперь я чувствую себя немного лучше.
Спасибо.",
common023_2_reaction_child_love,,"О, ты тоже, да?.. Но теперь я чувствую себя немного лучше.
Спасибо.",
common023_2_reaction_male_love,,"О, ты тоже, да?.. Но теперь я чувствую себя немного лучше.
Спасибо.",
common023_2_reaction_female_love,,"О, ты тоже, да?.. Но теперь я чувствую себя немного лучше.
Спасибо.",
common023_2_reaction_old_love,,"О, ты тоже, да?.. Но теперь я чувствую себя немного лучше.
Спасибо.",
common023_2_reaction_child_friendship,,"О, ты тоже, да?.. Но теперь я чувствую себя немного лучше.
Спасибо.",
common023_2_reaction_male_friendship,,"О, ты тоже, да?.. Но теперь я чувствую себя немного лучше.
Спасибо.",
common023_2_reaction_female_friendship,,"О, ты тоже, да?.. Но теперь я чувствую себя немного лучше.
Спасибо.",
common023_2_reaction_old_friendship,,"О, ты тоже, да?.. Но теперь я чувствую себя немного лучше.
Спасибо.",
common023_2_reaction_child_knowledge,,"О, ты тоже, да?.. Но теперь я чувствую себя немного лучше.
Спасибо.",
common023_2_reaction_male_knowledge,,"О, ты тоже, да?.. Но теперь я чувствую себя немного лучше.
Спасибо.",
common023_2_reaction_female_knowledge,,"О, ты тоже, да?.. Но теперь я чувствую себя немного лучше.
Спасибо.",
common023_2_reaction_old_knowledge,,"О, ты тоже, да?.. Но теперь я чувствую себя немного лучше.
Спасибо.",
common024_0_child_courage,,"Эй, тебе больше нравится умный Дигимон?",
common024_0_male_courage,,"Эй, тебе больше нравится умный Дигимон?",
common024_0_female_courage,,"Эй, тебе больше нравится умный Дигимон?",
common024_0_old_courage,,"Эй, тебе больше нравится умный Дигимон?",
common024_0_child_love,,"Эй, тебе больше нравится умный Дигимон?",
common024_0_male_love,,"Эй, тебе больше нравится умный Дигимон?",
common024_0_female_love,,"Эй, тебе больше нравится умный Дигимон?",
common024_0_old_love,,"Эй, тебе больше нравится умный Дигимон?",
common024_0_child_friendship,,"Эй, тебе больше нравится умный Дигимон?",
common024_0_male_friendship,,"Эй, тебе больше нравится умный Дигимон?",
common024_0_female_friendship,,"Эй, тебе больше нравится умный Дигимон?",
common024_0_old_friendship,,"Эй, тебе больше нравится умный Дигимон?",
common024_0_child_knowledge,,"Эй, тебе больше нравится умный Дигимон?",
common024_0_male_knowledge,,"Эй, тебе больше нравится умный Дигимон?",
common024_0_female_knowledge,,"Эй, тебе больше нравится умный Дигимон?",
common024_0_old_knowledge,,"Эй, тебе больше нравится умный Дигимон?",
common024_1_replay,char_PLAYER_M,"Да, я думаю, можно и так сказать.",
common024_1_reaction_child_courage,,"О, понятно ... Хм. Спасибо, что дали мне знать.",
common024_1_reaction_male_courage,,"О, понятно ... Хм. Спасибо, что дали мне знать.",
common024_1_reaction_female_courage,,"О, понятно ... Хм. Спасибо, что дали мне знать.",
common024_1_reaction_old_courage,,"О, понятно ... Хм. Спасибо, что дали мне знать.",
common024_1_reaction_child_love,,"О, понятно ... Хм. Спасибо, что дали мне знать.",
common024_1_reaction_male_love,,"О, понятно ... Хм. Спасибо, что дали мне знать.",
common024_1_reaction_female_love,,"О, понятно ... Хм. Спасибо, что дали мне знать.",
common024_1_reaction_old_love,,"О, понятно ... Хм. Спасибо, что дали мне знать.",
common024_1_reaction_child_friendship,,"О, понятно ... Хм. Спасибо, что дали мне знать.",
common024_1_reaction_male_friendship,,"О, понятно ... Хм. Спасибо, что дали мне знать.",
common024_1_reaction_female_friendship,,"О, понятно ... Хм. Спасибо, что дали мне знать.",
common024_1_reaction_old_friendship,,"О, понятно ... Хм. Спасибо, что дали мне знать.",
common024_1_reaction_child_knowledge,,"О, понятно ... Хм. Спасибо, что дали мне знать.",
common024_1_reaction_male_knowledge,,"О, понятно ... Хм. Спасибо, что дали мне знать.",
common024_1_reaction_female_knowledge,,"О, понятно ... Хм. Спасибо, что дали мне знать.",
common024_1_reaction_old_knowledge,,"О, понятно ... Хм. Спасибо, что дали мне знать.",
common024_2_replay,char_PLAYER_M,Для меня это не имеет значения.,
common024_2_reaction_child_courage,,"Хм, значит, мне не нужно давить на себя. Какое облегчение.",
common024_2_reaction_male_courage,,"Хм, значит, мне не нужно давить на себя. Какое облегчение.",
common024_2_reaction_female_courage,,"Хм, значит, мне не нужно давить на себя. Какое облегчение.",
common024_2_reaction_old_courage,,"Хм, значит, мне не нужно давить на себя. Какое облегчение.",
common024_2_reaction_child_love,,"Хм, значит, мне не нужно давить на себя. Какое облегчение.",
common024_2_reaction_male_love,,"Хм, значит, мне не нужно давить на себя. Какое облегчение.",
common024_2_reaction_female_love,,"Хм, значит, мне не нужно давить на себя. Какое облегчение.",
common024_2_reaction_old_love,,"Хм, значит, мне не нужно давить на себя. Какое облегчение.",
common024_2_reaction_child_friendship,,"Хм, значит, мне не нужно давить на себя. Какое облегчение.",
common024_2_reaction_male_friendship,,"Хм, значит, мне не нужно давить на себя. Какое облегчение.",
common024_2_reaction_female_friendship,,"Хм, значит, мне не нужно давить на себя. Какое облегчение.",
common024_2_reaction_old_friendship,,"Хм, значит, мне не нужно давить на себя. Какое облегчение.",
common024_2_reaction_child_knowledge,,"Хм, значит, мне не нужно давить на себя. Какое облегчение.",
common024_2_reaction_male_knowledge,,"Хм, значит, мне не нужно давить на себя. Какое облегчение.",
common024_2_reaction_female_knowledge,,"Хм, значит, мне не нужно давить на себя. Какое облегчение.",
common024_2_reaction_old_knowledge,,"Хм, значит, мне не нужно давить на себя. Какое облегчение.",
common025_0_child_courage,,Что же такое друг на самом деле?,
common025_0_male_courage,,Что же такое друг на самом деле?,
common025_0_female_courage,,Что же такое друг на самом деле?,
common025_0_old_courage,,Что же такое друг на самом деле?,
common025_0_child_love,,Что же такое друг на самом деле?,
common025_0_male_love,,Что же такое друг на самом деле?,
common025_0_female_love,,Что же такое друг на самом деле?,
common025_0_old_love,,Что же такое друг на самом деле?,
common025_0_child_friendship,,Что же такое друг на самом деле?,
common025_0_male_friendship,,Что же такое друг на самом деле?,
common025_0_female_friendship,,Что же такое друг на самом деле?,
common025_0_old_friendship,,Что же такое друг на самом деле?,
common025_0_child_knowledge,,Что же такое друг на самом деле?,
common025_0_male_knowledge,,Что же такое друг на самом деле?,
common025_0_female_knowledge,,Что же такое друг на самом деле?,
common025_0_old_knowledge,,Что же такое друг на самом деле?,
common025_1_replay,char_PLAYER_M,Что-то незаменимое.,
common025_1_reaction_child_courage,,"Я согласен. Вот почему ты... Э-э, неважно!",
common025_1_reaction_male_courage,,"Я согласен. Вот почему ты... Э-э, неважно!",
common025_1_reaction_female_courage,,"Я согласен. Вот почему ты... Э-э, неважно!",
common025_1_reaction_old_courage,,"Я согласен. Вот почему ты... Э-э, неважно!",
common025_1_reaction_child_love,,"Я согласен. Вот почему ты... Э-э, неважно!",
common025_1_reaction_male_love,,"Я согласен. Вот почему ты... Э-э, неважно!",
common025_1_reaction_female_love,,"Я согласен. Вот почему ты... Э-э, неважно!",
common025_1_reaction_old_love,,"Я согласен. Вот почему ты... Э-э, неважно!",
common025_1_reaction_child_friendship,,"Я согласен. Вот почему ты... Э-э, неважно!",
common025_1_reaction_male_friendship,,"Я согласен. Вот почему ты... Э-э, неважно!",
common025_1_reaction_female_friendship,,"Я согласен. Вот почему ты... Э-э, неважно!",
common025_1_reaction_old_friendship,,"Я согласен. Вот почему ты... Э-э, неважно!",
common025_1_reaction_child_knowledge,,"Я согласен. Вот почему ты... Э-э, неважно!",
common025_1_reaction_male_knowledge,,"Я согласен. Вот почему ты... Э-э, неважно!",
common025_1_reaction_female_knowledge,,"Я согласен. Вот почему ты... Э-э, неважно!",
common025_1_reaction_old_knowledge,,"Я согласен. Вот почему ты... Э-э, неважно!",
common025_2_replay,char_PLAYER_M,Я действительно не знаю.,
common025_2_reaction_child_courage,,"Хм. Ну, думаю, не стоит беспокоиться об этом.",
common025_2_reaction_male_courage,,"Хм. Ну, думаю, не стоит беспокоиться об этом.",
common025_2_reaction_female_courage,,"Хм. Ну, думаю, не стоит беспокоиться об этом.",
common025_2_reaction_old_courage,,"Хм. Ну, думаю, не стоит беспокоиться об этом.",
common025_2_reaction_child_love,,"Хм. Ну, думаю, не стоит беспокоиться об этом.",
common025_2_reaction_male_love,,"Хм. Ну, думаю, не стоит беспокоиться об этом.",
common025_2_reaction_female_love,,"Хм. Ну, думаю, не стоит беспокоиться об этом.",
common025_2_reaction_old_love,,"Хм. Ну, думаю, не стоит беспокоиться об этом.",
common025_2_reaction_child_friendship,,"Хм. Ну, думаю, не стоит беспокоиться об этом.",
common025_2_reaction_male_friendship,,"Хм. Ну, думаю, не стоит беспокоиться об этом.",
common025_2_reaction_female_friendship,,"Хм. Ну, думаю, не стоит беспокоиться об этом.",
common025_2_reaction_old_friendship,,"Хм. Ну, думаю, не стоит беспокоиться об этом.",
common025_2_reaction_child_knowledge,,"Хм. Ну, думаю, не стоит беспокоиться об этом.",
common025_2_reaction_male_knowledge,,"Хм. Ну, думаю, не стоит беспокоиться об этом.",
common025_2_reaction_female_knowledge,,"Хм. Ну, думаю, не стоит беспокоиться об этом.",
common025_2_reaction_old_knowledge,,"Хм. Ну, думаю, не стоит беспокоиться об этом.",
common026_0_child_courage,,Это нормально - хотеть защитить своих друзей?,
common026_0_male_courage,,Это нормально - хотеть защитить своих друзей?,
common026_0_female_courage,,Это нормально - хотеть защитить своих друзей?,
common026_0_old_courage,,Это нормально - хотеть защитить своих друзей?,
common026_0_child_love,,Это нормально - хотеть защитить своих друзей?,
common026_0_male_love,,Это нормально - хотеть защитить своих друзей?,
common026_0_female_love,,Это нормально - хотеть защитить своих друзей?,
common026_0_old_love,,Это нормально - хотеть защитить своих друзей?,
common026_0_child_friendship,,Это нормально - хотеть защитить своих друзей?,
common026_0_male_friendship,,Это нормально - хотеть защитить своих друзей?,
common026_0_female_friendship,,Это нормально - хотеть защитить своих друзей?,
common026_0_old_friendship,,Это нормально - хотеть защитить своих друзей?,
common026_0_child_knowledge,,Это нормально - хотеть защитить своих друзей?,
common026_0_male_knowledge,,Это нормально - хотеть защитить своих друзей?,
common026_0_female_knowledge,,Это нормально - хотеть защитить своих друзей?,
common026_0_old_knowledge,,Это нормально - хотеть защитить своих друзей?,
common026_1_replay,char_PLAYER_M,"Да, и это чувство сделает вас сильнее.",
common026_1_reaction_child_courage,,"У меня было предчувствие, что так оно и есть. Наличие друзей
придает мне сил!",
common026_1_reaction_male_courage,,"У меня было предчувствие, что так оно и есть. Наличие друзей
придает мне сил!",
common026_1_reaction_female_courage,,"У меня было предчувствие, что так оно и есть. Наличие друзей
придает мне сил!",
common026_1_reaction_old_courage,,"У меня было предчувствие, что так оно и есть. Наличие друзей
придает мне сил!",
common026_1_reaction_child_love,,"У меня было предчувствие, что так оно и есть. Наличие друзей
придает мне сил!",
common026_1_reaction_male_love,,"У меня было предчувствие, что так оно и есть. Наличие друзей
придает мне сил!",
common026_1_reaction_female_love,,"У меня было предчувствие, что так оно и есть. Наличие друзей
придает мне сил!",
common026_1_reaction_old_love,,"У меня было предчувствие, что так оно и есть. Наличие друзей
придает мне сил!",
common026_1_reaction_child_friendship,,"У меня было предчувствие, что так оно и есть. Наличие друзей
придает мне сил!",
common026_1_reaction_male_friendship,,"У меня было предчувствие, что так оно и есть. Наличие друзей
придает мне сил!",
common026_1_reaction_female_friendship,,"У меня было предчувствие, что так оно и есть. Наличие друзей
придает мне сил!",
common026_1_reaction_old_friendship,,"У меня было предчувствие, что так оно и есть. Наличие друзей
придает мне сил!",
common026_1_reaction_child_knowledge,,"У меня было предчувствие, что так оно и есть. Наличие друзей
придает мне сил!",
common026_1_reaction_male_knowledge,,"У меня было предчувствие, что так оно и есть. Наличие друзей
придает мне сил!",
common026_1_reaction_female_knowledge,,"У меня было предчувствие, что так оно и есть. Наличие друзей
придает мне сил!",
common026_1_reaction_old_knowledge,,"У меня было предчувствие, что так оно и есть. Наличие друзей
придает мне сил!",
common026_2_replay,char_PLAYER_M,Это чувство замедлит вас в бою.,
common026_2_reaction_child_courage,,"Понятно. Отсутствие каких-либо чувств может облегчить сохранение
спокойствия во время боя.",
common026_2_reaction_male_courage,,"Понятно. Отсутствие каких-либо чувств может облегчить сохранение
спокойствия во время боя.",
common026_2_reaction_female_courage,,"Понятно. Отсутствие каких-либо чувств может облегчить сохранение
спокойствия во время боя.",
common026_2_reaction_old_courage,,"Понятно. Отсутствие каких-либо чувств может облегчить сохранение
спокойствия во время боя.",
common026_2_reaction_child_love,,"Понятно. Отсутствие каких-либо чувств может облегчить сохранение
спокойствия во время боя.",
common026_2_reaction_male_love,,"Понятно. Отсутствие каких-либо чувств может облегчить сохранение
спокойствия во время боя.",
common026_2_reaction_female_love,,"Понятно. Отсутствие каких-либо чувств может облегчить сохранение
спокойствия во время боя.",
common026_2_reaction_old_love,,"Понятно. Отсутствие каких-либо чувств может облегчить сохранение
спокойствия во время боя.",
common026_2_reaction_child_friendship,,"Понятно. Отсутствие каких-либо чувств может облегчить сохранение
спокойствия во время боя.",
common026_2_reaction_male_friendship,,"Понятно. Отсутствие каких-либо чувств может облегчить сохранение
спокойствия во время боя.",
common026_2_reaction_female_friendship,,"Понятно. Отсутствие каких-либо чувств может облегчить сохранение
спокойствия во время боя.",
common026_2_reaction_old_friendship,,"Понятно. Отсутствие каких-либо чувств может облегчить сохранение
спокойствия во время боя.",
common026_2_reaction_child_knowledge,,"Понятно. Отсутствие каких-либо чувств может облегчить сохранение
спокойствия во время боя.",
common026_2_reaction_male_knowledge,,"Понятно. Отсутствие каких-либо чувств может облегчить сохранение
спокойствия во время боя.",
common026_2_reaction_female_knowledge,,"Понятно. Отсутствие каких-либо чувств может облегчить сохранение
спокойствия во время боя.",
common026_2_reaction_old_knowledge,,"Понятно. Отсутствие каких-либо чувств может облегчить сохранение
спокойствия во время боя.",
common027_0_child_courage,,"Просто спрашиваю, но если бы я ушел, тебе было бы грустно?",
common027_0_male_courage,,"Просто спрашиваю, но если бы я ушел, тебе было бы грустно?",
common027_0_female_courage,,"Просто спрашиваю, но если бы я ушел, тебе было бы грустно?",
common027_0_old_courage,,"Просто спрашиваю, но если бы я ушел, тебе было бы грустно?",
common027_0_child_love,,"Просто спрашиваю, но если бы я ушел, тебе было бы грустно?",
common027_0_male_love,,"Просто спрашиваю, но если бы я ушел, тебе было бы грустно?",
common027_0_female_love,,"Просто спрашиваю, но если бы я ушел, тебе было бы грустно?",
common027_0_old_love,,"Просто спрашиваю, но если бы я ушел, тебе было бы грустно?",
common027_0_child_friendship,,"Просто спрашиваю, но если бы я ушел, тебе было бы грустно?",
common027_0_male_friendship,,"Просто спрашиваю, но если бы я ушел, тебе было бы грустно?",
common027_0_female_friendship,,"Просто спрашиваю, но если бы я ушел, тебе было бы грустно?",
common027_0_old_friendship,,"Просто спрашиваю, но если бы я ушел, тебе было бы грустно?",
common027_0_child_knowledge,,"Просто спрашиваю, но если бы я ушел, тебе было бы грустно?",
common027_0_male_knowledge,,"Просто спрашиваю, но если бы я ушел, тебе было бы грустно?",
common027_0_female_knowledge,,"Просто спрашиваю, но если бы я ушел, тебе было бы грустно?",
common027_0_old_knowledge,,"Просто спрашиваю, но если бы я ушел, тебе было бы грустно?",
common027_1_replay,char_PLAYER_M,Мне было бы очень грустно!,
common027_1_reaction_child_courage,,"Ха-ха! Понял. Мне было бы грустно, если бы ты тоже ушел.",
common027_1_reaction_male_courage,,"Ха-ха! Понял. Мне было бы грустно, если бы ты тоже ушел.",
common027_1_reaction_female_courage,,"Ха-ха! Понял. Мне было бы грустно, если бы ты тоже ушел.",
common027_1_reaction_old_courage,,"Ха-ха! Понял. Мне было бы грустно, если бы ты тоже ушел.",
common027_1_reaction_child_love,,"Ха-ха! Понял. Мне было бы грустно, если бы ты тоже ушел.",
common027_1_reaction_male_love,,"Ха-ха! Понял. Мне было бы грустно, если бы ты тоже ушел.",
common027_1_reaction_female_love,,"Ха-ха! Понял. Мне было бы грустно, если бы ты тоже ушел.",
common027_1_reaction_old_love,,"Ха-ха! Понял. Мне было бы грустно, если бы ты тоже ушел.",
common027_1_reaction_child_friendship,,"Ха-ха! Понял. Мне было бы грустно, если бы ты тоже ушел.",
common027_1_reaction_male_friendship,,"Ха-ха! Понял. Мне было бы грустно, если бы ты тоже ушел.",
common027_1_reaction_female_friendship,,"Ха-ха! Понял. Мне было бы грустно, если бы ты тоже ушел.",
common027_1_reaction_old_friendship,,"Ха-ха! Понял. Мне было бы грустно, если бы ты тоже ушел.",
common027_1_reaction_child_knowledge,,"Ха-ха! Понял. Мне было бы грустно, если бы ты тоже ушел.",
common027_1_reaction_male_knowledge,,"Ха-ха! Понял. Мне было бы грустно, если бы ты тоже ушел.",
common027_1_reaction_female_knowledge,,"Ха-ха! Понял. Мне было бы грустно, если бы ты тоже ушел.",
common027_1_reaction_old_knowledge,,"Ха-ха! Понял. Мне было бы грустно, если бы ты тоже ушел.",
common027_2_replay,char_PLAYER_M,Ты куда-то идешь?,
common027_2_reaction_child_courage,,"Вот почему я сказал ""если"". Я просто хотел проверить. Вот и все.",
common027_2_reaction_male_courage,,"Вот почему я сказал ""если"". Я просто хотел проверить. Вот и все.",
common027_2_reaction_female_courage,,"Вот почему я сказал ""если"". Я просто хотел проверить. Вот и все.",
common027_2_reaction_old_courage,,"Вот почему я сказал ""если"". Я просто хотел проверить. Вот и все.",
common027_2_reaction_child_love,,"Вот почему я сказал ""если"". Я просто хотел проверить. Вот и все.",
common027_2_reaction_male_love,,"Вот почему я сказал ""если"". Я просто хотел проверить. Вот и все.",
common027_2_reaction_female_love,,"Вот почему я сказал ""если"". Я просто хотел проверить. Вот и все.",
common027_2_reaction_old_love,,"Вот почему я сказал ""если"". Я просто хотел проверить. Вот и все.",
common027_2_reaction_child_friendship,,"Вот почему я сказал ""если"". Я просто хотел проверить. Вот и все.",
common027_2_reaction_male_friendship,,"Вот почему я сказал ""если"". Я просто хотел проверить. Вот и все.",
common027_2_reaction_female_friendship,,"Вот почему я сказал ""если"". Я просто хотел проверить. Вот и все.",
common027_2_reaction_old_friendship,,"Вот почему я сказал ""если"". Я просто хотел проверить. Вот и все.",
common027_2_reaction_child_knowledge,,"Вот почему я сказал ""если"". Я просто хотел проверить. Вот и все.",
common027_2_reaction_male_knowledge,,"Вот почему я сказал ""если"". Я просто хотел проверить. Вот и все.",
common027_2_reaction_female_knowledge,,"Вот почему я сказал ""если"". Я просто хотел проверить. Вот и все.",
common027_2_reaction_old_knowledge,,"Вот почему я сказал ""если"". Я просто хотел проверить. Вот и все.",
common028_0_child_courage,,"Тебе не кажется, что в последнее время мы стали хорошей
командой?",
common028_0_male_courage,,"Тебе не кажется, что в последнее время мы стали хорошей
командой?",
common028_0_female_courage,,"Тебе не кажется, что в последнее время мы стали хорошей
командой?",
common028_0_old_courage,,"Тебе не кажется, что в последнее время мы стали хорошей
командой?",
common028_0_child_love,,"Тебе не кажется, что в последнее время мы стали хорошей
командой?",
common028_0_male_love,,"Тебе не кажется, что в последнее время мы стали хорошей
командой?",
common028_0_female_love,,"Тебе не кажется, что в последнее время мы стали хорошей
командой?",
common028_0_old_love,,"Тебе не кажется, что в последнее время мы стали хорошей
командой?",
common028_0_child_friendship,,"Тебе не кажется, что в последнее время мы стали хорошей
командой?",
common028_0_male_friendship,,"Тебе не кажется, что в последнее время мы стали хорошей
командой?",
common028_0_female_friendship,,"Тебе не кажется, что в последнее время мы стали хорошей
командой?",
common028_0_old_friendship,,"Тебе не кажется, что в последнее время мы стали хорошей
командой?",
common028_0_child_knowledge,,"Тебе не кажется, что в последнее время мы стали хорошей
командой?",
common028_0_male_knowledge,,"Тебе не кажется, что в последнее время мы стали хорошей
командой?",
common028_0_female_knowledge,,"Тебе не кажется, что в последнее время мы стали хорошей
командой?",
common028_0_old_knowledge,,"Тебе не кажется, что в последнее время мы стали хорошей
командой?",
common028_1_replay,char_PLAYER_M,"Да. Я знаю, что ты прикроешь меня.",
common028_1_reaction_child_courage,,"Хе-хе. Ты можешь рассчитывать на меня! Никто не сможет победить
нас двоих вместе!",
common028_1_reaction_male_courage,,"Хе-хе. Ты можешь рассчитывать на меня! Никто не сможет победить
нас двоих вместе!",
common028_1_reaction_female_courage,,"Хе-хе. Ты можешь рассчитывать на меня! Никто не сможет победить
нас двоих вместе!",
common028_1_reaction_old_courage,,"Хе-хе. Ты можешь рассчитывать на меня! Никто не сможет победить
нас двоих вместе!",
common028_1_reaction_child_love,,"Хе-хе. Ты можешь рассчитывать на меня! Никто не сможет победить
нас двоих вместе!",
common028_1_reaction_male_love,,"Хе-хе. Ты можешь рассчитывать на меня! Никто не сможет победить
нас двоих вместе!",
common028_1_reaction_female_love,,"Хе-хе. Ты можешь рассчитывать на меня! Никто не сможет победить
нас двоих вместе!",
common028_1_reaction_old_love,,"Хе-хе. Ты можешь рассчитывать на меня! Никто не сможет победить
нас двоих вместе!",
common028_1_reaction_child_friendship,,"Хе-хе. Ты можешь рассчитывать на меня! Никто не сможет победить
нас двоих вместе!",
common028_1_reaction_male_friendship,,"Хе-хе. Ты можешь рассчитывать на меня! Никто не сможет победить
нас двоих вместе!",
common028_1_reaction_female_friendship,,"Хе-хе. Ты можешь рассчитывать на меня! Никто не сможет победить
нас двоих вместе!",
common028_1_reaction_old_friendship,,"Хе-хе. Ты можешь рассчитывать на меня! Никто не сможет победить
нас двоих вместе!",
common028_1_reaction_child_knowledge,,"Хе-хе. Ты можешь рассчитывать на меня! Никто не сможет победить
нас двоих вместе!",
common028_1_reaction_male_knowledge,,"Хе-хе. Ты можешь рассчитывать на меня! Никто не сможет победить
нас двоих вместе!",
common028_1_reaction_female_knowledge,,"Хе-хе. Ты можешь рассчитывать на меня! Никто не сможет победить
нас двоих вместе!",
common028_1_reaction_old_knowledge,,"Хе-хе. Ты можешь рассчитывать на меня! Никто не сможет победить
нас двоих вместе!",
common028_2_replay,char_PLAYER_M,"Я думаю, ты все выдумываешь.",
common028_2_reaction_child_courage,,"Правда? Все эти командные штучки, конечно, непростые.",
common028_2_reaction_male_courage,,"Правда? Все эти командные штучки, конечно, непростые.",
common028_2_reaction_female_courage,,"Правда? Все эти командные штучки, конечно, непростые.",
common028_2_reaction_old_courage,,"Правда? Все эти командные штучки, конечно, непростые.",
common028_2_reaction_child_love,,"Правда? Все эти командные штучки, конечно, непростые.",
common028_2_reaction_male_love,,"Правда? Все эти командные штучки, конечно, непростые.",
common028_2_reaction_female_love,,"Правда? Все эти командные штучки, конечно, непростые.",
common028_2_reaction_old_love,,"Правда? Все эти командные штучки, конечно, непростые.",
common028_2_reaction_child_friendship,,"Правда? Все эти командные штучки, конечно, непростые.",
common028_2_reaction_male_friendship,,"Правда? Все эти командные штучки, конечно, непростые.",
common028_2_reaction_female_friendship,,"Правда? Все эти командные штучки, конечно, непростые.",
common028_2_reaction_old_friendship,,"Правда? Все эти командные штучки, конечно, непростые.",
common028_2_reaction_child_knowledge,,"Правда? Все эти командные штучки, конечно, непростые.",
common028_2_reaction_male_knowledge,,"Правда? Все эти командные штучки, конечно, непростые.",
common028_2_reaction_female_knowledge,,"Правда? Все эти командные штучки, конечно, непростые.",
common028_2_reaction_old_knowledge,,"Правда? Все эти командные штучки, конечно, непростые.",
common029_0_child_courage,,Что же такое любовь на самом деле?,
common029_0_male_courage,,Что же такое любовь на самом деле?,
common029_0_female_courage,,Что же такое любовь на самом деле?,
common029_0_old_courage,,Что же такое любовь на самом деле?,
common029_0_child_love,,Что же такое любовь на самом деле?,
common029_0_male_love,,Что же такое любовь на самом деле?,
common029_0_female_love,,Что же такое любовь на самом деле?,
common029_0_old_love,,Что же такое любовь на самом деле?,
common029_0_child_friendship,,Что же такое любовь на самом деле?,
common029_0_male_friendship,,Что же такое любовь на самом деле?,
common029_0_female_friendship,,Что же такое любовь на самом деле?,
common029_0_old_friendship,,Что же такое любовь на самом деле?,
common029_0_child_knowledge,,Что же такое любовь на самом деле?,
common029_0_male_knowledge,,Что же такое любовь на самом деле?,
common029_0_female_knowledge,,Что же такое любовь на самом деле?,
common029_0_old_knowledge,,Что же такое любовь на самом деле?,
common029_1_replay,char_PLAYER_M,Самая важная вещь из всех.,
common029_1_reaction_child_courage,,"Значит, ты тоже так думаешь, да? Недавно я понял, насколько
важна любовь.",
common029_1_reaction_male_courage,,"Значит, ты тоже так думаешь, да? Недавно я понял, насколько
важна любовь.",
common029_1_reaction_female_courage,,"Значит, ты тоже так думаешь, да? Недавно я понял, насколько
важна любовь.",
common029_1_reaction_old_courage,,"Значит, ты тоже так думаешь, да? Недавно я понял, насколько
важна любовь.",
common029_1_reaction_child_love,,"Значит, ты тоже так думаешь, да? Недавно я понял, насколько
важна любовь.",
common029_1_reaction_male_love,,"Значит, ты тоже так думаешь, да? Недавно я понял, насколько
важна любовь.",
common029_1_reaction_female_love,,"Значит, ты тоже так думаешь, да? Недавно я понял, насколько
важна любовь.",
common029_1_reaction_old_love,,"Значит, ты тоже так думаешь, да? Недавно я понял, насколько
важна любовь.",
common029_1_reaction_child_friendship,,"Значит, ты тоже так думаешь, да? Недавно я понял, насколько
важна любовь.",
common029_1_reaction_male_friendship,,"Значит, ты тоже так думаешь, да? Недавно я понял, насколько
важна любовь.",
common029_1_reaction_female_friendship,,"Значит, ты тоже так думаешь, да? Недавно я понял, насколько
важна любовь.",
common029_1_reaction_old_friendship,,"Значит, ты тоже так думаешь, да? Недавно я понял, насколько
важна любовь.",
common029_1_reaction_child_knowledge,,"Значит, ты тоже так думаешь, да? Недавно я понял, насколько
важна любовь.",
common029_1_reaction_male_knowledge,,"Значит, ты тоже так думаешь, да? Недавно я понял, насколько
важна любовь.",
common029_1_reaction_female_knowledge,,"Значит, ты тоже так думаешь, да? Недавно я понял, насколько
важна любовь.",
common029_1_reaction_old_knowledge,,"Значит, ты тоже так думаешь, да? Недавно я понял, насколько
важна любовь.",
common029_2_replay,char_PLAYER_M,Тебе не о чем беспокоиться.,
common029_2_reaction_child_courage,,"О, правда? Тогда, наверное, я перестану думать об этом.",
common029_2_reaction_male_courage,,"О, правда? Тогда, наверное, я перестану думать об этом.",
common029_2_reaction_female_courage,,"О, правда? Тогда, наверное, я перестану думать об этом.",
common029_2_reaction_old_courage,,"О, правда? Тогда, наверное, я перестану думать об этом.",
common029_2_reaction_child_love,,"О, правда? Тогда, наверное, я перестану думать об этом.",
common029_2_reaction_male_love,,"О, правда? Тогда, наверное, я перестану думать об этом.",
common029_2_reaction_female_love,,"О, правда? Тогда, наверное, я перестану думать об этом.",
common029_2_reaction_old_love,,"О, правда? Тогда, наверное, я перестану думать об этом.",
common029_2_reaction_child_friendship,,"О, правда? Тогда, наверное, я перестану думать об этом.",
common029_2_reaction_male_friendship,,"О, правда? Тогда, наверное, я перестану думать об этом.",
common029_2_reaction_female_friendship,,"О, правда? Тогда, наверное, я перестану думать об этом.",
common029_2_reaction_old_friendship,,"О, правда? Тогда, наверное, я перестану думать об этом.",
common029_2_reaction_child_knowledge,,"О, правда? Тогда, наверное, я перестану думать об этом.",
common029_2_reaction_male_knowledge,,"О, правда? Тогда, наверное, я перестану думать об этом.",
common029_2_reaction_female_knowledge,,"О, правда? Тогда, наверное, я перестану думать об этом.",
common029_2_reaction_old_knowledge,,"О, правда? Тогда, наверное, я перестану думать об этом.",
common030_0_child_courage,,"Нужна ли мне любовь, чтобы стать сильнее?",
common030_0_male_courage,,"Нужна ли мне любовь, чтобы стать сильнее?",
common030_0_female_courage,,"Нужна ли мне любовь, чтобы стать сильнее?",
common030_0_old_courage,,"Нужна ли мне любовь, чтобы стать сильнее?",
common030_0_child_love,,"Нужна ли мне любовь, чтобы стать сильнее?",
common030_0_male_love,,"Нужна ли мне любовь, чтобы стать сильнее?",
common030_0_female_love,,"Нужна ли мне любовь, чтобы стать сильнее?",
common030_0_old_love,,"Нужна ли мне любовь, чтобы стать сильнее?",
common030_0_child_friendship,,"Нужна ли мне любовь, чтобы стать сильнее?",
common030_0_male_friendship,,"Нужна ли мне любовь, чтобы стать сильнее?",
common030_0_female_friendship,,"Нужна ли мне любовь, чтобы стать сильнее?",
common030_0_old_friendship,,"Нужна ли мне любовь, чтобы стать сильнее?",
common030_0_child_knowledge,,"Нужна ли мне любовь, чтобы стать сильнее?",
common030_0_male_knowledge,,"Нужна ли мне любовь, чтобы стать сильнее?",
common030_0_female_knowledge,,"Нужна ли мне любовь, чтобы стать сильнее?",
common030_0_old_knowledge,,"Нужна ли мне любовь, чтобы стать сильнее?",
common030_1_replay,char_PLAYER_M,"Я думаю, что да.",
common030_1_reaction_child_courage,,"Иногда чувства придают тебе дополнительную остроту, ха! Я
собираюсь принять любовь!",
common030_1_reaction_male_courage,,"Иногда чувства придают тебе дополнительную остроту, ха! Я
собираюсь принять любовь!",
common030_1_reaction_female_courage,,"Иногда чувства придают тебе дополнительную остроту, ха! Я
собираюсь принять любовь!",
common030_1_reaction_old_courage,,"Иногда чувства придают тебе дополнительную остроту, ха! Я
собираюсь принять любовь!",
common030_1_reaction_child_love,,"Иногда чувства придают тебе дополнительную остроту, ха! Я
собираюсь принять любовь!",
common030_1_reaction_male_love,,"Иногда чувства придают тебе дополнительную остроту, ха! Я
собираюсь принять любовь!",
common030_1_reaction_female_love,,"Иногда чувства придают тебе дополнительную остроту, ха! Я
собираюсь принять любовь!",
common030_1_reaction_old_love,,"Иногда чувства придают тебе дополнительную остроту, ха! Я
собираюсь принять любовь!",
common030_1_reaction_child_friendship,,"Иногда чувства придают тебе дополнительную остроту, ха! Я
собираюсь принять любовь!",
common030_1_reaction_male_friendship,,"Иногда чувства придают тебе дополнительную остроту, ха! Я
собираюсь принять любовь!",
common030_1_reaction_female_friendship,,"Иногда чувства придают тебе дополнительную остроту, ха! Я
собираюсь принять любовь!",
common030_1_reaction_old_friendship,,"Иногда чувства придают тебе дополнительную остроту, ха! Я
собираюсь принять любовь!",
common030_1_reaction_child_knowledge,,"Иногда чувства придают тебе дополнительную остроту, ха! Я
собираюсь принять любовь!",
common030_1_reaction_male_knowledge,,"Иногда чувства придают тебе дополнительную остроту, ха! Я
собираюсь принять любовь!",
common030_1_reaction_female_knowledge,,"Иногда чувства придают тебе дополнительную остроту, ха! Я
собираюсь принять любовь!",
common030_1_reaction_old_knowledge,,"Иногда чувства придают тебе дополнительную остроту, ха! Я
собираюсь принять любовь!",
common030_2_replay,char_PLAYER_M,На самом деле я так не думаю.,
common030_2_reaction_child_courage,,"Значит, сила - это сила и мастерство, да? Понятно.",
common030_2_reaction_male_courage,,"Значит, сила - это сила и мастерство, да? Понятно.",
common030_2_reaction_female_courage,,"Значит, сила - это сила и мастерство, да? Понятно.",
common030_2_reaction_old_courage,,"Значит, сила - это сила и мастерство, да? Понятно.",
common030_2_reaction_child_love,,"Значит, сила - это сила и мастерство, да? Понятно.",
common030_2_reaction_male_love,,"Значит, сила - это сила и мастерство, да? Понятно.",
common030_2_reaction_female_love,,"Значит, сила - это сила и мастерство, да? Понятно.",
common030_2_reaction_old_love,,"Значит, сила - это сила и мастерство, да? Понятно.",
common030_2_reaction_child_friendship,,"Значит, сила - это сила и мастерство, да? Понятно.",
common030_2_reaction_male_friendship,,"Значит, сила - это сила и мастерство, да? Понятно.",
common030_2_reaction_female_friendship,,"Значит, сила - это сила и мастерство, да? Понятно.",
common030_2_reaction_old_friendship,,"Значит, сила - это сила и мастерство, да? Понятно.",
common030_2_reaction_child_knowledge,,"Значит, сила - это сила и мастерство, да? Понятно.",
common030_2_reaction_male_knowledge,,"Значит, сила - это сила и мастерство, да? Понятно.",
common030_2_reaction_female_knowledge,,"Значит, сила - это сила и мастерство, да? Понятно.",
common030_2_reaction_old_knowledge,,"Значит, сила - это сила и мастерство, да? Понятно.",
common031_0_child_courage,,"Тебе не кажется, что ты ведешь себя безрассудно? Знаешь, это
нормально - сделать перерыв.",
common031_0_male_courage,,"Тебе не кажется, что ты ведешь себя безрассудно? Знаешь, это
нормально - сделать перерыв.",
common031_0_female_courage,,"Тебе не кажется, что ты ведешь себя безрассудно? Знаешь, это
нормально - сделать перерыв.",
common031_0_old_courage,,"Тебе не кажется, что ты ведешь себя безрассудно? Знаешь, это
нормально - сделать перерыв.",
common031_0_child_love,,"Тебе не кажется, что ты ведешь себя безрассудно? Знаешь, это
нормально - сделать перерыв.",
common031_0_male_love,,"Тебе не кажется, что ты ведешь себя безрассудно? Знаешь, это
нормально - сделать перерыв.",
common031_0_female_love,,"Тебе не кажется, что ты ведешь себя безрассудно? Знаешь, это
нормально - сделать перерыв.",
common031_0_old_love,,"Тебе не кажется, что ты ведешь себя безрассудно? Знаешь, это
нормально - сделать перерыв.",
common031_0_child_friendship,,"Тебе не кажется, что ты ведешь себя безрассудно? Знаешь, это
нормально - сделать перерыв.",
common031_0_male_friendship,,"Тебе не кажется, что ты ведешь себя безрассудно? Знаешь, это
нормально - сделать перерыв.",
common031_0_female_friendship,,"Тебе не кажется, что ты ведешь себя безрассудно? Знаешь, это
нормально - сделать перерыв.",
common031_0_old_friendship,,"Тебе не кажется, что ты ведешь себя безрассудно? Знаешь, это
нормально - сделать перерыв.",
common031_0_child_knowledge,,"Тебе не кажется, что ты ведешь себя безрассудно? Знаешь, это
нормально - сделать перерыв.",
common031_0_male_knowledge,,"Тебе не кажется, что ты ведешь себя безрассудно? Знаешь, это
нормально - сделать перерыв.",
common031_0_female_knowledge,,"Тебе не кажется, что ты ведешь себя безрассудно? Знаешь, это
нормально - сделать перерыв.",
common031_0_old_knowledge,,"Тебе не кажется, что ты ведешь себя безрассудно? Знаешь, это
нормально - сделать перерыв.",
common031_1_replay,char_PLAYER_M,Спасибо. Это очень мило с вашей стороны.,
common031_1_reaction_child_courage,,"Н- Не совсем... Я просто не хочу попасть в затруднительное
положение, если мой партнер упадет в обморок.",
common031_1_reaction_male_courage,,"Н- Не совсем... Я просто не хочу попасть в затруднительное
положение, если мой партнер упадет в обморок.",
common031_1_reaction_female_courage,,"Н- Не совсем... Я просто не хочу попасть в затруднительное
положение, если мой партнер упадет в обморок.",
common031_1_reaction_old_courage,,"Н- Не совсем... Я просто не хочу попасть в затруднительное
положение, если мой партнер упадет в обморок.",
common031_1_reaction_child_love,,"Н- Не совсем... Я просто не хочу попасть в затруднительное
положение, если мой партнер упадет в обморок.",
common031_1_reaction_male_love,,"Н- Не совсем... Я просто не хочу попасть в затруднительное
положение, если мой партнер упадет в обморок.",
common031_1_reaction_female_love,,"Н- Не совсем... Я просто не хочу попасть в затруднительное
положение, если мой партнер упадет в обморок.",
common031_1_reaction_old_love,,"Н- Не совсем... Я просто не хочу попасть в затруднительное
положение, если мой партнер упадет в обморок.",
common031_1_reaction_child_friendship,,"Н- Не совсем... Я просто не хочу попасть в затруднительное
положение, если мой партнер упадет в обморок.",
common031_1_reaction_male_friendship,,"Н- Не совсем... Я просто не хочу попасть в затруднительное
положение, если мой партнер упадет в обморок.",
common031_1_reaction_female_friendship,,"Н- Не совсем... Я просто не хочу попасть в затруднительное
положение, если мой партнер упадет в обморок.",
common031_1_reaction_old_friendship,,"Н- Не совсем... Я просто не хочу попасть в затруднительное
положение, если мой партнер упадет в обморок.",
common031_1_reaction_child_knowledge,,"Н- Не совсем... Я просто не хочу попасть в затруднительное
положение, если мой партнер упадет в обморок.",
common031_1_reaction_male_knowledge,,"Н- Не совсем... Я просто не хочу попасть в затруднительное
положение, если мой партнер упадет в обморок.",
common031_1_reaction_female_knowledge,,"Н- Не совсем... Я просто не хочу попасть в затруднительное
положение, если мой партнер упадет в обморок.",
common031_1_reaction_old_knowledge,,"Н- Не совсем... Я просто не хочу попасть в затруднительное
положение, если мой партнер упадет в обморок.",
common031_2_replay,char_PLAYER_M,Это сущий пустяк.,
common031_2_reaction_child_courage,,...Хорошо. Только не переусердствуй.,
common031_2_reaction_male_courage,,...Хорошо. Только не переусердствуй.,
common031_2_reaction_female_courage,,...Хорошо. Только не переусердствуй.,
common031_2_reaction_old_courage,,...Хорошо. Только не переусердствуй.,
common031_2_reaction_child_love,,...Хорошо. Только не переусердствуй.,
common031_2_reaction_male_love,,...Хорошо. Только не переусердствуй.,
common031_2_reaction_female_love,,...Хорошо. Только не переусердствуй.,
common031_2_reaction_old_love,,...Хорошо. Только не переусердствуй.,
common031_2_reaction_child_friendship,,...Хорошо. Только не переусердствуй.,
common031_2_reaction_male_friendship,,...Хорошо. Только не переусердствуй.,
common031_2_reaction_female_friendship,,...Хорошо. Только не переусердствуй.,
common031_2_reaction_old_friendship,,...Хорошо. Только не переусердствуй.,
common031_2_reaction_child_knowledge,,...Хорошо. Только не переусердствуй.,
common031_2_reaction_male_knowledge,,...Хорошо. Только не переусердствуй.,
common031_2_reaction_female_knowledge,,...Хорошо. Только не переусердствуй.,
common031_2_reaction_old_knowledge,,...Хорошо. Только не переусердствуй.,
common032_0_child_courage,,"Фух, я устал. Как насчет того, чтобы сделать передышку?",
common032_0_male_courage,,"Фух, я устал. Как насчет того, чтобы сделать передышку?",
common032_0_female_courage,,"Фух, я устал. Как насчет того, чтобы сделать передышку?",
common032_0_old_courage,,"Фух, я устал. Как насчет того, чтобы сделать передышку?",
common032_0_child_love,,"Фух, я устал. Как насчет того, чтобы сделать передышку?",
common032_0_male_love,,"Фух, я устал. Как насчет того, чтобы сделать передышку?",
common032_0_female_love,,"Фух, я устал. Как насчет того, чтобы сделать передышку?",
common032_0_old_love,,"Фух, я устал. Как насчет того, чтобы сделать передышку?",
common032_0_child_friendship,,"Фух, я устал. Как насчет того, чтобы сделать передышку?",
common032_0_male_friendship,,"Фух, я устал. Как насчет того, чтобы сделать передышку?",
common032_0_female_friendship,,"Фух, я устал. Как насчет того, чтобы сделать передышку?",
common032_0_old_friendship,,"Фух, я устал. Как насчет того, чтобы сделать передышку?",
common032_0_child_knowledge,,"Фух, я устал. Как насчет того, чтобы сделать передышку?",
common032_0_male_knowledge,,"Фух, я устал. Как насчет того, чтобы сделать передышку?",
common032_0_female_knowledge,,"Фух, я устал. Как насчет того, чтобы сделать передышку?",
common032_0_old_knowledge,,"Фух, я устал. Как насчет того, чтобы сделать передышку?",
common032_1_replay,char_PLAYER_M,"Хочешь, я понесу тебя на руках?",
common032_1_reaction_child_courage,,Д-не будь дураком! Я могу идти сам... Боже.,
common032_1_reaction_male_courage,,Д-не будь дураком! Я могу идти сам... Боже.,
common032_1_reaction_female_courage,,Д-не будь дураком! Я могу идти сам... Боже.,
common032_1_reaction_old_courage,,Д-не будь дураком! Я могу идти сам... Боже.,
common032_1_reaction_child_love,,Д-не будь дураком! Я могу идти сам... Боже.,
common032_1_reaction_male_love,,Д-не будь дураком! Я могу идти сам... Боже.,
common032_1_reaction_female_love,,Д-не будь дураком! Я могу идти сам... Боже.,
common032_1_reaction_old_love,,Д-не будь дураком! Я могу идти сам... Боже.,
common032_1_reaction_child_friendship,,Д-не будь дураком! Я могу идти сам... Боже.,
common032_1_reaction_male_friendship,,Д-не будь дураком! Я могу идти сам... Боже.,
common032_1_reaction_female_friendship,,Д-не будь дураком! Я могу идти сам... Боже.,
common032_1_reaction_old_friendship,,Д-не будь дураком! Я могу идти сам... Боже.,
common032_1_reaction_child_knowledge,,Д-не будь дураком! Я могу идти сам... Боже.,
common032_1_reaction_male_knowledge,,Д-не будь дураком! Я могу идти сам... Боже.,
common032_1_reaction_female_knowledge,,Д-не будь дураком! Я могу идти сам... Боже.,
common032_1_reaction_old_knowledge,,Д-не будь дураком! Я могу идти сам... Боже.,
common032_2_replay,char_PLAYER_M,Уже сдаешься?,
common032_2_reaction_child_courage,,"Нет, я просто подумал, что ты, возможно, устала.",
common032_2_reaction_male_courage,,"Нет, я просто подумал, что ты, возможно, устала.",
common032_2_reaction_female_courage,,"Нет, я просто подумал, что ты, возможно, устала.",
common032_2_reaction_old_courage,,"Нет, я просто подумал, что ты, возможно, устала.",
common032_2_reaction_child_love,,"Нет, я просто подумал, что ты, возможно, устала.",
common032_2_reaction_male_love,,"Нет, я просто подумал, что ты, возможно, устала.",
common032_2_reaction_female_love,,"Нет, я просто подумал, что ты, возможно, устала.",
common032_2_reaction_old_love,,"Нет, я просто подумал, что ты, возможно, устала.",
common032_2_reaction_child_friendship,,"Нет, я просто подумал, что ты, возможно, устала.",
common032_2_reaction_male_friendship,,"Нет, я просто подумал, что ты, возможно, устала.",
common032_2_reaction_female_friendship,,"Нет, я просто подумал, что ты, возможно, устала.",
common032_2_reaction_old_friendship,,"Нет, я просто подумал, что ты, возможно, устала.",
common032_2_reaction_child_knowledge,,"Нет, я просто подумал, что ты, возможно, устала.",
common032_2_reaction_male_knowledge,,"Нет, я просто подумал, что ты, возможно, устала.",
common032_2_reaction_female_knowledge,,"Нет, я просто подумал, что ты, возможно, устала.",
common032_2_reaction_old_knowledge,,"Нет, я просто подумал, что ты, возможно, устала.",
common033_0_child_courage,,"Что для вас значит мужество? У меня такое чувство, что это
должно быть что-то очень важное.",
common033_0_male_courage,,"Что для вас значит мужество? У меня такое чувство, что это
должно быть что-то очень важное.",
common033_0_female_courage,,"Что для вас значит мужество? У меня такое чувство, что это
должно быть что-то очень важное.",
common033_0_old_courage,,"Что для вас значит мужество? У меня такое чувство, что это
должно быть что-то очень важное.",
common033_0_child_love,,"Что для вас значит мужество? У меня такое чувство, что это
должно быть что-то очень важное.",
common033_0_male_love,,"Что для вас значит мужество? У меня такое чувство, что это
должно быть что-то очень важное.",
common033_0_female_love,,"Что для вас значит мужество? У меня такое чувство, что это
должно быть что-то очень важное.",
common033_0_old_love,,"Что для вас значит мужество? У меня такое чувство, что это
должно быть что-то очень важное.",
common033_0_child_friendship,,"Что для вас значит мужество? У меня такое чувство, что это
должно быть что-то очень важное.",
common033_0_male_friendship,,"Что для вас значит мужество? У меня такое чувство, что это
должно быть что-то очень важное.",
common033_0_female_friendship,,"Что для вас значит мужество? У меня такое чувство, что это
должно быть что-то очень важное.",
common033_0_old_friendship,,"Что для вас значит мужество? У меня такое чувство, что это
должно быть что-то очень важное.",
common033_0_child_knowledge,,"Что для вас значит мужество? У меня такое чувство, что это
должно быть что-то очень важное.",
common033_0_male_knowledge,,"Что для вас значит мужество? У меня такое чувство, что это
должно быть что-то очень важное.",
common033_0_female_knowledge,,"Что для вас значит мужество? У меня такое чувство, что это
должно быть что-то очень важное.",
common033_0_old_knowledge,,"Что для вас значит мужество? У меня такое чувство, что это
должно быть что-то очень важное.",
common033_1_replay,char_PLAYER_M,"Да, это жизненно важный источник силы.",
common033_1_reaction_child_courage,,"Вот почему ты такой удивительный! Иметь смелость - это очень
замечательная вещь.",
common033_1_reaction_male_courage,,"Вот почему ты такой удивительный! Иметь смелость - это очень
замечательная вещь.",
common033_1_reaction_female_courage,,"Вот почему ты такой удивительный! Иметь смелость - это очень
замечательная вещь.",
common033_1_reaction_old_courage,,"Вот почему ты такой удивительный! Иметь смелость - это очень
замечательная вещь.",
common033_1_reaction_child_love,,"Вот почему ты такой удивительный! Иметь смелость - это очень
замечательная вещь.",
common033_1_reaction_male_love,,"Вот почему ты такой удивительный! Иметь смелость - это очень
замечательная вещь.",
common033_1_reaction_female_love,,"Вот почему ты такой удивительный! Иметь смелость - это очень
замечательная вещь.",
common033_1_reaction_old_love,,"Вот почему ты такой удивительный! Иметь смелость - это очень
замечательная вещь.",
common033_1_reaction_child_friendship,,"Вот почему ты такой удивительный! Иметь смелость - это очень
замечательная вещь.",
common033_1_reaction_male_friendship,,"Вот почему ты такой удивительный! Иметь смелость - это очень
замечательная вещь.",
common033_1_reaction_female_friendship,,"Вот почему ты такой удивительный! Иметь смелость - это очень
замечательная вещь.",
common033_1_reaction_old_friendship,,"Вот почему ты такой удивительный! Иметь смелость - это очень
замечательная вещь.",
common033_1_reaction_child_knowledge,,"Вот почему ты такой удивительный! Иметь смелость - это очень
замечательная вещь.",
common033_1_reaction_male_knowledge,,"Вот почему ты такой удивительный! Иметь смелость - это очень
замечательная вещь.",
common033_1_reaction_female_knowledge,,"Вот почему ты такой удивительный! Иметь смелость - это очень
замечательная вещь.",
common033_1_reaction_old_knowledge,,"Вот почему ты такой удивительный! Иметь смелость - это очень
замечательная вещь.",
common033_2_replay,char_PLAYER_M,"Есть вещи поважнее, чем мужество.",
common033_2_reaction_child_courage,,"Значит, есть другие способы взглянуть на это, да? Мне нужно
расширить свой кругозор!",
common033_2_reaction_male_courage,,"Значит, есть другие способы взглянуть на это, да? Мне нужно
расширить свой кругозор!",
common033_2_reaction_female_courage,,"Значит, есть другие способы взглянуть на это, да? Мне нужно
расширить свой кругозор!",
common033_2_reaction_old_courage,,"Значит, есть другие способы взглянуть на это, да? Мне нужно
расширить свой кругозор!",
common033_2_reaction_child_love,,"Значит, есть другие способы взглянуть на это, да? Мне нужно
расширить свой кругозор!",
common033_2_reaction_male_love,,"Значит, есть другие способы взглянуть на это, да? Мне нужно
расширить свой кругозор!",
common033_2_reaction_female_love,,"Значит, есть другие способы взглянуть на это, да? Мне нужно
расширить свой кругозор!",
common033_2_reaction_old_love,,"Значит, есть другие способы взглянуть на это, да? Мне нужно
расширить свой кругозор!",
common033_2_reaction_child_friendship,,"Значит, есть другие способы взглянуть на это, да? Мне нужно
расширить свой кругозор!",
common033_2_reaction_male_friendship,,"Значит, есть другие способы взглянуть на это, да? Мне нужно
расширить свой кругозор!",
common033_2_reaction_female_friendship,,"Значит, есть другие способы взглянуть на это, да? Мне нужно
расширить свой кругозор!",
common033_2_reaction_old_friendship,,"Значит, есть другие способы взглянуть на это, да? Мне нужно
расширить свой кругозор!",
common033_2_reaction_child_knowledge,,"Значит, есть другие способы взглянуть на это, да? Мне нужно
расширить свой кругозор!",
common033_2_reaction_male_knowledge,,"Значит, есть другие способы взглянуть на это, да? Мне нужно
расширить свой кругозор!",
common033_2_reaction_female_knowledge,,"Значит, есть другие способы взглянуть на это, да? Мне нужно
расширить свой кругозор!",
common033_2_reaction_old_knowledge,,"Значит, есть другие способы взглянуть на это, да? Мне нужно
расширить свой кругозор!",
common034_0_child_courage,,"* шмыганье носом * Извини, что расплакалась. Просто я испортила
свой навык... Может быть, я не смогу этого сделать.",
common034_0_male_courage,,"* шмыганье носом * Извини, что расплакалась. Просто я испортила
свой навык... Может быть, я не смогу этого сделать.",
common034_0_female_courage,,"* шмыганье носом * Извини, что расплакалась. Просто я испортила
свой навык... Может быть, я не смогу этого сделать.",
common034_0_old_courage,,"* шмыганье носом * Извини, что расплакалась. Просто я испортила
свой навык... Может быть, я не смогу этого сделать.",
common034_0_child_love,,"* шмыганье носом * Извини, что расплакалась. Просто я испортила
свой навык... Может быть, я не смогу этого сделать.",
common034_0_male_love,,"* шмыганье носом * Извини, что расплакалась. Просто я испортила
свой навык... Может быть, я не смогу этого сделать.",
common034_0_female_love,,"* шмыганье носом * Извини, что расплакалась. Просто я испортила
свой навык... Может быть, я не смогу этого сделать.",
common034_0_old_love,,"* шмыганье носом * Извини, что расплакалась. Просто я испортила
свой навык... Может быть, я не смогу этого сделать.",
common034_0_child_friendship,,"* шмыганье носом * Извини, что расплакалась. Просто я испортила
свой навык... Может быть, я не смогу этого сделать.",
common034_0_male_friendship,,"* шмыганье носом * Извини, что расплакалась. Просто я испортила
свой навык... Может быть, я не смогу этого сделать.",
common034_0_female_friendship,,"* шмыганье носом * Извини, что расплакалась. Просто я испортила
свой навык... Может быть, я не смогу этого сделать.",
common034_0_old_friendship,,"* шмыганье носом * Извини, что расплакалась. Просто я испортила
свой навык... Может быть, я не смогу этого сделать.",
common034_0_child_knowledge,,"* шмыганье носом * Извини, что расплакалась. Просто я испортила
свой навык... Может быть, я не смогу этого сделать.",
common034_0_male_knowledge,,"* шмыганье носом * Извини, что расплакалась. Просто я испортила
свой навык... Может быть, я не смогу этого сделать.",
common034_0_female_knowledge,,"* шмыганье носом * Извини, что расплакалась. Просто я испортила
свой навык... Может быть, я не смогу этого сделать.",
common034_0_old_knowledge,,"* шмыганье носом * Извини, что расплакалась. Просто я испортила
свой навык... Может быть, я не смогу этого сделать.",
common034_1_replay,char_PLAYER_M,Наберись храбрости и попробуй еще раз.,
common034_1_reaction_child_courage,,"... Да, сдавайся сейчас, и вся моя тяжелая работа ничего не
будет значить. Я должен продолжать пытаться!",
common034_1_reaction_male_courage,,"... Да, сдавайся сейчас, и вся моя тяжелая работа ничего не
будет значить. Я должен продолжать пытаться!",
common034_1_reaction_female_courage,,"... Да, сдавайся сейчас, и вся моя тяжелая работа ничего не
будет значить. Я должен продолжать пытаться!",
common034_1_reaction_old_courage,,"... Да, сдавайся сейчас, и вся моя тяжелая работа ничего не
будет значить. Я должен продолжать пытаться!",
common034_1_reaction_child_love,,"... Да, сдавайся сейчас, и вся моя тяжелая работа ничего не
будет значить. Я должен продолжать пытаться!",
common034_1_reaction_male_love,,"... Да, сдавайся сейчас, и вся моя тяжелая работа ничего не
будет значить. Я должен продолжать пытаться!",
common034_1_reaction_female_love,,"... Да, сдавайся сейчас, и вся моя тяжелая работа ничего не
будет значить. Я должен продолжать пытаться!",
common034_1_reaction_old_love,,"... Да, сдавайся сейчас, и вся моя тяжелая работа ничего не
будет значить. Я должен продолжать пытаться!",
common034_1_reaction_child_friendship,,"... Да, сдавайся сейчас, и вся моя тяжелая работа ничего не
будет значить. Я должен продолжать пытаться!",
common034_1_reaction_male_friendship,,"... Да, сдавайся сейчас, и вся моя тяжелая работа ничего не
будет значить. Я должен продолжать пытаться!",
common034_1_reaction_female_friendship,,"... Да, сдавайся сейчас, и вся моя тяжелая работа ничего не
будет значить. Я должен продолжать пытаться!",
common034_1_reaction_old_friendship,,"... Да, сдавайся сейчас, и вся моя тяжелая работа ничего не
будет значить. Я должен продолжать пытаться!",
common034_1_reaction_child_knowledge,,"... Да, сдавайся сейчас, и вся моя тяжелая работа ничего не
будет значить. Я должен продолжать пытаться!",
common034_1_reaction_male_knowledge,,"... Да, сдавайся сейчас, и вся моя тяжелая работа ничего не
будет значить. Я должен продолжать пытаться!",
common034_1_reaction_female_knowledge,,"... Да, сдавайся сейчас, и вся моя тяжелая работа ничего не
будет значить. Я должен продолжать пытаться!",
common034_1_reaction_old_knowledge,,"... Да, сдавайся сейчас, и вся моя тяжелая работа ничего не
будет значить. Я должен продолжать пытаться!",
common034_2_replay,char_PLAYER_M,Просто уже выбросьте полотенце.,
common034_2_reaction_child_courage,,"* принюхиваюсь* ... Ладно. Может, это и к лучшему.",
common034_2_reaction_male_courage,,"* принюхиваюсь* ... Ладно. Может, это и к лучшему.",
common034_2_reaction_female_courage,,"* принюхиваюсь* ... Ладно. Может, это и к лучшему.",
common034_2_reaction_old_courage,,"* принюхиваюсь* ... Ладно. Может, это и к лучшему.",
common034_2_reaction_child_love,,"* принюхиваюсь* ... Ладно. Может, это и к лучшему.",
common034_2_reaction_male_love,,"* принюхиваюсь* ... Ладно. Может, это и к лучшему.",
common034_2_reaction_female_love,,"* принюхиваюсь* ... Ладно. Может, это и к лучшему.",
common034_2_reaction_old_love,,"* принюхиваюсь* ... Ладно. Может, это и к лучшему.",
common034_2_reaction_child_friendship,,"* принюхиваюсь* ... Ладно. Может, это и к лучшему.",
common034_2_reaction_male_friendship,,"* принюхиваюсь* ... Ладно. Может, это и к лучшему.",
common034_2_reaction_female_friendship,,"* принюхиваюсь* ... Ладно. Может, это и к лучшему.",
common034_2_reaction_old_friendship,,"* принюхиваюсь* ... Ладно. Может, это и к лучшему.",
common034_2_reaction_child_knowledge,,"* принюхиваюсь* ... Ладно. Может, это и к лучшему.",
common034_2_reaction_male_knowledge,,"* принюхиваюсь* ... Ладно. Может, это и к лучшему.",
common034_2_reaction_female_knowledge,,"* принюхиваюсь* ... Ладно. Может, это и к лучшему.",
common034_2_reaction_old_knowledge,,"* принюхиваюсь* ... Ладно. Может, это и к лучшему.",
common035_0_child_courage,,"Честно говоря, я все еще немного боюсь драться с другими.",
common035_0_male_courage,,"Честно говоря, я все еще немного боюсь драться с другими.",
common035_0_female_courage,,"Честно говоря, я все еще немного боюсь драться с другими.",
common035_0_old_courage,,"Честно говоря, я все еще немного боюсь драться с другими.",
common035_0_child_love,,"Честно говоря, я все еще немного боюсь драться с другими.",
common035_0_male_love,,"Честно говоря, я все еще немного боюсь драться с другими.",
common035_0_female_love,,"Честно говоря, я все еще немного боюсь драться с другими.",
common035_0_old_love,,"Честно говоря, я все еще немного боюсь драться с другими.",
common035_0_child_friendship,,"Честно говоря, я все еще немного боюсь драться с другими.",
common035_0_male_friendship,,"Честно говоря, я все еще немного боюсь драться с другими.",
common035_0_female_friendship,,"Честно говоря, я все еще немного боюсь драться с другими.",
common035_0_old_friendship,,"Честно говоря, я все еще немного боюсь драться с другими.",
common035_0_child_knowledge,,"Честно говоря, я все еще немного боюсь драться с другими.",
common035_0_male_knowledge,,"Честно говоря, я все еще немного боюсь драться с другими.",
common035_0_female_knowledge,,"Честно говоря, я все еще немного боюсь драться с другими.",
common035_0_old_knowledge,,"Честно говоря, я все еще немного боюсь драться с другими.",
common035_1_replay,char_PLAYER_M,Тебе нужно быть храброй.,
common035_1_reaction_child_courage,,"Верно. Мне это нужно, если я собираюсь защитить то, что для меня
важно. Я сделаю все, что в моих силах...",
common035_1_reaction_male_courage,,"Верно. Мне это нужно, если я собираюсь защитить то, что для меня
важно. Я сделаю все, что в моих силах...",
common035_1_reaction_female_courage,,"Верно. Мне это нужно, если я собираюсь защитить то, что для меня
важно. Я сделаю все, что в моих силах...",
common035_1_reaction_old_courage,,"Верно. Мне это нужно, если я собираюсь защитить то, что для меня
важно. Я сделаю все, что в моих силах...",
common035_1_reaction_child_love,,"Верно. Мне это нужно, если я собираюсь защитить то, что для меня
важно. Я сделаю все, что в моих силах...",
common035_1_reaction_male_love,,"Верно. Мне это нужно, если я собираюсь защитить то, что для меня
важно. Я сделаю все, что в моих силах...",
common035_1_reaction_female_love,,"Верно. Мне это нужно, если я собираюсь защитить то, что для меня
важно. Я сделаю все, что в моих силах...",
common035_1_reaction_old_love,,"Верно. Мне это нужно, если я собираюсь защитить то, что для меня
важно. Я сделаю все, что в моих силах...",
common035_1_reaction_child_friendship,,"Верно. Мне это нужно, если я собираюсь защитить то, что для меня
важно. Я сделаю все, что в моих силах...",
common035_1_reaction_male_friendship,,"Верно. Мне это нужно, если я собираюсь защитить то, что для меня
важно. Я сделаю все, что в моих силах...",
common035_1_reaction_female_friendship,,"Верно. Мне это нужно, если я собираюсь защитить то, что для меня
важно. Я сделаю все, что в моих силах...",
common035_1_reaction_old_friendship,,"Верно. Мне это нужно, если я собираюсь защитить то, что для меня
важно. Я сделаю все, что в моих силах...",
common035_1_reaction_child_knowledge,,"Верно. Мне это нужно, если я собираюсь защитить то, что для меня
важно. Я сделаю все, что в моих силах...",
common035_1_reaction_male_knowledge,,"Верно. Мне это нужно, если я собираюсь защитить то, что для меня
важно. Я сделаю все, что в моих силах...",
common035_1_reaction_female_knowledge,,"Верно. Мне это нужно, если я собираюсь защитить то, что для меня
важно. Я сделаю все, что в моих силах...",
common035_1_reaction_old_knowledge,,"Верно. Мне это нужно, если я собираюсь защитить то, что для меня
важно. Я сделаю все, что в моих силах...",
common035_2_replay,char_PLAYER_M,Не дави на себя.,
common035_2_reaction_child_courage,,"Ладно... Спасибо. Я просто постараюсь сделать все, что в моих
силах.",
common035_2_reaction_male_courage,,"Ладно... Спасибо. Я просто постараюсь сделать все, что в моих
силах.",
common035_2_reaction_female_courage,,"Ладно... Спасибо. Я просто постараюсь сделать все, что в моих
силах.",
common035_2_reaction_old_courage,,"Ладно... Спасибо. Я просто постараюсь сделать все, что в моих
силах.",
common035_2_reaction_child_love,,"Ладно... Спасибо. Я просто постараюсь сделать все, что в моих
силах.",
common035_2_reaction_male_love,,"Ладно... Спасибо. Я просто постараюсь сделать все, что в моих
силах.",
common035_2_reaction_female_love,,"Ладно... Спасибо. Я просто постараюсь сделать все, что в моих
силах.",
common035_2_reaction_old_love,,"Ладно... Спасибо. Я просто постараюсь сделать все, что в моих
силах.",
common035_2_reaction_child_friendship,,"Ладно... Спасибо. Я просто постараюсь сделать все, что в моих
силах.",
common035_2_reaction_male_friendship,,"Ладно... Спасибо. Я просто постараюсь сделать все, что в моих
силах.",
common035_2_reaction_female_friendship,,"Ладно... Спасибо. Я просто постараюсь сделать все, что в моих
силах.",
common035_2_reaction_old_friendship,,"Ладно... Спасибо. Я просто постараюсь сделать все, что в моих
силах.",
common035_2_reaction_child_knowledge,,"Ладно... Спасибо. Я просто постараюсь сделать все, что в моих
силах.",
common035_2_reaction_male_knowledge,,"Ладно... Спасибо. Я просто постараюсь сделать все, что в моих
силах.",
common035_2_reaction_female_knowledge,,"Ладно... Спасибо. Я просто постараюсь сделать все, что в моих
силах.",
common035_2_reaction_old_knowledge,,"Ладно... Спасибо. Я просто постараюсь сделать все, что в моих
силах.",
common036_0_child_courage,,"Есть ли что-то, что вы хотите защитить, даже если это означает,
что вам будет больно?",
common036_0_male_courage,,"Есть ли что-то, что вы хотите защитить, даже если это означает,
что вам будет больно?",
common036_0_female_courage,,"Есть ли что-то, что вы хотите защитить, даже если это означает,
что вам будет больно?",
common036_0_old_courage,,"Есть ли что-то, что вы хотите защитить, даже если это означает,
что вам будет больно?",
common036_0_child_love,,"Есть ли что-то, что вы хотите защитить, даже если это означает,
что вам будет больно?",
common036_0_male_love,,"Есть ли что-то, что вы хотите защитить, даже если это означает,
что вам будет больно?",
common036_0_female_love,,"Есть ли что-то, что вы хотите защитить, даже если это означает,
что вам будет больно?",
common036_0_old_love,,"Есть ли что-то, что вы хотите защитить, даже если это означает,
что вам будет больно?",
common036_0_child_friendship,,"Есть ли что-то, что вы хотите защитить, даже если это означает,
что вам будет больно?",
common036_0_male_friendship,,"Есть ли что-то, что вы хотите защитить, даже если это означает,
что вам будет больно?",
common036_0_female_friendship,,"Есть ли что-то, что вы хотите защитить, даже если это означает,
что вам будет больно?",
common036_0_old_friendship,,"Есть ли что-то, что вы хотите защитить, даже если это означает,
что вам будет больно?",
common036_0_child_knowledge,,"Есть ли что-то, что вы хотите защитить, даже если это означает,
что вам будет больно?",
common036_0_male_knowledge,,"Есть ли что-то, что вы хотите защитить, даже если это означает,
что вам будет больно?",
common036_0_female_knowledge,,"Есть ли что-то, что вы хотите защитить, даже если это означает,
что вам будет больно?",
common036_0_old_knowledge,,"Есть ли что-то, что вы хотите защитить, даже если это означает,
что вам будет больно?",
common036_1_replay,char_PLAYER_M,"Да, так оно и есть.",
common036_1_reaction_child_courage,,О... Ты сильный. Хотел бы я тоже сказать это с уверенностью.,
common036_1_reaction_male_courage,,О... Ты сильный. Хотел бы я тоже сказать это с уверенностью.,
common036_1_reaction_female_courage,,О... Ты сильный. Хотел бы я тоже сказать это с уверенностью.,
common036_1_reaction_old_courage,,О... Ты сильный. Хотел бы я тоже сказать это с уверенностью.,
common036_1_reaction_child_love,,О... Ты сильный. Хотел бы я тоже сказать это с уверенностью.,
common036_1_reaction_male_love,,О... Ты сильный. Хотел бы я тоже сказать это с уверенностью.,
common036_1_reaction_female_love,,О... Ты сильный. Хотел бы я тоже сказать это с уверенностью.,
common036_1_reaction_old_love,,О... Ты сильный. Хотел бы я тоже сказать это с уверенностью.,
common036_1_reaction_child_friendship,,О... Ты сильный. Хотел бы я тоже сказать это с уверенностью.,
common036_1_reaction_male_friendship,,О... Ты сильный. Хотел бы я тоже сказать это с уверенностью.,
common036_1_reaction_female_friendship,,О... Ты сильный. Хотел бы я тоже сказать это с уверенностью.,
common036_1_reaction_old_friendship,,О... Ты сильный. Хотел бы я тоже сказать это с уверенностью.,
common036_1_reaction_child_knowledge,,О... Ты сильный. Хотел бы я тоже сказать это с уверенностью.,
common036_1_reaction_male_knowledge,,О... Ты сильный. Хотел бы я тоже сказать это с уверенностью.,
common036_1_reaction_female_knowledge,,О... Ты сильный. Хотел бы я тоже сказать это с уверенностью.,
common036_1_reaction_old_knowledge,,О... Ты сильный. Хотел бы я тоже сказать это с уверенностью.,
common036_2_replay,char_PLAYER_M,Я не знаю...,
common036_2_reaction_child_courage,,"Полагаю, на этот вопрос сложно ответить ни с того ни с сего.
Но, пожалуйста, немного подумайте.",
common036_2_reaction_male_courage,,"Полагаю, на этот вопрос сложно ответить ни с того ни с сего.
Но, пожалуйста, немного подумайте.",
common036_2_reaction_female_courage,,"Полагаю, на этот вопрос сложно ответить ни с того ни с сего.
Но, пожалуйста, немного подумайте.",
common036_2_reaction_old_courage,,"Полагаю, на этот вопрос сложно ответить ни с того ни с сего.
Но, пожалуйста, немного подумайте.",
common036_2_reaction_child_love,,"Полагаю, на этот вопрос сложно ответить ни с того ни с сего.
Но, пожалуйста, немного подумайте.",
common036_2_reaction_male_love,,"Полагаю, на этот вопрос сложно ответить ни с того ни с сего.
Но, пожалуйста, немного подумайте.",
common036_2_reaction_female_love,,"Полагаю, на этот вопрос сложно ответить ни с того ни с сего.
Но, пожалуйста, немного подумайте.",
common036_2_reaction_old_love,,"Полагаю, на этот вопрос сложно ответить ни с того ни с сего.
Но, пожалуйста, немного подумайте.",
common036_2_reaction_child_friendship,,"Полагаю, на этот вопрос сложно ответить ни с того ни с сего.
Но, пожалуйста, немного подумайте.",
common036_2_reaction_male_friendship,,"Полагаю, на этот вопрос сложно ответить ни с того ни с сего.
Но, пожалуйста, немного подумайте.",
common036_2_reaction_female_friendship,,"Полагаю, на этот вопрос сложно ответить ни с того ни с сего.
Но, пожалуйста, немного подумайте.",
common036_2_reaction_old_friendship,,"Полагаю, на этот вопрос сложно ответить ни с того ни с сего.
Но, пожалуйста, немного подумайте.",
common036_2_reaction_child_knowledge,,"Полагаю, на этот вопрос сложно ответить ни с того ни с сего.
Но, пожалуйста, немного подумайте.",
common036_2_reaction_male_knowledge,,"Полагаю, на этот вопрос сложно ответить ни с того ни с сего.
Но, пожалуйста, немного подумайте.",
common036_2_reaction_female_knowledge,,"Полагаю, на этот вопрос сложно ответить ни с того ни с сего.
Но, пожалуйста, немного подумайте.",
common036_2_reaction_old_knowledge,,"Полагаю, на этот вопрос сложно ответить ни с того ни с сего.
Но, пожалуйста, немного подумайте.",
common037_0_child_courage,,"Я хочу узнать о мире, который ты видел. Итак, ты расскажешь мне
о нем все?",
common037_0_male_courage,,"Я хочу узнать о мире, который ты видел. Итак, ты расскажешь мне
о нем все?",
common037_0_female_courage,,"Я хочу узнать о мире, который ты видел. Итак, ты расскажешь мне
о нем все?",
common037_0_old_courage,,"Я хочу узнать о мире, который ты видел. Итак, ты расскажешь мне
о нем все?",
common037_0_child_love,,"Я хочу узнать о мире, который ты видел. Итак, ты расскажешь мне
о нем все?",
common037_0_male_love,,"Я хочу узнать о мире, который ты видел. Итак, ты расскажешь мне
о нем все?",
common037_0_female_love,,"Я хочу узнать о мире, который ты видел. Итак, ты расскажешь мне
о нем все?",
common037_0_old_love,,"Я хочу узнать о мире, который ты видел. Итак, ты расскажешь мне
о нем все?",
common037_0_child_friendship,,"Я хочу узнать о мире, который ты видел. Итак, ты расскажешь мне
о нем все?",
common037_0_male_friendship,,"Я хочу узнать о мире, который ты видел. Итак, ты расскажешь мне
о нем все?",
common037_0_female_friendship,,"Я хочу узнать о мире, который ты видел. Итак, ты расскажешь мне
о нем все?",
common037_0_old_friendship,,"Я хочу узнать о мире, который ты видел. Итак, ты расскажешь мне
о нем все?",
common037_0_child_knowledge,,"Я хочу узнать о мире, который ты видел. Итак, ты расскажешь мне
о нем все?",
common037_0_male_knowledge,,"Я хочу узнать о мире, который ты видел. Итак, ты расскажешь мне
о нем все?",
common037_0_female_knowledge,,"Я хочу узнать о мире, который ты видел. Итак, ты расскажешь мне
о нем все?",
common037_0_old_knowledge,,"Я хочу узнать о мире, который ты видел. Итак, ты расскажешь мне
о нем все?",
common037_1_replay,char_PLAYER_M,Мир полон тайн и приключений.,
common037_1_reaction_child_courage,,"О, как чудесно. Я так многому хочу научиться!",
common037_1_reaction_male_courage,,"О, как чудесно. Я так многому хочу научиться!",
common037_1_reaction_female_courage,,"О, как чудесно. Я так многому хочу научиться!",
common037_1_reaction_old_courage,,"О, как чудесно. Я так многому хочу научиться!",
common037_1_reaction_child_love,,"О, как чудесно. Я так многому хочу научиться!",
common037_1_reaction_male_love,,"О, как чудесно. Я так многому хочу научиться!",
common037_1_reaction_female_love,,"О, как чудесно. Я так многому хочу научиться!",
common037_1_reaction_old_love,,"О, как чудесно. Я так многому хочу научиться!",
common037_1_reaction_child_friendship,,"О, как чудесно. Я так многому хочу научиться!",
common037_1_reaction_male_friendship,,"О, как чудесно. Я так многому хочу научиться!",
common037_1_reaction_female_friendship,,"О, как чудесно. Я так многому хочу научиться!",
common037_1_reaction_old_friendship,,"О, как чудесно. Я так многому хочу научиться!",
common037_1_reaction_child_knowledge,,"О, как чудесно. Я так многому хочу научиться!",
common037_1_reaction_male_knowledge,,"О, как чудесно. Я так многому хочу научиться!",
common037_1_reaction_female_knowledge,,"О, как чудесно. Я так многому хочу научиться!",
common037_1_reaction_old_knowledge,,"О, как чудесно. Я так многому хочу научиться!",
common037_2_replay,char_PLAYER_M,Сила заставляет мир вращаться.,
common037_2_reaction_child_courage,,"Значит, самая важная вещь из всех - это сила? Понятно.",
common037_2_reaction_male_courage,,"Значит, самая важная вещь из всех - это сила? Понятно.",
common037_2_reaction_female_courage,,"Значит, самая важная вещь из всех - это сила? Понятно.",
common037_2_reaction_old_courage,,"Значит, самая важная вещь из всех - это сила? Понятно.",
common037_2_reaction_child_love,,"Значит, самая важная вещь из всех - это сила? Понятно.",
common037_2_reaction_male_love,,"Значит, самая важная вещь из всех - это сила? Понятно.",
common037_2_reaction_female_love,,"Значит, самая важная вещь из всех - это сила? Понятно.",
common037_2_reaction_old_love,,"Значит, самая важная вещь из всех - это сила? Понятно.",
common037_2_reaction_child_friendship,,"Значит, самая важная вещь из всех - это сила? Понятно.",
common037_2_reaction_male_friendship,,"Значит, самая важная вещь из всех - это сила? Понятно.",
common037_2_reaction_female_friendship,,"Значит, самая важная вещь из всех - это сила? Понятно.",
common037_2_reaction_old_friendship,,"Значит, самая важная вещь из всех - это сила? Понятно.",
common037_2_reaction_child_knowledge,,"Значит, самая важная вещь из всех - это сила? Понятно.",
common037_2_reaction_male_knowledge,,"Значит, самая важная вещь из всех - это сила? Понятно.",
common037_2_reaction_female_knowledge,,"Значит, самая важная вещь из всех - это сила? Понятно.",
common037_2_reaction_old_knowledge,,"Значит, самая важная вещь из всех - это сила? Понятно.",
common038_0_child_courage,,"Знакомство с новыми лицами... Это действительно заставляет меня
задуматься о том, как много я не знаю о мире.",
common038_0_male_courage,,"Знакомство с новыми лицами... Это действительно заставляет меня
задуматься о том, как много я не знаю о мире.",
common038_0_female_courage,,"Знакомство с новыми лицами... Это действительно заставляет меня
задуматься о том, как много я не знаю о мире.",
common038_0_old_courage,,"Знакомство с новыми лицами... Это действительно заставляет меня
задуматься о том, как много я не знаю о мире.",
common038_0_child_love,,"Знакомство с новыми лицами... Это действительно заставляет меня
задуматься о том, как много я не знаю о мире.",
common038_0_male_love,,"Знакомство с новыми лицами... Это действительно заставляет меня
задуматься о том, как много я не знаю о мире.",
common038_0_female_love,,"Знакомство с новыми лицами... Это действительно заставляет меня
задуматься о том, как много я не знаю о мире.",
common038_0_old_love,,"Знакомство с новыми лицами... Это действительно заставляет меня
задуматься о том, как много я не знаю о мире.",
common038_0_child_friendship,,"Знакомство с новыми лицами... Это действительно заставляет меня
задуматься о том, как много я не знаю о мире.",
common038_0_male_friendship,,"Знакомство с новыми лицами... Это действительно заставляет меня
задуматься о том, как много я не знаю о мире.",
common038_0_female_friendship,,"Знакомство с новыми лицами... Это действительно заставляет меня
задуматься о том, как много я не знаю о мире.",
common038_0_old_friendship,,"Знакомство с новыми лицами... Это действительно заставляет меня
задуматься о том, как много я не знаю о мире.",
common038_0_child_knowledge,,"Знакомство с новыми лицами... Это действительно заставляет меня
задуматься о том, как много я не знаю о мире.",
common038_0_male_knowledge,,"Знакомство с новыми лицами... Это действительно заставляет меня
задуматься о том, как много я не знаю о мире.",
common038_0_female_knowledge,,"Знакомство с новыми лицами... Это действительно заставляет меня
задуматься о том, как много я не знаю о мире.",
common038_0_old_knowledge,,"Знакомство с новыми лицами... Это действительно заставляет меня
задуматься о том, как много я не знаю о мире.",
common038_1_replay,char_PLAYER_M,Изучение всего этого - часть удовольствия.,
common038_1_reaction_child_courage,,"Точно! Чем больше загадок в мире, тем больше в нем веселья!",
common038_1_reaction_male_courage,,"Точно! Чем больше загадок в мире, тем больше в нем веселья!",
common038_1_reaction_female_courage,,"Точно! Чем больше загадок в мире, тем больше в нем веселья!",
common038_1_reaction_old_courage,,"Точно! Чем больше загадок в мире, тем больше в нем веселья!",
common038_1_reaction_child_love,,"Точно! Чем больше загадок в мире, тем больше в нем веселья!",
common038_1_reaction_male_love,,"Точно! Чем больше загадок в мире, тем больше в нем веселья!",
common038_1_reaction_female_love,,"Точно! Чем больше загадок в мире, тем больше в нем веселья!",
common038_1_reaction_old_love,,"Точно! Чем больше загадок в мире, тем больше в нем веселья!",
common038_1_reaction_child_friendship,,"Точно! Чем больше загадок в мире, тем больше в нем веселья!",
common038_1_reaction_male_friendship,,"Точно! Чем больше загадок в мире, тем больше в нем веселья!",
common038_1_reaction_female_friendship,,"Точно! Чем больше загадок в мире, тем больше в нем веселья!",
common038_1_reaction_old_friendship,,"Точно! Чем больше загадок в мире, тем больше в нем веселья!",
common038_1_reaction_child_knowledge,,"Точно! Чем больше загадок в мире, тем больше в нем веселья!",
common038_1_reaction_male_knowledge,,"Точно! Чем больше загадок в мире, тем больше в нем веселья!",
common038_1_reaction_female_knowledge,,"Точно! Чем больше загадок в мире, тем больше в нем веселья!",
common038_1_reaction_old_knowledge,,"Точно! Чем больше загадок в мире, тем больше в нем веселья!",
common038_2_replay,char_PLAYER_M,"Что ж, так оно и есть.",
common038_2_reaction_child_courage,,"Верно. Так устроен мир... Полагаю, проще просто принять это.",
common038_2_reaction_male_courage,,"Верно. Так устроен мир... Полагаю, проще просто принять это.",
common038_2_reaction_female_courage,,"Верно. Так устроен мир... Полагаю, проще просто принять это.",
common038_2_reaction_old_courage,,"Верно. Так устроен мир... Полагаю, проще просто принять это.",
common038_2_reaction_child_love,,"Верно. Так устроен мир... Полагаю, проще просто принять это.",
common038_2_reaction_male_love,,"Верно. Так устроен мир... Полагаю, проще просто принять это.",
common038_2_reaction_female_love,,"Верно. Так устроен мир... Полагаю, проще просто принять это.",
common038_2_reaction_old_love,,"Верно. Так устроен мир... Полагаю, проще просто принять это.",
common038_2_reaction_child_friendship,,"Верно. Так устроен мир... Полагаю, проще просто принять это.",
common038_2_reaction_male_friendship,,"Верно. Так устроен мир... Полагаю, проще просто принять это.",
common038_2_reaction_female_friendship,,"Верно. Так устроен мир... Полагаю, проще просто принять это.",
common038_2_reaction_old_friendship,,"Верно. Так устроен мир... Полагаю, проще просто принять это.",
common038_2_reaction_child_knowledge,,"Верно. Так устроен мир... Полагаю, проще просто принять это.",
common038_2_reaction_male_knowledge,,"Верно. Так устроен мир... Полагаю, проще просто принять это.",
common038_2_reaction_female_knowledge,,"Верно. Так устроен мир... Полагаю, проще просто принять это.",
common038_2_reaction_old_knowledge,,"Верно. Так устроен мир... Полагаю, проще просто принять это.",
common039_0_child_courage,,Почему это мы должны учиться?,
common039_0_male_courage,,Почему это мы должны учиться?,
common039_0_female_courage,,Почему это мы должны учиться?,
common039_0_old_courage,,Почему это мы должны учиться?,
common039_0_child_love,,Почему это мы должны учиться?,
common039_0_male_love,,Почему это мы должны учиться?,
common039_0_female_love,,Почему это мы должны учиться?,
common039_0_old_love,,Почему это мы должны учиться?,
common039_0_child_friendship,,Почему это мы должны учиться?,
common039_0_male_friendship,,Почему это мы должны учиться?,
common039_0_female_friendship,,Почему это мы должны учиться?,
common039_0_old_friendship,,Почему это мы должны учиться?,
common039_0_child_knowledge,,Почему это мы должны учиться?,
common039_0_male_knowledge,,Почему это мы должны учиться?,
common039_0_female_knowledge,,Почему это мы должны учиться?,
common039_0_old_knowledge,,Почему это мы должны учиться?,
common039_1_replay,char_PLAYER_M,Так что у вас будет больше возможностей.,
common039_1_reaction_child_courage,,"О, понятно... Так что лучше иметь больше путей на выбор.",
common039_1_reaction_male_courage,,"О, понятно... Так что лучше иметь больше путей на выбор.",
common039_1_reaction_female_courage,,"О, понятно... Так что лучше иметь больше путей на выбор.",
common039_1_reaction_old_courage,,"О, понятно... Так что лучше иметь больше путей на выбор.",
common039_1_reaction_child_love,,"О, понятно... Так что лучше иметь больше путей на выбор.",
common039_1_reaction_male_love,,"О, понятно... Так что лучше иметь больше путей на выбор.",
common039_1_reaction_female_love,,"О, понятно... Так что лучше иметь больше путей на выбор.",
common039_1_reaction_old_love,,"О, понятно... Так что лучше иметь больше путей на выбор.",
common039_1_reaction_child_friendship,,"О, понятно... Так что лучше иметь больше путей на выбор.",
common039_1_reaction_male_friendship,,"О, понятно... Так что лучше иметь больше путей на выбор.",
common039_1_reaction_female_friendship,,"О, понятно... Так что лучше иметь больше путей на выбор.",
common039_1_reaction_old_friendship,,"О, понятно... Так что лучше иметь больше путей на выбор.",
common039_1_reaction_child_knowledge,,"О, понятно... Так что лучше иметь больше путей на выбор.",
common039_1_reaction_male_knowledge,,"О, понятно... Так что лучше иметь больше путей на выбор.",
common039_1_reaction_female_knowledge,,"О, понятно... Так что лучше иметь больше путей на выбор.",
common039_1_reaction_old_knowledge,,"О, понятно... Так что лучше иметь больше путей на выбор.",
common039_2_replay,char_PLAYER_M,Потому что быть умным - это круто.,
common039_2_reaction_child_courage,,"Хи-хи. Я согласен. Я просто хотел бы, чтобы это было проще
сделать.",
common039_2_reaction_male_courage,,"Хи-хи. Я согласен. Я просто хотел бы, чтобы это было проще
сделать.",
common039_2_reaction_female_courage,,"Хи-хи. Я согласен. Я просто хотел бы, чтобы это было проще
сделать.",
common039_2_reaction_old_courage,,"Хи-хи. Я согласен. Я просто хотел бы, чтобы это было проще
сделать.",
common039_2_reaction_child_love,,"Хи-хи. Я согласен. Я просто хотел бы, чтобы это было проще
сделать.",
common039_2_reaction_male_love,,"Хи-хи. Я согласен. Я просто хотел бы, чтобы это было проще
сделать.",
common039_2_reaction_female_love,,"Хи-хи. Я согласен. Я просто хотел бы, чтобы это было проще
сделать.",
common039_2_reaction_old_love,,"Хи-хи. Я согласен. Я просто хотел бы, чтобы это было проще
сделать.",
common039_2_reaction_child_friendship,,"Хи-хи. Я согласен. Я просто хотел бы, чтобы это было проще
сделать.",
common039_2_reaction_male_friendship,,"Хи-хи. Я согласен. Я просто хотел бы, чтобы это было проще
сделать.",
common039_2_reaction_female_friendship,,"Хи-хи. Я согласен. Я просто хотел бы, чтобы это было проще
сделать.",
common039_2_reaction_old_friendship,,"Хи-хи. Я согласен. Я просто хотел бы, чтобы это было проще
сделать.",
common039_2_reaction_child_knowledge,,"Хи-хи. Я согласен. Я просто хотел бы, чтобы это было проще
сделать.",
common039_2_reaction_male_knowledge,,"Хи-хи. Я согласен. Я просто хотел бы, чтобы это было проще
сделать.",
common039_2_reaction_female_knowledge,,"Хи-хи. Я согласен. Я просто хотел бы, чтобы это было проще
сделать.",
common039_2_reaction_old_knowledge,,"Хи-хи. Я согласен. Я просто хотел бы, чтобы это было проще
сделать.",
common040_0_child_courage,,"Я часто вижу людей, читающих книги. Они действительно такие
интересные?",
common040_0_male_courage,,"Я часто вижу людей, читающих книги. Они действительно такие
интересные?",
common040_0_female_courage,,"Я часто вижу людей, читающих книги. Они действительно такие
интересные?",
common040_0_old_courage,,"Я часто вижу людей, читающих книги. Они действительно такие
интересные?",
common040_0_child_love,,"Я часто вижу людей, читающих книги. Они действительно такие
интересные?",
common040_0_male_love,,"Я часто вижу людей, читающих книги. Они действительно такие
интересные?",
common040_0_female_love,,"Я часто вижу людей, читающих книги. Они действительно такие
интересные?",
common040_0_old_love,,"Я часто вижу людей, читающих книги. Они действительно такие
интересные?",
common040_0_child_friendship,,"Я часто вижу людей, читающих книги. Они действительно такие
интересные?",
common040_0_male_friendship,,"Я часто вижу людей, читающих книги. Они действительно такие
интересные?",
common040_0_female_friendship,,"Я часто вижу людей, читающих книги. Они действительно такие
интересные?",
common040_0_old_friendship,,"Я часто вижу людей, читающих книги. Они действительно такие
интересные?",
common040_0_child_knowledge,,"Я часто вижу людей, читающих книги. Они действительно такие
интересные?",
common040_0_male_knowledge,,"Я часто вижу людей, читающих книги. Они действительно такие
интересные?",
common040_0_female_knowledge,,"Я часто вижу людей, читающих книги. Они действительно такие
интересные?",
common040_0_old_knowledge,,"Я часто вижу людей, читающих книги. Они действительно такие
интересные?",
common040_1_replay,char_PLAYER_M,Они вызывают у вас любопытство к разным вещам.,
common040_1_reaction_child_courage,,"Хм, так они тебя действительно зацепили, да? Может, я тоже
немного почитаю.",
common040_1_reaction_male_courage,,"Хм, так они тебя действительно зацепили, да? Может, я тоже
немного почитаю.",
common040_1_reaction_female_courage,,"Хм, так они тебя действительно зацепили, да? Может, я тоже
немного почитаю.",
common040_1_reaction_old_courage,,"Хм, так они тебя действительно зацепили, да? Может, я тоже
немного почитаю.",
common040_1_reaction_child_love,,"Хм, так они тебя действительно зацепили, да? Может, я тоже
немного почитаю.",
common040_1_reaction_male_love,,"Хм, так они тебя действительно зацепили, да? Может, я тоже
немного почитаю.",
common040_1_reaction_female_love,,"Хм, так они тебя действительно зацепили, да? Может, я тоже
немного почитаю.",
common040_1_reaction_old_love,,"Хм, так они тебя действительно зацепили, да? Может, я тоже
немного почитаю.",
common040_1_reaction_child_friendship,,"Хм, так они тебя действительно зацепили, да? Может, я тоже
немного почитаю.",
common040_1_reaction_male_friendship,,"Хм, так они тебя действительно зацепили, да? Может, я тоже
немного почитаю.",
common040_1_reaction_female_friendship,,"Хм, так они тебя действительно зацепили, да? Может, я тоже
немного почитаю.",
common040_1_reaction_old_friendship,,"Хм, так они тебя действительно зацепили, да? Может, я тоже
немного почитаю.",
common040_1_reaction_child_knowledge,,"Хм, так они тебя действительно зацепили, да? Может, я тоже
немного почитаю.",
common040_1_reaction_male_knowledge,,"Хм, так они тебя действительно зацепили, да? Может, я тоже
немного почитаю.",
common040_1_reaction_female_knowledge,,"Хм, так они тебя действительно зацепили, да? Может, я тоже
немного почитаю.",
common040_1_reaction_old_knowledge,,"Хм, так они тебя действительно зацепили, да? Может, я тоже
немного почитаю.",
common040_2_replay,char_PLAYER_M,Чтение вызывает у вас сонливость.,
common040_2_reaction_child_courage,,"Вау, тогда, похоже, это лучшее, что можно сделать перед сном.
Держу пари, я бы спал крепко.",
common040_2_reaction_male_courage,,"Вау, тогда, похоже, это лучшее, что можно сделать перед сном.
Держу пари, я бы спал крепко.",
common040_2_reaction_female_courage,,"Вау, тогда, похоже, это лучшее, что можно сделать перед сном.
Держу пари, я бы спал крепко.",
common040_2_reaction_old_courage,,"Вау, тогда, похоже, это лучшее, что можно сделать перед сном.
Держу пари, я бы спал крепко.",
common040_2_reaction_child_love,,"Вау, тогда, похоже, это лучшее, что можно сделать перед сном.
Держу пари, я бы спал крепко.",
common040_2_reaction_male_love,,"Вау, тогда, похоже, это лучшее, что можно сделать перед сном.
Держу пари, я бы спал крепко.",
common040_2_reaction_female_love,,"Вау, тогда, похоже, это лучшее, что можно сделать перед сном.
Держу пари, я бы спал крепко.",
common040_2_reaction_old_love,,"Вау, тогда, похоже, это лучшее, что можно сделать перед сном.
Держу пари, я бы спал крепко.",
common040_2_reaction_child_friendship,,"Вау, тогда, похоже, это лучшее, что можно сделать перед сном.
Держу пари, я бы спал крепко.",
common040_2_reaction_male_friendship,,"Вау, тогда, похоже, это лучшее, что можно сделать перед сном.
Держу пари, я бы спал крепко.",
common040_2_reaction_female_friendship,,"Вау, тогда, похоже, это лучшее, что можно сделать перед сном.
Держу пари, я бы спал крепко.",
common040_2_reaction_old_friendship,,"Вау, тогда, похоже, это лучшее, что можно сделать перед сном.
Держу пари, я бы спал крепко.",
common040_2_reaction_child_knowledge,,"Вау, тогда, похоже, это лучшее, что можно сделать перед сном.
Держу пари, я бы спал крепко.",
common040_2_reaction_male_knowledge,,"Вау, тогда, похоже, это лучшее, что можно сделать перед сном.
Держу пари, я бы спал крепко.",
common040_2_reaction_female_knowledge,,"Вау, тогда, похоже, это лучшее, что можно сделать перед сном.
Держу пари, я бы спал крепко.",
common040_2_reaction_old_knowledge,,"Вау, тогда, похоже, это лучшее, что можно сделать перед сном.
Держу пари, я бы спал крепко.",
common041_0_child_courage,,"Дигимон, которого я недавно встретил, пригласил меня выпить.
Может ли это быть ...?",
common041_0_male_courage,,"Дигимон, которого я недавно встретил, пригласил меня выпить.
Может ли это быть ...?",
common041_0_female_courage,,"Дигимон, которого я недавно встретил, пригласил меня выпить.
Может ли это быть ...?",
common041_0_old_courage,,"Дигимон, которого я недавно встретил, пригласил меня выпить.
Может ли это быть ...?",
common041_0_child_love,,"Дигимон, которого я недавно встретил, пригласил меня выпить.
Может ли это быть ...?",
common041_0_male_love,,"Дигимон, которого я недавно встретил, пригласил меня выпить.
Может ли это быть ...?",
common041_0_female_love,,"Дигимон, которого я недавно встретил, пригласил меня выпить.
Может ли это быть ...?",
common041_0_old_love,,"Дигимон, которого я недавно встретил, пригласил меня выпить.
Может ли это быть ...?",
common041_0_child_friendship,,"Дигимон, которого я недавно встретил, пригласил меня выпить.
Может ли это быть ...?",
common041_0_male_friendship,,"Дигимон, которого я недавно встретил, пригласил меня выпить.
Может ли это быть ...?",
common041_0_female_friendship,,"Дигимон, которого я недавно встретил, пригласил меня выпить.
Может ли это быть ...?",
common041_0_old_friendship,,"Дигимон, которого я недавно встретил, пригласил меня выпить.
Может ли это быть ...?",
common041_0_child_knowledge,,"Дигимон, которого я недавно встретил, пригласил меня выпить.
Может ли это быть ...?",
common041_0_male_knowledge,,"Дигимон, которого я недавно встретил, пригласил меня выпить.
Может ли это быть ...?",
common041_0_female_knowledge,,"Дигимон, которого я недавно встретил, пригласил меня выпить.
Может ли это быть ...?",
common041_0_old_knowledge,,"Дигимон, которого я недавно встретил, пригласил меня выпить.
Может ли это быть ...?",
common041_1_replay,char_PLAYER_M,"Держу пари, они хотят быть твоими друзьями!",
common041_1_reaction_child_courage,,"Хи-хи. Уверен, ты права. Выпить с новым другом... Как
восхитительно!",
common041_1_reaction_male_courage,,"Хи-хи. Уверен, ты права. Выпить с новым другом... Как
восхитительно!",
common041_1_reaction_female_courage,,"Хи-хи. Уверен, ты права. Выпить с новым другом... Как
восхитительно!",
common041_1_reaction_old_courage,,"Хи-хи. Уверен, ты права. Выпить с новым другом... Как
восхитительно!",
common041_1_reaction_child_love,,"Хи-хи. Уверен, ты права. Выпить с новым другом... Как
восхитительно!",
common041_1_reaction_male_love,,"Хи-хи. Уверен, ты права. Выпить с новым другом... Как
восхитительно!",
common041_1_reaction_female_love,,"Хи-хи. Уверен, ты права. Выпить с новым другом... Как
восхитительно!",
common041_1_reaction_old_love,,"Хи-хи. Уверен, ты права. Выпить с новым другом... Как
восхитительно!",
common041_1_reaction_child_friendship,,"Хи-хи. Уверен, ты права. Выпить с новым другом... Как
восхитительно!",
common041_1_reaction_male_friendship,,"Хи-хи. Уверен, ты права. Выпить с новым другом... Как
восхитительно!",
common041_1_reaction_female_friendship,,"Хи-хи. Уверен, ты права. Выпить с новым другом... Как
восхитительно!",
common041_1_reaction_old_friendship,,"Хи-хи. Уверен, ты права. Выпить с новым другом... Как
восхитительно!",
common041_1_reaction_child_knowledge,,"Хи-хи. Уверен, ты права. Выпить с новым другом... Как
восхитительно!",
common041_1_reaction_male_knowledge,,"Хи-хи. Уверен, ты права. Выпить с новым другом... Как
восхитительно!",
common041_1_reaction_female_knowledge,,"Хи-хи. Уверен, ты права. Выпить с новым другом... Как
восхитительно!",
common041_1_reaction_old_knowledge,,"Хи-хи. Уверен, ты права. Выпить с новым другом... Как
восхитительно!",
common041_2_replay,char_PLAYER_M,"Вероятно, они просто хотят поделиться информацией.",
common041_2_reaction_child_courage,,"Наверное, ты прав. * вздох * Теперь это похоже на рутинную
работу...",
common041_2_reaction_male_courage,,"Наверное, ты прав. * вздох * Теперь это похоже на рутинную
работу...",
common041_2_reaction_female_courage,,"Наверное, ты прав. * вздох * Теперь это похоже на рутинную
работу...",
common041_2_reaction_old_courage,,"Наверное, ты прав. * вздох * Теперь это похоже на рутинную
работу...",
common041_2_reaction_child_love,,"Наверное, ты прав. * вздох * Теперь это похоже на рутинную
работу...",
common041_2_reaction_male_love,,"Наверное, ты прав. * вздох * Теперь это похоже на рутинную
работу...",
common041_2_reaction_female_love,,"Наверное, ты прав. * вздох * Теперь это похоже на рутинную
работу...",
common041_2_reaction_old_love,,"Наверное, ты прав. * вздох * Теперь это похоже на рутинную
работу...",
common041_2_reaction_child_friendship,,"Наверное, ты прав. * вздох * Теперь это похоже на рутинную
работу...",
common041_2_reaction_male_friendship,,"Наверное, ты прав. * вздох * Теперь это похоже на рутинную
работу...",
common041_2_reaction_female_friendship,,"Наверное, ты прав. * вздох * Теперь это похоже на рутинную
работу...",
common041_2_reaction_old_friendship,,"Наверное, ты прав. * вздох * Теперь это похоже на рутинную
работу...",
common041_2_reaction_child_knowledge,,"Наверное, ты прав. * вздох * Теперь это похоже на рутинную
работу...",
common041_2_reaction_male_knowledge,,"Наверное, ты прав. * вздох * Теперь это похоже на рутинную
работу...",
common041_2_reaction_female_knowledge,,"Наверное, ты прав. * вздох * Теперь это похоже на рутинную
работу...",
common041_2_reaction_old_knowledge,,"Наверное, ты прав. * вздох * Теперь это похоже на рутинную
работу...",
common042_0_child_courage,,Стали бы вы подвергать себя какой-либо опасности ради друга?,
common042_0_male_courage,,Стали бы вы подвергать себя какой-либо опасности ради друга?,
common042_0_female_courage,,Стали бы вы подвергать себя какой-либо опасности ради друга?,
common042_0_old_courage,,Стали бы вы подвергать себя какой-либо опасности ради друга?,
common042_0_child_love,,Стали бы вы подвергать себя какой-либо опасности ради друга?,
common042_0_male_love,,Стали бы вы подвергать себя какой-либо опасности ради друга?,
common042_0_female_love,,Стали бы вы подвергать себя какой-либо опасности ради друга?,
common042_0_old_love,,Стали бы вы подвергать себя какой-либо опасности ради друга?,
common042_0_child_friendship,,Стали бы вы подвергать себя какой-либо опасности ради друга?,
common042_0_male_friendship,,Стали бы вы подвергать себя какой-либо опасности ради друга?,
common042_0_female_friendship,,Стали бы вы подвергать себя какой-либо опасности ради друга?,
common042_0_old_friendship,,Стали бы вы подвергать себя какой-либо опасности ради друга?,
common042_0_child_knowledge,,Стали бы вы подвергать себя какой-либо опасности ради друга?,
common042_0_male_knowledge,,Стали бы вы подвергать себя какой-либо опасности ради друга?,
common042_0_female_knowledge,,Стали бы вы подвергать себя какой-либо опасности ради друга?,
common042_0_old_knowledge,,Стали бы вы подвергать себя какой-либо опасности ради друга?,
common042_1_replay,char_PLAYER_M,Да. Я всегда помогу другу в беде.,
common042_1_reaction_child_courage,,"Друзья - это так здорово. Они могут помочь вам достичь новых
высот силы.",
common042_1_reaction_male_courage,,"Друзья - это так здорово. Они могут помочь вам достичь новых
высот силы.",
common042_1_reaction_female_courage,,"Друзья - это так здорово. Они могут помочь вам достичь новых
высот силы.",
common042_1_reaction_old_courage,,"Друзья - это так здорово. Они могут помочь вам достичь новых
высот силы.",
common042_1_reaction_child_love,,"Друзья - это так здорово. Они могут помочь вам достичь новых
высот силы.",
common042_1_reaction_male_love,,"Друзья - это так здорово. Они могут помочь вам достичь новых
высот силы.",
common042_1_reaction_female_love,,"Друзья - это так здорово. Они могут помочь вам достичь новых
высот силы.",
common042_1_reaction_old_love,,"Друзья - это так здорово. Они могут помочь вам достичь новых
высот силы.",
common042_1_reaction_child_friendship,,"Друзья - это так здорово. Они могут помочь вам достичь новых
высот силы.",
common042_1_reaction_male_friendship,,"Друзья - это так здорово. Они могут помочь вам достичь новых
высот силы.",
common042_1_reaction_female_friendship,,"Друзья - это так здорово. Они могут помочь вам достичь новых
высот силы.",
common042_1_reaction_old_friendship,,"Друзья - это так здорово. Они могут помочь вам достичь новых
высот силы.",
common042_1_reaction_child_knowledge,,"Друзья - это так здорово. Они могут помочь вам достичь новых
высот силы.",
common042_1_reaction_male_knowledge,,"Друзья - это так здорово. Они могут помочь вам достичь новых
высот силы.",
common042_1_reaction_female_knowledge,,"Друзья - это так здорово. Они могут помочь вам достичь новых
высот силы.",
common042_1_reaction_old_knowledge,,"Друзья - это так здорово. Они могут помочь вам достичь новых
высот силы.",
common042_2_replay,char_PLAYER_M,Нет. О некоторых вещах я просто не могу просить слишком многого.,
common042_2_reaction_child_courage,,"Верно... Ты не можешь делать то, чего не можешь ты.",
common042_2_reaction_male_courage,,"Верно... Ты не можешь делать то, чего не можешь ты.",
common042_2_reaction_female_courage,,"Верно... Ты не можешь делать то, чего не можешь ты.",
common042_2_reaction_old_courage,,"Верно... Ты не можешь делать то, чего не можешь ты.",
common042_2_reaction_child_love,,"Верно... Ты не можешь делать то, чего не можешь ты.",
common042_2_reaction_male_love,,"Верно... Ты не можешь делать то, чего не можешь ты.",
common042_2_reaction_female_love,,"Верно... Ты не можешь делать то, чего не можешь ты.",
common042_2_reaction_old_love,,"Верно... Ты не можешь делать то, чего не можешь ты.",
common042_2_reaction_child_friendship,,"Верно... Ты не можешь делать то, чего не можешь ты.",
common042_2_reaction_male_friendship,,"Верно... Ты не можешь делать то, чего не можешь ты.",
common042_2_reaction_female_friendship,,"Верно... Ты не можешь делать то, чего не можешь ты.",
common042_2_reaction_old_friendship,,"Верно... Ты не можешь делать то, чего не можешь ты.",
common042_2_reaction_child_knowledge,,"Верно... Ты не можешь делать то, чего не можешь ты.",
common042_2_reaction_male_knowledge,,"Верно... Ты не можешь делать то, чего не можешь ты.",
common042_2_reaction_female_knowledge,,"Верно... Ты не можешь делать то, чего не можешь ты.",
common042_2_reaction_old_knowledge,,"Верно... Ты не можешь делать то, чего не можешь ты.",
common043_0_child_courage,,"В последнее время мне кажется, что я начал понимать, чем именно
ты хочешь заниматься немного больше.",
common043_0_male_courage,,"В последнее время мне кажется, что я начал понимать, чем именно
ты хочешь заниматься немного больше.",
common043_0_female_courage,,"В последнее время мне кажется, что я начал понимать, чем именно
ты хочешь заниматься немного больше.",
common043_0_old_courage,,"В последнее время мне кажется, что я начал понимать, чем именно
ты хочешь заниматься немного больше.",
common043_0_child_love,,"В последнее время мне кажется, что я начал понимать, чем именно
ты хочешь заниматься немного больше.",
common043_0_male_love,,"В последнее время мне кажется, что я начал понимать, чем именно
ты хочешь заниматься немного больше.",
common043_0_female_love,,"В последнее время мне кажется, что я начал понимать, чем именно
ты хочешь заниматься немного больше.",
common043_0_old_love,,"В последнее время мне кажется, что я начал понимать, чем именно
ты хочешь заниматься немного больше.",
common043_0_child_friendship,,"В последнее время мне кажется, что я начал понимать, чем именно
ты хочешь заниматься немного больше.",
common043_0_male_friendship,,"В последнее время мне кажется, что я начал понимать, чем именно
ты хочешь заниматься немного больше.",
common043_0_female_friendship,,"В последнее время мне кажется, что я начал понимать, чем именно
ты хочешь заниматься немного больше.",
common043_0_old_friendship,,"В последнее время мне кажется, что я начал понимать, чем именно
ты хочешь заниматься немного больше.",
common043_0_child_knowledge,,"В последнее время мне кажется, что я начал понимать, чем именно
ты хочешь заниматься немного больше.",
common043_0_male_knowledge,,"В последнее время мне кажется, что я начал понимать, чем именно
ты хочешь заниматься немного больше.",
common043_0_female_knowledge,,"В последнее время мне кажется, что я начал понимать, чем именно
ты хочешь заниматься немного больше.",
common043_0_old_knowledge,,"В последнее время мне кажется, что я начал понимать, чем именно
ты хочешь заниматься немного больше.",
common043_1_replay,char_PLAYER_M,"Значит, ты понимаешь, что я чувствую.",
common043_1_reaction_child_courage,,"Да, это всего лишь смутное предположение, но... Мне это вроде
как нравится.",
common043_1_reaction_male_courage,,"Да, это всего лишь смутное предположение, но... Мне это вроде
как нравится.",
common043_1_reaction_female_courage,,"Да, это всего лишь смутное предположение, но... Мне это вроде
как нравится.",
common043_1_reaction_old_courage,,"Да, это всего лишь смутное предположение, но... Мне это вроде
как нравится.",
common043_1_reaction_child_love,,"Да, это всего лишь смутное предположение, но... Мне это вроде
как нравится.",
common043_1_reaction_male_love,,"Да, это всего лишь смутное предположение, но... Мне это вроде
как нравится.",
common043_1_reaction_female_love,,"Да, это всего лишь смутное предположение, но... Мне это вроде
как нравится.",
common043_1_reaction_old_love,,"Да, это всего лишь смутное предположение, но... Мне это вроде
как нравится.",
common043_1_reaction_child_friendship,,"Да, это всего лишь смутное предположение, но... Мне это вроде
как нравится.",
common043_1_reaction_male_friendship,,"Да, это всего лишь смутное предположение, но... Мне это вроде
как нравится.",
common043_1_reaction_female_friendship,,"Да, это всего лишь смутное предположение, но... Мне это вроде
как нравится.",
common043_1_reaction_old_friendship,,"Да, это всего лишь смутное предположение, но... Мне это вроде
как нравится.",
common043_1_reaction_child_knowledge,,"Да, это всего лишь смутное предположение, но... Мне это вроде
как нравится.",
common043_1_reaction_male_knowledge,,"Да, это всего лишь смутное предположение, но... Мне это вроде
как нравится.",
common043_1_reaction_female_knowledge,,"Да, это всего лишь смутное предположение, но... Мне это вроде
как нравится.",
common043_1_reaction_old_knowledge,,"Да, это всего лишь смутное предположение, но... Мне это вроде
как нравится.",
common043_2_replay,char_PLAYER_M,Ты уверен в этом?,
common043_2_reaction_child_courage,,И вот вы пытаетесь уйти от темы. Теперь я хочу знать больше.,
common043_2_reaction_male_courage,,И вот вы пытаетесь уйти от темы. Теперь я хочу знать больше.,
common043_2_reaction_female_courage,,И вот вы пытаетесь уйти от темы. Теперь я хочу знать больше.,
common043_2_reaction_old_courage,,И вот вы пытаетесь уйти от темы. Теперь я хочу знать больше.,
common043_2_reaction_child_love,,И вот вы пытаетесь уйти от темы. Теперь я хочу знать больше.,
common043_2_reaction_male_love,,И вот вы пытаетесь уйти от темы. Теперь я хочу знать больше.,
common043_2_reaction_female_love,,И вот вы пытаетесь уйти от темы. Теперь я хочу знать больше.,
common043_2_reaction_old_love,,И вот вы пытаетесь уйти от темы. Теперь я хочу знать больше.,
common043_2_reaction_child_friendship,,И вот вы пытаетесь уйти от темы. Теперь я хочу знать больше.,
common043_2_reaction_male_friendship,,И вот вы пытаетесь уйти от темы. Теперь я хочу знать больше.,
common043_2_reaction_female_friendship,,И вот вы пытаетесь уйти от темы. Теперь я хочу знать больше.,
common043_2_reaction_old_friendship,,И вот вы пытаетесь уйти от темы. Теперь я хочу знать больше.,
common043_2_reaction_child_knowledge,,И вот вы пытаетесь уйти от темы. Теперь я хочу знать больше.,
common043_2_reaction_male_knowledge,,И вот вы пытаетесь уйти от темы. Теперь я хочу знать больше.,
common043_2_reaction_female_knowledge,,И вот вы пытаетесь уйти от темы. Теперь я хочу знать больше.,
common043_2_reaction_old_knowledge,,И вот вы пытаетесь уйти от темы. Теперь я хочу знать больше.,
common044_0_child_courage,,"У меня такое чувство, что я чувствую себя наиболее
непринужденно, когда я с тобой.",
common044_0_male_courage,,"У меня такое чувство, что я чувствую себя наиболее
непринужденно, когда я с тобой.",
common044_0_female_courage,,"У меня такое чувство, что я чувствую себя наиболее
непринужденно, когда я с тобой.",
common044_0_old_courage,,"У меня такое чувство, что я чувствую себя наиболее
непринужденно, когда я с тобой.",
common044_0_child_love,,"У меня такое чувство, что я чувствую себя наиболее
непринужденно, когда я с тобой.",
common044_0_male_love,,"У меня такое чувство, что я чувствую себя наиболее
непринужденно, когда я с тобой.",
common044_0_female_love,,"У меня такое чувство, что я чувствую себя наиболее
непринужденно, когда я с тобой.",
common044_0_old_love,,"У меня такое чувство, что я чувствую себя наиболее
непринужденно, когда я с тобой.",
common044_0_child_friendship,,"У меня такое чувство, что я чувствую себя наиболее
непринужденно, когда я с тобой.",
common044_0_male_friendship,,"У меня такое чувство, что я чувствую себя наиболее
непринужденно, когда я с тобой.",
common044_0_female_friendship,,"У меня такое чувство, что я чувствую себя наиболее
непринужденно, когда я с тобой.",
common044_0_old_friendship,,"У меня такое чувство, что я чувствую себя наиболее
непринужденно, когда я с тобой.",
common044_0_child_knowledge,,"У меня такое чувство, что я чувствую себя наиболее
непринужденно, когда я с тобой.",
common044_0_male_knowledge,,"У меня такое чувство, что я чувствую себя наиболее
непринужденно, когда я с тобой.",
common044_0_female_knowledge,,"У меня такое чувство, что я чувствую себя наиболее
непринужденно, когда я с тобой.",
common044_0_old_knowledge,,"У меня такое чувство, что я чувствую себя наиболее
непринужденно, когда я с тобой.",
common044_1_replay,char_PLAYER_M,Я чувствую то же самое.,
common044_1_reaction_child_courage,,"То есть ты хочешь сказать, что мне не нужно заставлять себя
совершенствоваться ...? Какое облегчение. Хи-хи.",
common044_1_reaction_male_courage,,"То есть ты хочешь сказать, что мне не нужно заставлять себя
совершенствоваться ...? Какое облегчение. Хи-хи.",
common044_1_reaction_female_courage,,"То есть ты хочешь сказать, что мне не нужно заставлять себя
совершенствоваться ...? Какое облегчение. Хи-хи.",
common044_1_reaction_old_courage,,"То есть ты хочешь сказать, что мне не нужно заставлять себя
совершенствоваться ...? Какое облегчение. Хи-хи.",
common044_1_reaction_child_love,,"То есть ты хочешь сказать, что мне не нужно заставлять себя
совершенствоваться ...? Какое облегчение. Хи-хи.",
common044_1_reaction_male_love,,"То есть ты хочешь сказать, что мне не нужно заставлять себя
совершенствоваться ...? Какое облегчение. Хи-хи.",
common044_1_reaction_female_love,,"То есть ты хочешь сказать, что мне не нужно заставлять себя
совершенствоваться ...? Какое облегчение. Хи-хи.",
common044_1_reaction_old_love,,"То есть ты хочешь сказать, что мне не нужно заставлять себя
совершенствоваться ...? Какое облегчение. Хи-хи.",
common044_1_reaction_child_friendship,,"То есть ты хочешь сказать, что мне не нужно заставлять себя
совершенствоваться ...? Какое облегчение. Хи-хи.",
common044_1_reaction_male_friendship,,"То есть ты хочешь сказать, что мне не нужно заставлять себя
совершенствоваться ...? Какое облегчение. Хи-хи.",
common044_1_reaction_female_friendship,,"То есть ты хочешь сказать, что мне не нужно заставлять себя
совершенствоваться ...? Какое облегчение. Хи-хи.",
common044_1_reaction_old_friendship,,"То есть ты хочешь сказать, что мне не нужно заставлять себя
совершенствоваться ...? Какое облегчение. Хи-хи.",
common044_1_reaction_child_knowledge,,"То есть ты хочешь сказать, что мне не нужно заставлять себя
совершенствоваться ...? Какое облегчение. Хи-хи.",
common044_1_reaction_male_knowledge,,"То есть ты хочешь сказать, что мне не нужно заставлять себя
совершенствоваться ...? Какое облегчение. Хи-хи.",
common044_1_reaction_female_knowledge,,"То есть ты хочешь сказать, что мне не нужно заставлять себя
совершенствоваться ...? Какое облегчение. Хи-хи.",
common044_1_reaction_old_knowledge,,"То есть ты хочешь сказать, что мне не нужно заставлять себя
совершенствоваться ...? Какое облегчение. Хи-хи.",
common044_2_replay,char_PLAYER_M,Просто не теряй бдительности.,
common044_2_reaction_child_courage,,"Хи-хи! Хорошее замечание. Приключение еще не закончилось, так
что нам нужно быть начеку.",
common044_2_reaction_male_courage,,"Хи-хи! Хорошее замечание. Приключение еще не закончилось, так
что нам нужно быть начеку.",
common044_2_reaction_female_courage,,"Хи-хи! Хорошее замечание. Приключение еще не закончилось, так
что нам нужно быть начеку.",
common044_2_reaction_old_courage,,"Хи-хи! Хорошее замечание. Приключение еще не закончилось, так
что нам нужно быть начеку.",
common044_2_reaction_child_love,,"Хи-хи! Хорошее замечание. Приключение еще не закончилось, так
что нам нужно быть начеку.",
common044_2_reaction_male_love,,"Хи-хи! Хорошее замечание. Приключение еще не закончилось, так
что нам нужно быть начеку.",
common044_2_reaction_female_love,,"Хи-хи! Хорошее замечание. Приключение еще не закончилось, так
что нам нужно быть начеку.",
common044_2_reaction_old_love,,"Хи-хи! Хорошее замечание. Приключение еще не закончилось, так
что нам нужно быть начеку.",
common044_2_reaction_child_friendship,,"Хи-хи! Хорошее замечание. Приключение еще не закончилось, так
что нам нужно быть начеку.",
common044_2_reaction_male_friendship,,"Хи-хи! Хорошее замечание. Приключение еще не закончилось, так
что нам нужно быть начеку.",
common044_2_reaction_female_friendship,,"Хи-хи! Хорошее замечание. Приключение еще не закончилось, так
что нам нужно быть начеку.",
common044_2_reaction_old_friendship,,"Хи-хи! Хорошее замечание. Приключение еще не закончилось, так
что нам нужно быть начеку.",
common044_2_reaction_child_knowledge,,"Хи-хи! Хорошее замечание. Приключение еще не закончилось, так
что нам нужно быть начеку.",
common044_2_reaction_male_knowledge,,"Хи-хи! Хорошее замечание. Приключение еще не закончилось, так
что нам нужно быть начеку.",
common044_2_reaction_female_knowledge,,"Хи-хи! Хорошее замечание. Приключение еще не закончилось, так
что нам нужно быть начеку.",
common044_2_reaction_old_knowledge,,"Хи-хи! Хорошее замечание. Приключение еще не закончилось, так
что нам нужно быть начеку.",
common045_0_child_courage,,Я хочу быть вам еще полезнее!,
common045_0_male_courage,,Я хочу быть вам еще полезнее!,
common045_0_female_courage,,Я хочу быть вам еще полезнее!,
common045_0_old_courage,,Я хочу быть вам еще полезнее!,
common045_0_child_love,,Я хочу быть вам еще полезнее!,
common045_0_male_love,,Я хочу быть вам еще полезнее!,
common045_0_female_love,,Я хочу быть вам еще полезнее!,
common045_0_old_love,,Я хочу быть вам еще полезнее!,
common045_0_child_friendship,,Я хочу быть вам еще полезнее!,
common045_0_male_friendship,,Я хочу быть вам еще полезнее!,
common045_0_female_friendship,,Я хочу быть вам еще полезнее!,
common045_0_old_friendship,,Я хочу быть вам еще полезнее!,
common045_0_child_knowledge,,Я хочу быть вам еще полезнее!,
common045_0_male_knowledge,,Я хочу быть вам еще полезнее!,
common045_0_female_knowledge,,Я хочу быть вам еще полезнее!,
common045_0_old_knowledge,,Я хочу быть вам еще полезнее!,
common045_1_replay,char_PLAYER_M,"Так приятно, когда тебя любят.",
common045_1_reaction_child_courage,,Хи-хи! Мои чувства к тебе сделают меня сильнее.,
common045_1_reaction_male_courage,,Хи-хи! Мои чувства к тебе сделают меня сильнее.,
common045_1_reaction_female_courage,,Хи-хи! Мои чувства к тебе сделают меня сильнее.,
common045_1_reaction_old_courage,,Хи-хи! Мои чувства к тебе сделают меня сильнее.,
common045_1_reaction_child_love,,Хи-хи! Мои чувства к тебе сделают меня сильнее.,
common045_1_reaction_male_love,,Хи-хи! Мои чувства к тебе сделают меня сильнее.,
common045_1_reaction_female_love,,Хи-хи! Мои чувства к тебе сделают меня сильнее.,
common045_1_reaction_old_love,,Хи-хи! Мои чувства к тебе сделают меня сильнее.,
common045_1_reaction_child_friendship,,Хи-хи! Мои чувства к тебе сделают меня сильнее.,
common045_1_reaction_male_friendship,,Хи-хи! Мои чувства к тебе сделают меня сильнее.,
common045_1_reaction_female_friendship,,Хи-хи! Мои чувства к тебе сделают меня сильнее.,
common045_1_reaction_old_friendship,,Хи-хи! Мои чувства к тебе сделают меня сильнее.,
common045_1_reaction_child_knowledge,,Хи-хи! Мои чувства к тебе сделают меня сильнее.,
common045_1_reaction_male_knowledge,,Хи-хи! Мои чувства к тебе сделают меня сильнее.,
common045_1_reaction_female_knowledge,,Хи-хи! Мои чувства к тебе сделают меня сильнее.,
common045_1_reaction_old_knowledge,,Хи-хи! Мои чувства к тебе сделают меня сильнее.,
common045_2_replay,char_PLAYER_M,Хорошо. Тогда давай потренируем твои навыки.,
common045_2_reaction_child_courage,,"Ладно, понял. Сила важнее всего.",
common045_2_reaction_male_courage,,"Ладно, понял. Сила важнее всего.",
common045_2_reaction_female_courage,,"Ладно, понял. Сила важнее всего.",
common045_2_reaction_old_courage,,"Ладно, понял. Сила важнее всего.",
common045_2_reaction_child_love,,"Ладно, понял. Сила важнее всего.",
common045_2_reaction_male_love,,"Ладно, понял. Сила важнее всего.",
common045_2_reaction_female_love,,"Ладно, понял. Сила важнее всего.",
common045_2_reaction_old_love,,"Ладно, понял. Сила важнее всего.",
common045_2_reaction_child_friendship,,"Ладно, понял. Сила важнее всего.",
common045_2_reaction_male_friendship,,"Ладно, понял. Сила важнее всего.",
common045_2_reaction_female_friendship,,"Ладно, понял. Сила важнее всего.",
common045_2_reaction_old_friendship,,"Ладно, понял. Сила важнее всего.",
common045_2_reaction_child_knowledge,,"Ладно, понял. Сила важнее всего.",
common045_2_reaction_male_knowledge,,"Ладно, понял. Сила важнее всего.",
common045_2_reaction_female_knowledge,,"Ладно, понял. Сила важнее всего.",
common045_2_reaction_old_knowledge,,"Ладно, понял. Сила важнее всего.",
common046_0_child_courage,,"В последнее время весь мир кажется таким ярким. Может быть,
причиной всему любовь, которую я испытываю каждый день?",
common046_0_male_courage,,"В последнее время весь мир кажется таким ярким. Может быть,
причиной всему любовь, которую я испытываю каждый день?",
common046_0_female_courage,,"В последнее время весь мир кажется таким ярким. Может быть,
причиной всему любовь, которую я испытываю каждый день?",
common046_0_old_courage,,"В последнее время весь мир кажется таким ярким. Может быть,
причиной всему любовь, которую я испытываю каждый день?",
common046_0_child_love,,"В последнее время весь мир кажется таким ярким. Может быть,
причиной всему любовь, которую я испытываю каждый день?",
common046_0_male_love,,"В последнее время весь мир кажется таким ярким. Может быть,
причиной всему любовь, которую я испытываю каждый день?",
common046_0_female_love,,"В последнее время весь мир кажется таким ярким. Может быть,
причиной всему любовь, которую я испытываю каждый день?",
common046_0_old_love,,"В последнее время весь мир кажется таким ярким. Может быть,
причиной всему любовь, которую я испытываю каждый день?",
common046_0_child_friendship,,"В последнее время весь мир кажется таким ярким. Может быть,
причиной всему любовь, которую я испытываю каждый день?",
common046_0_male_friendship,,"В последнее время весь мир кажется таким ярким. Может быть,
причиной всему любовь, которую я испытываю каждый день?",
common046_0_female_friendship,,"В последнее время весь мир кажется таким ярким. Может быть,
причиной всему любовь, которую я испытываю каждый день?",
common046_0_old_friendship,,"В последнее время весь мир кажется таким ярким. Может быть,
причиной всему любовь, которую я испытываю каждый день?",
common046_0_child_knowledge,,"В последнее время весь мир кажется таким ярким. Может быть,
причиной всему любовь, которую я испытываю каждый день?",
common046_0_male_knowledge,,"В последнее время весь мир кажется таким ярким. Может быть,
причиной всему любовь, которую я испытываю каждый день?",
common046_0_female_knowledge,,"В последнее время весь мир кажется таким ярким. Может быть,
причиной всему любовь, которую я испытываю каждый день?",
common046_0_old_knowledge,,"В последнее время весь мир кажется таким ярким. Может быть,
причиной всему любовь, которую я испытываю каждый день?",
common046_1_replay,char_PLAYER_M,"Да. Любовь меняет то, как ты видишь мир.",
common046_1_reaction_child_courage,,"Может ли любовь быть прекраснее? Только посмотрите, как все
вокруг сверкает!",
common046_1_reaction_male_courage,,"Может ли любовь быть прекраснее? Только посмотрите, как все
вокруг сверкает!",
common046_1_reaction_female_courage,,"Может ли любовь быть прекраснее? Только посмотрите, как все
вокруг сверкает!",
common046_1_reaction_old_courage,,"Может ли любовь быть прекраснее? Только посмотрите, как все
вокруг сверкает!",
common046_1_reaction_child_love,,"Может ли любовь быть прекраснее? Только посмотрите, как все
вокруг сверкает!",
common046_1_reaction_male_love,,"Может ли любовь быть прекраснее? Только посмотрите, как все
вокруг сверкает!",
common046_1_reaction_female_love,,"Может ли любовь быть прекраснее? Только посмотрите, как все
вокруг сверкает!",
common046_1_reaction_old_love,,"Может ли любовь быть прекраснее? Только посмотрите, как все
вокруг сверкает!",
common046_1_reaction_child_friendship,,"Может ли любовь быть прекраснее? Только посмотрите, как все
вокруг сверкает!",
common046_1_reaction_male_friendship,,"Может ли любовь быть прекраснее? Только посмотрите, как все
вокруг сверкает!",
common046_1_reaction_female_friendship,,"Может ли любовь быть прекраснее? Только посмотрите, как все
вокруг сверкает!",
common046_1_reaction_old_friendship,,"Может ли любовь быть прекраснее? Только посмотрите, как все
вокруг сверкает!",
common046_1_reaction_child_knowledge,,"Может ли любовь быть прекраснее? Только посмотрите, как все
вокруг сверкает!",
common046_1_reaction_male_knowledge,,"Может ли любовь быть прекраснее? Только посмотрите, как все
вокруг сверкает!",
common046_1_reaction_female_knowledge,,"Может ли любовь быть прекраснее? Только посмотрите, как все
вокруг сверкает!",
common046_1_reaction_old_knowledge,,"Может ли любовь быть прекраснее? Только посмотрите, как все
вокруг сверкает!",
common046_2_replay,char_PLAYER_M,"Может быть, ваше зрение просто стало острее.",
common046_2_reaction_child_courage,,"... О, возможно, вы правы. Я заметил, что в последнее время мои
глаза не так сильно устают.",
common046_2_reaction_male_courage,,"... О, возможно, вы правы. Я заметил, что в последнее время мои
глаза не так сильно устают.",
common046_2_reaction_female_courage,,"... О, возможно, вы правы. Я заметил, что в последнее время мои
глаза не так сильно устают.",
common046_2_reaction_old_courage,,"... О, возможно, вы правы. Я заметил, что в последнее время мои
глаза не так сильно устают.",
common046_2_reaction_child_love,,"... О, возможно, вы правы. Я заметил, что в последнее время мои
глаза не так сильно устают.",
common046_2_reaction_male_love,,"... О, возможно, вы правы. Я заметил, что в последнее время мои
глаза не так сильно устают.",
common046_2_reaction_female_love,,"... О, возможно, вы правы. Я заметил, что в последнее время мои
глаза не так сильно устают.",
common046_2_reaction_old_love,,"... О, возможно, вы правы. Я заметил, что в последнее время мои
глаза не так сильно устают.",
common046_2_reaction_child_friendship,,"... О, возможно, вы правы. Я заметил, что в последнее время мои
глаза не так сильно устают.",
common046_2_reaction_male_friendship,,"... О, возможно, вы правы. Я заметил, что в последнее время мои
глаза не так сильно устают.",
common046_2_reaction_female_friendship,,"... О, возможно, вы правы. Я заметил, что в последнее время мои
глаза не так сильно устают.",
common046_2_reaction_old_friendship,,"... О, возможно, вы правы. Я заметил, что в последнее время мои
глаза не так сильно устают.",
common046_2_reaction_child_knowledge,,"... О, возможно, вы правы. Я заметил, что в последнее время мои
глаза не так сильно устают.",
common046_2_reaction_male_knowledge,,"... О, возможно, вы правы. Я заметил, что в последнее время мои
глаза не так сильно устают.",
common046_2_reaction_female_knowledge,,"... О, возможно, вы правы. Я заметил, что в последнее время мои
глаза не так сильно устают.",
common046_2_reaction_old_knowledge,,"... О, возможно, вы правы. Я заметил, что в последнее время мои
глаза не так сильно устают.",
common047_0_child_courage,,"Иногда я задаюсь вопросом, что бы я делал, если бы ты исчез.",
common047_0_male_courage,,"Иногда я задаюсь вопросом, что бы я делал, если бы ты исчез.",
common047_0_female_courage,,"Иногда я задаюсь вопросом, что бы я делал, если бы ты исчез.",
common047_0_old_courage,,"Иногда я задаюсь вопросом, что бы я делал, если бы ты исчез.",
common047_0_child_love,,"Иногда я задаюсь вопросом, что бы я делал, если бы ты исчез.",
common047_0_male_love,,"Иногда я задаюсь вопросом, что бы я делал, если бы ты исчез.",
common047_0_female_love,,"Иногда я задаюсь вопросом, что бы я делал, если бы ты исчез.",
common047_0_old_love,,"Иногда я задаюсь вопросом, что бы я делал, если бы ты исчез.",
common047_0_child_friendship,,"Иногда я задаюсь вопросом, что бы я делал, если бы ты исчез.",
common047_0_male_friendship,,"Иногда я задаюсь вопросом, что бы я делал, если бы ты исчез.",
common047_0_female_friendship,,"Иногда я задаюсь вопросом, что бы я делал, если бы ты исчез.",
common047_0_old_friendship,,"Иногда я задаюсь вопросом, что бы я делал, если бы ты исчез.",
common047_0_child_knowledge,,"Иногда я задаюсь вопросом, что бы я делал, если бы ты исчез.",
common047_0_male_knowledge,,"Иногда я задаюсь вопросом, что бы я делал, если бы ты исчез.",
common047_0_female_knowledge,,"Иногда я задаюсь вопросом, что бы я делал, если бы ты исчез.",
common047_0_old_knowledge,,"Иногда я задаюсь вопросом, что бы я делал, если бы ты исчез.",
common047_1_replay,char_PLAYER_M,Тебе было бы грустно?,
common047_1_reaction_child_courage,,"Конечно, я бы так и сделал! Не исчезай из-за меня, ладно?",
common047_1_reaction_male_courage,,"Конечно, я бы так и сделал! Не исчезай из-за меня, ладно?",
common047_1_reaction_female_courage,,"Конечно, я бы так и сделал! Не исчезай из-за меня, ладно?",
common047_1_reaction_old_courage,,"Конечно, я бы так и сделал! Не исчезай из-за меня, ладно?",
common047_1_reaction_child_love,,"Конечно, я бы так и сделал! Не исчезай из-за меня, ладно?",
common047_1_reaction_male_love,,"Конечно, я бы так и сделал! Не исчезай из-за меня, ладно?",
common047_1_reaction_female_love,,"Конечно, я бы так и сделал! Не исчезай из-за меня, ладно?",
common047_1_reaction_old_love,,"Конечно, я бы так и сделал! Не исчезай из-за меня, ладно?",
common047_1_reaction_child_friendship,,"Конечно, я бы так и сделал! Не исчезай из-за меня, ладно?",
common047_1_reaction_male_friendship,,"Конечно, я бы так и сделал! Не исчезай из-за меня, ладно?",
common047_1_reaction_female_friendship,,"Конечно, я бы так и сделал! Не исчезай из-за меня, ладно?",
common047_1_reaction_old_friendship,,"Конечно, я бы так и сделал! Не исчезай из-за меня, ладно?",
common047_1_reaction_child_knowledge,,"Конечно, я бы так и сделал! Не исчезай из-за меня, ладно?",
common047_1_reaction_male_knowledge,,"Конечно, я бы так и сделал! Не исчезай из-за меня, ладно?",
common047_1_reaction_female_knowledge,,"Конечно, я бы так и сделал! Не исчезай из-за меня, ладно?",
common047_1_reaction_old_knowledge,,"Конечно, я бы так и сделал! Не исчезай из-за меня, ладно?",
common047_2_replay,char_PLAYER_M,"Я сделаю все, что в моих силах, чтобы остаться здесь.",
common047_2_reaction_child_courage,,Это так похоже на тебя - быть таким уклончивым. Хи-хи.,
common047_2_reaction_male_courage,,Это так похоже на тебя - быть таким уклончивым. Хи-хи.,
common047_2_reaction_female_courage,,Это так похоже на тебя - быть таким уклончивым. Хи-хи.,
common047_2_reaction_old_courage,,Это так похоже на тебя - быть таким уклончивым. Хи-хи.,
common047_2_reaction_child_love,,Это так похоже на тебя - быть таким уклончивым. Хи-хи.,
common047_2_reaction_male_love,,Это так похоже на тебя - быть таким уклончивым. Хи-хи.,
common047_2_reaction_female_love,,Это так похоже на тебя - быть таким уклончивым. Хи-хи.,
common047_2_reaction_old_love,,Это так похоже на тебя - быть таким уклончивым. Хи-хи.,
common047_2_reaction_child_friendship,,Это так похоже на тебя - быть таким уклончивым. Хи-хи.,
common047_2_reaction_male_friendship,,Это так похоже на тебя - быть таким уклончивым. Хи-хи.,
common047_2_reaction_female_friendship,,Это так похоже на тебя - быть таким уклончивым. Хи-хи.,
common047_2_reaction_old_friendship,,Это так похоже на тебя - быть таким уклончивым. Хи-хи.,
common047_2_reaction_child_knowledge,,Это так похоже на тебя - быть таким уклончивым. Хи-хи.,
common047_2_reaction_male_knowledge,,Это так похоже на тебя - быть таким уклончивым. Хи-хи.,
common047_2_reaction_female_knowledge,,Это так похоже на тебя - быть таким уклончивым. Хи-хи.,
common047_2_reaction_old_knowledge,,Это так похоже на тебя - быть таким уклончивым. Хи-хи.,
common048_0_child_courage,,"Я беспокоюсь, что ты, возможно, слишком давишь на себя.",
common048_0_male_courage,,"Я беспокоюсь, что ты, возможно, слишком давишь на себя.",
common048_0_female_courage,,"Я беспокоюсь, что ты, возможно, слишком давишь на себя.",
common048_0_old_courage,,"Я беспокоюсь, что ты, возможно, слишком давишь на себя.",
common048_0_child_love,,"Я беспокоюсь, что ты, возможно, слишком давишь на себя.",
common048_0_male_love,,"Я беспокоюсь, что ты, возможно, слишком давишь на себя.",
common048_0_female_love,,"Я беспокоюсь, что ты, возможно, слишком давишь на себя.",
common048_0_old_love,,"Я беспокоюсь, что ты, возможно, слишком давишь на себя.",
common048_0_child_friendship,,"Я беспокоюсь, что ты, возможно, слишком давишь на себя.",
common048_0_male_friendship,,"Я беспокоюсь, что ты, возможно, слишком давишь на себя.",
common048_0_female_friendship,,"Я беспокоюсь, что ты, возможно, слишком давишь на себя.",
common048_0_old_friendship,,"Я беспокоюсь, что ты, возможно, слишком давишь на себя.",
common048_0_child_knowledge,,"Я беспокоюсь, что ты, возможно, слишком давишь на себя.",
common048_0_male_knowledge,,"Я беспокоюсь, что ты, возможно, слишком давишь на себя.",
common048_0_female_knowledge,,"Я беспокоюсь, что ты, возможно, слишком давишь на себя.",
common048_0_old_knowledge,,"Я беспокоюсь, что ты, возможно, слишком давишь на себя.",
common048_1_replay,char_PLAYER_M,Ваше беспокойство очень обнадеживает.,
common048_1_reaction_child_courage,,"Так и есть? Что ж, просто знай, что я всегда буду беспокоиться о
тебе.",
common048_1_reaction_male_courage,,"Так и есть? Что ж, просто знай, что я всегда буду беспокоиться о
тебе.",
common048_1_reaction_female_courage,,"Так и есть? Что ж, просто знай, что я всегда буду беспокоиться о
тебе.",
common048_1_reaction_old_courage,,"Так и есть? Что ж, просто знай, что я всегда буду беспокоиться о
тебе.",
common048_1_reaction_child_love,,"Так и есть? Что ж, просто знай, что я всегда буду беспокоиться о
тебе.",
common048_1_reaction_male_love,,"Так и есть? Что ж, просто знай, что я всегда буду беспокоиться о
тебе.",
common048_1_reaction_female_love,,"Так и есть? Что ж, просто знай, что я всегда буду беспокоиться о
тебе.",
common048_1_reaction_old_love,,"Так и есть? Что ж, просто знай, что я всегда буду беспокоиться о
тебе.",
common048_1_reaction_child_friendship,,"Так и есть? Что ж, просто знай, что я всегда буду беспокоиться о
тебе.",
common048_1_reaction_male_friendship,,"Так и есть? Что ж, просто знай, что я всегда буду беспокоиться о
тебе.",
common048_1_reaction_female_friendship,,"Так и есть? Что ж, просто знай, что я всегда буду беспокоиться о
тебе.",
common048_1_reaction_old_friendship,,"Так и есть? Что ж, просто знай, что я всегда буду беспокоиться о
тебе.",
common048_1_reaction_child_knowledge,,"Так и есть? Что ж, просто знай, что я всегда буду беспокоиться о
тебе.",
common048_1_reaction_male_knowledge,,"Так и есть? Что ж, просто знай, что я всегда буду беспокоиться о
тебе.",
common048_1_reaction_female_knowledge,,"Так и есть? Что ж, просто знай, что я всегда буду беспокоиться о
тебе.",
common048_1_reaction_old_knowledge,,"Так и есть? Что ж, просто знай, что я всегда буду беспокоиться о
тебе.",
common048_2_replay,char_PLAYER_M,"Ну, а я - нет.",
common048_2_reaction_child_courage,,"Да, я знаю, что с тобой все в порядке... Я просто был немного
обеспокоен, вот и все.",
common048_2_reaction_male_courage,,"Да, я знаю, что с тобой все в порядке... Я просто был немного
обеспокоен, вот и все.",
common048_2_reaction_female_courage,,"Да, я знаю, что с тобой все в порядке... Я просто был немного
обеспокоен, вот и все.",
common048_2_reaction_old_courage,,"Да, я знаю, что с тобой все в порядке... Я просто был немного
обеспокоен, вот и все.",
common048_2_reaction_child_love,,"Да, я знаю, что с тобой все в порядке... Я просто был немного
обеспокоен, вот и все.",
common048_2_reaction_male_love,,"Да, я знаю, что с тобой все в порядке... Я просто был немного
обеспокоен, вот и все.",
common048_2_reaction_female_love,,"Да, я знаю, что с тобой все в порядке... Я просто был немного
обеспокоен, вот и все.",
common048_2_reaction_old_love,,"Да, я знаю, что с тобой все в порядке... Я просто был немного
обеспокоен, вот и все.",
common048_2_reaction_child_friendship,,"Да, я знаю, что с тобой все в порядке... Я просто был немного
обеспокоен, вот и все.",
common048_2_reaction_male_friendship,,"Да, я знаю, что с тобой все в порядке... Я просто был немного
обеспокоен, вот и все.",
common048_2_reaction_female_friendship,,"Да, я знаю, что с тобой все в порядке... Я просто был немного
обеспокоен, вот и все.",
common048_2_reaction_old_friendship,,"Да, я знаю, что с тобой все в порядке... Я просто был немного
обеспокоен, вот и все.",
common048_2_reaction_child_knowledge,,"Да, я знаю, что с тобой все в порядке... Я просто был немного
обеспокоен, вот и все.",
common048_2_reaction_male_knowledge,,"Да, я знаю, что с тобой все в порядке... Я просто был немного
обеспокоен, вот и все.",
common048_2_reaction_female_knowledge,,"Да, я знаю, что с тобой все в порядке... Я просто был немного
обеспокоен, вот и все.",
common048_2_reaction_old_knowledge,,"Да, я знаю, что с тобой все в порядке... Я просто был немного
обеспокоен, вот и все.",
common049_0_child_courage,,У меня все еще есть смекалка и желание сражаться на передовой!,
common049_0_male_courage,,У меня все еще есть смекалка и желание сражаться на передовой!,
common049_0_female_courage,,У меня все еще есть смекалка и желание сражаться на передовой!,
common049_0_old_courage,,У меня все еще есть смекалка и желание сражаться на передовой!,
common049_0_child_love,,У меня все еще есть смекалка и желание сражаться на передовой!,
common049_0_male_love,,У меня все еще есть смекалка и желание сражаться на передовой!,
common049_0_female_love,,У меня все еще есть смекалка и желание сражаться на передовой!,
common049_0_old_love,,У меня все еще есть смекалка и желание сражаться на передовой!,
common049_0_child_friendship,,У меня все еще есть смекалка и желание сражаться на передовой!,
common049_0_male_friendship,,У меня все еще есть смекалка и желание сражаться на передовой!,
common049_0_female_friendship,,У меня все еще есть смекалка и желание сражаться на передовой!,
common049_0_old_friendship,,У меня все еще есть смекалка и желание сражаться на передовой!,
common049_0_child_knowledge,,У меня все еще есть смекалка и желание сражаться на передовой!,
common049_0_male_knowledge,,У меня все еще есть смекалка и желание сражаться на передовой!,
common049_0_female_knowledge,,У меня все еще есть смекалка и желание сражаться на передовой!,
common049_0_old_knowledge,,У меня все еще есть смекалка и желание сражаться на передовой!,
common049_1_replay,char_PLAYER_M,Мне действительно отрадно слышать это от вас!,
common049_1_reaction_child_courage,,"Храбрость, которую я культивировал в себе все эти годы, может
преодолеть все, что угодно.",
common049_1_reaction_male_courage,,"Храбрость, которую я культивировал в себе все эти годы, может
преодолеть все, что угодно.",
common049_1_reaction_female_courage,,"Храбрость, которую я культивировал в себе все эти годы, может
преодолеть все, что угодно.",
common049_1_reaction_old_courage,,"Храбрость, которую я культивировал в себе все эти годы, может
преодолеть все, что угодно.",
common049_1_reaction_child_love,,"Храбрость, которую я культивировал в себе все эти годы, может
преодолеть все, что угодно.",
common049_1_reaction_male_love,,"Храбрость, которую я культивировал в себе все эти годы, может
преодолеть все, что угодно.",
common049_1_reaction_female_love,,"Храбрость, которую я культивировал в себе все эти годы, может
преодолеть все, что угодно.",
common049_1_reaction_old_love,,"Храбрость, которую я культивировал в себе все эти годы, может
преодолеть все, что угодно.",
common049_1_reaction_child_friendship,,"Храбрость, которую я культивировал в себе все эти годы, может
преодолеть все, что угодно.",
common049_1_reaction_male_friendship,,"Храбрость, которую я культивировал в себе все эти годы, может
преодолеть все, что угодно.",
common049_1_reaction_female_friendship,,"Храбрость, которую я культивировал в себе все эти годы, может
преодолеть все, что угодно.",
common049_1_reaction_old_friendship,,"Храбрость, которую я культивировал в себе все эти годы, может
преодолеть все, что угодно.",
common049_1_reaction_child_knowledge,,"Храбрость, которую я культивировал в себе все эти годы, может
преодолеть все, что угодно.",
common049_1_reaction_male_knowledge,,"Храбрость, которую я культивировал в себе все эти годы, может
преодолеть все, что угодно.",
common049_1_reaction_female_knowledge,,"Храбрость, которую я культивировал в себе все эти годы, может
преодолеть все, что угодно.",
common049_1_reaction_old_knowledge,,"Храбрость, которую я культивировал в себе все эти годы, может
преодолеть все, что угодно.",
common049_2_replay,char_PLAYER_M,Не подходи. Это слишком опасно!,
common049_2_reaction_child_courage,,"У-Ух... Понятно. Полагаю, я позволю вам, молодежь, взять
инициативу на себя.",
common049_2_reaction_male_courage,,"У-Ух... Понятно. Полагаю, я позволю вам, молодежь, взять
инициативу на себя.",
common049_2_reaction_female_courage,,"У-Ух... Понятно. Полагаю, я позволю вам, молодежь, взять
инициативу на себя.",
common049_2_reaction_old_courage,,"У-Ух... Понятно. Полагаю, я позволю вам, молодежь, взять
инициативу на себя.",
common049_2_reaction_child_love,,"У-Ух... Понятно. Полагаю, я позволю вам, молодежь, взять
инициативу на себя.",
common049_2_reaction_male_love,,"У-Ух... Понятно. Полагаю, я позволю вам, молодежь, взять
инициативу на себя.",
common049_2_reaction_female_love,,"У-Ух... Понятно. Полагаю, я позволю вам, молодежь, взять
инициативу на себя.",
common049_2_reaction_old_love,,"У-Ух... Понятно. Полагаю, я позволю вам, молодежь, взять
инициативу на себя.",
common049_2_reaction_child_friendship,,"У-Ух... Понятно. Полагаю, я позволю вам, молодежь, взять
инициативу на себя.",
common049_2_reaction_male_friendship,,"У-Ух... Понятно. Полагаю, я позволю вам, молодежь, взять
инициативу на себя.",
common049_2_reaction_female_friendship,,"У-Ух... Понятно. Полагаю, я позволю вам, молодежь, взять
инициативу на себя.",
common049_2_reaction_old_friendship,,"У-Ух... Понятно. Полагаю, я позволю вам, молодежь, взять
инициативу на себя.",
common049_2_reaction_child_knowledge,,"У-Ух... Понятно. Полагаю, я позволю вам, молодежь, взять
инициативу на себя.",
common049_2_reaction_male_knowledge,,"У-Ух... Понятно. Полагаю, я позволю вам, молодежь, взять
инициативу на себя.",
common049_2_reaction_female_knowledge,,"У-Ух... Понятно. Полагаю, я позволю вам, молодежь, взять
инициативу на себя.",
common049_2_reaction_old_knowledge,,"У-Ух... Понятно. Полагаю, я позволю вам, молодежь, взять
инициативу на себя.",
common050_0_child_courage,,Я хочу спросить тебя кое о чем. Ты ценишь смелость?,
common050_0_male_courage,,Я хочу спросить тебя кое о чем. Ты ценишь смелость?,
common050_0_female_courage,,Я хочу спросить тебя кое о чем. Ты ценишь смелость?,
common050_0_old_courage,,Я хочу спросить тебя кое о чем. Ты ценишь смелость?,
common050_0_child_love,,Я хочу спросить тебя кое о чем. Ты ценишь смелость?,
common050_0_male_love,,Я хочу спросить тебя кое о чем. Ты ценишь смелость?,
common050_0_female_love,,Я хочу спросить тебя кое о чем. Ты ценишь смелость?,
common050_0_old_love,,Я хочу спросить тебя кое о чем. Ты ценишь смелость?,
common050_0_child_friendship,,Я хочу спросить тебя кое о чем. Ты ценишь смелость?,
common050_0_male_friendship,,Я хочу спросить тебя кое о чем. Ты ценишь смелость?,
common050_0_female_friendship,,Я хочу спросить тебя кое о чем. Ты ценишь смелость?,
common050_0_old_friendship,,Я хочу спросить тебя кое о чем. Ты ценишь смелость?,
common050_0_child_knowledge,,Я хочу спросить тебя кое о чем. Ты ценишь смелость?,
common050_0_male_knowledge,,Я хочу спросить тебя кое о чем. Ты ценишь смелость?,
common050_0_female_knowledge,,Я хочу спросить тебя кое о чем. Ты ценишь смелость?,
common050_0_old_knowledge,,Я хочу спросить тебя кое о чем. Ты ценишь смелость?,
common050_1_replay,char_PLAYER_M,Конечно. Смелость - это сила идти вперед!,
common050_1_reaction_child_courage,,"Приятно это слышать. Я тоже чувствую, что смелость - это то, что
важнее всего.",
common050_1_reaction_male_courage,,"Приятно это слышать. Я тоже чувствую, что смелость - это то, что
важнее всего.",
common050_1_reaction_female_courage,,"Приятно это слышать. Я тоже чувствую, что смелость - это то, что
важнее всего.",
common050_1_reaction_old_courage,,"Приятно это слышать. Я тоже чувствую, что смелость - это то, что
важнее всего.",
common050_1_reaction_child_love,,"Приятно это слышать. Я тоже чувствую, что смелость - это то, что
важнее всего.",
common050_1_reaction_male_love,,"Приятно это слышать. Я тоже чувствую, что смелость - это то, что
важнее всего.",
common050_1_reaction_female_love,,"Приятно это слышать. Я тоже чувствую, что смелость - это то, что
важнее всего.",
common050_1_reaction_old_love,,"Приятно это слышать. Я тоже чувствую, что смелость - это то, что
важнее всего.",
common050_1_reaction_child_friendship,,"Приятно это слышать. Я тоже чувствую, что смелость - это то, что
важнее всего.",
common050_1_reaction_male_friendship,,"Приятно это слышать. Я тоже чувствую, что смелость - это то, что
важнее всего.",
common050_1_reaction_female_friendship,,"Приятно это слышать. Я тоже чувствую, что смелость - это то, что
важнее всего.",
common050_1_reaction_old_friendship,,"Приятно это слышать. Я тоже чувствую, что смелость - это то, что
важнее всего.",
common050_1_reaction_child_knowledge,,"Приятно это слышать. Я тоже чувствую, что смелость - это то, что
важнее всего.",
common050_1_reaction_male_knowledge,,"Приятно это слышать. Я тоже чувствую, что смелость - это то, что
важнее всего.",
common050_1_reaction_female_knowledge,,"Приятно это слышать. Я тоже чувствую, что смелость - это то, что
важнее всего.",
common050_1_reaction_old_knowledge,,"Приятно это слышать. Я тоже чувствую, что смелость - это то, что
важнее всего.",
common050_2_replay,char_PLAYER_M,"Есть вещи более важные, чем мужество.",
common050_2_reaction_child_courage,,"Вы верно подметили. Смелость - это еще не все. Возможно, мне
следует пересмотреть свои взгляды.",
common050_2_reaction_male_courage,,"Вы верно подметили. Смелость - это еще не все. Возможно, мне
следует пересмотреть свои взгляды.",
common050_2_reaction_female_courage,,"Вы верно подметили. Смелость - это еще не все. Возможно, мне
следует пересмотреть свои взгляды.",
common050_2_reaction_old_courage,,"Вы верно подметили. Смелость - это еще не все. Возможно, мне
следует пересмотреть свои взгляды.",
common050_2_reaction_child_love,,"Вы верно подметили. Смелость - это еще не все. Возможно, мне
следует пересмотреть свои взгляды.",
common050_2_reaction_male_love,,"Вы верно подметили. Смелость - это еще не все. Возможно, мне
следует пересмотреть свои взгляды.",
common050_2_reaction_female_love,,"Вы верно подметили. Смелость - это еще не все. Возможно, мне
следует пересмотреть свои взгляды.",
common050_2_reaction_old_love,,"Вы верно подметили. Смелость - это еще не все. Возможно, мне
следует пересмотреть свои взгляды.",
common050_2_reaction_child_friendship,,"Вы верно подметили. Смелость - это еще не все. Возможно, мне
следует пересмотреть свои взгляды.",
common050_2_reaction_male_friendship,,"Вы верно подметили. Смелость - это еще не все. Возможно, мне
следует пересмотреть свои взгляды.",
common050_2_reaction_female_friendship,,"Вы верно подметили. Смелость - это еще не все. Возможно, мне
следует пересмотреть свои взгляды.",
common050_2_reaction_old_friendship,,"Вы верно подметили. Смелость - это еще не все. Возможно, мне
следует пересмотреть свои взгляды.",
common050_2_reaction_child_knowledge,,"Вы верно подметили. Смелость - это еще не все. Возможно, мне
следует пересмотреть свои взгляды.",
common050_2_reaction_male_knowledge,,"Вы верно подметили. Смелость - это еще не все. Возможно, мне
следует пересмотреть свои взгляды.",
common050_2_reaction_female_knowledge,,"Вы верно подметили. Смелость - это еще не все. Возможно, мне
следует пересмотреть свои взгляды.",
common050_2_reaction_old_knowledge,,"Вы верно подметили. Смелость - это еще не все. Возможно, мне
следует пересмотреть свои взгляды.",
common051_0_child_courage,,"В эти дни я обнаруживаю, что мое тело легче устает...",
common051_0_male_courage,,"В эти дни я обнаруживаю, что мое тело легче устает...",
common051_0_female_courage,,"В эти дни я обнаруживаю, что мое тело легче устает...",
common051_0_old_courage,,"В эти дни я обнаруживаю, что мое тело легче устает...",
common051_0_child_love,,"В эти дни я обнаруживаю, что мое тело легче устает...",
common051_0_male_love,,"В эти дни я обнаруживаю, что мое тело легче устает...",
common051_0_female_love,,"В эти дни я обнаруживаю, что мое тело легче устает...",
common051_0_old_love,,"В эти дни я обнаруживаю, что мое тело легче устает...",
common051_0_child_friendship,,"В эти дни я обнаруживаю, что мое тело легче устает...",
common051_0_male_friendship,,"В эти дни я обнаруживаю, что мое тело легче устает...",
common051_0_female_friendship,,"В эти дни я обнаруживаю, что мое тело легче устает...",
common051_0_old_friendship,,"В эти дни я обнаруживаю, что мое тело легче устает...",
common051_0_child_knowledge,,"В эти дни я обнаруживаю, что мое тело легче устает...",
common051_0_male_knowledge,,"В эти дни я обнаруживаю, что мое тело легче устает...",
common051_0_female_knowledge,,"В эти дни я обнаруживаю, что мое тело легче устает...",
common051_0_old_knowledge,,"В эти дни я обнаруживаю, что мое тело легче устает...",
common051_1_replay,char_PLAYER_M,Ты все еще молод!,
common051_1_reaction_child_courage,,"Вы так думаете? Наверное, я еще не готов передать эстафету вам,
молодежь!",
common051_1_reaction_male_courage,,"Вы так думаете? Наверное, я еще не готов передать эстафету вам,
молодежь!",
common051_1_reaction_female_courage,,"Вы так думаете? Наверное, я еще не готов передать эстафету вам,
молодежь!",
common051_1_reaction_old_courage,,"Вы так думаете? Наверное, я еще не готов передать эстафету вам,
молодежь!",
common051_1_reaction_child_love,,"Вы так думаете? Наверное, я еще не готов передать эстафету вам,
молодежь!",
common051_1_reaction_male_love,,"Вы так думаете? Наверное, я еще не готов передать эстафету вам,
молодежь!",
common051_1_reaction_female_love,,"Вы так думаете? Наверное, я еще не готов передать эстафету вам,
молодежь!",
common051_1_reaction_old_love,,"Вы так думаете? Наверное, я еще не готов передать эстафету вам,
молодежь!",
common051_1_reaction_child_friendship,,"Вы так думаете? Наверное, я еще не готов передать эстафету вам,
молодежь!",
common051_1_reaction_male_friendship,,"Вы так думаете? Наверное, я еще не готов передать эстафету вам,
молодежь!",
common051_1_reaction_female_friendship,,"Вы так думаете? Наверное, я еще не готов передать эстафету вам,
молодежь!",
common051_1_reaction_old_friendship,,"Вы так думаете? Наверное, я еще не готов передать эстафету вам,
молодежь!",
common051_1_reaction_child_knowledge,,"Вы так думаете? Наверное, я еще не готов передать эстафету вам,
молодежь!",
common051_1_reaction_male_knowledge,,"Вы так думаете? Наверное, я еще не готов передать эстафету вам,
молодежь!",
common051_1_reaction_female_knowledge,,"Вы так думаете? Наверное, я еще не готов передать эстафету вам,
молодежь!",
common051_1_reaction_old_knowledge,,"Вы так думаете? Наверное, я еще не готов передать эстафету вам,
молодежь!",
common051_2_replay,char_PLAYER_M,"Ну, не дави на себя слишком сильно, ладно?",
common051_2_reaction_child_courage,,"Есть и другие способы принести пользу, помимо битвы... Ты это
хочешь сказать, да?",
common051_2_reaction_male_courage,,"Есть и другие способы принести пользу, помимо битвы... Ты это
хочешь сказать, да?",
common051_2_reaction_female_courage,,"Есть и другие способы принести пользу, помимо битвы... Ты это
хочешь сказать, да?",
common051_2_reaction_old_courage,,"Есть и другие способы принести пользу, помимо битвы... Ты это
хочешь сказать, да?",
common051_2_reaction_child_love,,"Есть и другие способы принести пользу, помимо битвы... Ты это
хочешь сказать, да?",
common051_2_reaction_male_love,,"Есть и другие способы принести пользу, помимо битвы... Ты это
хочешь сказать, да?",
common051_2_reaction_female_love,,"Есть и другие способы принести пользу, помимо битвы... Ты это
хочешь сказать, да?",
common051_2_reaction_old_love,,"Есть и другие способы принести пользу, помимо битвы... Ты это
хочешь сказать, да?",
common051_2_reaction_child_friendship,,"Есть и другие способы принести пользу, помимо битвы... Ты это
хочешь сказать, да?",
common051_2_reaction_male_friendship,,"Есть и другие способы принести пользу, помимо битвы... Ты это
хочешь сказать, да?",
common051_2_reaction_female_friendship,,"Есть и другие способы принести пользу, помимо битвы... Ты это
хочешь сказать, да?",
common051_2_reaction_old_friendship,,"Есть и другие способы принести пользу, помимо битвы... Ты это
хочешь сказать, да?",
common051_2_reaction_child_knowledge,,"Есть и другие способы принести пользу, помимо битвы... Ты это
хочешь сказать, да?",
common051_2_reaction_male_knowledge,,"Есть и другие способы принести пользу, помимо битвы... Ты это
хочешь сказать, да?",
common051_2_reaction_female_knowledge,,"Есть и другие способы принести пользу, помимо битвы... Ты это
хочешь сказать, да?",
common051_2_reaction_old_knowledge,,"Есть и другие способы принести пользу, помимо битвы... Ты это
хочешь сказать, да?",
common052_0_child_courage,,Я хочу быть полон энергии.,
common052_0_male_courage,,Я хочу быть полон энергии.,
common052_0_female_courage,,Я хочу быть полон энергии.,
common052_0_old_courage,,Я хочу быть полон энергии.,
common052_0_child_love,,Я хочу быть полон энергии.,
common052_0_male_love,,Я хочу быть полон энергии.,
common052_0_female_love,,Я хочу быть полон энергии.,
common052_0_old_love,,Я хочу быть полон энергии.,
common052_0_child_friendship,,Я хочу быть полон энергии.,
common052_0_male_friendship,,Я хочу быть полон энергии.,
common052_0_female_friendship,,Я хочу быть полон энергии.,
common052_0_old_friendship,,Я хочу быть полон энергии.,
common052_0_child_knowledge,,Я хочу быть полон энергии.,
common052_0_male_knowledge,,Я хочу быть полон энергии.,
common052_0_female_knowledge,,Я хочу быть полон энергии.,
common052_0_old_knowledge,,Я хочу быть полон энергии.,
common052_1_replay,char_PLAYER_M,"Значит, это бодрость духа!",
common052_1_reaction_child_courage,,"Это возвращает мне безрассудство моих юных лет! Хохохо...
Поехали!",
common052_1_reaction_male_courage,,"Это возвращает мне безрассудство моих юных лет! Хохохо...
Поехали!",
common052_1_reaction_female_courage,,"Это возвращает мне безрассудство моих юных лет! Хохохо...
Поехали!",
common052_1_reaction_old_courage,,"Это возвращает мне безрассудство моих юных лет! Хохохо...
Поехали!",
common052_1_reaction_child_love,,"Это возвращает мне безрассудство моих юных лет! Хохохо...
Поехали!",
common052_1_reaction_male_love,,"Это возвращает мне безрассудство моих юных лет! Хохохо...
Поехали!",
common052_1_reaction_female_love,,"Это возвращает мне безрассудство моих юных лет! Хохохо...
Поехали!",
common052_1_reaction_old_love,,"Это возвращает мне безрассудство моих юных лет! Хохохо...
Поехали!",
common052_1_reaction_child_friendship,,"Это возвращает мне безрассудство моих юных лет! Хохохо...
Поехали!",
common052_1_reaction_male_friendship,,"Это возвращает мне безрассудство моих юных лет! Хохохо...
Поехали!",
common052_1_reaction_female_friendship,,"Это возвращает мне безрассудство моих юных лет! Хохохо...
Поехали!",
common052_1_reaction_old_friendship,,"Это возвращает мне безрассудство моих юных лет! Хохохо...
Поехали!",
common052_1_reaction_child_knowledge,,"Это возвращает мне безрассудство моих юных лет! Хохохо...
Поехали!",
common052_1_reaction_male_knowledge,,"Это возвращает мне безрассудство моих юных лет! Хохохо...
Поехали!",
common052_1_reaction_female_knowledge,,"Это возвращает мне безрассудство моих юных лет! Хохохо...
Поехали!",
common052_1_reaction_old_knowledge,,"Это возвращает мне безрассудство моих юных лет! Хохохо...
Поехали!",
common052_2_replay,char_PLAYER_M,"""Бодрость и энергия"" звучит как-то старомодно, знаете ли.",
common052_2_reaction_child_courage,,Ч-что...? Я вдруг чувствую себя такой неуверенной в себе...,
common052_2_reaction_male_courage,,Ч-что...? Я вдруг чувствую себя такой неуверенной в себе...,
common052_2_reaction_female_courage,,Ч-что...? Я вдруг чувствую себя такой неуверенной в себе...,
common052_2_reaction_old_courage,,Ч-что...? Я вдруг чувствую себя такой неуверенной в себе...,
common052_2_reaction_child_love,,Ч-что...? Я вдруг чувствую себя такой неуверенной в себе...,
common052_2_reaction_male_love,,Ч-что...? Я вдруг чувствую себя такой неуверенной в себе...,
common052_2_reaction_female_love,,Ч-что...? Я вдруг чувствую себя такой неуверенной в себе...,
common052_2_reaction_old_love,,Ч-что...? Я вдруг чувствую себя такой неуверенной в себе...,
common052_2_reaction_child_friendship,,Ч-что...? Я вдруг чувствую себя такой неуверенной в себе...,
common052_2_reaction_male_friendship,,Ч-что...? Я вдруг чувствую себя такой неуверенной в себе...,
common052_2_reaction_female_friendship,,Ч-что...? Я вдруг чувствую себя такой неуверенной в себе...,
common052_2_reaction_old_friendship,,Ч-что...? Я вдруг чувствую себя такой неуверенной в себе...,
common052_2_reaction_child_knowledge,,Ч-что...? Я вдруг чувствую себя такой неуверенной в себе...,
common052_2_reaction_male_knowledge,,Ч-что...? Я вдруг чувствую себя такой неуверенной в себе...,
common052_2_reaction_female_knowledge,,Ч-что...? Я вдруг чувствую себя такой неуверенной в себе...,
common052_2_reaction_old_knowledge,,Ч-что...? Я вдруг чувствую себя такой неуверенной в себе...,
common053_0_child_courage,,"Я верю в широту своих знаний. Это было бы вам как-нибудь
полезно?",
common053_0_male_courage,,"Я верю в широту своих знаний. Это было бы вам как-нибудь
полезно?",
common053_0_female_courage,,"Я верю в широту своих знаний. Это было бы вам как-нибудь
полезно?",
common053_0_old_courage,,"Я верю в широту своих знаний. Это было бы вам как-нибудь
полезно?",
common053_0_child_love,,"Я верю в широту своих знаний. Это было бы вам как-нибудь
полезно?",
common053_0_male_love,,"Я верю в широту своих знаний. Это было бы вам как-нибудь
полезно?",
common053_0_female_love,,"Я верю в широту своих знаний. Это было бы вам как-нибудь
полезно?",
common053_0_old_love,,"Я верю в широту своих знаний. Это было бы вам как-нибудь
полезно?",
common053_0_child_friendship,,"Я верю в широту своих знаний. Это было бы вам как-нибудь
полезно?",
common053_0_male_friendship,,"Я верю в широту своих знаний. Это было бы вам как-нибудь
полезно?",
common053_0_female_friendship,,"Я верю в широту своих знаний. Это было бы вам как-нибудь
полезно?",
common053_0_old_friendship,,"Я верю в широту своих знаний. Это было бы вам как-нибудь
полезно?",
common053_0_child_knowledge,,"Я верю в широту своих знаний. Это было бы вам как-нибудь
полезно?",
common053_0_male_knowledge,,"Я верю в широту своих знаний. Это было бы вам как-нибудь
полезно?",
common053_0_female_knowledge,,"Я верю в широту своих знаний. Это было бы вам как-нибудь
полезно?",
common053_0_old_knowledge,,"Я верю в широту своих знаний. Это было бы вам как-нибудь
полезно?",
common053_1_replay,char_PLAYER_M,Обладание большим количеством знаний - это оружие!,
common053_1_reaction_child_courage,,"Знание - это оружие, да? Ты умеешь обращаться со словами! Мой
интеллект в твоем распоряжении!",
common053_1_reaction_male_courage,,"Знание - это оружие, да? Ты умеешь обращаться со словами! Мой
интеллект в твоем распоряжении!",
common053_1_reaction_female_courage,,"Знание - это оружие, да? Ты умеешь обращаться со словами! Мой
интеллект в твоем распоряжении!",
common053_1_reaction_old_courage,,"Знание - это оружие, да? Ты умеешь обращаться со словами! Мой
интеллект в твоем распоряжении!",
common053_1_reaction_child_love,,"Знание - это оружие, да? Ты умеешь обращаться со словами! Мой
интеллект в твоем распоряжении!",
common053_1_reaction_male_love,,"Знание - это оружие, да? Ты умеешь обращаться со словами! Мой
интеллект в твоем распоряжении!",
common053_1_reaction_female_love,,"Знание - это оружие, да? Ты умеешь обращаться со словами! Мой
интеллект в твоем распоряжении!",
common053_1_reaction_old_love,,"Знание - это оружие, да? Ты умеешь обращаться со словами! Мой
интеллект в твоем распоряжении!",
common053_1_reaction_child_friendship,,"Знание - это оружие, да? Ты умеешь обращаться со словами! Мой
интеллект в твоем распоряжении!",
common053_1_reaction_male_friendship,,"Знание - это оружие, да? Ты умеешь обращаться со словами! Мой
интеллект в твоем распоряжении!",
common053_1_reaction_female_friendship,,"Знание - это оружие, да? Ты умеешь обращаться со словами! Мой
интеллект в твоем распоряжении!",
common053_1_reaction_old_friendship,,"Знание - это оружие, да? Ты умеешь обращаться со словами! Мой
интеллект в твоем распоряжении!",
common053_1_reaction_child_knowledge,,"Знание - это оружие, да? Ты умеешь обращаться со словами! Мой
интеллект в твоем распоряжении!",
common053_1_reaction_male_knowledge,,"Знание - это оружие, да? Ты умеешь обращаться со словами! Мой
интеллект в твоем распоряжении!",
common053_1_reaction_female_knowledge,,"Знание - это оружие, да? Ты умеешь обращаться со словами! Мой
интеллект в твоем распоряжении!",
common053_1_reaction_old_knowledge,,"Знание - это оружие, да? Ты умеешь обращаться со словами! Мой
интеллект в твоем распоряжении!",
common053_2_replay,char_PLAYER_M,Просто отойди и не переусердствуй.,
common053_2_reaction_child_courage,,"Хм, значит, одних знаний недостаточно, да? Похоже, я должен
оттачивать и свое тело...",
common053_2_reaction_male_courage,,"Хм, значит, одних знаний недостаточно, да? Похоже, я должен
оттачивать и свое тело...",
common053_2_reaction_female_courage,,"Хм, значит, одних знаний недостаточно, да? Похоже, я должен
оттачивать и свое тело...",
common053_2_reaction_old_courage,,"Хм, значит, одних знаний недостаточно, да? Похоже, я должен
оттачивать и свое тело...",
common053_2_reaction_child_love,,"Хм, значит, одних знаний недостаточно, да? Похоже, я должен
оттачивать и свое тело...",
common053_2_reaction_male_love,,"Хм, значит, одних знаний недостаточно, да? Похоже, я должен
оттачивать и свое тело...",
common053_2_reaction_female_love,,"Хм, значит, одних знаний недостаточно, да? Похоже, я должен
оттачивать и свое тело...",
common053_2_reaction_old_love,,"Хм, значит, одних знаний недостаточно, да? Похоже, я должен
оттачивать и свое тело...",
common053_2_reaction_child_friendship,,"Хм, значит, одних знаний недостаточно, да? Похоже, я должен
оттачивать и свое тело...",
common053_2_reaction_male_friendship,,"Хм, значит, одних знаний недостаточно, да? Похоже, я должен
оттачивать и свое тело...",
common053_2_reaction_female_friendship,,"Хм, значит, одних знаний недостаточно, да? Похоже, я должен
оттачивать и свое тело...",
common053_2_reaction_old_friendship,,"Хм, значит, одних знаний недостаточно, да? Похоже, я должен
оттачивать и свое тело...",
common053_2_reaction_child_knowledge,,"Хм, значит, одних знаний недостаточно, да? Похоже, я должен
оттачивать и свое тело...",
common053_2_reaction_male_knowledge,,"Хм, значит, одних знаний недостаточно, да? Похоже, я должен
оттачивать и свое тело...",
common053_2_reaction_female_knowledge,,"Хм, значит, одних знаний недостаточно, да? Похоже, я должен
оттачивать и свое тело...",
common053_2_reaction_old_knowledge,,"Хм, значит, одних знаний недостаточно, да? Похоже, я должен
оттачивать и свое тело...",
common054_0_child_courage,,"Скажи, ты будешь смеяться надо мной, когда я буду говорить о
давно минувших днях?",
common054_0_male_courage,,"Скажи, ты будешь смеяться надо мной, когда я буду говорить о
давно минувших днях?",
common054_0_female_courage,,"Скажи, ты будешь смеяться надо мной, когда я буду говорить о
давно минувших днях?",
common054_0_old_courage,,"Скажи, ты будешь смеяться надо мной, когда я буду говорить о
давно минувших днях?",
common054_0_child_love,,"Скажи, ты будешь смеяться надо мной, когда я буду говорить о
давно минувших днях?",
common054_0_male_love,,"Скажи, ты будешь смеяться надо мной, когда я буду говорить о
давно минувших днях?",
common054_0_female_love,,"Скажи, ты будешь смеяться надо мной, когда я буду говорить о
давно минувших днях?",
common054_0_old_love,,"Скажи, ты будешь смеяться надо мной, когда я буду говорить о
давно минувших днях?",
common054_0_child_friendship,,"Скажи, ты будешь смеяться надо мной, когда я буду говорить о
давно минувших днях?",
common054_0_male_friendship,,"Скажи, ты будешь смеяться надо мной, когда я буду говорить о
давно минувших днях?",
common054_0_female_friendship,,"Скажи, ты будешь смеяться надо мной, когда я буду говорить о
давно минувших днях?",
common054_0_old_friendship,,"Скажи, ты будешь смеяться надо мной, когда я буду говорить о
давно минувших днях?",
common054_0_child_knowledge,,"Скажи, ты будешь смеяться надо мной, когда я буду говорить о
давно минувших днях?",
common054_0_male_knowledge,,"Скажи, ты будешь смеяться надо мной, когда я буду говорить о
давно минувших днях?",
common054_0_female_knowledge,,"Скажи, ты будешь смеяться надо мной, когда я буду говорить о
давно минувших днях?",
common054_0_old_knowledge,,"Скажи, ты будешь смеяться надо мной, когда я буду говорить о
давно минувших днях?",
common054_1_replay,char_PLAYER_M,Конечно! Прошлое - это сокровищница знаний!,
common054_1_reaction_child_courage,,Знание - это сокровище? Мне очень приятно слышать это от вас!,
common054_1_reaction_male_courage,,Знание - это сокровище? Мне очень приятно слышать это от вас!,
common054_1_reaction_female_courage,,Знание - это сокровище? Мне очень приятно слышать это от вас!,
common054_1_reaction_old_courage,,Знание - это сокровище? Мне очень приятно слышать это от вас!,
common054_1_reaction_child_love,,Знание - это сокровище? Мне очень приятно слышать это от вас!,
common054_1_reaction_male_love,,Знание - это сокровище? Мне очень приятно слышать это от вас!,
common054_1_reaction_female_love,,Знание - это сокровище? Мне очень приятно слышать это от вас!,
common054_1_reaction_old_love,,Знание - это сокровище? Мне очень приятно слышать это от вас!,
common054_1_reaction_child_friendship,,Знание - это сокровище? Мне очень приятно слышать это от вас!,
common054_1_reaction_male_friendship,,Знание - это сокровище? Мне очень приятно слышать это от вас!,
common054_1_reaction_female_friendship,,Знание - это сокровище? Мне очень приятно слышать это от вас!,
common054_1_reaction_old_friendship,,Знание - это сокровище? Мне очень приятно слышать это от вас!,
common054_1_reaction_child_knowledge,,Знание - это сокровище? Мне очень приятно слышать это от вас!,
common054_1_reaction_male_knowledge,,Знание - это сокровище? Мне очень приятно слышать это от вас!,
common054_1_reaction_female_knowledge,,Знание - это сокровище? Мне очень приятно слышать это от вас!,
common054_1_reaction_old_knowledge,,Знание - это сокровище? Мне очень приятно слышать это от вас!,
common054_2_replay,char_PLAYER_M,Извините. Я не люблю слушать о старых вещах.,
common054_2_reaction_child_courage,,"Разговоры о прошлом, должно быть, наскучили вам, молодые люди?
Извините, что побеспокоил вас.",
common054_2_reaction_male_courage,,"Разговоры о прошлом, должно быть, наскучили вам, молодые люди?
Извините, что побеспокоил вас.",
common054_2_reaction_female_courage,,"Разговоры о прошлом, должно быть, наскучили вам, молодые люди?
Извините, что побеспокоил вас.",
common054_2_reaction_old_courage,,"Разговоры о прошлом, должно быть, наскучили вам, молодые люди?
Извините, что побеспокоил вас.",
common054_2_reaction_child_love,,"Разговоры о прошлом, должно быть, наскучили вам, молодые люди?
Извините, что побеспокоил вас.",
common054_2_reaction_male_love,,"Разговоры о прошлом, должно быть, наскучили вам, молодые люди?
Извините, что побеспокоил вас.",
common054_2_reaction_female_love,,"Разговоры о прошлом, должно быть, наскучили вам, молодые люди?
Извините, что побеспокоил вас.",
common054_2_reaction_old_love,,"Разговоры о прошлом, должно быть, наскучили вам, молодые люди?
Извините, что побеспокоил вас.",
common054_2_reaction_child_friendship,,"Разговоры о прошлом, должно быть, наскучили вам, молодые люди?
Извините, что побеспокоил вас.",
common054_2_reaction_male_friendship,,"Разговоры о прошлом, должно быть, наскучили вам, молодые люди?
Извините, что побеспокоил вас.",
common054_2_reaction_female_friendship,,"Разговоры о прошлом, должно быть, наскучили вам, молодые люди?
Извините, что побеспокоил вас.",
common054_2_reaction_old_friendship,,"Разговоры о прошлом, должно быть, наскучили вам, молодые люди?
Извините, что побеспокоил вас.",
common054_2_reaction_child_knowledge,,"Разговоры о прошлом, должно быть, наскучили вам, молодые люди?
Извините, что побеспокоил вас.",
common054_2_reaction_male_knowledge,,"Разговоры о прошлом, должно быть, наскучили вам, молодые люди?
Извините, что побеспокоил вас.",
common054_2_reaction_female_knowledge,,"Разговоры о прошлом, должно быть, наскучили вам, молодые люди?
Извините, что побеспокоил вас.",
common054_2_reaction_old_knowledge,,"Разговоры о прошлом, должно быть, наскучили вам, молодые люди?
Извините, что побеспокоил вас.",
common055_0_child_courage,,"Мне нравится думать, что я стал в некотором роде экспертом во
многих вещах.",
common055_0_male_courage,,"Мне нравится думать, что я стал в некотором роде экспертом во
многих вещах.",
common055_0_female_courage,,"Мне нравится думать, что я стал в некотором роде экспертом во
многих вещах.",
common055_0_old_courage,,"Мне нравится думать, что я стал в некотором роде экспертом во
многих вещах.",
common055_0_child_love,,"Мне нравится думать, что я стал в некотором роде экспертом во
многих вещах.",
common055_0_male_love,,"Мне нравится думать, что я стал в некотором роде экспертом во
многих вещах.",
common055_0_female_love,,"Мне нравится думать, что я стал в некотором роде экспертом во
многих вещах.",
common055_0_old_love,,"Мне нравится думать, что я стал в некотором роде экспертом во
многих вещах.",
common055_0_child_friendship,,"Мне нравится думать, что я стал в некотором роде экспертом во
многих вещах.",
common055_0_male_friendship,,"Мне нравится думать, что я стал в некотором роде экспертом во
многих вещах.",
common055_0_female_friendship,,"Мне нравится думать, что я стал в некотором роде экспертом во
многих вещах.",
common055_0_old_friendship,,"Мне нравится думать, что я стал в некотором роде экспертом во
многих вещах.",
common055_0_child_knowledge,,"Мне нравится думать, что я стал в некотором роде экспертом во
многих вещах.",
common055_0_male_knowledge,,"Мне нравится думать, что я стал в некотором роде экспертом во
многих вещах.",
common055_0_female_knowledge,,"Мне нравится думать, что я стал в некотором роде экспертом во
многих вещах.",
common055_0_old_knowledge,,"Мне нравится думать, что я стал в некотором роде экспертом во
многих вещах.",
common055_1_replay,char_PLAYER_M,Я рассчитываю на твой мозг.,
common055_1_reaction_child_courage,,"Теперь я должен подтвердить свое заявление. Я сделаю все, что в
моих силах, чтобы поддержать вас своими знаниями.",
common055_1_reaction_male_courage,,"Теперь я должен подтвердить свое заявление. Я сделаю все, что в
моих силах, чтобы поддержать вас своими знаниями.",
common055_1_reaction_female_courage,,"Теперь я должен подтвердить свое заявление. Я сделаю все, что в
моих силах, чтобы поддержать вас своими знаниями.",
common055_1_reaction_old_courage,,"Теперь я должен подтвердить свое заявление. Я сделаю все, что в
моих силах, чтобы поддержать вас своими знаниями.",
common055_1_reaction_child_love,,"Теперь я должен подтвердить свое заявление. Я сделаю все, что в
моих силах, чтобы поддержать вас своими знаниями.",
common055_1_reaction_male_love,,"Теперь я должен подтвердить свое заявление. Я сделаю все, что в
моих силах, чтобы поддержать вас своими знаниями.",
common055_1_reaction_female_love,,"Теперь я должен подтвердить свое заявление. Я сделаю все, что в
моих силах, чтобы поддержать вас своими знаниями.",
common055_1_reaction_old_love,,"Теперь я должен подтвердить свое заявление. Я сделаю все, что в
моих силах, чтобы поддержать вас своими знаниями.",
common055_1_reaction_child_friendship,,"Теперь я должен подтвердить свое заявление. Я сделаю все, что в
моих силах, чтобы поддержать вас своими знаниями.",
common055_1_reaction_male_friendship,,"Теперь я должен подтвердить свое заявление. Я сделаю все, что в
моих силах, чтобы поддержать вас своими знаниями.",
common055_1_reaction_female_friendship,,"Теперь я должен подтвердить свое заявление. Я сделаю все, что в
моих силах, чтобы поддержать вас своими знаниями.",
common055_1_reaction_old_friendship,,"Теперь я должен подтвердить свое заявление. Я сделаю все, что в
моих силах, чтобы поддержать вас своими знаниями.",
common055_1_reaction_child_knowledge,,"Теперь я должен подтвердить свое заявление. Я сделаю все, что в
моих силах, чтобы поддержать вас своими знаниями.",
common055_1_reaction_male_knowledge,,"Теперь я должен подтвердить свое заявление. Я сделаю все, что в
моих силах, чтобы поддержать вас своими знаниями.",
common055_1_reaction_female_knowledge,,"Теперь я должен подтвердить свое заявление. Я сделаю все, что в
моих силах, чтобы поддержать вас своими знаниями.",
common055_1_reaction_old_knowledge,,"Теперь я должен подтвердить свое заявление. Я сделаю все, что в
моих силах, чтобы поддержать вас своими знаниями.",
common055_2_replay,char_PLAYER_M,Вы уверены в этом?,
common055_2_reaction_child_courage,,"Да, я полагаю, это должно звучать как бред старого дурака...",
common055_2_reaction_male_courage,,"Да, я полагаю, это должно звучать как бред старого дурака...",
common055_2_reaction_female_courage,,"Да, я полагаю, это должно звучать как бред старого дурака...",
common055_2_reaction_old_courage,,"Да, я полагаю, это должно звучать как бред старого дурака...",
common055_2_reaction_child_love,,"Да, я полагаю, это должно звучать как бред старого дурака...",
common055_2_reaction_male_love,,"Да, я полагаю, это должно звучать как бред старого дурака...",
common055_2_reaction_female_love,,"Да, я полагаю, это должно звучать как бред старого дурака...",
common055_2_reaction_old_love,,"Да, я полагаю, это должно звучать как бред старого дурака...",
common055_2_reaction_child_friendship,,"Да, я полагаю, это должно звучать как бред старого дурака...",
common055_2_reaction_male_friendship,,"Да, я полагаю, это должно звучать как бред старого дурака...",
common055_2_reaction_female_friendship,,"Да, я полагаю, это должно звучать как бред старого дурака...",
common055_2_reaction_old_friendship,,"Да, я полагаю, это должно звучать как бред старого дурака...",
common055_2_reaction_child_knowledge,,"Да, я полагаю, это должно звучать как бред старого дурака...",
common055_2_reaction_male_knowledge,,"Да, я полагаю, это должно звучать как бред старого дурака...",
common055_2_reaction_female_knowledge,,"Да, я полагаю, это должно звучать как бред старого дурака...",
common055_2_reaction_old_knowledge,,"Да, я полагаю, это должно звучать как бред старого дурака...",
common056_0_child_courage,,"Чем больше вы знаете, тем больше понимаете, как мало вы знаете.",
common056_0_male_courage,,"Чем больше вы знаете, тем больше понимаете, как мало вы знаете.",
common056_0_female_courage,,"Чем больше вы знаете, тем больше понимаете, как мало вы знаете.",
common056_0_old_courage,,"Чем больше вы знаете, тем больше понимаете, как мало вы знаете.",
common056_0_child_love,,"Чем больше вы знаете, тем больше понимаете, как мало вы знаете.",
common056_0_male_love,,"Чем больше вы знаете, тем больше понимаете, как мало вы знаете.",
common056_0_female_love,,"Чем больше вы знаете, тем больше понимаете, как мало вы знаете.",
common056_0_old_love,,"Чем больше вы знаете, тем больше понимаете, как мало вы знаете.",
common056_0_child_friendship,,"Чем больше вы знаете, тем больше понимаете, как мало вы знаете.",
common056_0_male_friendship,,"Чем больше вы знаете, тем больше понимаете, как мало вы знаете.",
common056_0_female_friendship,,"Чем больше вы знаете, тем больше понимаете, как мало вы знаете.",
common056_0_old_friendship,,"Чем больше вы знаете, тем больше понимаете, как мало вы знаете.",
common056_0_child_knowledge,,"Чем больше вы знаете, тем больше понимаете, как мало вы знаете.",
common056_0_male_knowledge,,"Чем больше вы знаете, тем больше понимаете, как мало вы знаете.",
common056_0_female_knowledge,,"Чем больше вы знаете, тем больше понимаете, как мало вы знаете.",
common056_0_old_knowledge,,"Чем больше вы знаете, тем больше понимаете, как мало вы знаете.",
common056_1_replay,char_PLAYER_M,"Обучение - это процесс, длящийся всю жизнь.",
common056_1_reaction_child_courage,,"Да, именно так. Мои поиски просветления никогда не закончатся.",
common056_1_reaction_male_courage,,"Да, именно так. Мои поиски просветления никогда не закончатся.",
common056_1_reaction_female_courage,,"Да, именно так. Мои поиски просветления никогда не закончатся.",
common056_1_reaction_old_courage,,"Да, именно так. Мои поиски просветления никогда не закончатся.",
common056_1_reaction_child_love,,"Да, именно так. Мои поиски просветления никогда не закончатся.",
common056_1_reaction_male_love,,"Да, именно так. Мои поиски просветления никогда не закончатся.",
common056_1_reaction_female_love,,"Да, именно так. Мои поиски просветления никогда не закончатся.",
common056_1_reaction_old_love,,"Да, именно так. Мои поиски просветления никогда не закончатся.",
common056_1_reaction_child_friendship,,"Да, именно так. Мои поиски просветления никогда не закончатся.",
common056_1_reaction_male_friendship,,"Да, именно так. Мои поиски просветления никогда не закончатся.",
common056_1_reaction_female_friendship,,"Да, именно так. Мои поиски просветления никогда не закончатся.",
common056_1_reaction_old_friendship,,"Да, именно так. Мои поиски просветления никогда не закончатся.",
common056_1_reaction_child_knowledge,,"Да, именно так. Мои поиски просветления никогда не закончатся.",
common056_1_reaction_male_knowledge,,"Да, именно так. Мои поиски просветления никогда не закончатся.",
common056_1_reaction_female_knowledge,,"Да, именно так. Мои поиски просветления никогда не закончатся.",
common056_1_reaction_old_knowledge,,"Да, именно так. Мои поиски просветления никогда не закончатся.",
common056_2_replay,char_PLAYER_M,Неужели так устроена жизнь?,
common056_2_reaction_child_courage,,ДА. Вы поймете это достаточно скоро.,
common056_2_reaction_male_courage,,ДА. Вы поймете это достаточно скоро.,
common056_2_reaction_female_courage,,ДА. Вы поймете это достаточно скоро.,
common056_2_reaction_old_courage,,ДА. Вы поймете это достаточно скоро.,
common056_2_reaction_child_love,,ДА. Вы поймете это достаточно скоро.,
common056_2_reaction_male_love,,ДА. Вы поймете это достаточно скоро.,
common056_2_reaction_female_love,,ДА. Вы поймете это достаточно скоро.,
common056_2_reaction_old_love,,ДА. Вы поймете это достаточно скоро.,
common056_2_reaction_child_friendship,,ДА. Вы поймете это достаточно скоро.,
common056_2_reaction_male_friendship,,ДА. Вы поймете это достаточно скоро.,
common056_2_reaction_female_friendship,,ДА. Вы поймете это достаточно скоро.,
common056_2_reaction_old_friendship,,ДА. Вы поймете это достаточно скоро.,
common056_2_reaction_child_knowledge,,ДА. Вы поймете это достаточно скоро.,
common056_2_reaction_male_knowledge,,ДА. Вы поймете это достаточно скоро.,
common056_2_reaction_female_knowledge,,ДА. Вы поймете это достаточно скоро.,
common056_2_reaction_old_knowledge,,ДА. Вы поймете это достаточно скоро.,
common057_0_child_courage,,"Может ли такой старик, как я, дружить с молодыми людьми?",
common057_0_male_courage,,"Может ли такой старик, как я, дружить с молодыми людьми?",
common057_0_female_courage,,"Может ли такой старик, как я, дружить с молодыми людьми?",
common057_0_old_courage,,"Может ли такой старик, как я, дружить с молодыми людьми?",
common057_0_child_love,,"Может ли такой старик, как я, дружить с молодыми людьми?",
common057_0_male_love,,"Может ли такой старик, как я, дружить с молодыми людьми?",
common057_0_female_love,,"Может ли такой старик, как я, дружить с молодыми людьми?",
common057_0_old_love,,"Может ли такой старик, как я, дружить с молодыми людьми?",
common057_0_child_friendship,,"Может ли такой старик, как я, дружить с молодыми людьми?",
common057_0_male_friendship,,"Может ли такой старик, как я, дружить с молодыми людьми?",
common057_0_female_friendship,,"Может ли такой старик, как я, дружить с молодыми людьми?",
common057_0_old_friendship,,"Может ли такой старик, как я, дружить с молодыми людьми?",
common057_0_child_knowledge,,"Может ли такой старик, как я, дружить с молодыми людьми?",
common057_0_male_knowledge,,"Может ли такой старик, как я, дружить с молодыми людьми?",
common057_0_female_knowledge,,"Может ли такой старик, как я, дружить с молодыми людьми?",
common057_0_old_knowledge,,"Может ли такой старик, как я, дружить с молодыми людьми?",
common057_1_replay,char_PLAYER_M,"Друзья есть друзья, независимо от возраста.",
common057_1_reaction_child_courage,,"... Какие приятные слова. Я верю, что проживу еще немного.",
common057_1_reaction_male_courage,,"... Какие приятные слова. Я верю, что проживу еще немного.",
common057_1_reaction_female_courage,,"... Какие приятные слова. Я верю, что проживу еще немного.",
common057_1_reaction_old_courage,,"... Какие приятные слова. Я верю, что проживу еще немного.",
common057_1_reaction_child_love,,"... Какие приятные слова. Я верю, что проживу еще немного.",
common057_1_reaction_male_love,,"... Какие приятные слова. Я верю, что проживу еще немного.",
common057_1_reaction_female_love,,"... Какие приятные слова. Я верю, что проживу еще немного.",
common057_1_reaction_old_love,,"... Какие приятные слова. Я верю, что проживу еще немного.",
common057_1_reaction_child_friendship,,"... Какие приятные слова. Я верю, что проживу еще немного.",
common057_1_reaction_male_friendship,,"... Какие приятные слова. Я верю, что проживу еще немного.",
common057_1_reaction_female_friendship,,"... Какие приятные слова. Я верю, что проживу еще немного.",
common057_1_reaction_old_friendship,,"... Какие приятные слова. Я верю, что проживу еще немного.",
common057_1_reaction_child_knowledge,,"... Какие приятные слова. Я верю, что проживу еще немного.",
common057_1_reaction_male_knowledge,,"... Какие приятные слова. Я верю, что проживу еще немного.",
common057_1_reaction_female_knowledge,,"... Какие приятные слова. Я верю, что проживу еще немного.",
common057_1_reaction_old_knowledge,,"... Какие приятные слова. Я верю, что проживу еще немного.",
common057_2_replay,char_PLAYER_M,"Вероятно, на самом деле это была бы не ""дружба"".",
common057_2_reaction_child_courage,,"Похоже, разница в возрасте действительно может помешать
настоящей дружбе.",
common057_2_reaction_male_courage,,"Похоже, разница в возрасте действительно может помешать
настоящей дружбе.",
common057_2_reaction_female_courage,,"Похоже, разница в возрасте действительно может помешать
настоящей дружбе.",
common057_2_reaction_old_courage,,"Похоже, разница в возрасте действительно может помешать
настоящей дружбе.",
common057_2_reaction_child_love,,"Похоже, разница в возрасте действительно может помешать
настоящей дружбе.",
common057_2_reaction_male_love,,"Похоже, разница в возрасте действительно может помешать
настоящей дружбе.",
common057_2_reaction_female_love,,"Похоже, разница в возрасте действительно может помешать
настоящей дружбе.",
common057_2_reaction_old_love,,"Похоже, разница в возрасте действительно может помешать
настоящей дружбе.",
common057_2_reaction_child_friendship,,"Похоже, разница в возрасте действительно может помешать
настоящей дружбе.",
common057_2_reaction_male_friendship,,"Похоже, разница в возрасте действительно может помешать
настоящей дружбе.",
common057_2_reaction_female_friendship,,"Похоже, разница в возрасте действительно может помешать
настоящей дружбе.",
common057_2_reaction_old_friendship,,"Похоже, разница в возрасте действительно может помешать
настоящей дружбе.",
common057_2_reaction_child_knowledge,,"Похоже, разница в возрасте действительно может помешать
настоящей дружбе.",
common057_2_reaction_male_knowledge,,"Похоже, разница в возрасте действительно может помешать
настоящей дружбе.",
common057_2_reaction_female_knowledge,,"Похоже, разница в возрасте действительно может помешать
настоящей дружбе.",
common057_2_reaction_old_knowledge,,"Похоже, разница в возрасте действительно может помешать
настоящей дружбе.",
common058_0_child_courage,,"Я верю, что друзьями нужно дорожить. Что ты ценишь?",
common058_0_male_courage,,"Я верю, что друзьями нужно дорожить. Что ты ценишь?",
common058_0_female_courage,,"Я верю, что друзьями нужно дорожить. Что ты ценишь?",
common058_0_old_courage,,"Я верю, что друзьями нужно дорожить. Что ты ценишь?",
common058_0_child_love,,"Я верю, что друзьями нужно дорожить. Что ты ценишь?",
common058_0_male_love,,"Я верю, что друзьями нужно дорожить. Что ты ценишь?",
common058_0_female_love,,"Я верю, что друзьями нужно дорожить. Что ты ценишь?",
common058_0_old_love,,"Я верю, что друзьями нужно дорожить. Что ты ценишь?",
common058_0_child_friendship,,"Я верю, что друзьями нужно дорожить. Что ты ценишь?",
common058_0_male_friendship,,"Я верю, что друзьями нужно дорожить. Что ты ценишь?",
common058_0_female_friendship,,"Я верю, что друзьями нужно дорожить. Что ты ценишь?",
common058_0_old_friendship,,"Я верю, что друзьями нужно дорожить. Что ты ценишь?",
common058_0_child_knowledge,,"Я верю, что друзьями нужно дорожить. Что ты ценишь?",
common058_0_male_knowledge,,"Я верю, что друзьями нужно дорожить. Что ты ценишь?",
common058_0_female_knowledge,,"Я верю, что друзьями нужно дорожить. Что ты ценишь?",
common058_0_old_knowledge,,"Я верю, что друзьями нужно дорожить. Что ты ценишь?",
common058_1_replay,char_PLAYER_M,Я ценю дружбу.,
common058_1_reaction_child_courage,,"Я рад, что мы думаем одинаково. Давайте и дальше дорожить нашей
дружбой друг с другом.",
common058_1_reaction_male_courage,,"Я рад, что мы думаем одинаково. Давайте и дальше дорожить нашей
дружбой друг с другом.",
common058_1_reaction_female_courage,,"Я рад, что мы думаем одинаково. Давайте и дальше дорожить нашей
дружбой друг с другом.",
common058_1_reaction_old_courage,,"Я рад, что мы думаем одинаково. Давайте и дальше дорожить нашей
дружбой друг с другом.",
common058_1_reaction_child_love,,"Я рад, что мы думаем одинаково. Давайте и дальше дорожить нашей
дружбой друг с другом.",
common058_1_reaction_male_love,,"Я рад, что мы думаем одинаково. Давайте и дальше дорожить нашей
дружбой друг с другом.",
common058_1_reaction_female_love,,"Я рад, что мы думаем одинаково. Давайте и дальше дорожить нашей
дружбой друг с другом.",
common058_1_reaction_old_love,,"Я рад, что мы думаем одинаково. Давайте и дальше дорожить нашей
дружбой друг с другом.",
common058_1_reaction_child_friendship,,"Я рад, что мы думаем одинаково. Давайте и дальше дорожить нашей
дружбой друг с другом.",
common058_1_reaction_male_friendship,,"Я рад, что мы думаем одинаково. Давайте и дальше дорожить нашей
дружбой друг с другом.",
common058_1_reaction_female_friendship,,"Я рад, что мы думаем одинаково. Давайте и дальше дорожить нашей
дружбой друг с другом.",
common058_1_reaction_old_friendship,,"Я рад, что мы думаем одинаково. Давайте и дальше дорожить нашей
дружбой друг с другом.",
common058_1_reaction_child_knowledge,,"Я рад, что мы думаем одинаково. Давайте и дальше дорожить нашей
дружбой друг с другом.",
common058_1_reaction_male_knowledge,,"Я рад, что мы думаем одинаково. Давайте и дальше дорожить нашей
дружбой друг с другом.",
common058_1_reaction_female_knowledge,,"Я рад, что мы думаем одинаково. Давайте и дальше дорожить нашей
дружбой друг с другом.",
common058_1_reaction_old_knowledge,,"Я рад, что мы думаем одинаково. Давайте и дальше дорожить нашей
дружбой друг с другом.",
common058_2_replay,char_PLAYER_M,Власть превыше всего.,
common058_2_reaction_child_courage,,"Вы так сильно стремитесь к власти, не так ли? Возможно,
последование вашему примеру имело бы смысл.",
common058_2_reaction_male_courage,,"Вы так сильно стремитесь к власти, не так ли? Возможно,
последование вашему примеру имело бы смысл.",
common058_2_reaction_female_courage,,"Вы так сильно стремитесь к власти, не так ли? Возможно,
последование вашему примеру имело бы смысл.",
common058_2_reaction_old_courage,,"Вы так сильно стремитесь к власти, не так ли? Возможно,
последование вашему примеру имело бы смысл.",
common058_2_reaction_child_love,,"Вы так сильно стремитесь к власти, не так ли? Возможно,
последование вашему примеру имело бы смысл.",
common058_2_reaction_male_love,,"Вы так сильно стремитесь к власти, не так ли? Возможно,
последование вашему примеру имело бы смысл.",
common058_2_reaction_female_love,,"Вы так сильно стремитесь к власти, не так ли? Возможно,
последование вашему примеру имело бы смысл.",
common058_2_reaction_old_love,,"Вы так сильно стремитесь к власти, не так ли? Возможно,
последование вашему примеру имело бы смысл.",
common058_2_reaction_child_friendship,,"Вы так сильно стремитесь к власти, не так ли? Возможно,
последование вашему примеру имело бы смысл.",
common058_2_reaction_male_friendship,,"Вы так сильно стремитесь к власти, не так ли? Возможно,
последование вашему примеру имело бы смысл.",
common058_2_reaction_female_friendship,,"Вы так сильно стремитесь к власти, не так ли? Возможно,
последование вашему примеру имело бы смысл.",
common058_2_reaction_old_friendship,,"Вы так сильно стремитесь к власти, не так ли? Возможно,
последование вашему примеру имело бы смысл.",
common058_2_reaction_child_knowledge,,"Вы так сильно стремитесь к власти, не так ли? Возможно,
последование вашему примеру имело бы смысл.",
common058_2_reaction_male_knowledge,,"Вы так сильно стремитесь к власти, не так ли? Возможно,
последование вашему примеру имело бы смысл.",
common058_2_reaction_female_knowledge,,"Вы так сильно стремитесь к власти, не так ли? Возможно,
последование вашему примеру имело бы смысл.",
common058_2_reaction_old_knowledge,,"Вы так сильно стремитесь к власти, не так ли? Возможно,
последование вашему примеру имело бы смысл.",
common059_0_child_courage,,"Иметь друга, разлученного по возрасту, - это не так уж плохо.",
common059_0_male_courage,,"Иметь друга, разлученного по возрасту, - это не так уж плохо.",
common059_0_female_courage,,"Иметь друга, разлученного по возрасту, - это не так уж плохо.",
common059_0_old_courage,,"Иметь друга, разлученного по возрасту, - это не так уж плохо.",
common059_0_child_love,,"Иметь друга, разлученного по возрасту, - это не так уж плохо.",
common059_0_male_love,,"Иметь друга, разлученного по возрасту, - это не так уж плохо.",
common059_0_female_love,,"Иметь друга, разлученного по возрасту, - это не так уж плохо.",
common059_0_old_love,,"Иметь друга, разлученного по возрасту, - это не так уж плохо.",
common059_0_child_friendship,,"Иметь друга, разлученного по возрасту, - это не так уж плохо.",
common059_0_male_friendship,,"Иметь друга, разлученного по возрасту, - это не так уж плохо.",
common059_0_female_friendship,,"Иметь друга, разлученного по возрасту, - это не так уж плохо.",
common059_0_old_friendship,,"Иметь друга, разлученного по возрасту, - это не так уж плохо.",
common059_0_child_knowledge,,"Иметь друга, разлученного по возрасту, - это не так уж плохо.",
common059_0_male_knowledge,,"Иметь друга, разлученного по возрасту, - это не так уж плохо.",
common059_0_female_knowledge,,"Иметь друга, разлученного по возрасту, - это не так уж плохо.",
common059_0_old_knowledge,,"Иметь друга, разлученного по возрасту, - это не так уж плохо.",
common059_1_replay,char_PLAYER_M,С нетерпением ждем возможности остаться с вами друзьями!,
common059_1_reaction_child_courage,,"Да, я тоже. Хохохо!",
common059_1_reaction_male_courage,,"Да, я тоже. Хохохо!",
common059_1_reaction_female_courage,,"Да, я тоже. Хохохо!",
common059_1_reaction_old_courage,,"Да, я тоже. Хохохо!",
common059_1_reaction_child_love,,"Да, я тоже. Хохохо!",
common059_1_reaction_male_love,,"Да, я тоже. Хохохо!",
common059_1_reaction_female_love,,"Да, я тоже. Хохохо!",
common059_1_reaction_old_love,,"Да, я тоже. Хохохо!",
common059_1_reaction_child_friendship,,"Да, я тоже. Хохохо!",
common059_1_reaction_male_friendship,,"Да, я тоже. Хохохо!",
common059_1_reaction_female_friendship,,"Да, я тоже. Хохохо!",
common059_1_reaction_old_friendship,,"Да, я тоже. Хохохо!",
common059_1_reaction_child_knowledge,,"Да, я тоже. Хохохо!",
common059_1_reaction_male_knowledge,,"Да, я тоже. Хохохо!",
common059_1_reaction_female_knowledge,,"Да, я тоже. Хохохо!",
common059_1_reaction_old_knowledge,,"Да, я тоже. Хохохо!",
common059_2_replay,char_PLAYER_M,У тебя появился новый друг?,
common059_2_reaction_child_courage,,Не говори глупостей. Я говорил о тебе.,
common059_2_reaction_male_courage,,Не говори глупостей. Я говорил о тебе.,
common059_2_reaction_female_courage,,Не говори глупостей. Я говорил о тебе.,
common059_2_reaction_old_courage,,Не говори глупостей. Я говорил о тебе.,
common059_2_reaction_child_love,,Не говори глупостей. Я говорил о тебе.,
common059_2_reaction_male_love,,Не говори глупостей. Я говорил о тебе.,
common059_2_reaction_female_love,,Не говори глупостей. Я говорил о тебе.,
common059_2_reaction_old_love,,Не говори глупостей. Я говорил о тебе.,
common059_2_reaction_child_friendship,,Не говори глупостей. Я говорил о тебе.,
common059_2_reaction_male_friendship,,Не говори глупостей. Я говорил о тебе.,
common059_2_reaction_female_friendship,,Не говори глупостей. Я говорил о тебе.,
common059_2_reaction_old_friendship,,Не говори глупостей. Я говорил о тебе.,
common059_2_reaction_child_knowledge,,Не говори глупостей. Я говорил о тебе.,
common059_2_reaction_male_knowledge,,Не говори глупостей. Я говорил о тебе.,
common059_2_reaction_female_knowledge,,Не говори глупостей. Я говорил о тебе.,
common059_2_reaction_old_knowledge,,Не говори глупостей. Я говорил о тебе.,
common060_0_child_courage,,"Как ты думаешь, может ли дружба расцвести между человеком и
Дигимоном?",
common060_0_male_courage,,"Как ты думаешь, может ли дружба расцвести между человеком и
Дигимоном?",
common060_0_female_courage,,"Как ты думаешь, может ли дружба расцвести между человеком и
Дигимоном?",
common060_0_old_courage,,"Как ты думаешь, может ли дружба расцвести между человеком и
Дигимоном?",
common060_0_child_love,,"Как ты думаешь, может ли дружба расцвести между человеком и
Дигимоном?",
common060_0_male_love,,"Как ты думаешь, может ли дружба расцвести между человеком и
Дигимоном?",
common060_0_female_love,,"Как ты думаешь, может ли дружба расцвести между человеком и
Дигимоном?",
common060_0_old_love,,"Как ты думаешь, может ли дружба расцвести между человеком и
Дигимоном?",
common060_0_child_friendship,,"Как ты думаешь, может ли дружба расцвести между человеком и
Дигимоном?",
common060_0_male_friendship,,"Как ты думаешь, может ли дружба расцвести между человеком и
Дигимоном?",
common060_0_female_friendship,,"Как ты думаешь, может ли дружба расцвести между человеком и
Дигимоном?",
common060_0_old_friendship,,"Как ты думаешь, может ли дружба расцвести между человеком и
Дигимоном?",
common060_0_child_knowledge,,"Как ты думаешь, может ли дружба расцвести между человеком и
Дигимоном?",
common060_0_male_knowledge,,"Как ты думаешь, может ли дружба расцвести между человеком и
Дигимоном?",
common060_0_female_knowledge,,"Как ты думаешь, может ли дружба расцвести между человеком и
Дигимоном?",
common060_0_old_knowledge,,"Как ты думаешь, может ли дружба расцвести между человеком и
Дигимоном?",
common060_1_replay,char_PLAYER_M,Это абсолютно возможно!,
common060_1_reaction_child_courage,,"Абсолютно, да? Хохохо. Да, я согласен.",
common060_1_reaction_male_courage,,"Абсолютно, да? Хохохо. Да, я согласен.",
common060_1_reaction_female_courage,,"Абсолютно, да? Хохохо. Да, я согласен.",
common060_1_reaction_old_courage,,"Абсолютно, да? Хохохо. Да, я согласен.",
common060_1_reaction_child_love,,"Абсолютно, да? Хохохо. Да, я согласен.",
common060_1_reaction_male_love,,"Абсолютно, да? Хохохо. Да, я согласен.",
common060_1_reaction_female_love,,"Абсолютно, да? Хохохо. Да, я согласен.",
common060_1_reaction_old_love,,"Абсолютно, да? Хохохо. Да, я согласен.",
common060_1_reaction_child_friendship,,"Абсолютно, да? Хохохо. Да, я согласен.",
common060_1_reaction_male_friendship,,"Абсолютно, да? Хохохо. Да, я согласен.",
common060_1_reaction_female_friendship,,"Абсолютно, да? Хохохо. Да, я согласен.",
common060_1_reaction_old_friendship,,"Абсолютно, да? Хохохо. Да, я согласен.",
common060_1_reaction_child_knowledge,,"Абсолютно, да? Хохохо. Да, я согласен.",
common060_1_reaction_male_knowledge,,"Абсолютно, да? Хохохо. Да, я согласен.",
common060_1_reaction_female_knowledge,,"Абсолютно, да? Хохохо. Да, я согласен.",
common060_1_reaction_old_knowledge,,"Абсолютно, да? Хохохо. Да, я согласен.",
common060_2_replay,char_PLAYER_M,Вероятно...,
common060_2_reaction_child_courage,,"Возможно, взаимного желания быть друзьями достаточно, чтобы
стать настоящей дружбой.",
common060_2_reaction_male_courage,,"Возможно, взаимного желания быть друзьями достаточно, чтобы
стать настоящей дружбой.",
common060_2_reaction_female_courage,,"Возможно, взаимного желания быть друзьями достаточно, чтобы
стать настоящей дружбой.",
common060_2_reaction_old_courage,,"Возможно, взаимного желания быть друзьями достаточно, чтобы
стать настоящей дружбой.",
common060_2_reaction_child_love,,"Возможно, взаимного желания быть друзьями достаточно, чтобы
стать настоящей дружбой.",
common060_2_reaction_male_love,,"Возможно, взаимного желания быть друзьями достаточно, чтобы
стать настоящей дружбой.",
common060_2_reaction_female_love,,"Возможно, взаимного желания быть друзьями достаточно, чтобы
стать настоящей дружбой.",
common060_2_reaction_old_love,,"Возможно, взаимного желания быть друзьями достаточно, чтобы
стать настоящей дружбой.",
common060_2_reaction_child_friendship,,"Возможно, взаимного желания быть друзьями достаточно, чтобы
стать настоящей дружбой.",
common060_2_reaction_male_friendship,,"Возможно, взаимного желания быть друзьями достаточно, чтобы
стать настоящей дружбой.",
common060_2_reaction_female_friendship,,"Возможно, взаимного желания быть друзьями достаточно, чтобы
стать настоящей дружбой.",
common060_2_reaction_old_friendship,,"Возможно, взаимного желания быть друзьями достаточно, чтобы
стать настоящей дружбой.",
common060_2_reaction_child_knowledge,,"Возможно, взаимного желания быть друзьями достаточно, чтобы
стать настоящей дружбой.",
common060_2_reaction_male_knowledge,,"Возможно, взаимного желания быть друзьями достаточно, чтобы
стать настоящей дружбой.",
common060_2_reaction_female_knowledge,,"Возможно, взаимного желания быть друзьями достаточно, чтобы
стать настоящей дружбой.",
common060_2_reaction_old_knowledge,,"Возможно, взаимного желания быть друзьями достаточно, чтобы
стать настоящей дружбой.",
common061_0_child_courage,,"В моем возрасте лучшее проявление любви, на которое я способен,
- это отвлекать внимание в тяжелые времена.",
common061_0_male_courage,,"В моем возрасте лучшее проявление любви, на которое я способен,
- это отвлекать внимание в тяжелые времена.",
common061_0_female_courage,,"В моем возрасте лучшее проявление любви, на которое я способен,
- это отвлекать внимание в тяжелые времена.",
common061_0_old_courage,,"В моем возрасте лучшее проявление любви, на которое я способен,
- это отвлекать внимание в тяжелые времена.",
common061_0_child_love,,"В моем возрасте лучшее проявление любви, на которое я способен,
- это отвлекать внимание в тяжелые времена.",
common061_0_male_love,,"В моем возрасте лучшее проявление любви, на которое я способен,
- это отвлекать внимание в тяжелые времена.",
common061_0_female_love,,"В моем возрасте лучшее проявление любви, на которое я способен,
- это отвлекать внимание в тяжелые времена.",
common061_0_old_love,,"В моем возрасте лучшее проявление любви, на которое я способен,
- это отвлекать внимание в тяжелые времена.",
common061_0_child_friendship,,"В моем возрасте лучшее проявление любви, на которое я способен,
- это отвлекать внимание в тяжелые времена.",
common061_0_male_friendship,,"В моем возрасте лучшее проявление любви, на которое я способен,
- это отвлекать внимание в тяжелые времена.",
common061_0_female_friendship,,"В моем возрасте лучшее проявление любви, на которое я способен,
- это отвлекать внимание в тяжелые времена.",
common061_0_old_friendship,,"В моем возрасте лучшее проявление любви, на которое я способен,
- это отвлекать внимание в тяжелые времена.",
common061_0_child_knowledge,,"В моем возрасте лучшее проявление любви, на которое я способен,
- это отвлекать внимание в тяжелые времена.",
common061_0_male_knowledge,,"В моем возрасте лучшее проявление любви, на которое я способен,
- это отвлекать внимание в тяжелые времена.",
common061_0_female_knowledge,,"В моем возрасте лучшее проявление любви, на которое я способен,
- это отвлекать внимание в тяжелые времена.",
common061_0_old_knowledge,,"В моем возрасте лучшее проявление любви, на которое я способен,
- это отвлекать внимание в тяжелые времена.",
common061_1_replay,char_PLAYER_M,Ни за что. Я не хочу потерять тебя.,
common061_1_reaction_child_courage,,"Так ты будешь оплакивать меня? Похоже, вместо этого моим старым
костям было даровано проявление любви.",
common061_1_reaction_male_courage,,"Так ты будешь оплакивать меня? Похоже, вместо этого моим старым
костям было даровано проявление любви.",
common061_1_reaction_female_courage,,"Так ты будешь оплакивать меня? Похоже, вместо этого моим старым
костям было даровано проявление любви.",
common061_1_reaction_old_courage,,"Так ты будешь оплакивать меня? Похоже, вместо этого моим старым
костям было даровано проявление любви.",
common061_1_reaction_child_love,,"Так ты будешь оплакивать меня? Похоже, вместо этого моим старым
костям было даровано проявление любви.",
common061_1_reaction_male_love,,"Так ты будешь оплакивать меня? Похоже, вместо этого моим старым
костям было даровано проявление любви.",
common061_1_reaction_female_love,,"Так ты будешь оплакивать меня? Похоже, вместо этого моим старым
костям было даровано проявление любви.",
common061_1_reaction_old_love,,"Так ты будешь оплакивать меня? Похоже, вместо этого моим старым
костям было даровано проявление любви.",
common061_1_reaction_child_friendship,,"Так ты будешь оплакивать меня? Похоже, вместо этого моим старым
костям было даровано проявление любви.",
common061_1_reaction_male_friendship,,"Так ты будешь оплакивать меня? Похоже, вместо этого моим старым
костям было даровано проявление любви.",
common061_1_reaction_female_friendship,,"Так ты будешь оплакивать меня? Похоже, вместо этого моим старым
костям было даровано проявление любви.",
common061_1_reaction_old_friendship,,"Так ты будешь оплакивать меня? Похоже, вместо этого моим старым
костям было даровано проявление любви.",
common061_1_reaction_child_knowledge,,"Так ты будешь оплакивать меня? Похоже, вместо этого моим старым
костям было даровано проявление любви.",
common061_1_reaction_male_knowledge,,"Так ты будешь оплакивать меня? Похоже, вместо этого моим старым
костям было даровано проявление любви.",
common061_1_reaction_female_knowledge,,"Так ты будешь оплакивать меня? Похоже, вместо этого моим старым
костям было даровано проявление любви.",
common061_1_reaction_old_knowledge,,"Так ты будешь оплакивать меня? Похоже, вместо этого моим старым
костям было даровано проявление любви.",
common061_2_replay,char_PLAYER_M,"Хорошо, я буду на это рассчитывать.",
common061_2_reaction_child_courage,,"Я прожил достаточно долго. Все, чего я хочу, - это передать
надежду молодому поколению.",
common061_2_reaction_male_courage,,"Я прожил достаточно долго. Все, чего я хочу, - это передать
надежду молодому поколению.",
common061_2_reaction_female_courage,,"Я прожил достаточно долго. Все, чего я хочу, - это передать
надежду молодому поколению.",
common061_2_reaction_old_courage,,"Я прожил достаточно долго. Все, чего я хочу, - это передать
надежду молодому поколению.",
common061_2_reaction_child_love,,"Я прожил достаточно долго. Все, чего я хочу, - это передать
надежду молодому поколению.",
common061_2_reaction_male_love,,"Я прожил достаточно долго. Все, чего я хочу, - это передать
надежду молодому поколению.",
common061_2_reaction_female_love,,"Я прожил достаточно долго. Все, чего я хочу, - это передать
надежду молодому поколению.",
common061_2_reaction_old_love,,"Я прожил достаточно долго. Все, чего я хочу, - это передать
надежду молодому поколению.",
common061_2_reaction_child_friendship,,"Я прожил достаточно долго. Все, чего я хочу, - это передать
надежду молодому поколению.",
common061_2_reaction_male_friendship,,"Я прожил достаточно долго. Все, чего я хочу, - это передать
надежду молодому поколению.",
common061_2_reaction_female_friendship,,"Я прожил достаточно долго. Все, чего я хочу, - это передать
надежду молодому поколению.",
common061_2_reaction_old_friendship,,"Я прожил достаточно долго. Все, чего я хочу, - это передать
надежду молодому поколению.",
common061_2_reaction_child_knowledge,,"Я прожил достаточно долго. Все, чего я хочу, - это передать
надежду молодому поколению.",
common061_2_reaction_male_knowledge,,"Я прожил достаточно долго. Все, чего я хочу, - это передать
надежду молодому поколению.",
common061_2_reaction_female_knowledge,,"Я прожил достаточно долго. Все, чего я хочу, - это передать
надежду молодому поколению.",
common061_2_reaction_old_knowledge,,"Я прожил достаточно долго. Все, чего я хочу, - это передать
надежду молодому поколению.",
common062_0_child_courage,,"Любовь когда-то наполняла этот мир. Возможно, ценить такие
эмоции осталось в прошлом.",
common062_0_male_courage,,"Любовь когда-то наполняла этот мир. Возможно, ценить такие
эмоции осталось в прошлом.",
common062_0_female_courage,,"Любовь когда-то наполняла этот мир. Возможно, ценить такие
эмоции осталось в прошлом.",
common062_0_old_courage,,"Любовь когда-то наполняла этот мир. Возможно, ценить такие
эмоции осталось в прошлом.",
common062_0_child_love,,"Любовь когда-то наполняла этот мир. Возможно, ценить такие
эмоции осталось в прошлом.",
common062_0_male_love,,"Любовь когда-то наполняла этот мир. Возможно, ценить такие
эмоции осталось в прошлом.",
common062_0_female_love,,"Любовь когда-то наполняла этот мир. Возможно, ценить такие
эмоции осталось в прошлом.",
common062_0_old_love,,"Любовь когда-то наполняла этот мир. Возможно, ценить такие
эмоции осталось в прошлом.",
common062_0_child_friendship,,"Любовь когда-то наполняла этот мир. Возможно, ценить такие
эмоции осталось в прошлом.",
common062_0_male_friendship,,"Любовь когда-то наполняла этот мир. Возможно, ценить такие
эмоции осталось в прошлом.",
common062_0_female_friendship,,"Любовь когда-то наполняла этот мир. Возможно, ценить такие
эмоции осталось в прошлом.",
common062_0_old_friendship,,"Любовь когда-то наполняла этот мир. Возможно, ценить такие
эмоции осталось в прошлом.",
common062_0_child_knowledge,,"Любовь когда-то наполняла этот мир. Возможно, ценить такие
эмоции осталось в прошлом.",
common062_0_male_knowledge,,"Любовь когда-то наполняла этот мир. Возможно, ценить такие
эмоции осталось в прошлом.",
common062_0_female_knowledge,,"Любовь когда-то наполняла этот мир. Возможно, ценить такие
эмоции осталось в прошлом.",
common062_0_old_knowledge,,"Любовь когда-то наполняла этот мир. Возможно, ценить такие
эмоции осталось в прошлом.",
common062_1_replay,char_PLAYER_M,Это неправда. Любовь все еще имеет значение.,
common062_1_reaction_child_courage,,"Значит, любовь звучит в каждую эпоху, не так ли? Моя
благодарность! Знать это - облегчение.",
common062_1_reaction_male_courage,,"Значит, любовь звучит в каждую эпоху, не так ли? Моя
благодарность! Знать это - облегчение.",
common062_1_reaction_female_courage,,"Значит, любовь звучит в каждую эпоху, не так ли? Моя
благодарность! Знать это - облегчение.",
common062_1_reaction_old_courage,,"Значит, любовь звучит в каждую эпоху, не так ли? Моя
благодарность! Знать это - облегчение.",
common062_1_reaction_child_love,,"Значит, любовь звучит в каждую эпоху, не так ли? Моя
благодарность! Знать это - облегчение.",
common062_1_reaction_male_love,,"Значит, любовь звучит в каждую эпоху, не так ли? Моя
благодарность! Знать это - облегчение.",
common062_1_reaction_female_love,,"Значит, любовь звучит в каждую эпоху, не так ли? Моя
благодарность! Знать это - облегчение.",
common062_1_reaction_old_love,,"Значит, любовь звучит в каждую эпоху, не так ли? Моя
благодарность! Знать это - облегчение.",
common062_1_reaction_child_friendship,,"Значит, любовь звучит в каждую эпоху, не так ли? Моя
благодарность! Знать это - облегчение.",
common062_1_reaction_male_friendship,,"Значит, любовь звучит в каждую эпоху, не так ли? Моя
благодарность! Знать это - облегчение.",
common062_1_reaction_female_friendship,,"Значит, любовь звучит в каждую эпоху, не так ли? Моя
благодарность! Знать это - облегчение.",
common062_1_reaction_old_friendship,,"Значит, любовь звучит в каждую эпоху, не так ли? Моя
благодарность! Знать это - облегчение.",
common062_1_reaction_child_knowledge,,"Значит, любовь звучит в каждую эпоху, не так ли? Моя
благодарность! Знать это - облегчение.",
common062_1_reaction_male_knowledge,,"Значит, любовь звучит в каждую эпоху, не так ли? Моя
благодарность! Знать это - облегчение.",
common062_1_reaction_female_knowledge,,"Значит, любовь звучит в каждую эпоху, не так ли? Моя
благодарность! Знать это - облегчение.",
common062_1_reaction_old_knowledge,,"Значит, любовь звучит в каждую эпоху, не так ли? Моя
благодарность! Знать это - облегчение.",
common062_2_replay,char_PLAYER_M,Ага. Времена меняются.,
common062_2_reaction_child_courage,,"Вот в чем дело, а? Времена принадлежат молодым. И все же мне
от этого немного грустно.",
common062_2_reaction_male_courage,,"Вот в чем дело, а? Времена принадлежат молодым. И все же мне
от этого немного грустно.",
common062_2_reaction_female_courage,,"Вот в чем дело, а? Времена принадлежат молодым. И все же мне
от этого немного грустно.",
common062_2_reaction_old_courage,,"Вот в чем дело, а? Времена принадлежат молодым. И все же мне
от этого немного грустно.",
common062_2_reaction_child_love,,"Вот в чем дело, а? Времена принадлежат молодым. И все же мне
от этого немного грустно.",
common062_2_reaction_male_love,,"Вот в чем дело, а? Времена принадлежат молодым. И все же мне
от этого немного грустно.",
common062_2_reaction_female_love,,"Вот в чем дело, а? Времена принадлежат молодым. И все же мне
от этого немного грустно.",
common062_2_reaction_old_love,,"Вот в чем дело, а? Времена принадлежат молодым. И все же мне
от этого немного грустно.",
common062_2_reaction_child_friendship,,"Вот в чем дело, а? Времена принадлежат молодым. И все же мне
от этого немного грустно.",
common062_2_reaction_male_friendship,,"Вот в чем дело, а? Времена принадлежат молодым. И все же мне
от этого немного грустно.",
common062_2_reaction_female_friendship,,"Вот в чем дело, а? Времена принадлежат молодым. И все же мне
от этого немного грустно.",
common062_2_reaction_old_friendship,,"Вот в чем дело, а? Времена принадлежат молодым. И все же мне
от этого немного грустно.",
common062_2_reaction_child_knowledge,,"Вот в чем дело, а? Времена принадлежат молодым. И все же мне
от этого немного грустно.",
common062_2_reaction_male_knowledge,,"Вот в чем дело, а? Времена принадлежат молодым. И все же мне
от этого немного грустно.",
common062_2_reaction_female_knowledge,,"Вот в чем дело, а? Времена принадлежат молодым. И все же мне
от этого немного грустно.",
common062_2_reaction_old_knowledge,,"Вот в чем дело, а? Времена принадлежат молодым. И все же мне
от этого немного грустно.",
common063_0_child_courage,,* пыхтение * *пыхтение* ...Я просто ... немного устал.,
common063_0_male_courage,,* пыхтение * *пыхтение* ...Я просто ... немного устал.,
common063_0_female_courage,,* пыхтение * *пыхтение* ...Я просто ... немного устал.,
common063_0_old_courage,,* пыхтение * *пыхтение* ...Я просто ... немного устал.,
common063_0_child_love,,* пыхтение * *пыхтение* ...Я просто ... немного устал.,
common063_0_male_love,,* пыхтение * *пыхтение* ...Я просто ... немного устал.,
common063_0_female_love,,* пыхтение * *пыхтение* ...Я просто ... немного устал.,
common063_0_old_love,,* пыхтение * *пыхтение* ...Я просто ... немного устал.,
common063_0_child_friendship,,* пыхтение * *пыхтение* ...Я просто ... немного устал.,
common063_0_male_friendship,,* пыхтение * *пыхтение* ...Я просто ... немного устал.,
common063_0_female_friendship,,* пыхтение * *пыхтение* ...Я просто ... немного устал.,
common063_0_old_friendship,,* пыхтение * *пыхтение* ...Я просто ... немного устал.,
common063_0_child_knowledge,,* пыхтение * *пыхтение* ...Я просто ... немного устал.,
common063_0_male_knowledge,,* пыхтение * *пыхтение* ...Я просто ... немного устал.,
common063_0_female_knowledge,,* пыхтение * *пыхтение* ...Я просто ... немного устал.,
common063_0_old_knowledge,,* пыхтение * *пыхтение* ...Я просто ... немного устал.,
common063_1_replay,char_PLAYER_M,"Тогда, я думаю, пришло время сделать перерыв.",
common063_1_reaction_child_courage,,Ладно... Спасибо. Твоя доброта - настоящее сокровище.,
common063_1_reaction_male_courage,,Ладно... Спасибо. Твоя доброта - настоящее сокровище.,
common063_1_reaction_female_courage,,Ладно... Спасибо. Твоя доброта - настоящее сокровище.,
common063_1_reaction_old_courage,,Ладно... Спасибо. Твоя доброта - настоящее сокровище.,
common063_1_reaction_child_love,,Ладно... Спасибо. Твоя доброта - настоящее сокровище.,
common063_1_reaction_male_love,,Ладно... Спасибо. Твоя доброта - настоящее сокровище.,
common063_1_reaction_female_love,,Ладно... Спасибо. Твоя доброта - настоящее сокровище.,
common063_1_reaction_old_love,,Ладно... Спасибо. Твоя доброта - настоящее сокровище.,
common063_1_reaction_child_friendship,,Ладно... Спасибо. Твоя доброта - настоящее сокровище.,
common063_1_reaction_male_friendship,,Ладно... Спасибо. Твоя доброта - настоящее сокровище.,
common063_1_reaction_female_friendship,,Ладно... Спасибо. Твоя доброта - настоящее сокровище.,
common063_1_reaction_old_friendship,,Ладно... Спасибо. Твоя доброта - настоящее сокровище.,
common063_1_reaction_child_knowledge,,Ладно... Спасибо. Твоя доброта - настоящее сокровище.,
common063_1_reaction_male_knowledge,,Ладно... Спасибо. Твоя доброта - настоящее сокровище.,
common063_1_reaction_female_knowledge,,Ладно... Спасибо. Твоя доброта - настоящее сокровище.,
common063_1_reaction_old_knowledge,,Ладно... Спасибо. Твоя доброта - настоящее сокровище.,
common063_2_replay,char_PLAYER_M,Давай. Еще чуть-чуть.,
common063_2_reaction_child_courage,,"* тяжелое дыхание * * хрип * ...Так не следует обращаться со
старшими...",
common063_2_reaction_male_courage,,"* тяжелое дыхание * * хрип * ...Так не следует обращаться со
старшими...",
common063_2_reaction_female_courage,,"* тяжелое дыхание * * хрип * ...Так не следует обращаться со
старшими...",
common063_2_reaction_old_courage,,"* тяжелое дыхание * * хрип * ...Так не следует обращаться со
старшими...",
common063_2_reaction_child_love,,"* тяжелое дыхание * * хрип * ...Так не следует обращаться со
старшими...",
common063_2_reaction_male_love,,"* тяжелое дыхание * * хрип * ...Так не следует обращаться со
старшими...",
common063_2_reaction_female_love,,"* тяжелое дыхание * * хрип * ...Так не следует обращаться со
старшими...",
common063_2_reaction_old_love,,"* тяжелое дыхание * * хрип * ...Так не следует обращаться со
старшими...",
common063_2_reaction_child_friendship,,"* тяжелое дыхание * * хрип * ...Так не следует обращаться со
старшими...",
common063_2_reaction_male_friendship,,"* тяжелое дыхание * * хрип * ...Так не следует обращаться со
старшими...",
common063_2_reaction_female_friendship,,"* тяжелое дыхание * * хрип * ...Так не следует обращаться со
старшими...",
common063_2_reaction_old_friendship,,"* тяжелое дыхание * * хрип * ...Так не следует обращаться со
старшими...",
common063_2_reaction_child_knowledge,,"* тяжелое дыхание * * хрип * ...Так не следует обращаться со
старшими...",
common063_2_reaction_male_knowledge,,"* тяжелое дыхание * * хрип * ...Так не следует обращаться со
старшими...",
common063_2_reaction_female_knowledge,,"* тяжелое дыхание * * хрип * ...Так не следует обращаться со
старшими...",
common063_2_reaction_old_knowledge,,"* тяжелое дыхание * * хрип * ...Так не следует обращаться со
старшими...",
common064_0_child_courage,,Я хочу всегда быть рядом с тобой и помогать оберегать тебя.,
common064_0_male_courage,,Я хочу всегда быть рядом с тобой и помогать оберегать тебя.,
common064_0_female_courage,,Я хочу всегда быть рядом с тобой и помогать оберегать тебя.,
common064_0_old_courage,,Я хочу всегда быть рядом с тобой и помогать оберегать тебя.,
common064_0_child_love,,Я хочу всегда быть рядом с тобой и помогать оберегать тебя.,
common064_0_male_love,,Я хочу всегда быть рядом с тобой и помогать оберегать тебя.,
common064_0_female_love,,Я хочу всегда быть рядом с тобой и помогать оберегать тебя.,
common064_0_old_love,,Я хочу всегда быть рядом с тобой и помогать оберегать тебя.,
common064_0_child_friendship,,Я хочу всегда быть рядом с тобой и помогать оберегать тебя.,
common064_0_male_friendship,,Я хочу всегда быть рядом с тобой и помогать оберегать тебя.,
common064_0_female_friendship,,Я хочу всегда быть рядом с тобой и помогать оберегать тебя.,
common064_0_old_friendship,,Я хочу всегда быть рядом с тобой и помогать оберегать тебя.,
common064_0_child_knowledge,,Я хочу всегда быть рядом с тобой и помогать оберегать тебя.,
common064_0_male_knowledge,,Я хочу всегда быть рядом с тобой и помогать оберегать тебя.,
common064_0_female_knowledge,,Я хочу всегда быть рядом с тобой и помогать оберегать тебя.,
common064_0_old_knowledge,,Я хочу всегда быть рядом с тобой и помогать оберегать тебя.,
common064_1_replay,char_PLAYER_M,"Я с нетерпением жду, когда ты всегда будешь рядом.",
common064_1_reaction_child_courage,,Хо-хо! Да ведь это будет все равно что присматривать за внуком.,
common064_1_reaction_male_courage,,Хо-хо! Да ведь это будет все равно что присматривать за внуком.,
common064_1_reaction_female_courage,,Хо-хо! Да ведь это будет все равно что присматривать за внуком.,
common064_1_reaction_old_courage,,Хо-хо! Да ведь это будет все равно что присматривать за внуком.,
common064_1_reaction_child_love,,Хо-хо! Да ведь это будет все равно что присматривать за внуком.,
common064_1_reaction_male_love,,Хо-хо! Да ведь это будет все равно что присматривать за внуком.,
common064_1_reaction_female_love,,Хо-хо! Да ведь это будет все равно что присматривать за внуком.,
common064_1_reaction_old_love,,Хо-хо! Да ведь это будет все равно что присматривать за внуком.,
common064_1_reaction_child_friendship,,Хо-хо! Да ведь это будет все равно что присматривать за внуком.,
common064_1_reaction_male_friendship,,Хо-хо! Да ведь это будет все равно что присматривать за внуком.,
common064_1_reaction_female_friendship,,Хо-хо! Да ведь это будет все равно что присматривать за внуком.,
common064_1_reaction_old_friendship,,Хо-хо! Да ведь это будет все равно что присматривать за внуком.,
common064_1_reaction_child_knowledge,,Хо-хо! Да ведь это будет все равно что присматривать за внуком.,
common064_1_reaction_male_knowledge,,Хо-хо! Да ведь это будет все равно что присматривать за внуком.,
common064_1_reaction_female_knowledge,,Хо-хо! Да ведь это будет все равно что присматривать за внуком.,
common064_1_reaction_old_knowledge,,Хо-хо! Да ведь это будет все равно что присматривать за внуком.,
common064_2_replay,char_PLAYER_M,Только не пока я в ванной...,
common064_2_reaction_child_courage,,"Хохохо! Да, да, я знаю.",
common064_2_reaction_male_courage,,"Хохохо! Да, да, я знаю.",
common064_2_reaction_female_courage,,"Хохохо! Да, да, я знаю.",
common064_2_reaction_old_courage,,"Хохохо! Да, да, я знаю.",
common064_2_reaction_child_love,,"Хохохо! Да, да, я знаю.",
common064_2_reaction_male_love,,"Хохохо! Да, да, я знаю.",
common064_2_reaction_female_love,,"Хохохо! Да, да, я знаю.",
common064_2_reaction_old_love,,"Хохохо! Да, да, я знаю.",
common064_2_reaction_child_friendship,,"Хохохо! Да, да, я знаю.",
common064_2_reaction_male_friendship,,"Хохохо! Да, да, я знаю.",
common064_2_reaction_female_friendship,,"Хохохо! Да, да, я знаю.",
common064_2_reaction_old_friendship,,"Хохохо! Да, да, я знаю.",
common064_2_reaction_child_knowledge,,"Хохохо! Да, да, я знаю.",
common064_2_reaction_male_knowledge,,"Хохохо! Да, да, я знаю.",
common064_2_reaction_female_knowledge,,"Хохохо! Да, да, я знаю.",
common064_2_reaction_old_knowledge,,"Хохохо! Да, да, я знаю.",
digimon_chat_personality_change_01,char_DIGIVICE,Тип личности {fc9{d0}} сместился к {d1}.,
digimon_chat_personality_change_02,char_DIGIVICE,Тип личности {fc9{d0}} изменился на {d1}.,
digimon_chat_ps_00,,"Как насчет того, чтобы я освоил новый Личностный Навык?",
digimon_chat_ps_01,,"Как насчет того, чтобы я освоил новый Личностный Навык?",
digimon_chat_ps_02,,"Как насчет того, чтобы я освоил новый Личностный Навык?",
digimon_chat_ps_03,,"Как насчет того, чтобы я освоил новый Личностный Навык?",
digimon_chat_ps_10,,Я хочу научиться новому Личностному Навыку!,
digimon_chat_ps_11,,Я хочу научиться новому Личностному Навыку!,
digimon_chat_ps_12,,Я хочу научиться новому Личностному Навыку!,
digimon_chat_ps_13,,Я хочу научиться новому Личностному Навыку!,
digimon_chat_ps_20,,Давайте осваивать новый Личностный Навык!,
digimon_chat_ps_21,,Давайте осваивать новый Личностный Навык!,
digimon_chat_ps_22,,Давайте осваивать новый Личностный Навык!,
digimon_chat_ps_23,,Давайте осваивать новый Личностный Навык!,
digimon_chat_ps_30,,"Возможно, мне следует освоить новый Личностный Навык.",
digimon_chat_ps_31,,"Возможно, мне следует освоить новый Личностный Навык.",
digimon_chat_ps_32,,"Возможно, мне следует освоить новый Личностный Навык.",
digimon_chat_ps_33,,"Возможно, мне следует освоить новый Личностный Навык.",
