priority,category,package,file,line,row_id,speaker,shared_mf_alias,marker,recommended_action,source_en,current_ru,tags
4,possible_player_address_gender,addcont_01_text01,message/d110.mbe/000_Sheet1.csv,8,d110_020_010,char_BLITZGREYMON,,сделал,"проверить, относится ли форма к игроку",What did you do with our friends?!,Что ты сделал с нашими друзьями?!,d110_020_010
4,possible_player_address_gender,addcont_01_text01,message/d110.mbe/000_Sheet1.csv,66,d110_080_010,char_MIRAGEGAOGAMON,,сделала,"проверить, относится ли форма к игроку",What did you do with my master?!,Что ты сделала с моим хозяином?!,
4,possible_player_address_gender,addcont_01_text01,message/d120.mbe/000_Sheet1.csv,57,d120_060_030,char_SUMERAGI,,сказал,"проверить, относится ли форма к игроку","""Wh-What did you say?
The captain's been seriously injured?!""","«Ч-что ты сказал?
Капитан тяжело ранен?!»",d120_060_030
4,possible_player_address_gender,addcont_01_text01,message/d130.mbe/000_Sheet1.csv,42,d130_060_020,char_KUREMI,,сделала,"проверить, относится ли форма к игроку","""I have the weapon you made.
It should at least give me a fighting chance.""","«У меня есть оружие, которое ты сделала.
С ним у меня хотя бы будет шанс».",d130_060_020
4,possible_player_address_gender,addcont_01_text01,message/d140.mbe/000_Sheet1.csv,4,d140_010_030,char_KUREMIKYOKO,,сам,"проверить, относится ли форма к игроку","I seem to remember you constantly ignoring
whatever Mom and I said.","Насколько я помню, ты сам всегда игнорировал
всё, что говорили мы с мамой.",d140_010_030
4,possible_player_address_gender,addcont_01_text01,message/d140.mbe/000_Sheet1.csv,9,d140_010_080,char_BLITZGREYMON,,права,"проверить, относится ли форма к игроку","Yeah, I think you're right...
That human is trying to help our friends.","Да, похоже, ты права...
Этот человек пытается помочь нашим друзьям.",d140_010_080
4,possible_player_address_gender,addcont_01_text01,message/d140.mbe/000_Sheet1.csv,29,d140_025_090,char_BLITZGREYMON,,был,"проверить, относится ли форма к игроку",You were willing to put yourself in serious danger for us...,Ты был готов рисковать собой ради нас...,d140_025_090
4,possible_player_address_gender,addcont_01_text01,message/d140.mbe/000_Sheet1.csv,32,d140_025_120,char_KUREMI,,пришёл,"проверить, относится ли форма к игроку","You came here with my daughter...
That alone is enough of an answer for me.","Ты пришёл сюда вместе с моей дочерью...
Для меня этого достаточно.",d140_025_120
4,possible_player_address_gender,addcont_01_text01,message/d140.mbe/000_Sheet1.csv,61,d140_040_100,char_OMEGAMON_ALTER-S,,уверена,"проверить, относится ли форма к игроку","Are... you sure?
I thought you hated Digimon...","Ты уверена?
Я думал, ты ненавидишь Дигимонов...",d140_040_100
4,possible_player_address_gender,addcont_01_text01,message/dlcep001_field.mbe/000_Sheet1.csv,10,dlcep001_0030_0012,char_KUREMIKYOKO,,готов,"проверить, относится ли форма к игроку","I ought to give him a piece of my mind!
Come on, let's head through the door. Are you ready?","Я должна высказать ему всё, что думаю!
Пойдём через дверь. Ты готов?",
4,possible_player_address_gender,addcont_01_text01,message/dlcep001_field.mbe/000_Sheet1.csv,11,dlcep001_0030_0013,char_KUREMIKYOKO,,готов,"проверить, относится ли форма к игроку",Let's head on through the door. Are you ready?,Пойдём через дверь. Ты готов?,
4,possible_player_address_gender,addcont_01_text01,message/dlcep001_field.mbe/000_Sheet1.csv,28,dlcep001_0120_0010,char_AEGIOMON,,готов,"проверить, относится ли форма к игроку","The battle ahead is gonna be fierce.
You ready for this?","Впереди тяжёлая битва.
Ты готов?",
4,possible_player_address_gender,addcont_02_text01,message/d210.mbe/000_Sheet1.csv,34,d210_040_070,char_HIROKO,,был,"проверить, относится ли форма к игроку","Where have you been?!
I thought for sure you were dead!","Где ты был?!
Я уже думала, что ты погиб!",d210_040_070
4,possible_player_address_gender,addcont_02_text01,message/d220.mbe/000_Sheet1.csv,21,d220_030_150,char_BANCHOLEOMON,,вернулся,"проверить, относится ли форма к игроку","You didn't come back, so I was starting to worry.","Ты не вернулся, поэтому я начал волноваться.",d220_030_150
4,possible_player_address_gender,addcont_03_text01,message/d310.mbe/000_Sheet1.csv,20,d310_030_080,char_OMEGAMON-X,,ранен,"проверить, относится ли форма к игроку","You seem to have gotten caught up in our battle,
to disastrous results. I do hope you are not injured.","Похоже, тебя втянуло в нашу битву,
и последствия вышли катастрофическими. Надеюсь, ты не ранен.",
4,possible_player_address_gender,addcont_03_text01,message/d310.mbe/000_Sheet1.csv,111,d310_100_010,char_OMEGAMON-X,,ранен,"проверить, относится ли форма к игроку","Are you all right?
I do hope you are not injured.","С тобой все в порядке?
Я очень надеюсь, что ты не ранен.",
4,possible_player_address_gender,addcont_03_text01,message/d320.mbe/000_Sheet1.csv,51,d320_030_010,char_JESMON_X,,согласен,"проверить, относится ли форма к игроку","Something about this place seems... familiar.
Would you not agree, Omnimon?","Что-то в этом месте кажется... знакомым.
Ты не согласен, Омегамон?",
4,possible_player_address_gender,addcont_03_text01,message/d320.mbe/000_Sheet1.csv,146,d320_070_060,char_TOUDO,,сказал,"проверить, относится ли форма к игроку","""Do you remember what you said to me
back when I was still new to public safety?""","«Помнишь, что ты сказал мне
в мои первые дни в общественной безопасности?»",
4,possible_player_address_gender,addcont_03_text01,message/d320.mbe/000_Sheet1.csv,151,d320_070_110,char_TOUDO,,сказал,"проверить, относится ли форма к игроку","""You told me that I was exactly the right
kind of person to work in public safety.""","«Ты сказал, что для службы в общественной безопасности
нужны именно такие люди, как я».",
4,possible_player_address_gender,patch_text01,message/arena01.mbe/000_Sheet1.csv,88,arena01_f001_010_047,char_SOCERIMON,,сказал,"проверить, относится ли форма к игроку","Nope! You weren't even close! You said ""When our mighty
powers join together..."" with that dumb look on your face.","Нет! Ты даже не был близок к этому! Ты сказал ""Когда наши
могущественные силы объединятся..."" с этим тупым выражением на лице.",
4,possible_player_address_gender,patch_text01,message/arena01.mbe/000_Sheet1.csv,239,arena01_m320_020_041,char_TONOSAMAGEKOMON,,был,"проверить, относится ли форма к игроку","Hm, glurp? Ringleader, when did you get a family, glurp?
You've been single as long as I've known you, glurp...","Хм, глурп? Главарь, когда ты успел обзавестись семьей, глурп?
Ты был холост, сколько я тебя знаю, глурп...",
4,possible_player_address_gender,patch_text01,message/battle.mbe/000_Sheet1.csv,304,1200020126,char_CHRONOMON_BOSS_EVENT,,должен,"проверить, относится ли форма к игроку","You should be teetering on the brink
of the abyss...",Ты должен был бы балансировать на краю пропасти...,1200020126
4,possible_player_address_gender,patch_text01,message/battle.mbe/000_Sheet1.csv,349,1200020170,char_VENUSMON,,должен,"проверить, относится ли форма к игроку",You must not fall.,Ты не должен упасть.,1200020170
4,possible_player_address_gender,patch_text01,message/d01.mbe/000_Sheet1.csv,35,f_d0101_0100_0020,char_SOCERIMON,,уверен,"проверить, относится ли форма к игроку",Are you sure about this?! Just what have you done?!,Ты уверен в этом?! Что ты только что сделал?!,
4,possible_player_address_gender,patch_text01,message/d01.mbe/000_Sheet1.csv,50,f_d0101_0140_0020,char_PUMPMON,,должен,"проверить, относится ли форма к игроку",We need it in order to change things! You've gotta trust me.,"Нам это нужно, чтобы что-то изменить! Ты должен довериться мне.",
4,possible_player_address_gender,patch_text01,message/d01.mbe/000_Sheet1.csv,209,f_d0108_0040_0040,char_VIKEMON,,сделал,"проверить, относится ли форма к игроку","You've done more than enough... and we aren't gonna
take it anymore!","Ты сделал более чем достаточно... И мы больше не собираемся
этого терпеть!",
4,possible_player_address_gender,patch_text01,message/d02.mbe/000_Sheet1.csv,24,f_d0201_0050_0090,char_TYUMON,,должен,"проверить, относится ли форма к игроку","Merukimon's the head honcho of this town! You should find
him hanging out in the tavern down through that alley!","Меркуримон - главный босс этого города! Ты должен найти его в
таверне в том переулке!",f_d0201_0050_0090
4,possible_player_address_gender,patch_text01,message/d02.mbe/000_Sheet1.csv,62,f_d0201_0260_0010,char_LUNAMON,,смог,"проверить, относится ли форма к игроку","You were able to fix Locomon! That means we can finally go
to Junomon's temple.","Ты смог починить Локомона! Это значит, что мы наконец-то можем
отправиться в храм Юномон.",
4,possible_player_address_gender,patch_text01,message/d02.mbe/000_Sheet1.csv,173,f_d0201_0650_0060,char_GOBURIMON,,сделал,"проверить, относится ли форма к игроку",You did?! That's awesome! Gyahaha!,Ты сделал?! Это потрясающе! Гяхаха!,
4,possible_player_address_gender,patch_text01,message/d02.mbe/000_Sheet1.csv,180,f_d0201_0670_0020,char_PUMPMON,,был,"проверить, относится ли форма к игроку","...Wait. Who were you, again? ...But whatever. No biggie.","... Подожди. Напомни, кем ты был?...Но неважно. Ничего
особенного.",
4,possible_player_address_gender,patch_text01,message/d02.mbe/000_Sheet1.csv,293,f_d0202_0040_0030,char_LUNAMON,,знал,"проверить, относится ли форма к игроку","Say, did you know that Merukimon used to be a wanderer long ago?","Скажи, ты знал, что Меркуримон давным-давно был странником?",
4,possible_player_address_gender,patch_text01,message/d02.mbe/000_Sheet1.csv,457,f_d0202_0630_0010,char_PRINCEMAMEMON,,один,"проверить, относится ли форма к игроку","Why, hello there! Oh yes, I remember you...
You are one of my admirers, yes?!","Ну, приветик! О да, я тебя помню... Ты один из моих
поклонников, да?!",
4,possible_player_address_gender,patch_text01,message/d02.mbe/000_Sheet1.csv,483,f_d0202_0750_0010,char_WEREGARURUMON,,был,"проверить, относится ли форма к игроку","Whoa, where've you been? Come on! You're the star of the
show who helped get the city back!","Ого, где ты был? Давай! Ты звезда шоу, которая помогла вернуть
город!",
4,possible_player_address_gender,patch_text01,message/d02.mbe/000_Sheet1.csv,642,f_d0204_0260_0030,char_CHOROMON,,должен,"проверить, относится ли форма к игроку","Wake up, dear customer! You mustn't sleep in the
middle of the floor like this!","Просыпайся, дорогой клиент! Ты не должен спать посреди пола в
таком виде!",
4,possible_player_address_gender,patch_text01,message/d02.mbe/000_Sheet1.csv,737,f_d0204_9010_0010,char_STARMON,,готов,"проверить, относится ли форма к игроку",...Are you next? Very well! Are you ready?!,... Ты следующий? Очень хорошо! Ты готов?!,
4,possible_player_address_gender,patch_text01,message/d02.mbe/000_Sheet1.csv,810,f_d0209_0050_0020,char_INORI,,ранен,"проверить, относится ли форма к игроку",Are you hurt? Did the Titans do this to you?,Ты ранен? Титаны сделали это с тобой?,
4,possible_player_address_gender,patch_text01,message/d03.mbe/000_Sheet1.csv,31,f_d0301_0060_0020,char_DAGOMON,,был,"проверить, относится ли форма к игроку","Where have you been, my brother...? I was looking high and
low for you!","Где ты был, брат мой...? Я искал тебя повсюду!",
4,possible_player_address_gender,patch_text01,message/d03.mbe/000_Sheet1.csv,35,f_d0301_0060_0060,char_DAGOMON,,уверен,"проверить, относится ли форма к игроку",Hmm? Are you sure...? I saw someone moving around...,"Хмм? Ты уверен...? Я видел, как кто-то ходил вокруг...",
4,possible_player_address_gender,patch_text01,message/d03.mbe/000_Sheet1.csv,72,f_d0301_0180_0050,char_KAMEMON,,сказал,"проверить, относится ли форма к игроку","Wait. What's that you say? An urgent matter from Venusmon?
Merukimon is having an emergency?!","Подожди. Что это ты сказал? Срочное дело от Венусмона? У
Меркуримона чрезвычайная ситуация?!",
4,possible_player_address_gender,patch_text01,message/d03.mbe/000_Sheet1.csv,150,f_d0302_0130_0021,char_PLAYER_M,,ранен,"проверить, относится ли форма к игроку","{next}You aren't hurt, are you?","{next}Ты ведь не ранен, правда?",
4,possible_player_address_gender,patch_text01,message/d03.mbe/000_Sheet1.csv,168,f_d0302_0160_0040,char_KAMEMON,,должен,"проверить, относится ли форма к игроку","You basically HAVE to save me at this point, don't you think?!","По сути, ты ДОЛЖЕН спасти меня в этот момент, тебе не кажется?!",f_d0302_0160_0040
4,possible_player_address_gender,patch_text01,message/d03.mbe/000_Sheet1.csv,337,f_d0304_0040_0060,char_SABMARIMON,,вернулся,"проверить, относится ли форма к игроку","Oh, you're back! Hey, what do ya think? Pretty impressive, huh?","О, ты вернулся! Эй, что думаешь? Впечатляет, да?",f_d0304_0040_0060
4,possible_player_address_gender,patch_text01,message/d03.mbe/000_Sheet1.csv,338,f_d0304_0040_0065,char_SABMARIMON,,вернулся,"проверить, относится ли форма к игроку","Oh, you're back, huh?","О, ты вернулся, да?",f_d0304_0040_0065
4,possible_player_address_gender,patch_text01,message/d03.mbe/000_Sheet1.csv,360,f_d0305_0050_0010,char_VIKEMON,,пришел,"проверить, относится ли форма к игроку",What's that? Ya came here knowin' it's our base?,"Что это? Ты пришел сюда, зная, что это наша база?",
4,possible_player_address_gender,patch_text01,message/d04.mbe/000_Sheet1.csv,19,f_d0401_0050_0010,char_PALMON,,сделал,"проверить, относится ли форма к игроку",You did it! We can go across now!,Ты сделал это! Теперь мы можем перейти!,
4,possible_player_address_gender,patch_text01,message/d04.mbe/000_Sheet1.csv,72,f_d0402_0130_0020,char_LOTOSMON,,пришёл,"проверить, относится ли форма к игроку",Have you come to join the festival?,Ты пришёл на фестиваль?,f_d0402_0130_0020
4,possible_player_address_gender,patch_text01,message/d04.mbe/000_Sheet1.csv,134,f_d0404_0040_0030,char_HAWKMON,,должен,"проверить, относится ли форма к игроку",You should join in with us—your underlings!,Ты должен присоединиться к нам — своим подчинённым!,
4,possible_player_address_gender,patch_text01,message/d04.mbe/000_Sheet1.csv,175,f_d0404_0130_0010,char_V-MON,,был,"проверить, относится ли форма к игроку","You! You were in Central Town! ...Hey, don't you think that
Digimon over there is so cool?","Ты! Ты был в Центральном городе!...Эй, тебе не кажется, что вон
тот Дигимон такой клёвый?",
4,possible_player_address_gender,patch_text01,message/d04.mbe/000_Sheet1.csv,191,f_d0404_0160_0040,char_SHURIMON,,сказала,"проверить, относится ли форма к игроку",What did you say?! If you are not sorry...,Что ты сказала?! Если ты не сожалеешь...,
4,possible_player_address_gender,patch_text01,message/d04.mbe/000_Sheet1.csv,231,f_d0404_0290_0020,char_MERAMON,,прав,"проверить, относится ли форма к игроку","You're right about that! This place is so relaxing, and the
booze is good.","Ты прав! Это место такое расслабляющее, и выпивка хорошая.",
4,possible_player_address_gender,patch_text01,message/d04.mbe/000_Sheet1.csv,261,f_d0404_0450_0010,char_GARUDAMON,,был,"проверить, относится ли форма к игроку",You... Were you Aquilamon before? You've become quite impressive.,"Ты... Ты был Аквиламоном раньше? Ты стал довольно
впечатляющим.",
4,possible_player_address_gender,patch_text01,message/d04.mbe/000_Sheet1.csv,264,f_d0404_0450_0040,char_GARUDAMON,,должен,"проверить, относится ли форма к игроку","...I can't go back. You should follow the path you were
meant to follow.","...Я не могу вернуться. Ты должен следовать пути, который тебе
предназначен.",
4,possible_player_address_gender,patch_text01,message/d04.mbe/000_Sheet1.csv,297,f_d0404_9010_0050,char_FLORAMON,,был,"проверить, относится ли форма к игроку","Thank goodness I managed to win somehow.
You were no easy opponent!","Фух, мне всё-таки удалось победить. Ты был непростым
соперником!",
4,possible_player_address_gender,patch_text01,message/d04.mbe/000_Sheet1.csv,319,f_d0407_0010_0010,,,нашёл,"проверить, относится ли форма к игроку",You found me...,Ты нашёл меня...,
4,possible_player_address_gender,patch_text01,message/d04.mbe/000_Sheet1.csv,320,f_d0407_0010_0020,,,нашёл,"проверить, относится ли форма к игроку",Darn. You found me...,Чёрт. Ты нашёл меня...,
4,possible_player_address_gender,patch_text01,message/d05.mbe/000_Sheet1.csv,212,f_d0502_0110_0020,char_CAPROMON,,должен,"проверить, относится ли форма к игроку","Our ally inside started acting crazy! Ya gotta calm it down!
Please!","Наш союзник внутри начал вести себя как сумасшедший! Ты должен
успокоить его! Пожалуйста!",
4,possible_player_address_gender,patch_text01,message/d05.mbe/000_Sheet1.csv,507,f_d0506_0190_0020,char_DARKSUPERSTARMON,,был,"проверить, относится ли форма к игроку","Hey, where have you been?! The PCGT Champion is here!","Эй, где ты был?! Чемпион Колизея здесь!",
4,possible_player_address_gender,patch_text01,message/d06.mbe/000_Sheet1.csv,152,f_d0604_0180_0020,char_TUNOMON_TITAMON,,сказал,"проверить, относится ли форма к игроку","You said that ClavisAngemon has the key, right?","Ты сказал, что ключ у Клависанджемона, верно?",f_d0604_0180_0020
4,possible_player_address_gender,patch_text01,message/d06.mbe/000_Sheet1.csv,168,f_d0604_0230_0010,char_APOLLOMON,,вернулся,"проверить, относится ли форма к игроку","Ah, you're back! The other cells have opened, but this
one stayed closed for some reason...","А, ты вернулся! Другие камеры открылись, но эта по какой-то
причине оставалась закрытой...",f_d0604_0230_0010
4,possible_player_address_gender,patch_text01,message/d06.mbe/000_Sheet1.csv,237,f_d0604_0350_0010,char_ORGEMON,,видел,"проверить, относится ли форма к игроку","Geh geh geh... Did ya see that? I gave those angel
Digimon a good thrashin'!","Гех-гех-гех... Ты это видел? Я задал этим ангельским Дигимонам
хорошую трепку!",
4,possible_player_address_gender,patch_text01,message/d07.mbe/000_Sheet1.csv,48,f_d0701_0010_0400,char_GEKOMON,,был,"проверить, относится ли форма к игроку","Although if you were with me, I think I could do it, glurp!
Okay, just leave getting to him to me then!","Если бы ты был рядом, я бы, пожалуй, решился, глурп!
Ладно, я сам отведу тебя к нему!",f_d0701_0010_0400
4,possible_player_address_gender,patch_text01,message/d09.mbe/000_Sheet1.csv,39,f_d0901_0010_0010,char_PLUTOMON,,пришел,"проверить, относится ли форма к игроку",You came...,Ты пришел...,f_d0901_0010_0010
4,possible_player_address_gender,patch_text01,message/d09.mbe/000_Sheet1.csv,53,f_d0901_0020_0018,char_GEKOMON,,готов,"проверить, относится ли форма к игроку","Are you ready, glurp?","Ты готов, глурп?",f_d0901_0020_0018
4,possible_player_address_gender,patch_text01,message/d09.mbe/000_Sheet1.csv,81,f_d0901_0100_0020,char_HYOUGAMON,,видел,"проверить, относится ли форма к игроку","Hey, did ya see that?! They don't get any cooler than good
ol' Lord Plutomon!","Эй, ты это видел?! Они ничуть не круче старого доброго Лорда
Плутомона!",
4,possible_player_address_gender,patch_text01,message/d09.mbe/000_Sheet1.csv,90,f_d0901_0120_0038,char_GEKOMON,,решил,"проверить, относится ли форма к игроку","So what did you decide to do? Do you REALLY have to
go there, glurp?","Так что же ты решил сделать? Тебе ДЕЙСТВИТЕЛЬНО нужно идти туда,
глурп?",f_d0901_0120_0038
4,possible_player_address_gender,patch_text01,message/d09.mbe/000_Sheet1.csv,222,f_d0903_0035_0100,char_INORI,,уверен,"проверить, относится ли форма к игроку","Are you sure? Those Digimon will probably attack if you get
too close...","Ты уверен? Эти дигимоны, вероятно, нападут, если ты подойдешь
слишком близко...",
4,possible_player_address_gender,patch_text01,message/d09.mbe/000_Sheet1.csv,398,f_d0904_0240_0020,char_WARUSEADRAMON,,сделал,"проверить, относится ли форма к игроку","You made it! We'll fight alongside you. Time for a
counterattack!","Ты сделал это! Мы будем сражаться бок о бок с тобой. Время для
контратаки!",
4,possible_player_address_gender,patch_text01,message/d09.mbe/000_Sheet1.csv,426,f_d0904_0280_0080,char_VENUSMON,,ранен,"проверить, относится ли форма к игроку","All right. Although, what will you do? You are injured!","Хорошо. Хотя, что ты будешь делать? Ты ранен!",
4,possible_player_address_gender,patch_text01,message/d09.mbe/000_Sheet1.csv,532,f_d0905_0010_0070,char_VULCANUSMON,,должен,"проверить, относится ли форма к игроку","Oh, there you are! You have to listen to this!","О, вот ты где! Ты должен это послушать!",f_d0905_0010_0070
4,possible_player_address_gender,patch_text01,message/d09.mbe/000_Sheet1.csv,578,f_d0905_0080_0080,char_VULCANUSMON,,сказал,"проверить, относится ли форма к игроку","Did you say something? Words of enthusiastic determination,
maybe? I bet you said you'd give it your best!","Ты что-то сказал? Может быть, слова энтузиазма и решимости?
Держу пари, ты сказал, что приложишь все усилия!",
4,possible_player_address_gender,patch_text01,message/d09.mbe/000_Sheet1.csv,589,f_d0905_0090_0040,char_JUNOMON,,должен,"проверить, относится ли форма к игроку","Now, then. You must head through the gate.",Тогда сейчас. Ты должен пройти через ворота.,
4,possible_player_address_gender,patch_text01,message/d09.mbe/000_Sheet1.csv,673,f_d0906_0060_0100,char_AEGIOMON,,сделал,"проверить, относится ли форма к игроку",You did it! The hole is gone!,Ты сделал это! Дыра исчезла!,f_d0906_0060_0100
4,possible_player_address_gender,patch_text01,message/d09.mbe/000_Sheet1.csv,751,f_d0907_0110_0030,char_AEGIOMON,,готов,"проверить, относится ли форма к игроку","...but I'm sure I can't escape this fate.
There's no turning back from here... Are you ready?","...но я уверен, что мне не избежать этой участи. Отсюда нет
пути назад... Ты готов?",
4,possible_player_address_gender,patch_text01,message/d09.mbe/000_Sheet1.csv,755,f_d0907_0110_0060,char_AEGIOMON,,был,"проверить, относится ли форма к игроку","I even tried to destroy the egg before I could be born.
...But, do you remember? You were the one who stopped me.","Я даже пытался уничтожить яйцо до своего рождения...
Но помнишь? Ты был единственным, кто меня остановил.",
4,possible_player_address_gender,patch_text01,message/d12.mbe/000_Sheet1.csv,48,f_d1204_0190_0010,char_KNIGHTMON,,был,"проверить, относится ли форма к игроку","It is you! That human from before!
Have you been keeping safe?",Это ты! Тот человек из прошлого! Ты был в безопасности?,
4,possible_player_address_gender,patch_text01,message/d12.mbe/000_Sheet1.csv,137,f_d1204_0620_0050,char_TYUMON,,должен,"проверить, относится ли форма к игроку","Ah! But don't get ahead of yerself! You've got to put in
the work!",Ах! Но не забегай вперед! Ты должен работать!,
4,possible_player_address_gender,patch_text01,message/d13.mbe/000_Sheet1.csv,102,f_d1301_0320_0010,char_TOUDO,,сделал,"проверить, относится ли форма к игроку",You did it! That's got the supervisor's ID number on it!,Ты сделал это! Это идентификационный номер руководителя!,
4,possible_player_address_gender,patch_text01,message/field_text.mbe/000_Sheet1.csv,894,g_shop165_0030_0010,char_YUKIDARUMON,,уверен,"проверить, относится ли форма к игроку",Sure you didn't forget anything?,"Ты уверен, что ничего не забыл?",
4,possible_player_address_gender,patch_text01,message/field_text.mbe/000_Sheet1.csv,905,g_shop310_0010_0020,char_VADEMON,,вернулся,"проверить, относится ли форма к игроку","I'm Number 160 of the 160 Vademon Brothers,
the baby of the family! Nice to have ya back!","Я номер 160 из 160 братьев Вейдемон, детище в семье! Приятно, что
ты вернулся!",
4,possible_player_address_gender,patch_text01,message/field_text.mbe/000_Sheet1.csv,906,g_shop310_0010_0030,char_VADEMON,,был,"проверить, относится ли форма к игроку","I'm Number 160 of the 160 Vademon Brothers. I heard ya were
a star at my brother's place! Good luck here, too.","Я номер 160 из 160 братьев Вейдемон. Я слышал, ты был звездой в
заведении моего брата! И здесь удачи.",
4,possible_player_address_gender,patch_text01,message/field_text.mbe/000_Sheet1.csv,913,g_shop311_0010_0020,char_VADEMON,,вернулся,"проверить, относится ли форма к игроку","I'm Number 108 of the 160 Vademon Brothers.
Nice to have ya back!","Я номер 108 из 160 братьев Вейдемон. Приятно, что ты вернулся!",
4,possible_player_address_gender,patch_text01,message/field_text.mbe/000_Sheet1.csv,914,g_shop311_0010_0030,char_VADEMON,,был,"проверить, относится ли форма к игроку","I'm Number 108 of the 160 Vademon Brothers. I heard ya were
a star at my brother's place! Good luck here, too.","Я номер 108 из 160 братьев Вейдемон. Я слышал, ты был звездой в
заведении моего брата! И здесь удачи.",
4,possible_player_address_gender,patch_text01,message/field_text.mbe/000_Sheet1.csv,921,g_shop312_0010_0020,char_VADEMON,,вернулся,"проверить, относится ли форма к игроку","I'm Number 77 of the 160 Vademon Brothers.
Nice to have ya back!","Я 77-й номер из 160 братьев Вадемон. Приятно, что ты вернулся!",
4,possible_player_address_gender,patch_text01,message/field_text.mbe/000_Sheet1.csv,922,g_shop312_0010_0030,char_VADEMON,,был,"проверить, относится ли форма к игроку","I'm Number 77 of the 160 Vademon Brothers. I heard ya were
a star at my brother's place! Good luck here, too.","Я 77-й номер из 160 братьев Вейдемон. Я слышал, ты был звездой в
заведении моего брата! И здесь удачи.",
4,possible_player_address_gender,patch_text01,message/field_text.mbe/000_Sheet1.csv,929,g_shop313_0010_0020,char_VADEMON,,вернулся,"проверить, относится ли форма к игроку","I'm Number 2 of the 160 Vademon Brothers.
Nice to have ya back!","Я номер 2 из 160 братьев Вейдемон. Приятно, что ты вернулся!",
4,possible_player_address_gender,patch_text01,message/field_text.mbe/000_Sheet1.csv,930,g_shop313_0010_0030,char_VADEMON,,был,"проверить, относится ли форма к игроку","I'm Number 2 of the 160 Vademon Brothers. I heard ya were
a star at my brother's place! Good luck here, too.","Я номер 2 из 160 братьев Вейдемон. Я слышал, ты был звездой в
заведении моего брата! И здесь удачи.",
4,possible_player_address_gender,patch_text01,message/h03.mbe/000_Sheet1.csv,20,f_h0310_0020_0060,char_VADEMON,,был,"проверить, относится ли форма к игроку","I heard ya were a star at my brother's place! The entry
fee is 5000 YEN! Good luck!","Я слышал, ты был звездой в заведении моего брата! Вступительный
взнос составляет 5000 иен! Удачи!",
4,possible_player_address_gender,patch_text01,message/m040.mbe/000_Sheet1.csv,65,m040_060_010,char_PROTECTED_GIRL,,ранен,"проверить, относится ли форма к игроку",You okay? Are you hurt?,Ты в порядке? Ты ранен?,m040_060_010
4,possible_player_address_gender,patch_text01,message/m050.mbe/000_Sheet1.csv,17,m050_010_120,char_INORI,,сказал,"проверить, относится ли форма к игроку","You said some things that made it sound like
we've met before. I'm sorry I don't remember.","Ты сказал кое-что, из-за чего это прозвучало так, будто
мы встречались раньше. Прости, я не помню.",m050_010_120
4,possible_player_address_gender,patch_text01,message/m060.mbe/000_Sheet1.csv,141,m060_150_010,char_INORI,,сказал,"проверить, относится ли форма к игроку",You said... your name is Aegiomon?,Ты сказал... тебя зовут Эгиомон?,m060_150_010
4,possible_player_address_gender,patch_text01,message/m060.mbe/000_Sheet1.csv,145,m060_150_060,char_AEGIOMON,,ранена,"проверить, относится ли форма к игроку","You're not hurt, are you...?",Ты не ранена...?,m060_150_060
4,possible_player_address_gender,patch_text01,message/m080.mbe/000_Sheet1.csv,9,m080_020_070,char_AEGIOMON,,сказал,"проверить, относится ли форма к игроку",You said you would yesterday! Remember?,"Ты же сказал вчера, что пойдёшь! Помнишь?",m080_020_070
4,possible_player_address_gender,patch_text01,message/m090.mbe/000_Sheet1.csv,28,m090_030_040,char_BOY,,должен,"проверить, относится ли форма к игроку","It's not an apology, okay?! But you HAVE to give it to him!","Это не извинения, ясно?! Но ты ДОЛЖЕН отдать это ему!",
4,possible_player_address_gender,patch_text01,message/m090.mbe/000_Sheet1.csv,79,m090_080_061,char_PLAYER_M,,пришла,"проверить, относится ли форма к игроку",Where did you come from?,Откуда ты пришла?,
4,possible_player_address_gender,patch_text01,message/m100.mbe/000_Sheet1.csv,95,m100_060_020,char_BLACKTAILMON,,видел,"проверить, относится ли форма к игроку","More! I have to go swipe more stuff off of them! You should've
seen the looks on their faces! Nyahaha!","Ещё! Мне нужно стырить у них ещё вещей! Ты бы видел их лица!
Нья-ха-ха!",m100_060_020
4,possible_player_address_gender,patch_text01,message/m110.mbe/000_Sheet1.csv,45,m110_030_100,char_INORI,,права,"проверить, относится ли форма к игроку","Yeah... I guess you're right. Sorry, Hiroko.","Да... Полагаю, ты права. Прости, Хирока.",m110_030_100
4,possible_player_address_gender,patch_text01,message/m110.mbe/000_Sheet1.csv,66,m110_050_120,char_INORI,,сказал,"проверить, относится ли форма к игроку",You said you know this place. Have you visited here before?,"Ты сказал, что знаешь это место. Ты бывал здесь раньше?",m110_050_120
4,possible_player_address_gender,patch_text01,message/m120.mbe/000_Sheet1.csv,10,m120_010_081,char_PLAYER_M,,ранена,"проверить, относится ли форма к игроку","You aren't hurt, are you?",Ты не ранена?,
4,possible_player_address_gender,patch_text01,message/m120.mbe/000_Sheet1.csv,54,m120_060_100,char_INORI,,уверен,"проверить, относится ли форма к игроку",Sightseeing? You sure you got your priorities straight...?,"Осмотр достопримечательностей? Ты уверен, что у тебя правильно
расставлены приоритеты...?",m120_060_100
4,possible_player_address_gender,patch_text01,message/m120.mbe/000_Sheet1.csv,115,m120_100_230,char_CORONAMON,,сказал,"проверить, относится ли форма к игроку",What did you say?!,Что ты сказал?!,m120_100_230
4,possible_player_address_gender,patch_text01,message/m130.mbe/000_Sheet1.csv,65,m130_070_014,char_AEGIOMON,,сказала,"проверить, относится ли форма к игроку","That night, under that starry sky... you said ""always,""
right? That you'd always be by my side...?","Той ночью, под этим звёздным небом... ты сказала ""всегда"",
верно? Что ты всегда будешь рядом со мной...?",m130_070_014
4,possible_player_address_gender,patch_text01,message/m130.mbe/000_Sheet1.csv,72,m130_090_020,char_CORONAMON,,видел,"проверить, относится ли форма к игроку",Did you see me? Did you see what I can do? Hahaha!,"Ты видел меня? Видел, на что я способен? Хахаха!",m130_090_020
4,possible_player_address_gender,patch_text01,message/m140.mbe/000_Sheet1.csv,6,m140_010_050,char_MINERVAMON,,знал,"проверить, относится ли форма к игроку","These humans helped us fight them off for now. Were you
aware of the Titans' presence?","Эти люди помогли нам пока что отбить их. Ты знал о присутствии
Титанов?",m140_010_050
4,possible_player_address_gender,patch_text01,message/m160.mbe/000_Sheet1.csv,23,m160_040_060,char_MINERVAMON,,сказал,"проверить, относится ли форма к игроку","And you said you saw the egg when you first opened your eyes...
I mean, I've seen your mind-blowing power, myself.","И ты сказал, что увидел яйцо, когда впервые открыл глаза... Я
имею в виду, я сам видел твою умопомрачительную силу.",m160_040_060
4,possible_player_address_gender,patch_text01,message/m160.mbe/000_Sheet1.csv,44,m160_060_030,char_JUNOMON,,был,"проверить, относится ли форма к игроку","We must protect the world from them, O Great Guardian.
For this purpose, and this purpose alone, were you born.","Мы должны защитить мир от них, о Великий Хранитель. Для этой
цели, и только для этой, ты был рожден.",m160_060_030
4,possible_player_address_gender,patch_text01,message/m170.mbe/000_Sheet1.csv,84,m170_065_100,char_SHELLMON,,сказал,"проверить, относится ли форма к игроку","But it's just like you said, right? You don't need a reason to care
about someone when they're hurt.","Но все именно так, как ты сказал, верно? Тебе не нужна причина,
чтобы заботиться о ком-то, когда ему больно.",m170_065_100
4,possible_player_address_gender,patch_text01,message/m170.mbe/000_Sheet1.csv,129,m170_090_030,char_SHELLMON,,прав,"проверить, относится ли форма к игроку","You're right... It'll be harder than ever for them
to understand now...","Ты прав... Сейчас им будет труднее, чем когда-либо, понять...",m170_090_030
4,possible_player_address_gender,patch_text01,message/m170.mbe/000_Sheet1.csv,178,m170_130_010,char_SHARKMON_BOSS,,нашел,"проверить, относится ли форма к игроку",Quit draggin' yer feet! Did you find the Current?,Перестань волочить ноги! Ты нашел течение?,m170_130_010
4,possible_player_address_gender,patch_text01,message/m170.mbe/000_Sheet1.csv,182,m170_130_050,char_SHARKMON_BOSS,,жив,"проверить, относится ли форма к игроку",...! You! You're alive?!,...! Ты! Ты жив?!,m170_130_050
4,possible_player_address_gender,patch_text01,message/m170.mbe/000_Sheet1.csv,258,m170_210_090,char_JUNOMON,,уверен,"проверить, относится ли форма к игроку",The Current... Are you certain that is what the Titans said?,"Течение... Ты уверен, что Титаны сказали именно это?",m170_210_090
4,possible_player_address_gender,patch_text01,message/m190.mbe/000_Sheet1.csv,71,m190_060_210,char_JUNOMON,,должен,"проверить, относится ли форма к игроку",Great Guardian! You must stay behind.,Великий Страж! Ты должен остаться.,m190_060_210
4,possible_player_address_gender,patch_text01,message/m190.mbe/000_Sheet1.csv,93,m190_070_090,char_INORI,,уверен,"проверить, относится ли форма к игроку",Are you sure you didn't want to stay there?,"Ты уверен, что не хотел остаться там?",m190_070_090
4,possible_player_address_gender,patch_text01,message/m210.mbe/000_Sheet1.csv,71,m210_030_120,char_INORI,,ранен,"проверить, относится ли форма к игроку","Wh-What's wrong? You look like you're in pain... Are you
hurt or something?","Ч-Что случилось? Ты выглядишь, будто тебе больно... Ты ранен или
что?",m210_030_120
4,possible_player_address_gender,patch_text01,message/m210.mbe/000_Sheet1.csv,90,m210_030_270,char_AEGIOCHUSMON,,права,"проверить, относится ли форма к игроку",You're right.,Ты права.,m210_030_270
4,possible_player_address_gender,patch_text01,message/m210.mbe/000_Sheet1.csv,109,m210_033_020,char_INORI,,ранен,"проверить, относится ли форма к игроку",You look like you're in pain... Are you hurt or something?,"Ты выглядишь, будто тебе больно... Ты ранен или что?",
4,possible_player_address_gender,patch_text01,message/m230.mbe/000_Sheet1.csv,29,m230_020_040,char_HIROKO,,была,"проверить, относится ли форма к игроку","What am I...?! You're asking about ME?! You... You... Where have
YOU been? Inori!!","Что я...?! Ты спрашиваешь про МЕНЯ?! Ты... Ты... Где же ТЫ была?
Инори!!",m230_020_040
4,possible_player_address_gender,patch_text01,message/m230.mbe/000_Sheet1.csv,68,m230_030_060,char_PLAYER_M,,вернулась,"проверить, относится ли форма к игроку","Don't worry, we'll make sure you get back to your world.{next}","Не волнуйся, мы позаботимся о том, чтобы ты вернулась в свой мир.{next}",
4,possible_player_address_gender,patch_text01,message/m260.mbe/000_Sheet1.csv,82,m260_080_310,char_AEGIOMON,,уверен,"проверить, относится ли форма к игроку","Are you sure that's a good idea? If we don't go,
then Venusmon will probably have to go instead.","Ты уверен, что это хорошая идея? Если мы не пойдём, тогда,
вероятно, вместо нас придётся идти Венусмон.",m260_080_310
4,possible_player_address_gender,patch_text01,message/m280.mbe/000_Sheet1.csv,27,m280_030_120,char_INORI,,была,"проверить, относится ли форма к игроку",...you've been so kind to us!,...ты была так добра к нам!,m280_040_090
4,possible_player_address_gender,patch_text01,message/m280.mbe/000_Sheet1.csv,45,m280_040_090,char_INORI,,была,"проверить, относится ли форма к игроку",...you've been so kind to us!,...ты была так добра к нам!,m280_040_090
4,possible_player_address_gender,patch_text01,message/m290.mbe/000_Sheet1.csv,36,m290_060_200,char_AEGIOMON,,сделал,"проверить, относится ли форма к игроку",Why would you do that?!,Зачем ты это сделал?!,m290_060_200
4,possible_player_address_gender,patch_text01,message/m300.mbe/000_Sheet1.csv,76,m300_090_010,char_BACCHUSMON,,была,"проверить, относится ли форма к игроку",You were right. I shouldn't have let my guard down.,Ты была права. Мне не следовало терять бдительность.,m300_090_010
4,possible_player_address_gender,patch_text01,message/m300.mbe/000_Sheet1.csv,84,m300_090_090,char_BACCHUSMON,,знал,"проверить, относится ли форма к игроку","I felt it, you know. I knew how sincerely thankful you were.","Я чувствовал это, знаешь ли. Я знал, насколько ты была искренне
благодарна.",m300_090_090
4,possible_player_address_gender,patch_text01,message/m300.mbe/000_Sheet1.csv,85,m300_090_100,char_BACCHUSMON,,думала,"проверить, относится ли форма к игроку",Did you think I didn't hear you?,"Ты думала, я тебя не слышал?",m300_090_100
4,possible_player_address_gender,patch_text01,message/m300.mbe/000_Sheet1.csv,192,m300_140_250,char_AEGIOMON,,нашла,"проверить, относится ли форма к игроку","Inori, you were the one who found me in the underground
below Shinjuku... That wasn't a coincidence.","Инори, это ты нашла меня в подземелье под Синдзюку... Это не
было совпадением.",m300_140_250
4,possible_player_address_gender,patch_text01,message/m320.mbe/000_Sheet1.csv,125,m320_080_060,char_INORI,,жив,"проверить, относится ли форма к игроку","True. But I think we avoided the worst outcome.
As long you're alive, you can always try again...","Верно. Но я думаю, мы избежали худшего исхода. Пока ты жив, ты
всегда можешь попытаться снова...",m320_080_060
4,possible_player_address_gender,patch_text01,message/m360.mbe/000_Sheet1.csv,35,m360_070_100,char_PLUTOMON,,сказал,"проверить, относится ли форма к игроку",You said you are... of Merukimon's ilk... Are you not?,"Ты сказал, что ты... из числа Меркуримона... Не так ли?",m360_070_100
4,possible_player_address_gender,patch_text01,message/m400.mbe/000_Sheet1.csv,26,m400_011_130,char_PUMPMON,,уверен,"проверить, относится ли форма к игроку","I'm sure you got your reasons for saying what you did,
but just try not to make things worse.","Я уверен, у тебя были причины сказать то, что ты сказал, но
просто постарайся не усугублять ситуацию.",
4,possible_player_address_gender,patch_text01,message/m400.mbe/000_Sheet1.csv,59,m400_030_020,char_DIANAMON,,был,"проверить, относится ли форма к игроку","You were right by my side, but you couldn't see anything, huh.
You have no idea what the dark side of the moon is like.","Ты был рядом со мной, но ничего не видел, да. Ты понятия не
имеешь, какова тёмная сторона луны.",m400_030_020
4,possible_player_address_gender,patch_text01,message/m410.mbe/000_Sheet1.csv,15,m410_001_100,char_DIANAMON,,был,"проверить, относится ли форма к игроку","When I closed off my heart, you were my only confidant!","Когда я закрыла своё сердце, ты был моим единственным доверенным
лицом!",m410_001_100
4,possible_player_address_gender,patch_text01,message/m410.mbe/000_Sheet1.csv,131,m410_110_060,char_JUNOMON,,родился,"проверить, относится ли форма к игроку","That is why Chronomon left an egg that would eventually
take his place. And then... you were born.","Вот почему Хрономон оставил яйцо, которое в конечном счёте
займёт его место. И тогда... ты родился.",m410_110_060
4,possible_player_address_gender,patch_text01,message/m420.mbe/000_Sheet1.csv,89,m420_100_080,char_AEGIOMON,,пришёл,"проверить, относится ли форма к игроку","You came to help me, didn't you?","Ты пришёл помочь мне, не так ли?",m420_100_080
4,possible_player_address_gender,patch_text01,message/m420.mbe/000_Sheet1.csv,90,m420_100_090,char_AEGIOMON,,пришёл,"проверить, относится ли форма к игроку","You came to encourage me, to tell me to move forward
and restart the flow of time.","Ты пришёл ободрить меня, сказать мне, чтобы я двигался вперёд и
перезапустил поток времени.",m420_100_090
4,possible_player_address_gender,patch_text01,message/m420.mbe/000_Sheet1.csv,107,m420_120_060,char_JUNOMON,,был,"проверить, относится ли форма к игроку","I still remember your warmth when you were just an egg.
Being able to see you in this form has made it all worth it.","Я до сих пор помню твоё тепло, когда ты был всего лишь яйцом.
Возможность видеть тебя в этой форме окупила всё.",m420_120_060
4,possible_player_address_gender,patch_text01,message/rumor_npc.mbe/000_Sheet1.csv,547,r_d0407_0080_0060,char_???,,уверен,"проверить, относится ли форма к игроку","You sure you're okay, old
fogey...?","Ты уверен, что с тобой все в порядке, старина?..",
4,possible_player_address_gender,patch_text01,message/rumor_npc.mbe/000_Sheet1.csv,747,r_d1204_0010_0130,char_TAILMON,,готов,"проверить, относится ли форма к игроку","You, there! You ready for
this?!","Ты, там! Ты готов к этому?!",
4,possible_player_address_gender,patch_text01,message/rumor_npc.mbe/000_Sheet1.csv,165,r_t0107_0020_0230,char_PASSERBY_MAN,,должен,"проверить, относится ли форма к игроку","Aren't you supposed to
protect the people?",Разве ты не должен защищать людей?,
4,possible_player_address_gender,patch_text01,message/rumor_npc.mbe/000_Sheet1.csv,210,r_t0108_0010_0070,char_SPECIAL_FORCES,,был,"проверить, относится ли форма к игроку","Well, maybe if you'd been
paying attention...","Ну, может быть, если бы ты был внимателен...",
4,possible_player_address_gender,patch_text01,message/s010_001.mbe/000_Sheet1.csv,53,s010_001_430,char_ZUBAEAGERMON,,сделал,"проверить, относится ли форма к игроку","It's mostly a vibe, so it's hard to explain. How would you
make this shirt the Twentiest?","Это скорее ощущение, так что объяснить трудно.
Как бы ты сделал эту футболку «самой двадцатой»?",
4,possible_player_address_gender,patch_text01,message/s010_156.mbe/000_Sheet1.csv,43,s010_156_302,char_PLAYER_M,,уверен,"проверить, относится ли форма к игроку",{next}You're sure it wasn't in a dream?,"{next}Ты уверен, что это был не сон?",
4,possible_player_address_gender,patch_text01,message/s010_179.mbe/000_Sheet1.csv,24,s010_179_190,char_SUMERAGI,,прав,"проверить, относится ли форма к игроку","Well, you're right. It's me, Kuroi. I'm surprised you
realized who I was.","Ты прав. Это я, Курои. Удивлён,
что ты меня узнал.",
4,possible_player_address_gender,patch_text01,message/s010_180.mbe/000_Sheet1.csv,23,s010_180_200,char_TOUDO,,ранена,"проверить, относится ли форма к игроку","Are you hurt?! And all because you protected me... Help is
on the way! Hang in there!","Ты ранена?! И всё потому, что защитила меня... Помощь уже
в пути! Держись!",
4,possible_player_address_gender,patch_text01,message/s010_180.mbe/000_Sheet1.csv,52,s010_180_450,char_TOUDO,,сделал,"проверить, относится ли форма к игроку","You did, huh? Well... that's a little embarrassing.","Ты это сделал, да? Ну... это немного смущает.",
4,possible_player_address_gender,patch_text01,message/s020_018.mbe/000_Sheet1.csv,19,s020_018_140,char_KAMEMON,,сделал,"проверить, относится ли форма к игроку","The thing is... I feel like there's a reason the Titans are gone
besides all you did.","Дело в том... Я чувствую, что есть причина, по которой Титанов
больше нет, помимо всего, что ты сделал.",
4,possible_player_address_gender,patch_text01,message/s020_018.mbe/000_Sheet1.csv,67,s020_018_530,char_KAMEMON,,прав,"проверить, относится ли форма к игроку","You're right. There's no other way. Forgive us, Shellmon!","Ты прав. Другого выхода нет. Прости нас, Шеллмон!",
4,possible_player_address_gender,patch_text01,message/s020_018.mbe/000_Sheet1.csv,95,s020_018_760,char_KAMEMON,,вернулся,"проверить, относится ли форма к игроку","You're back! Are you free to swim around and find that
aquatic plant now?","Ты вернулся! Теперь ты можешь свободно плавать и находить это
водное растение?",
4,possible_player_address_gender,patch_text01,message/s020_019.mbe/000_Sheet1.csv,40,s020_019_320,char_NEPTUNEMON,,готов,"проверить, относится ли форма к игроку","Well? Are you ready to rescue that trapped Digimon? I need
you to show me the way.","Ну что? Ты готов спасти этого пойманного в ловушку Дигимона? Мне
нужно, чтобы ты показал мне дорогу.",
4,possible_player_address_gender,patch_text01,message/s020_019.mbe/000_Sheet1.csv,55,s020_019_440,char_JUMBOGAMEMON,,вернулся,"проверить, относится ли форма к игроку",You back?! And with you... No! You really bring...?,Ты вернулся?! И с тобой... Нет! Ты правда приносишь...?,
4,possible_player_address_gender,patch_text01,message/s020_173.mbe/000_Sheet1.csv,62,s020_173_440,char_MARINEANGEMON,,должен,"проверить, относится ли форма к игроку","Hey! You're not supposed to sigh! I just need to hear one
more word of encouragement!","Эй! Ты не должен вздыхать! Мне просто нужно услышать еще одно
слово ободрения!",
4,possible_player_address_gender,patch_text01,message/s030_029.mbe/000_Sheet1.csv,34,s030_029_240,char_TONOSAMAGEKOMON,,уверен,"проверить, относится ли форма к игроку","Glurp, glurp... Are you certain there are no Titans, glurp?
Oh, what should I do, glurp?!","Глурп, глурп... Ты уверен, что титанов нет, глурп? О, что мне
делать, глурп?!",
4,possible_player_address_gender,patch_text01,message/s030_030.mbe/000_Sheet1.csv,12,s030_030_090,char_PECKMON,,должен,"проверить, относится ли форма к игроку","Squawk! You make it sound like you're going to ignore this!
You can't! You have to go!","Крик! Ты говоришь так, будто собираешься это проигнорировать!
Ты не можешь! Ты должен уйти!",
4,possible_player_address_gender,patch_text01,message/s030_183.mbe/000_Sheet1.csv,26,s030_183_211,char_PLAYER_M,,сделала,"проверить, относится ли форма к игроку",{next}What did you do?,{next}Что ты сделала?,
4,possible_player_address_gender,patch_text01,message/s030_183.mbe/000_Sheet1.csv,48,s030_183_400,char_SIRENMON,,пришёл,"проверить, относится ли форма к игроку","Ah, what a relief! It seems you've come back to your senses.","Ах, какое облегчение! Похоже, ты пришёл в себя.",
4,possible_player_address_gender,patch_text01,message/s040_033.mbe/000_Sheet1.csv,32,s040_033_280,char_DRIMOGEMON_YB,,готов,"проверить, относится ли форма к игроку",Are you ready? Let's go take out that Titan!,Ты готов? Пойдём побьём этого Титана!,
4,possible_player_address_gender,patch_text01,message/s040_033.mbe/000_Sheet1.csv,47,s040_033_410,char_DRIMOGEMON_OB,,готов,"проверить, относится ли форма к игроку","Hey, you ready? Let's do this!","Эй, ты готов? Тогда за дело!",
4,possible_player_address_gender,patch_text01,message/s040_033.mbe/000_Sheet1.csv,75,s040_033_680,char_DRIMOGEMON_OB,,прав,"проверить, относится ли форма к игроку","Whoa, you're right! Let's see... ""Let's bring peace to Iliad
together, the two of us!""","Ого, ты прав! Так... «Давайте вместе принесём
мир Илиаде, только мы вдвоём!»",
4,possible_player_address_gender,patch_text01,message/s040_160.mbe/000_Sheet1.csv,26,s040_160_200,char_MARSMON,,пришел,"проверить, относится ли форма к игроку","Hey, nice work back there! You come to check up on me?","Эй, отличная работа! Ты пришел проведать меня?",
4,possible_player_address_gender,patch_text01,message/s050_038.mbe/000_Sheet1.csv,6,s050_038_0030,char_ZUDOMON,,должен,"проверить, относится ли форма к игроку","Please. You should know how famous you are. You're the talk
of the town!","Пожалуйста. Ты должен знать, насколько ты знаменит. О тебе
говорит весь город!",
4,possible_player_address_gender,patch_text01,message/s050_038.mbe/000_Sheet1.csv,26,s050_038_0200,char_ZUDOMON,,вернулся,"проверить, относится ли форма к игроку","Ah, you're back, and I see you got all the materials!","А, ты вернулся, и я вижу, у тебя есть все материалы!",
4,possible_player_address_gender,patch_text01,message/s050_042.mbe/000_Sheet1.csv,14,s050_042_0091,char_PLAYER_M,,нашёл,"проверить, относится ли форма к игроку",{next}Did you find a Parrotmon plume?,{next}Ты нашёл перо Парротмона?,
4,possible_player_address_gender,patch_text01,message/s050_042.mbe/000_Sheet1.csv,36,s050_042_0270,char_SOLARMON,,нашёл,"проверить, относится ли форма к игроку","Did you find a Parrotmon plume?! Okay, hand it over.","Ты нашёл перо Парротмона?! Отлично, отдавай.",
4,possible_player_address_gender,patch_text01,message/s050_042.mbe/000_Sheet1.csv,38,s050_042_0280,char_SOLARMON,,рад,"проверить, относится ли форма к игроку","Aren't you glad we teamed up? I did most of the work,
but I won't forget your help.","Разве ты не рад, что мы объединились? Я выполнил большую часть
работы, но я не забуду твою помощь.",
4,possible_player_address_gender,patch_text01,message/s050_043.mbe/000_Sheet1.csv,76,s050_043_640,char_BEARMON_OB,,нашел,"проверить, относится ли форма к игроку","...That's the real deal! I don't believe it! Where'd ya find
that?",... Это реально! Я в это не верю! Где ты это нашел?,
4,possible_player_address_gender,patch_text01,message/s050_152.mbe/000_Sheet1.csv,64,s050_152_450,char_PLAYER_M,,был,"проверить, относится ли форма к игроку",{next}I want you on my side.,"{next}Хочу, чтобы ты был на моей стороне.",
4,possible_player_address_gender,patch_text01,message/s070_056.mbe/000_Sheet1.csv,39,s070_056_320,char_MINERVAMON,,вернулся,"проверить, относится ли форма к игроку","Ah, you're back. Well? Did you find a worthy Digimon for me?","А, ты вернулся. Ну что? Ты нашел для меня достойного Дигимона?",
4,possible_player_address_gender,patch_text01,message/s070_057.mbe/000_Sheet1.csv,8,s070_057_050,char_MINERVAMON,,готов,"проверить, относится ли форма к игроку","You aren't ready? Okay, then come back when you feel up for
a fight.","Ты не готов? Ладно, тогда приходи, когда почувствуешь, что готов
к драке.",
4,possible_player_address_gender,patch_text01,message/s080_059.mbe/000_Sheet1.csv,43,s080_059_360,char_BLIMPMON,,прав,"проверить, относится ли форма к игроку","Hehehe. Ya aren't wrong! Anybody who'd wanna visit the
Cosmic Area has energy to burn.","Хехехе. Тут ты прав: чтобы сунуться в Космическую область,
энергии нужно с запасом.",
4,possible_player_address_gender,patch_text01,message/s090_072.mbe/000_Sheet1.csv,31,s090_072_260,char_FORTUNE_TELLER,,должен,"проверить, относится ли форма к игроку","I will divine the locations of the lost Digimon. You must go
and protect them.","Я угадаю местонахождение потерянного Дигимона. Ты должен пойти и
защитить их.",
4,possible_player_address_gender,patch_text01,message/s095_082.mbe/000_Sheet1.csv,16,s095_082_102,char_PLAYER_M,,уверен,"проверить, относится ли форма к игроку",{next}Are you sure this is from an action figure?,"{next}Ты уверен, что это от фигурки?",
4,possible_player_address_gender,patch_text01,message/s095_082.mbe/000_Sheet1.csv,75,s095_082_600,char_VULCANUSMON,,вернулся,"проверить, относится ли форма к игроку",You're back. And you brought me something?,Ты вернулся. И ты мне что-то принес?,
4,possible_player_address_gender,patch_text01,message/s110_090.mbe/000_Sheet1.csv,16,s110_090_120,char_AGUMON,,должен,"проверить, относится ли форма к игроку","Please! I think my partner is somewhere inside this space.
You've gotta come with me!","Пожалуйста! Я думаю, что мой партнер где-то внутри этого
пространства. Ты должен пойти со мной!",
4,possible_player_address_gender,patch_text01,message/s110_091.mbe/000_Sheet1.csv,15,s110_091_120,char_AGUMON,,должен,"проверить, относится ли форма к игроку","You mustn't say such things, Gabumon! We should be trying to
help these kids.","Ты не должен говорить такие вещи, Габумон! Мы должны попытаться
помочь этим детям.",
4,possible_player_address_gender,patch_text01,message/s110_092.mbe/000_Sheet1.csv,24,s110_092_172,char_PLAYER_M,,решил,"проверить, относится ли форма к игроку",{next}What kind of fortune telling are you getting?,{next}На чём ты решил гадать?,
4,possible_player_address_gender,patch_text01,message/s110_092.mbe/000_Sheet1.csv,69,s110_092_540,char_PLAYER_M,,уверен,"проверить, относится ли форма к игроку",{next}Are you sure about this?,{next}Ты уверен?,
4,possible_player_address_gender,patch_text01,message/s110_094.mbe/000_Sheet1.csv,2,s110_094_010,char_PLUTOMON,,готов,"проверить, относится ли форма к игроку","Now, then. Are you ready to go?","Ну что, ты готов идти?",
4,possible_player_address_gender,patch_text01,message/s110_100.mbe/000_Sheet1.csv,4,s110_100_030,char_V-MON,,видел,"проверить, относится ли форма к игроку","Man, I dunno what you saw in the human world, but aren't you
being a little too negative?","Слушай, не знаю, что ты видел в мире людей,
но ты не слишком мрачно настроен?",
4,possible_player_address_gender,patch_text01,message/s110_101.mbe/000_Sheet1.csv,101,s110_101_840,char_BREAKDRAMON,,был,"проверить, относится ли форма к игроку","Oh? Did you attend my last meet-and-greet? I like to take
care of my fans, but...","Да? Ты был на моей последней встрече? Мне нравится заботиться о
своих фанатах, но...",
4,possible_player_address_gender,patch_text01,message/s110_103.mbe/000_Sheet1.csv,37,s110_103_300,char_DYNASMON,,готов,"проверить, относится ли форма к игроку","Are you ready? Now, then, I challenge you to a duel!",Ты готов? А теперь я вызываю тебя на дуэль!,
4,possible_player_address_gender,patch_text01,message/s110_108.mbe/000_Sheet1.csv,42,s110_108_330,char_EXAMON,,должен,"проверить, относится ли форма к игроку","That medicine sounds like it might work. You must take me
to where I can find it.","Это лекарство, похоже, может сработать. Ты должен отвезти меня
туда, где я смогу его найти.",
4,possible_player_address_gender,patch_text01,message/s110_108.mbe/000_Sheet1.csv,51,s110_108_420,char_VENUSMON,,был,"проверить, относится ли форма к игроку","...Examon. So you WERE there. I can finally kind of see
you now.","...Экзамен. Итак, ты БЫЛ там. Теперь я наконец-то могу тебя
видеть.",
4,possible_player_address_gender,patch_text01,message/s110_108.mbe/000_Sheet1.csv,72,s110_108_630,char_VENUSMON,,был,"проверить, относится ли форма к игроку","Because you were so miniscule before, now you seem enormous.","Из-за того, что раньше ты был таким крошечным, теперь ты
кажешься огромным.",
4,possible_player_address_gender,patch_text01,message/s110_113.mbe/000_Sheet1.csv,5,s110_113_040,char_PLAYER_M,,уверен,"проверить, относится ли форма к игроку",{next}Are you sure this is okay?,"{next}Ты уверен, что так можно?",
4,possible_player_address_gender,patch_text01,message/s110_208.mbe/000_Sheet1.csv,14,s110_208_110,char_MUSYAMON,,должен,"проверить, относится ли форма к игроку","The great hero of Shambala, Susanomon. You should feel
honored to fight him.","Перед тобой великий герой Шамбалы — Сусаномон. Ты должен
считать за честь возможность сразиться с ним.",
4,possible_player_address_gender,patch_text01,message/s110_211.mbe/000_Sheet1.csv,42,s110_211_295,char_DUKEMON,,хотел,"проверить, относится ли форма к игроку","Right now, I would rather move my body than rest! Would you
like to fight again?","Прямо сейчас я бы предпочел двигаться, а не отдыхать! Ты хотел
бы снова драться?",
4,possible_player_address_gender,patch_text01,message/s200_147.mbe/000_Sheet1.csv,45,s200_147_340,char_CLIENT_WOMAN_FRIEND,,должна,"проверить, относится ли форма к игроку","Run! You have to get out of here! That monster is going to
be back soon!",Беги! Ты должна убираться отсюда! Этот монстр скоро вернётся!,
4,possible_player_address_gender,patch_text01,message/s200_148.mbe/000_Sheet1.csv,41,s200_148_390,char_PALMON,,прав,"проверить, относится ли форма к игроку","Yeah... you have a point! Maybe humans aren't as scary
as I thought?","Да... ты прав! Может, люди не так страшны, как я думал?",
4,possible_player_address_gender,patch_text01,message/s910_169.mbe/000_Sheet1.csv,111,s910_169_930,char_HIROKO,,попал,"проверить, относится ли форма к игроку","What? You didn't catch on? You came here purely by
coincidence? Guess I lucked out...","Что? Ты не понял? Ты попал сюда чисто случайно? Думаю, мне
повезло...",
4,possible_player_address_gender,patch_text01,message/s910_170.mbe/000_Sheet1.csv,154,s910_170_1410,char_MILLENNIUMON,,должен,"проверить, относится ли форма к игроку",You should go and live a happy life.,Ты должен уйти и жить счастливой жизнью.,
4,possible_player_address_gender,patch_text01,message/s910_170.mbe/000_Sheet1.csv,168,s910_170_1550,char_HIROKO,,вернулся,"проверить, относится ли форма к игроку","Ah, you're back. It looks like young Norio made it home
safely?","А, ты вернулся. Похоже, юный Норио благополучно добрался домой?",
4,possible_player_address_gender,patch_text01,message/s910_170.mbe/000_Sheet1.csv,170,s910_170_1570,char_NORIO,,готова,"проверить, относится ли форма к игроку","Okay, we should be heading home, too. Are you ready, Hanae?","Ладно, нам тоже пора домой. Ты готова, Ханаэ?",
4,possible_player_address_gender,patch_text01,message/s910_170.mbe/000_Sheet1.csv,28,s910_170_230,char_NORIO,,уверена,"проверить, относится ли форма к игроку",Wh-Wh-What is this place?! Are you sure about this?!,"Ч-ч-что это за место?! Ты уверена, что всё правильно?!",
4,possible_player_address_gender,patch_text01,message/t01.mbe/000_Sheet1.csv,36,f_t0101_0190_0010,char_YOUNG_MAN,,знал,"проверить, относится ли форма к игроку",Agent Alpha is a good anime. Did you know it's a remake?,"«Агент Альфа» — хорошее аниме. Ты знал, что это ремейк?",
4,possible_player_address_gender,patch_text01,message/t01.mbe/000_Sheet1.csv,111,f_t0103_9000_0040,char_YOUNG_WOMAN,,думал,"проверить, относится ли форма к игроку","All right! I win! I bet you thought I'd be bad
at this game, huh?! Well, too bad for you!","Отлично, я выиграла! Уверена, ты думал, что я плохо играю,
да? Не повезло тебе!",
4,possible_player_address_gender,patch_text01,message/t01.mbe/000_Sheet1.csv,278,f_t0121_080_0020,char_ASTAMON,,готов,"проверить, относится ли форма к игроку","Are you prepared for the match?
Enter once you're ready.","Ты готов к матчу? Входи, когда будешь готов.",
4,possible_player_address_gender,patch_text01,message/t01.mbe/000_Sheet1.csv,282,f_t0121_090_0030,char_DIGIBATO_MAGAZINE_REPORTER,,устал,"проверить, относится ли форма к игроку",What's that? You're tired and want to talk later?,Что это? Ты устал и хочешь поговорить позже?,
4,possible_player_address_gender,patch_text01,message/t03.mbe/000_Sheet1.csv,30,f_t0302_0110_0120,char_MINERVAMON,,уверен,"проверить, относится ли форма к игроку","You sure? I bet I could squeeze a little more information
out of him... That noggin of his looks real squeezable...","Ты уверен? Бьюсь об заклад, я могла бы выжать из него ещё
немного информации... Его башка выглядит такой сжимаемой...",
2,style_review,addcont_01_text01,message/d120.mbe/000_Sheet1.csv,107,d120_110_010,char_KUREMIKYOKO,,действительно,проверить машинный усилитель,"""So... you're really going?""",— Итак… ты действительно собираешься?,d120_110_010
2,style_review,addcont_02_text01,message/d220.mbe/000_Sheet1.csv,104,d220_090_060,char_HIROKO,,действительно,проверить машинный усилитель,"They've reached a mutual understanding...
I guess their fists really DID do the talking!","Они пришли к взаимопониманию...
Я думаю, их кулаки действительно говорили!",
2,style_review,addcont_02_text01,message/d220.mbe/000_Sheet1.csv,126,d220_110_080,char_BANCHOMAMEMON,,довольно,проверить машинный усилитель,...a pretty impressive fake.,...довольно впечатляющая подделка.,d220_110_080
2,style_review,addcont_02_text01,message/d240.mbe/000_Sheet1.csv,44,d240_041_030,char_TOUDO,,действительно,проверить машинный усилитель,"""I'll admit, with all that's going on right now, we do need help.
But I'm not about to put a civilian's life at risk.""","«Признаю, сейчас нам действительно нужна помощь.
Но я не собираюсь рисковать жизнью гражданского».",
2,style_review,addcont_02_text01,message/d240.mbe/000_Sheet1.csv,60,d240_051_040,char_HIROKO,,действительно,проверить машинный усилитель,"""Is that... really possible?""",«Это... действительно возможно?»,
2,style_review,addcont_03_text01,message/d330.mbe/000_Sheet1.csv,32,d330_030_050,char_KUGA,,действительно,проверить машинный усилитель,"""Wait...! A-Are you really going to let me off so easily?!""",«Подожди...! Ты действительно собираешься так легко меня отпустить?!»,d330_030_050
2,style_review,addcont_03_text01,message/d330.mbe/000_Sheet1.csv,49,d330_040_090,char_SIMMONS,,действительно,проверить машинный усилитель,"""...You truly are a hopeless fool.""",«...Ты действительно безнадежный дурак».,d330_040_090
2,style_review,addcont_03_text01,message/d350.mbe/000_Sheet1.csv,31,d350_020_180,char_ALPHAMON,,действительно,проверить машинный усилитель,...Thank you. I truly cannot thank you enough.,"...Спасибо. Я действительно не знаю, как вас отблагодарить.",d350_020_180
2,style_review,patch_text01,message/arena01.mbe/000_Sheet1.csv,20,arena01_f001_003_030,char_ETEMON,,действительно,проверить машинный усилитель,"""Monzaemon and Friends"" are here! They sure do look
familiar, but I'll be damned if I can remember 'em!","""Монзаэмон и друзья"" уже здесь! Они действительно выглядят
знакомыми, но будь я проклят, если смогу их вспомнить!",
2,style_review,patch_text01,message/arena01.mbe/000_Sheet1.csv,134,arena01_f001_016_040,char_LOPMON,,довольно,проверить машинный усилитель,"No way! It's them again! I can't believe it. Well, it makes
absolutely no sense, but I guess it's pretty hilarious!","Ни за что! Это снова они! Я не могу в это поверить. Ну, в этом
нет абсолютно никакого смысла, но я думаю, это довольно весело!",
2,style_review,patch_text01,message/arena01.mbe/000_Sheet1.csv,188,arena01_f001_023_040,char_RAPIDMON_ARMOR,,действительно,проверить машинный усилитель,"While we do wish to prove our strength, nothing makes us
happier than simply facing you in battle!","Хотя мы действительно хотим доказать свою силу, ничто не делает
нас счастливее, чем просто встретиться с вами в бою!",
2,style_review,patch_text01,message/arena01.mbe/000_Sheet1.csv,244,arena01_m320_030_020,char_ETEMON,,действительно,проверить машинный усилитель,"Without further ado, we welcome the Shinjuku Dungeon
Grand Prix Champion! A fighter truly worthy of the title!","Без лишних слов, встречаем чемпиона Гран-при подземелья Синдзюку!
Боец, действительно достойный этого титула!",
2,style_review,patch_text01,message/battle.mbe/000_Sheet1.csv,329,1200020150,char_MINERVAMON,,действительно,проверить машинный усилитель,Ugh... My brother and sister are really showing up...,Уф... Мои брат и сестра действительно явились...,1200020150
2,style_review,patch_text01,message/battle.mbe/000_Sheet1.csv,525,2110099104,char_DUKEMON,,действительно,проверить машинный усилитель,"This is what I, Gallantmon, am truly capable of!","Это то, на что я, Галантмон, действительно способен!",
2,style_review,patch_text01,message/d01.mbe/000_Sheet1.csv,45,f_d0101_0120_0040,char_SOCERIMON,,действительно,проверить машинный усилитель,...then GraceNovamon might actually appear.,... тогда Грейсеновамон действительно может появиться.,
2,style_review,patch_text01,message/d01.mbe/000_Sheet1.csv,59,f_d0101_0160_0014,char_WIZARDMON,,действительно,проверить машинный усилитель,Do you truly understand?,Ты действительно понимаешь?,
2,style_review,patch_text01,message/d010.mbe/000_Sheet1.csv,3,d010_010_020,char_MIREI,,довольно,проверить машинный усилитель,"I've observed a rather strange space.
An irregular world, cut off from normal space-time.","Я обнаружила довольно странное пространство.
Аномальный мир, отрезанный от нормального пространства-времени.",
2,style_review,patch_text01,message/d02.mbe/000_Sheet1.csv,12,f_d0201_0040_0010,char_PEGASMON,,довольно,проверить машинный усилитель,"Well! An unfamiliar face. You have quite a unique
appearance... Are you a new arrival, perhaps?","Что ж! Незнакомое лицо. У вас довольно уникальная внешность...
Возможно, вы новоприбывший?",
2,style_review,patch_text01,message/d02.mbe/000_Sheet1.csv,114,f_d0201_0480_0030,char_LEOMON,,довольно,проверить машинный усилитель,"But the footing's kind of dangerous since it's all made of steel,
so getting to see that view may be tricky! Hahaha!","Но опора довольно опасная, так как вся она сделана из стали,
поэтому полюбоваться этим видом может быть непросто! Хахаха!",
2,style_review,patch_text01,message/d02.mbe/000_Sheet1.csv,119,f_d0201_0490_0020,char_PANDAMON,,Действительно,проверить машинный усилитель,"Indeed... We must be vigilant about not letting our
defenses falter.","Действительно... Мы должны быть бдительны и не позволять нашей
обороне ослабевать.",
2,style_review,patch_text01,message/d02.mbe/000_Sheet1.csv,131,f_d0201_0550_0030,char_IMPMON,,довольно,проверить машинный усилитель,"So ya took down the Titans...?
Yeah, I guess that's pretty impressive...","Итак, тебе удалось победить Титанов...? Да, думаю, это довольно
впечатляет...",
2,style_review,patch_text01,message/d02.mbe/000_Sheet1.csv,189,f_d0201_0680_0040,char_FALCOMON,,действительно,проверить машинный усилитель,...we really need to come up with a more effective solution.,..нам действительно нужно найти более эффективное решение.,
2,style_review,patch_text01,message/d02.mbe/000_Sheet1.csv,208,f_d0201_0760_0030,char_FALCOMON,,действительно,проверить машинный усилитель,"Shrinkage did progress in the previous battle, but I hope we
can get on with what needs to be done without excuses.","Усадка действительно продвинулась вперед в предыдущем бою, но я
надеюсь, что мы сможем продолжить то, что должно быть сделано, без оправданий.",
2,style_review,patch_text01,message/d02.mbe/000_Sheet1.csv,220,f_d0201_810_0030,char_MEGAGROWLMON,,довольно,проверить машинный усилитель,"Gotta say, that guy was pretty strong, though. I'd love to
go another round with 'em.","Должен сказать, этот парень был довольно силен. Я бы с
удовольствием провел с ними еще один раунд.",
2,style_review,patch_text01,message/d02.mbe/000_Sheet1.csv,229,f_d0201_840_0020,char_YATAGARAMON,,довольно,проверить машинный усилитель,"It was quite some time ago, but I remember you also solved
our troubles with Central Tower and Locomon not arriving.","Это было довольно давно, но я помню, что вы также решили наши
проблемы с Центральной башней и не прибывшим Локомотивом.",
2,style_review,patch_text01,message/d02.mbe/000_Sheet1.csv,286,f_d0202_0020_0020,char_TYUMON,,действительно,проверить машинный усилитель,"One of my pals is always there by himself, but who knows,
Minervamon might actually be home. Go have a look.
","Один из моих приятелей всегда бывает там один, но кто знает,
может, Минервамон действительно дома. Пойди посмотри.",
2,style_review,patch_text01,message/d02.mbe/000_Sheet1.csv,291,f_d0202_0040_0010,char_LUNAMON,,действительно,проверить машинный усилитель,"You really helped us out! I don't know what we would've done
without you!","Вы действительно помогли нам! Не знаю, что бы мы без вас делали!",
2,style_review,patch_text01,message/d02.mbe/000_Sheet1.csv,317,f_d0202_0090_0050,char_MECHANORIMON,,довольно,проверить машинный усилитель,"Driving off Titans is no easy feat, though... Humans must
be pretty tough creatures.","Однако отогнать титанов - нелегкий подвиг... Люди, должно быть,
довольно выносливые существа.",
2,style_review,patch_text01,message/d02.mbe/000_Sheet1.csv,424,f_d0202_0490_0020,char_ARCHNEMON,,действительно,проверить машинный усилитель,"...But they did show us how to fight, so I guess I did get
something out of all this. It's a very weird feeling.","... Но они показали нам, как драться, так что, думаю, я
действительно кое-что извлек из всего этого. Это очень странное чувство.",
2,style_review,patch_text01,message/d02.mbe/000_Sheet1.csv,430,f_d0202_0530_0030,char_MUSYAMON,,действительно,проверить машинный усилитель,"Well, the enemy general did flee, so I think we may
be okay in this regard.","Что ж, вражеский генерал действительно сбежал, так что я думаю,
что с нами все в порядке в этом отношении.",
2,style_review,patch_text01,message/d02.mbe/000_Sheet1.csv,505,f_d0202_9010_0040,char_KOKUWAMON,,действительно,проверить машинный усилитель,I... lose. You're... really good.,Я… проиграл. Ты... действительно хорош.,
2,style_review,patch_text01,message/d02.mbe/000_Sheet1.csv,510,f_d0203_0010_0040,char_PLAYER_M,,действительно,проверить машинный усилитель,"""If you're hungry, buy some Digimeat from the shop on the
main street. Just don't eat too much. It's really good!""","""Если вы голодны, купите немного ДигиМясо в магазине на главной
улице. Только не ешьте слишком много. Это действительно вкусно!""",
2,style_review,patch_text01,message/d02.mbe/000_Sheet1.csv,584,f_d0204_0120_0010,char_PUMPMON,,действительно,проверить машинный усилитель,"Wow, that Lillymon over there is really cute...
Aren't you gonna go say hi?","Вау, вон та Лилимон действительно милая... Ты не собираешься
подойти поздороваться?",
2,style_review,patch_text01,message/d02.mbe/000_Sheet1.csv,604,f_d0204_0170_0030,char_PANJYAMON,,действительно,проверить машинный усилитель,"Hehe. Timid hits from afar, huh? Does the enemy really
scare you that much?","Хе-хе. Робкие удары издалека, да? Противник действительно так
сильно тебя пугает?",
2,style_review,patch_text01,message/d02.mbe/000_Sheet1.csv,636,f_d0204_0240_0030,char_ARCHNEMON,,довольно,проверить машинный усилитель,You... look pretty tasty... *mumbling*,Ты... выглядишь довольно аппетитно... * бормоча*,
2,style_review,patch_text01,message/d02.mbe/000_Sheet1.csv,643,f_d0204_0270_0010,char_FALCOMON,,довольно,проверить машинный усилитель,"Yikes. It's pretty scary out there.
Yep. I'm staying inside...",Ого. Снаружи довольно страшно. Да. Я остаюсь внутри...,
2,style_review,patch_text01,message/d02.mbe/000_Sheet1.csv,649,f_d0204_0280_0060,char_MERCURYMON,,довольно,проверить машинный усилитель,"Allow me to thank you for your help with Central Tower.
I received word that the Digimon there are quite formidable.","Позвольте мне поблагодарить вас за помощь с Центральной башней.
Я получил известие, что дигимоны там довольно грозные.",
2,style_review,patch_text01,message/d02.mbe/000_Sheet1.csv,694,f_d0204_0470_0020,char_ARCHNEMON,,довольно,проверить машинный усилитель,"Oh, but you look pretty tasty. Now which part should I eat
first...","О, но ты выглядишь довольно аппетитно. Теперь, какую часть мне
съесть первой...",
2,style_review,patch_text01,message/d02.mbe/000_Sheet1.csv,696,f_d0204_0480_0020,char_ASTAMON,,действительно,проверить машинный усилитель,"I really do appreciate it. Honestly never thought I'd
see this place again...","Я действительно ценю это. Честно говоря, никогда не думал, что
увижу это место снова...",
2,style_review,patch_text01,message/d02.mbe/000_Sheet1.csv,834,f_d0212_0020_0030,char_GEREMON,,действительно,проверить машинный усилитель,Wow! You really are a protagonist!,Вау! Ты действительно главный герой!,
2,style_review,patch_text01,message/d02.mbe/000_Sheet1.csv,850,f_d0213_0030_0040,char_EX-TYRANOMON,,довольно,проверить машинный усилитель,"It'd been quite a while since I fought, so now I'm one of
the patients, too. Hahaha...","Прошло довольно много времени с тех пор, как я дрался, так что
теперь я тоже один из пациентов. Хахаха...",
2,style_review,patch_text01,message/d02.mbe/000_Sheet1.csv,877,f_d0215_0070_0050,,,действительно,проверить машинный усилитель,"I ate some Digimeat with Lunamon today.
It was real yummy!","Сегодня я ела Дигимясо с Лунамон. Это было действительно
вкусно!",
2,style_review,patch_text01,message/d03.mbe/000_Sheet1.csv,28,f_d0301_0050_0070,char_SHELLMON,,действительно,проверить машинный усилитель,"If you really can't find him, could you please come back here?","Если вы действительно не можете его найти, не могли бы вы,
пожалуйста, вернуться сюда?",f_d0301_0050_0070
2,style_review,patch_text01,message/d03.mbe/000_Sheet1.csv,88,f_d0301_0230_0010,char_MOJYAMON,,довольно,проверить машинный усилитель,"Going near the water's a hassle and there are all those
violent types about, but sometimes I still want to swim.","Подходить к воде довольно хлопотно, а вокруг полно всяких буйных
типов, но иногда мне все равно хочется поплавать.",
2,style_review,patch_text01,message/d03.mbe/000_Sheet1.csv,97,f_d0301_0250_0080,char_KAMEMON,,действительно,проверить машинный усилитель,"Still, I'm really starting to think I could use a break.","И все же я действительно начинаю думать, что мне не помешал бы
перерыв.",
2,style_review,patch_text01,message/d03.mbe/000_Sheet1.csv,114,f_d0302_0010_0020,char_SHAWUJINMON,,действительно,проверить машинный усилитель,"If there really is a Titan in there, be sure to let us know.
We'll take care of the rest!","Если там действительно есть Титан, обязательно дайте нам знать.
Мы позаботимся об остальном!",
2,style_review,patch_text01,message/d03.mbe/000_Sheet1.csv,167,f_d0302_0160_0030,char_KAMEMON,,действительно,проверить машинный усилитель,"I'm struggling! Fighting for my life! Are you really just
gonna stand there and watch!?","Я борюсь! Борюсь за свою жизнь! Ты действительно собираешься
просто стоять и смотреть!?",f_d0302_0160_0030
2,style_review,patch_text01,message/d03.mbe/000_Sheet1.csv,357,f_d0305_0040_0020,char_DAGOMON,,действительно,проверить машинный усилитель,"You really did me a disservice back then... I would like to
repay you in kind, but...","Ты действительно оказал мне тогда медвежью услугу... Я хотел бы
отплатить тебе тем же, но...",
2,style_review,patch_text01,message/d03.mbe/000_Sheet1.csv,362,f_d0305_0060_0010,char_PLESIOMON,,довольно,проверить машинный усилитель,"It would seem you are awake. You were in quite a
precarious state for a while.","Кажется, вы проснулись. Некоторое время вы были в довольно
опасном состоянии.",
2,style_review,patch_text01,message/d03.mbe/000_Sheet1.csv,382,f_d0305_9000_0050,char_PUKUMON,,действительно,проверить машинный усилитель,I win! My cards are seriously strong!,Я выигрываю! Мои карты действительно сильны!,
2,style_review,patch_text01,message/d04.mbe/000_Sheet1.csv,28,f_d0401_0080_0030,char_LOTOSMON,,довольно,проверить машинный усилитель,"I do not mind you joining us. But let me warn you. We are
quite tough. I wonder if you can keep up...","Я не против, если ты присоединишься к нам. Но позволь предупредить.
Мы довольно суровы. Интересно, сможешь ли ты угнаться...",
2,style_review,patch_text01,message/d04.mbe/000_Sheet1.csv,56,f_d0402_0030_0010,char_GEKOMON,,довольно,проверить машинный усилитель,"Thank you very much, glurp!
This place has gotten pretty dangerous nowadays, glurp.","Большое спасибо, бульк! В последнее время здесь стало довольно
опасно, бульк.",
2,style_review,patch_text01,message/d04.mbe/000_Sheet1.csv,96,f_d0403_0030_0050,char_FLORAMON,,действительно,проверить машинный усилитель,...you people really are amazingly strong! And you're so cool!,"...вы, люди, действительно потрясающе сильны! И вы такие крутые!",
2,style_review,patch_text01,message/d04.mbe/000_Sheet1.csv,119,f_d0403_9000_0050,char_SUNFLOWMON,,действительно,проверить машинный усилитель,"Did I really win? Hee hee! It's pretty fun having card
battles with others.","Неужели я действительно выиграла? Хи-хи! Карточные битвы с
другими — это довольно весело.",
2,style_review,patch_text01,message/d04.mbe/000_Sheet1.csv,150,f_d0404_0080_0020,char_LILAMON,,действительно,проверить машинный усилитель,"I know, right? It looked really dangerous! I wonder what it was...","Я знаю, да? Выглядело действительно опасно! Интересно, что это
было...",
2,style_review,patch_text01,message/d04.mbe/000_Sheet1.csv,233,f_d0404_0300_0010,char_PINOCHIMON,,действительно,проверить машинный усилитель,"Man, what an awesome party! All three of 'em have really
grown!","Чувак, какая потрясающая вечеринка! Все трое действительно
выросли!",
2,style_review,patch_text01,message/d04.mbe/000_Sheet1.csv,252,f_d0404_0380_0020,char_SABERLEOMON,,довольно,проверить машинный усилитель,"It has been a while! Good to see you. My appearance has changed
quite a bit as you can see, but I am doing well.","Прошло много времени! Рад тебя видеть. Мой внешний вид довольно
сильно изменился, как ты видишь, но у меня всё хорошо.",
2,style_review,patch_text01,message/d04.mbe/000_Sheet1.csv,261,f_d0404_0450_0010,char_GARUDAMON,,довольно,проверить машинный усилитель,You... Were you Aquilamon before? You've become quite impressive.,"Ты... Ты был Аквиламоном раньше? Ты стал довольно
впечатляющим.",
2,style_review,patch_text01,message/d04.mbe/000_Sheet1.csv,266,f_d0404_0460_0010,char_DINOHUMON,,довольно,проверить машинный усилитель,"I've been doing this business for a long time now, so I've
got a pretty good eye for things.","Я занимаюсь этим бизнесом уже давно, так что у меня довольно
хороший глаз на вещи.",
2,style_review,patch_text01,message/d04.mbe/000_Sheet1.csv,296,f_d0404_9010_0040,char_FLORAMON,,действительно,проверить машинный усилитель,"You're really good. I could learn a thing or two from your
techniques.","Ты действительно хорош. Я могла бы кое-чему научиться у твоих
приёмов.",
2,style_review,patch_text01,message/d05.mbe/000_Sheet1.csv,60,f_d0501_0080_0020,char_CLOCKMON,,действительно,проверить машинный усилитель,"You don't look like Titans, that's for sure.
But this really isn't the best time to come here.","Вы не похожи на Титанов, это точно. Но сейчас действительно не
лучшее время приходить сюда.",
2,style_review,patch_text01,message/d05.mbe/000_Sheet1.csv,95,f_d0501_0170_0010,char_ANKYLOMON,,действительно,проверить машинный усилитель,"Oh, it's you guys! Thanks for before. You really saved my hide!","О, это вы, ребята! Спасибо за то, что было раньше. Вы
действительно спасли мою шкуру!",
2,style_review,patch_text01,message/d05.mbe/000_Sheet1.csv,185,f_d0501_9010_0050,char_METALMAMEMON,,довольно,проверить машинный усилитель,"Wow, I won. This deck seems pretty good, so I guess I'll
get in some more practice with it!","Вау, я выиграл. Эта колода кажется довольно хорошей, так что,
думаю, я еще немного потренируюсь с ней!",
2,style_review,patch_text01,message/d05.mbe/000_Sheet1.csv,300,f_d0502_0270_0010,char_ANDROMON,,ДОВОЛЬНО,проверить машинный усилитель,"THE INFORMATION HAS BEEN SHARED WITH ME. THE DESTRUCTION
WAS APPARENTLY QUITE EXTENSIVE.","ИНФОРМАЦИЕЙ СО МНОЙ ПОДЕЛИЛИСЬ. РАЗРУШЕНИЯ,
ПО-ВИДИМОМУ, БЫЛИ ДОВОЛЬНО ОБШИРНЫМИ.",
2,style_review,patch_text01,message/d05.mbe/000_Sheet1.csv,453,f_d0506_0070_0010,char_STINGMON,,довольно,проверить машинный усилитель,"I keep hearing about this ""Callismon.""
Apparently, he's quite the fierce fighter.","Я продолжаю слышать об этом ""Каллисмоне"". По-видимому, он
довольно жестокий боец.",
2,style_review,patch_text01,message/d05.mbe/000_Sheet1.csv,471,f_d0506_0120_0030,char_XV-MON,,действительно,проверить машинный усилитель,"Wow! Now the pressure's really on, huh?!","Вау! Теперь давление действительно усилилось, да?!",
2,style_review,patch_text01,message/d05.mbe/000_Sheet1.csv,583,f_d0513_0080_0020,char_MARSMON,,действительно,проверить машинный усилитель,"Wow... You really are something else! I threw everything I
had at you. No joke.","Вау... Ты действительно нечто особенное! Я бросил на тебя все,
что у меня было. Без шуток.",
2,style_review,patch_text01,message/d05.mbe/000_Sheet1.csv,606,f_d0551_0020_0010,char_PAGUMON,,действительно,проверить машинный усилитель,"Hey, Gazimon! That Kokuwamon place was really fun!","Эй, Газимон! В Кокувамоне было действительно весело!",
2,style_review,patch_text01,message/d06.mbe/000_Sheet1.csv,84,f_d0603_0110_0090,char_WITCHMON,,действительно,проверить машинный усилитель,Yikes! Now we really made it angry!,Ого! Теперь мы действительно разозлили его!,
2,style_review,patch_text01,message/d06.mbe/000_Sheet1.csv,133,f_d0604_0130_0030,char_TUNOMON_TITAMON,,довольно,проверить машинный усилитель,"I think we should work together, kid. I have a pretty good
idea of how to open the cells.","Я думаю, мы должны работать вместе, малыш. У меня есть довольно
хорошая идея о том, как открывать камеры.",f_d0604_0130_0030
2,style_review,patch_text01,message/d06.mbe/000_Sheet1.csv,172,f_d0604_0230_0050,char_TUNOMON_TITAMON,,Довольно,проверить машинный усилитель,I see... It's a fake. Quite the elaborate setup they have here.,"Понятно... Это подделка. Довольно сложная установка, которую они
здесь устроили.",
2,style_review,patch_text01,message/d06.mbe/000_Sheet1.csv,179,f_d0604_0260_0010,char_CLAVISANGEMON,,действительно,проверить машинный усилитель,You! Do you really think you'll get away with all of this?!,"Ты! Ты действительно думаешь, что тебе все это сойдет с рук?!",f_d0604_0260_0010
2,style_review,patch_text01,message/d06.mbe/000_Sheet1.csv,193,f_d0604_0270_0130,char_TUNOMON_TITAMON,,действительно,проверить машинный усилитель,"Lanamon... Are you really planning on leaving us to deal with
this by ourselves?!","Ланамон... Ты действительно планируешь оставить нас разбираться
с этим в одиночку?!",
2,style_review,patch_text01,message/d06.mbe/000_Sheet1.csv,215,f_d0604_0300_0040,char_RANAMON,,действительно,проверить машинный усилитель,"I was disguised as an angel, so I heard everything. They
really should learn to keep their mouths shut.","Я была замаскирована под ангела, поэтому всё слышала. Им
действительно следует научиться держать язык за зубами.",
2,style_review,patch_text01,message/d06.mbe/000_Sheet1.csv,246,f_d0604_0400_0010,char_APOLLOMON,,довольно,проверить машинный усилитель,"I see... So it is quite a difficult procedure to open this
cell, is it...?","Понятно... Значит, открыть эту камеру довольно сложная
процедура, не так ли?..",
2,style_review,patch_text01,message/d07.mbe/000_Sheet1.csv,62,f_d0701_0040_0010,char_RUSTTYRANOMON,,довольно,проверить машинный усилитель,Tch! That golden dragon is quite the formidable force.,Тч! Этот золотой дракон - довольно грозная сила.,
2,style_review,patch_text01,message/d07.mbe/000_Sheet1.csv,137,f_d0701_9000_0010,char_BAKEMON,,довольно,проверить машинный усилитель,"Boo! You looking for a card battle? I should warn you. I'm
pretty good.","Бу! Ты ищешь карточную битву? Я должен предупредить тебя. Я
довольно хорош.",
2,style_review,patch_text01,message/d07.mbe/000_Sheet1.csv,187,f_d0703_0070_0150,char_WISEMON,,Действительно,проверить машинный усилитель,"Indeed, this is currently a period of great change, but I
imagine you already knew that.","Действительно, сейчас период больших перемен, но я полагаю, вы
уже знали об этом.",
2,style_review,patch_text01,message/d07.mbe/000_Sheet1.csv,349,f_d0703_9010_0050,char_SNOWGOBURIMON,,довольно,проверить машинный усилитель,"At last, I finally won one. Everybody's always out of my league,
so I was on quite a losin' streak, there.","Наконец-то я выиграл один. Все всегда были не в моей лиге, так
что у меня была довольно неудачная серия.",
2,style_review,patch_text01,message/d09.mbe/000_Sheet1.csv,84,f_d0901_0120_0010,char_GEKOMON,,довольно,проверить машинный усилитель,"Our next destination is quite far.
This won't be an easy journey, glurp...","Наш следующий пункт назначения довольно далеко, глурп. Это будет
нелегкое путешествие, глурп...",f_d0901_0120_0010
2,style_review,patch_text01,message/d09.mbe/000_Sheet1.csv,90,f_d0901_0120_0038,char_GEKOMON,,ДЕЙСТВИТЕЛЬНО,проверить машинный усилитель,"So what did you decide to do? Do you REALLY have to
go there, glurp?","Так что же ты решил сделать? Тебе ДЕЙСТВИТЕЛЬНО нужно идти туда,
глурп?",f_d0901_0120_0038
2,style_review,patch_text01,message/d09.mbe/000_Sheet1.csv,115,f_d0902_0030_0020,char_MARSMON,,действительно,проверить машинный усилитель,Big Bro... Is it really you...?,Большой брат... Это действительно ты?..,f_d0902_0030_0020
2,style_review,patch_text01,message/d09.mbe/000_Sheet1.csv,126,f_d0902_0030_0130,char_CHARISMON,,довольно,проверить машинный усилитель,"I'm simply giving up a life that was already on the brink
of death anyway. I think it's a rather small price to pay.","Я просто отказываюсь от жизни, которая в любом случае уже была
на грани смерти. Я думаю, что это довольно небольшая цена.",f_d0902_0030_0130
2,style_review,patch_text01,message/d09.mbe/000_Sheet1.csv,138,f_d0902_0040_0010,char_GEKOMON,,действительно,проверить машинный усилитель,"Man, this is really rough, glurp... My head hurts, too,
glurp.","Чувак, глурп, это действительно тяжело... У меня тоже болит
голова, глурп.",
2,style_review,patch_text01,message/d09.mbe/000_Sheet1.csv,148,f_d0902_0080_0010,char_CHARISMON,,действительно,проверить машинный усилитель,"If you truly insist, little brother... then let's fight together as one!","Если ты действительно настаиваешь, младший брат... тогда давай
сражаться вместе, как один!",f_d0902_0080_0010
2,style_review,patch_text01,message/d09.mbe/000_Sheet1.csv,191,f_d0903_0025_0020,char_INORI,,довольно,проверить машинный усилитель,This is pretty high up...,Это довольно высоко...,
2,style_review,patch_text01,message/d09.mbe/000_Sheet1.csv,211,f_d0903_0030_0110,char_INORI,,довольно,проверить машинный усилитель,"This one is pretty high up there, too, so we should use the
same strategy as last time.","Этот тоже находится довольно высоко, так что нам следует
использовать ту же стратегию, что и в прошлый раз.",f_d0903_0030_0110
2,style_review,patch_text01,message/d09.mbe/000_Sheet1.csv,238,f_d0903_0040_0100,char_INORI,,довольно,проверить машинный усилитель,"This one is pretty high up there, too. We know the drill by
now!","Этот тоже довольно высоко. Теперь мы знаем, как это делается!",f_d0903_0040_0100
2,style_review,patch_text01,message/d09.mbe/000_Sheet1.csv,263,f_d0903_0045_0240,char_ROSEMON,,действительно,проверить машинный усилитель,"And, thanks to you, the three of us were able to have a
little fun out there. It really had been a while.","И, благодаря тебе, мы втроем смогли немного повеселиться там.
Это действительно было давно.",f_d0903_0045_0240
2,style_review,patch_text01,message/d09.mbe/000_Sheet1.csv,265,f_d0903_0045_0260,char_GRIFFOMON,,довольно,проверить машинный усилитель,"Haha... Yes, I suppose it was rather enjoyable.","Ха-ха... Да, я полагаю, это было довольно приятно.",f_d0903_0045_0260
2,style_review,patch_text01,message/d09.mbe/000_Sheet1.csv,331,f_d0903_0300_0010,char_BACCHUSMON,,действительно,проверить машинный усилитель,"Ungh... I'm really starving here...
I want to fill myself up on some more of that fruit.","Унгх... Я действительно умираю с голоду... Никто не может найти
каких-нибудь фруктов, чтобы принести мне?",
2,style_review,patch_text01,message/d09.mbe/000_Sheet1.csv,362,f_d0904_0210_0020,char_VENUSMON,,довольно,проверить машинный усилитель,"The situation here is rather grim. As you can see,
Neptunemon and the others are engaged in battle.","Ситуация здесь довольно мрачная. Как вы можете видеть,
Нептунемон и остальные участвуют в битве.",f_d0904_0210_0020
2,style_review,patch_text01,message/d09.mbe/000_Sheet1.csv,406,f_d0904_0250_0080,char_WARUSEADRAMON,,довольно,проверить машинный усилитель,"There're more injured up ahead in need of your help, but
you'll need to get through a pretty swift current first.","Впереди еще больше раненых, которым нужна ваша помощь, но
сначала вам нужно преодолеть довольно быстрое течение.",
2,style_review,patch_text01,message/d09.mbe/000_Sheet1.csv,466,f_d0904_0310_0020,char_VENUSMON,,действительно,проверить машинный усилитель,"That was a most formidable opponent, indeed...",Это действительно был самый грозный противник...,f_d0904_0310_0020
2,style_review,patch_text01,message/d09.mbe/000_Sheet1.csv,478,f_d0904_0310_0140,char_VENUSMON,,Действительно,проверить машинный усилитель,"Indeed, this is the vision we both hoped to see...","Действительно, это именно то видение, которое мы оба надеялись
увидеть...",f_d0904_0310_0140
2,style_review,patch_text01,message/d09.mbe/000_Sheet1.csv,494,f_d0904_0440_0010,char_INORI,,действительно,проверить машинный усилитель,"I'm sorry, but this really means a lot to me. I want to be
as helpful as I can!","Извините, но это действительно много значит для меня. Я хочу
быть настолько полезной, насколько могу!",
2,style_review,patch_text01,message/d09.mbe/000_Sheet1.csv,542,f_d0905_0010_0170,char_VULCANUSMON,,довольно,проверить машинный усилитель,However! There is one rather significant problem...,Однако! Есть одна довольно существенная проблема...,f_d0905_0010_0170
2,style_review,patch_text01,message/d09.mbe/000_Sheet1.csv,562,f_d0905_0040_0020,char_VULCANUSMON,,Довольно,проверить машинный усилитель,"Well? How did I sound? Pretty authentic, don't you think?
Hahaha!","Ну? Как тебе мой голос? Довольно аутентично, ты не находишь?
Хахаха!",
2,style_review,patch_text01,message/d09.mbe/000_Sheet1.csv,576,f_d0905_0080_0060,char_VULCANUSMON,,Действительно,проверить машинный усилитель,"Indeed! Let's activate the bridge. We're a little behind
schedule, so hurry up, Kokuwamon!","Действительно! Давайте активируем мост. Мы немного отстаем от
графика, так что поторопись, Кокувамон!",
2,style_review,patch_text01,message/d09.mbe/000_Sheet1.csv,585,f_d0905_0080_0150,char_VULCANUSMON,,довольно,проверить машинный усилитель,"In that case, let's fight! It looks raring to go as well!
Hahaha! It's pretty aggressive, for a fake!","В таком случае, давайте драться! Это тоже выглядит захватывающе!
Хахаха! Это довольно агрессивно для подделки!",
2,style_review,patch_text01,message/d09.mbe/000_Sheet1.csv,594,f_d0905_0120_0020,char_KOKUWAMON_A,,довольно,проверить машинный усилитель,"It's a rather unusual place. Even if you fall, you'll simply go back
where you started. Just keep trying to move forward.","Это довольно необычное место. Даже если вы упадете, вы просто
вернетесь туда, откуда начали. Просто продолжайте пытаться двигаться вперед.",
2,style_review,patch_text01,message/d09.mbe/000_Sheet1.csv,598,f_d0905_0130_0030,char_KOKUWAMON_UN,,действительно,проверить машинный усилитель,"I'm really sorry about Lord Vulcanusmon... Please, just do
what you can, okay?","Мне действительно жаль лорда Вулканусмона... Пожалуйста, просто
сделай, что можешь, хорошо?",
2,style_review,patch_text01,message/d09.mbe/000_Sheet1.csv,643,f_d0906_0020_0120,char_MINERVAMON,,действительно,проверить машинный усилитель,"Those two make quite a pair... I'm really proud of them
both!","Эти двое составляют отличную пару... Я действительно горжусь ими
обоими!",
2,style_review,patch_text01,message/d09.mbe/000_Sheet1.csv,710,f_d0907_0010_0020,char_BACCHUSMON,,действительно,проверить машинный усилитель,So it really is you... you're Siren—,Так это действительно ты... Ты Сирена—,
2,style_review,patch_text01,message/d09.mbe/000_Sheet1.csv,732,f_d0907_0070_0010,char_MINERVAMON,,действительно,проверить машинный усилитель,"That ""egg thief"" encounter really ended up
helping these two to grow.","Та встреча с ""похитителем яиц"" действительно помогла этим двоим
вырасти.",
2,style_review,patch_text01,message/d12.mbe/000_Sheet1.csv,94,f_d1204_0520_0010,char_INORI,,действительно,проверить машинный усилитель,"Is it just me, or does something seem really off?","Мне кажется, или что-то действительно не так?",f_d1204_0520_0010
2,style_review,patch_text01,message/d12.mbe/000_Sheet1.csv,189,f_d1205_0020_0040,char_WEREGARURUMON,,действительно,проверить машинный усилитель,"You're the only ones I can count on, so while I hate to
make trouble for you, I really hope you can help.","Вы единственные, на кого я могу положиться, поэтому, хотя я и
ненавижу создавать вам проблемы, я действительно надеюсь, что вы сможете помочь.",
2,style_review,patch_text01,message/d12.mbe/000_Sheet1.csv,260,f_d1206_0040_0010,char_SIMMONS,,довольно,проверить машинный усилитель,"Well, well... It's been eight years. That's quite a long
time. I assume you got the details from Asuna?","Так, так... Прошло восемь лет. Это довольно долгий срок. Я
полагаю, ты узнал подробности от Асуны?",f_d1206_0040_0010
2,style_review,patch_text01,message/d13.mbe/000_Sheet1.csv,67,f_d1301_0210_0010,,,довольно,проверить машинный усилитель,"""Sadly, the mixer with those surgeons from Higashi-Shinjuku
came to a rather disappointing conclusion.""","""К сожалению, встреча с теми хирургами из Хигаси-Синдзюку пришла
к довольно неутешительному выводу"".",
2,style_review,patch_text01,message/d13.mbe/000_Sheet1.csv,128,f_d1301_0450_0030,,,Действительно,проверить машинный усилитель,"""Isn't it because the developed human race is perceived as an abnormality
that should be exterminated? Indeed, Captain Kuremi was almost killed.""","""Разве это не потому, что развитая человеческая раса
воспринимается как аномалия, которую следует уничтожить? Действительно, капитан Куреми был почти убит"".",
2,style_review,patch_text01,message/field_text.mbe/000_Sheet1.csv,384,dummy_dlc010_0490,char_RANAMON,,действительно,проверить машинный усилитель,,Я действительно... не хочу ссориться...,
2,style_review,patch_text01,message/field_text.mbe/000_Sheet1.csv,697,g_degi_h0513_0010,char_CROSSMON,,Действительно,проверить машинный усилитель,"The high spirits I sense from you... Quite impressive,
indeed. I shall always support you in battle.","Я чувствую исходящий от вас приподнятый настрой...
Действительно, впечатляет. Я всегда буду поддерживать вас в битве.",
2,style_review,patch_text01,message/field_text.mbe/000_Sheet1.csv,966,g_tutorial_1002_0020,char_OPERATOR_M,,Действительно,проверить машинный усилитель,"These functions are based on the theories given to us by
Dr. Yuki. Indeed, his inventions contributed greatly to society.","Эти функции основаны на теориях, данных нам доктором Юки.
Действительно, его изобретения внесли большой вклад в развитие общества.",
2,style_review,patch_text01,message/h06.mbe/000_Sheet1.csv,18,f_h0601_0030_0050,char_LOTOSMON,,довольно,проверить машинный усилитель,"The one who created this space is quite tricky...
I have a feeling we share a similar mindset.","Тот, кто создал это пространство, довольно хитер... У меня
такое чувство, что у нас схожее мышление.",
2,style_review,patch_text01,message/m010.mbe/000_Sheet1.csv,39,m010_020_240,char_OPERATOR_M,yes,действительно,проверить машинный усилитель,"...but the higher-ups really value the data we obtained during
the mission. Hence, their high hopes for us today.","...но начальство действительно ценит данные, полученные нами во
время миссии. Отсюда и их большие надежды на нас сегодня.",m010_020_240_M m010_020_240_F
2,style_review,patch_text01,message/m010.mbe/000_Sheet1.csv,52,m010_040_090,char_OPERATOR_M,yes,действительно,проверить машинный усилитель,You can really feel the fear and anger of the crowd.,Ты действительно чувствуешь страх и гнев толпы.,m010_040_090_M m010_040_090_F
2,style_review,patch_text01,message/m040.mbe/000_Sheet1.csv,28,m040_030_090,char_GLASSES_WEARING_MAN,,довольно,проверить машинный усилитель,"I mean, your... What do kids these days call it again?
""Cosplay""? It's a pretty dapper look, I'll give you that...","Я имею в виду, твой... Напомни, как это называют современные дети?
""Косплей""? Это довольно щеголеватый вид, я отдаю тебе должное...",m040_030_090
2,style_review,patch_text01,message/m040.mbe/000_Sheet1.csv,29,m040_030_100,char_GLASSES_WEARING_MAN,,действительно,проверить машинный усилитель,"It feels like I've seen that outfit before somewhere...
But now is really not the time for all this.","Такое чувство, что я где-то уже видел этот наряд раньше... Но
сейчас действительно не время для всего этого.",m040_030_100
2,style_review,patch_text01,message/m050.mbe/000_Sheet1.csv,11,m050_010_071,char_PLAYER_M,,довольно,проверить машинный усилитель,"Yesterday was pretty rough, huh?{next}","Вчерашний день был довольно тяжелым, да?{next}",
2,style_review,patch_text01,message/m050.mbe/000_Sheet1.csv,52,m050_030_070,char_GLASSES_WEARING_MAN,,довольно,проверить машинный усилитель,"Yeah, well, I can work anytime. The freelance
PI life is pretty flexible that way.","Ага, ну, я могу работать в любое время. Жизнь
частного детектива довольно гибкая в этом плане.",m050_030_070
2,style_review,patch_text01,message/m050.mbe/000_Sheet1.csv,62,m050_030_150,char_GLASSES_WEARING_MAN,,действительно,проверить машинный усилитель,"Just, I really need to know more about those
creatures you call ""Digimon.""","Просто мне действительно нужно побольше узнать о тех
существах, которых ты называешь ""Дигимоны"".",m050_030_150
2,style_review,patch_text01,message/m050.mbe/000_Sheet1.csv,78,m050_030_290,char_OPERATOR_M,yes,довольно,проверить машинный усилитель,"...and fashioned an improvised location data system.
I'd say it's fairly accurate.","...так получилась импровизированная система данных о местоположении.
Похоже, она довольно точная.",m050_030_290_M m050_030_290_F
2,style_review,patch_text01,message/m060.mbe/000_Sheet1.csv,166,m060_160_110,char_TAKEMIYA,,довольно,проверить машинный усилитель,"You should go take a break. I mean... you've had
quite the day, right?","Вам стоит пойти отдохнуть. Я имею в виду... у вас же был
довольно насыщенный день, верно?",m060_160_110
2,style_review,patch_text01,message/m070.mbe/000_Sheet1.csv,58,m070_040_020,char_SIMMONS,,действительно,проверить машинный усилитель,"I can't believe this is actually happening! You're really
here, in the flesh! A real phase electron lifeform!","Не могу поверить, что это на самом деле происходит! Ты действительно
здесь, во плоти! Настоящая фазово-электронная форма жизни!",m070_040_020
2,style_review,patch_text01,message/m070.mbe/000_Sheet1.csv,66,m070_040_091,char_PLAYER_M,,довольно,проверить машинный усилитель,"You're pretty forward, aren't you? I mean, we just met.","Вы довольно прямолинейны, не так ли? Я имею в виду, мы только что встретились.",
2,style_review,patch_text01,message/m090.mbe/000_Sheet1.csv,84,m090_080_080,char_MINERVAMON,,довольно,проверить машинный усилитель,But things have taken quite a turn since then...,Но с тех пор события приняли довольно неожиданный оборот...,m090_080_080
2,style_review,patch_text01,message/m090.mbe/000_Sheet1.csv,90,m090_080_140,char_MINERVAMON,,действительно,проверить машинный усилитель,"But I guess that's a question for another time. More
importantly right now, I could really use your help.","Но, думаю, этот вопрос для другого раза. Что важнее сейчас, мне
действительно пригодилась бы твоя помощь.",m090_080_140
2,style_review,patch_text01,message/m090.mbe/000_Sheet1.csv,100,m090_080_210,char_MINERVAMON,,довольно,проверить машинный усилитель,"Hmm... That's all pretty vague, don't you think?","Хм... Это всё довольно расплывчато, тебе не кажется?",m090_080_210
2,style_review,patch_text01,message/m090.mbe/000_Sheet1.csv,105,m090_080_260,char_INORI,,довольно,проверить машинный усилитель,"It's already getting late. Why don't we call it a night, and
figure out our next steps tomorrow?","Уже довольно поздно. Давайте сегодня на этом остановимся и
решим, что делать дальше, завтра.",m090_080_260
2,style_review,patch_text01,message/m100.mbe/000_Sheet1.csv,47,m100_030_070,char_SIMMONS,,Довольно,проверить машинный усилитель,"Yes, yes, I see... Quite intriguing.","Да, да, понимаю... Довольно интригующе.",
2,style_review,patch_text01,message/m100.mbe/000_Sheet1.csv,61,m100_030_190,char_SIMMONS,,довольно,проверить машинный усилитель,"It's still in the prototype phase, though, so it's pretty
bulky, to be sure.","Он всё ещё на стадии прототипа, так что он довольно громоздкий,
это точно.",
2,style_review,patch_text01,message/m120.mbe/000_Sheet1.csv,25,m120_030_060,char_AEGIOMON,,действительно,проверить машинный усилитель,We made it! We're actually in the Digital World!,Мы сделали это! Мы действительно в Цифровом Мире!,m120_030_060
2,style_review,patch_text01,message/m120.mbe/000_Sheet1.csv,88,m120_080_110,char_KNIGHTMON,,действительно,проверить машинный усилитель,"If it is indeed true, you must bring me proof.","Если это действительно так, вы должны принести мне
доказательство.",m120_080_110
2,style_review,patch_text01,message/m140.mbe/000_Sheet1.csv,9,m140_010_080,char_MERCURYMON,,действительно,проверить машинный усилитель,It seems the upcoming battle is truly unavoidable.,"Кажется, предстоящей битвы действительно не избежать.",m140_010_080
2,style_review,patch_text01,message/m140.mbe/000_Sheet1.csv,38,m140_010_350,char_MINERVAMON,,действительно,проверить машинный усилитель,"So, I'm sorry about all this, but we do need your help.","Так что прости за всё это, но твоя помощь нам действительно
нужна.",m140_010_350
2,style_review,patch_text01,message/m150.mbe/000_Sheet1.csv,110,m150_070_360,char_GUARDROMON_GL,,действительно,проверить машинный усилитель,S-Seriously?! You can actually fight the Titans?,С-серьёзно?! Вы действительно можете сражаться с Титанами?,
2,style_review,patch_text01,message/m150.mbe/000_Sheet1.csv,180,m150_095_130,char_KOKUWAMON_A,,Действительно,проверить машинный усилитель,"...Indeed, it was.","...Действительно, так и было.",
2,style_review,patch_text01,message/m150.mbe/000_Sheet1.csv,203,m150_110_120,char_AEGIOMON,,действительно,проверить машинный усилитель,"So it really is one of those Titans, huh?!","Значит, это действительно один из тех Титанов, да?!",
2,style_review,patch_text01,message/m150.mbe/000_Sheet1.csv,294,m150_170_060,char_MERCURYMON,,действительно,проверить машинный усилитель,"I suppose you are right, yes. You have all truly been a
great help. I pray you make it back to your world safely.","Полагаю, вы правы, да. Вы все действительно очень помогли. Я
молюсь, чтобы вы благополучно вернулись в свой мир.",m150_170_060
2,style_review,patch_text01,message/m160.mbe/000_Sheet1.csv,20,m160_040_030,char_JUNOMON,,Действительно,проверить машинный усилитель,"Surely they are but a mere glimpse of the Great Guardian's
true capabilities. A fortuitous day, indeed...","Несомненно, это всего лишь проблеск истинных возможностей
Великого Хранителя. Действительно, удачный день...",m160_040_030
2,style_review,patch_text01,message/m170.mbe/000_Sheet1.csv,11,m170_020_010,char_AEGIOMON,,действительно,проверить машинный усилитель,"So... I really am this ""Great Guardian""...","Итак... Я действительно ""Великий Хранитель""...",m170_020_010
2,style_review,patch_text01,message/m170.mbe/000_Sheet1.csv,51,m170_050_140,char_SHELLMON,,действительно,проверить машинный усилитель,I really am hurt... and I don't have the medicine I need either.,"Я действительно ранен... И у меня тоже нет лекарств, которые
мне нужны.",m170_050_140
2,style_review,patch_text01,message/m170.mbe/000_Sheet1.csv,88,m170_065_140,char_HANGYOMON,,действительно,проверить машинный усилитель,...I'm real sorry about all this.,..Я действительно сожалею обо всем этом.,m170_065_140
2,style_review,patch_text01,message/m170.mbe/000_Sheet1.csv,136,m170_090_100,char_HANGYOMON,,действительно,проверить машинный усилитель,I really misjudged all of you.,Я действительно недооценивал вас всех.,m170_090_100
2,style_review,patch_text01,message/m170.mbe/000_Sheet1.csv,164,m170_100_070,char_WHAMON,,действительно,проверить машинный усилитель,"Whale, is that so? But you do have the conch...","Кит, это так? Но у тебя действительно есть раковина...",m170_100_070
2,style_review,patch_text01,message/m170.mbe/000_Sheet1.csv,262,m170_210_130,char_JUNOMON,,действительно,проверить машинный усилитель,"If the Current is truly what the Titans seek, then in all
likelihood their objective is—","Если Течение — действительно то, к чему стремятся Титаны,
тогда, скорее всего, они хотят—",m170_210_130
2,style_review,patch_text01,message/m180.mbe/000_Sheet1.csv,36,m180_030_030,char_AEGIOMON,,действительно,проверить машинный усилитель,"If it was, then we'd really better hurry! Come on! Inori,
stay behind me!","Если да, то нам действительно лучше поторопиться! Давай! Инори,
оставайся позади меня!",
2,style_review,patch_text01,message/m180.mbe/000_Sheet1.csv,48,m180_040_020,char_PALMON,,действительно,проверить машинный усилитель,"They caught me off guard. I really would've been in trouble
if you folks didn't come along!","Я была застигнута врасплох. Мне бы действительно пришлось туго,
если бы вы не подоспели!",m180_040_020
2,style_review,patch_text01,message/m210.mbe/000_Sheet1.csv,152,m210_045_030,char_TITAMON,,действительно,проверить машинный усилитель,"Very well... No more cheap tricks! Now we shall see what you are
really made of!","Очень хорошо... Хватит дешёвых трюков! Теперь мы посмотрим, на
что ты действительно способен!",m210_045_030
2,style_review,patch_text01,message/m210.mbe/000_Sheet1.csv,167,m210_050_150,char_INORI,,действительно,проверить машинный усилитель,"I'm truly happy to have met you, Aegiomon.","Я действительно счастлива, что встретила тебя, Эгиомон.",m210_050_150
2,style_review,patch_text01,message/m230.mbe/000_Sheet1.csv,71,m230_030_070,char_INORI,,довольно,проверить машинный усилитель,"Thanks, {player}. It's actually pretty convincing hearing that from
someone from the future.","Спасибо, {player}. Это довольно убедительно, особенно слышать
это от кого-то из будущего.",
2,style_review,patch_text01,message/m235.mbe/000_Sheet1.csv,12,m235_010_110,char_SUMERAGI,,действительно,проверить машинный усилитель,"Now that you mention it... it does seem like I've
seen you somewhere before...","Теперь, когда вы говорите... кажется, я действительно видел вас
где-то раньше...",m235_010_110
2,style_review,patch_text01,message/m240.mbe/000_Sheet1.csv,47,m240_020_380,char_MERCURYMON,,Действительно,проверить машинный усилитель,Indeed... I can only hope for your success.,Действительно... Я могу лишь надеяться на ваш успех.,m240_020_380
2,style_review,patch_text01,message/m250.mbe/000_Sheet1.csv,7,m250_020_010,char_AEGIOMON,,действительно,проверить машинный усилитель,Is this... really Central Town? Are these all... Titans...?,Это... действительно Центральный город? И это все... Титаны...?,m250_020_010
2,style_review,patch_text01,message/m250.mbe/000_Sheet1.csv,8,m250_020_020,char_INORI,,действительно,проверить машинный усилитель,This town really has changed...,Этот город действительно изменился...,m250_020_020
2,style_review,patch_text01,message/m250.mbe/000_Sheet1.csv,23,m250_030_132,char_PLAYER_M,,действительно,проверить машинный усилитель,Is it really impossible to talk things out...?{next},Неужели действительно невозможно договориться...?{next},
2,style_review,patch_text01,message/m260.mbe/000_Sheet1.csv,27,m260_040_030,char_OPERATOR_M,yes,действительно,проверить машинный усилитель,"And if the conflict started over control of this resource, it
might be a difficult problem to solve, indeed.","И если конфликт начался из-за контроля над этим ресурсом, то это
действительно может быть сложной проблемой.",m260_040_030_M m260_040_030_F
2,style_review,patch_text01,message/m260.mbe/000_Sheet1.csv,34,m260_050_050,char_INORI,,довольно,проверить машинный усилитель,"And she's been negotiating with the Titans all this time...
That's pretty awesome.","И всё это время она вела переговоры с Титанами... Это довольно
круто.",
2,style_review,patch_text01,message/m270.mbe/000_Sheet1.csv,31,m270_050_060,char_NARRATION,,действительно,проверить машинный усилитель,"One can only wonder... Was this series of tragic events
truly unavoidable...?","Остаётся только гадать... Была ли эта череда трагических событий
действительно неизбежной...?",m270_050_060
2,style_review,patch_text01,message/m280.mbe/000_Sheet1.csv,51,m280_040_150,char_RANAMON,,действительно,проверить машинный усилитель,"Except I really am part of a moderate faction of Titans—the
part about me hating this uncivilized fighting wasn't a lie!","За исключением того, что я действительно часть умеренной фракции Титанов
— та часть про ненависть к нецивилизованным дракам не была ложью!",m280_040_150
2,style_review,patch_text01,message/m280.mbe/000_Sheet1.csv,71,m280_050_150,char_VENUSMON,,действительно,проверить машинный усилитель,"If you indeed have knowledge of the future, all the more
reason to act—","Если у тебя действительно есть знание о будущем, тем более есть
причина действовать—",m280_050_150
2,style_review,patch_text01,message/m280.mbe/000_Sheet1.csv,114,m280_100_030,char_VENUSMON,,действительно,проверить машинный усилитель,"I must ask, one last time... Did you truly plan out all of this?","Я должна спросить в последний раз... Ты действительно всё это
планировала?",m280_100_030
2,style_review,patch_text01,message/m280.mbe/000_Sheet1.csv,117,m280_100_060,char_CALAMARAMON,,действительно,проверить машинный усилитель,"""I didn't... really want to fight. I had no choice...
Those were... just my orders.""","«Я не... действительно не хотела сражаться. У меня не было
выбора... Это были... просто мои приказы».",m280_100_060
2,style_review,patch_text01,message/m285.mbe/000_Sheet1.csv,2,m285_010_010,char_AEGIOMON,,действительно,проверить машинный усилитель,"We're back again... What is even happening...
Were... we really able to change the past...?","Мы снова вернулись... Что вообще происходит... Неужели... нам
действительно удалось изменить прошлое...?",m285_010_010
2,style_review,patch_text01,message/m290.mbe/000_Sheet1.csv,14,m290_050_010,char_INORI,,действительно,проверить машинный усилитель,There really is no one here... Please don't tell me...,Здесь действительно никого нет... Только не говори...,m290_050_010
2,style_review,patch_text01,message/m300.mbe/000_Sheet1.csv,53,m300_070_060,char_BACCHUSMON,,действительно,проверить машинный усилитель,We really can't let our guard down.,Нам действительно нельзя терять бдительность.,m300_070_060
2,style_review,patch_text01,message/m300.mbe/000_Sheet1.csv,70,m300_080_070,char_SIRENMON,,действительно,проверить машинный усилитель,I really thought I was done for this time.,"Я действительно думала, что на этот раз мне конец.",m300_080_070
2,style_review,patch_text01,message/m300.mbe/000_Sheet1.csv,186,m300_140_200,char_INORI,,действительно,проверить машинный усилитель,"I mean, if the gods really do exist, then maybe they
granted my prayers...","В смысле, если боги действительно существуют, то, возможно, они
исполнили мои молитвы...",m300_140_200
2,style_review,patch_text01,message/m310.mbe/000_Sheet1.csv,4,m310_010_030,char_INORI,,действительно,проверить машинный усилитель,That would be nice. If and when we do achieve peace...,Было бы здорово. Если и когда мы действительно достигнем мира...,
2,style_review,patch_text01,message/m310.mbe/000_Sheet1.csv,91,m310_031_130,char_INORI,,действительно,проверить машинный усилитель,"Sorry, but this seems really important to her...","Прости, но это, кажется, действительно важно для неё...",m310_031_130
2,style_review,patch_text01,message/m330.mbe/000_Sheet1.csv,4,m330_010_030,char_INORI,,действительно,проверить машинный усилитель,"Is it just me, or does something seem really off?","Мне одной кажется, или что-то действительно не так?",
2,style_review,patch_text01,message/m330.mbe/000_Sheet1.csv,36,m330_010_250,char_AEGIOMON,,действительно,проверить машинный усилитель,So... the poison really has spread...,Значит... яд действительно распространился...,
2,style_review,patch_text01,message/m340.mbe/000_Sheet1.csv,70,m340_020_210,char_OPERATOR_M,yes,довольно,проверить машинный усилитель,...I've known you for quite some time now.,...я знаю тебя уже довольно давно.,m340_020_210_M m340_020_210_F
2,style_review,patch_text01,message/m360.mbe/000_Sheet1.csv,8,m360_010_052,char_PLAYER_M,,действительно,проверить машинный усилитель,Is that really Plutomon?{next},Это действительно Плутомон?{next},
2,style_review,patch_text01,message/m400.mbe/000_Sheet1.csv,16,m400_011_020,char_SOCERIMON,,довольно,проверить машинный усилитель,"However, the two have fallen out, and the current
situation is quite tense.","Однако двое поссорились, и текущая ситуация довольно
напряжённая.",
2,style_review,patch_text01,message/m400.mbe/000_Sheet1.csv,74,m400_040_130,char_DIANAMON,,действительно,проверить машинный усилитель,"I lost the capacity to tell who was really on our side...
I even came to doubt you, my other half...","Я потеряла способность различать, кто действительно на нашей
стороне... Я даже начала сомневаться в тебе, моей второй половине...",m400_040_130
2,style_review,patch_text01,message/m420.mbe/000_Sheet1.csv,111,m420_120_120,char_JUNOMON,,действительно,проверить машинный усилитель,"So, in a sense, defeat is in fact what Chronomon truly seeks.","Так что, в некотором смысле, поражение — это то, чего Хрономон
действительно ищет.",m420_120_120
2,style_review,patch_text01,message/m430.mbe/000_Sheet1.csv,44,m430_050_110,char_INORI,,довольно,проверить машинный усилитель,"After that, it felt like I was dreaming for quite a while.","После этого мне казалось, будто я довольно долго видела сон.",m430_050_110
2,style_review,patch_text01,message/m440.mbe/000_Sheet1.csv,73,m440_090_020,char_MINERVAMON,,действительно,проверить машинный усилитель,"And after my siblings showed such strength...
Is this really the best I can do...?","И после того как мои брат и сестра показали такую силу...
Неужели это действительно всё, на что я способна...?",m440_090_020
2,style_review,patch_text01,message/m440.mbe/000_Sheet1.csv,80,m440_090_090,char_MINERVAMON,,действительно,проверить машинный усилитель,I'll show you what I can really do...!,"Я покажу вам, на что я действительно способна...!",m440_090_090
2,style_review,patch_text01,message/rumor_npc.mbe/000_Sheet1.csv,632,r_d0501_0020_0070,char_SHAMAMON,,действительно,проверить машинный усилитель,They're really zoomin' around!,Они действительно крутятся вокруг да около!,
2,style_review,patch_text01,message/rumor_npc.mbe/000_Sheet1.csv,661,r_d0502_0020_0060,char_MINOTAURMON,,действительно,проверить машинный усилитель,"This place is huge... Really
wears me out...",Это огромное место... Я действительно выматываюсь...,
2,style_review,patch_text01,message/rumor_npc.mbe/000_Sheet1.csv,856,r_h0312_0010_3_1_w,char_MAMEMON,,действительно,проверить машинный усилитель,That was really moving!,Это было действительно трогательно!,
2,style_review,patch_text01,message/rumor_npc.mbe/000_Sheet1.csv,867,r_h0312_0010_3_6_l,char_MAMEMON,,действительно,проверить машинный усилитель,I really thought you'd win!,"Я действительно думал, что ты победишь!",
2,style_review,patch_text01,message/rumor_npc.mbe/000_Sheet1.csv,959,r_h0813_0010_0080,char_BEELZEBUMON,,Действительно,проверить машинный усилитель,"Is it really worth it for you
to fight me?",Действительно ли тебе стоит драться со мной?,
2,style_review,patch_text01,message/rumor_npc.mbe/000_Sheet1.csv,209,r_t0108_0010_0060,char_SPECIAL_FORCES,,Действительно,проверить машинный усилитель,"Is all of this really
necessary?",Действительно ли все это необходимо?,
2,style_review,patch_text01,message/rumor_npc.mbe/000_Sheet1.csv,976,r_t0121_0030_0010,char_STANDING_MAN,,Действительно,проверить машинный усилитель,"Hm, yes... A fine
performance, indeed.","Хм, да... Действительно, прекрасное представление.",
2,style_review,patch_text01,message/s010_156.mbe/000_Sheet1.csv,64,s010_156_470,char_HIROKO,,ДЕЙСТВИТЕЛЬНО,проверить машинный усилитель,"So Inori's pop DID look into that incident. I thought he
might. After all, that's when...","Значит, отец Инори ДЕЙСТВИТЕЛЬНО расследовал этот инцидент. Я
думала, что он мог. В конце концов, это было тогда...",
2,style_review,patch_text01,message/s010_156.mbe/000_Sheet1.csv,80,s010_156_605,char_HIROKO,,действительно,проверить машинный усилитель,"Are you actually going to fight it?! Sorry! All I can offer
is moral support. Good luck!","Ты действительно собираешься бороться с этим?! Извини! Все, что
я могу предложить, это моральную поддержку. Удачи!",
2,style_review,patch_text01,message/s010_180.mbe/000_Sheet1.csv,10,s010_180_070,char_BEGINNER_COSPLAYER,,довольно,проверить машинный усилитель,"Hmm... your costume's pretty good, too, but those legends I
just saw were even better.","Хм... Твой костюм тоже довольно хорош, но те легенды, которые я
только что видел, были еще лучше.",
2,style_review,patch_text01,message/s020_013.mbe/000_Sheet1.csv,21,s020_013_140,char_NEPTUNEMON,,довольно,проверить машинный усилитель,"Oh, the design was quite simple, although it was
made from precious Blue Digizoid.","О, дизайн был довольно простым, хотя и сделан из драгоценного
Синего дигизоида.",
2,style_review,patch_text01,message/s020_013.mbe/000_Sheet1.csv,29,s020_013_200,char_NEPTUNEMON,,действительно,проверить машинный усилитель,...I truly cannot comprehend why you would think that.,"..Я действительно не могу понять, почему вы так подумали.",
2,style_review,patch_text01,message/s020_013.mbe/000_Sheet1.csv,42,s020_013_290,char_NEPTUNEMON,,довольно,проверить машинный усилитель,"Blue Chrondigizoit Metal is quite precious, you see.
The ring should speak for itself.","Видите ли, синий хрондигизойт - довольно драгоценный металл.
Кольцо должно говорить само за себя.",
2,style_review,patch_text01,message/s020_013.mbe/000_Sheet1.csv,55,s020_013_380,char_VENUSMON,,Действительно,проверить машинный усилитель,"Indeed. I cannot imagine Neptunemon would
take thoughtless action... Ah, I have it!","Действительно. Я не могу представить, чтобы Нептунемон
предпринял необдуманные действия... Ах, у меня получилось!",
2,style_review,patch_text01,message/s020_018.mbe/000_Sheet1.csv,128,s020_018_1050,char_KAMEMON,,действительно,проверить машинный усилитель,"Well, we really learned a lot. Thanks for all your help!
Here. Take this for your trouble.","Что ж, мы действительно многому научились. Спасибо за вашу
помощь! Вот. Возьмите это за беспокойство.",
2,style_review,patch_text01,message/s020_019.mbe/000_Sheet1.csv,58,s020_019_470,char_NEPTUNEMON,,действительно,проверить машинный усилитель,"Hmm... This cell is sturdy indeed. Yet even these walls are
no match for my strength.","Хм... Эта камера действительно крепкая. Но даже этим стенам не
сравниться с моей силой.",
2,style_review,patch_text01,message/s020_173.mbe/000_Sheet1.csv,8,s020_173_050,char_MARINEANGEMON,,действительно,проверить машинный усилитель,"I've already put in PLENTY of legwork!
I do have fans, you know!","Я уже проделал МНОГО работы! Знаете, у меня действительно есть
поклонники!",
2,style_review,patch_text01,message/s020_173.mbe/000_Sheet1.csv,25,s020_173_185,char_MARINEANGEMON,,довольно,проверить машинный усилитель,"It smells... kind of funny, for ordinary water. But I am
thirsty, so it'll have to do.","Пахнет... довольно странно для обычной воды. Но я хочу пить, так
что придется обойтись и этим.",
2,style_review,patch_text01,message/s020_173.mbe/000_Sheet1.csv,61,s020_173_430,char_MARINEANGEMON,,действительно,проверить машинный усилитель,"Come to think of it, they're also all in the sea. Perhaps
that truly is where I belong!","Если подумать, они тоже все в море. Возможно, это действительно
то место, где мое место!",
2,style_review,patch_text01,message/s030_029.mbe/000_Sheet1.csv,48,s030_029_340,char_DUFTMON,,действительно,проверить машинный усилитель,"GranKuwagamon is a mighty foe indeed... Yet I refuse to back
down!","ГранКувагамон действительно могущественный враг... И все же я
отказываюсь отступать!",
2,style_review,patch_text01,message/s030_030.mbe/000_Sheet1.csv,40,s030_030_320,char_TIGERVESPAMON,,Действительно,проверить машинный усилитель,"Indeed... One might say that overzealous concealment of our
base has made dialogue nigh impossible, after all.","Действительно... Можно сказать, что чрезмерное сокрытие нашей
базы, в конце концов, сделало диалог практически невозможным.",
2,style_review,patch_text01,message/s030_030.mbe/000_Sheet1.csv,57,s030_030_470,char_PECKMON,,действительно,проверить машинный усилитель,"I really appreciate you taking care of things like this!
Squawk, squawk!","Я действительно ценю, что ты заботишься о таких вещах! Кричи,
кричи!",
2,style_review,patch_text01,message/s030_030.mbe/000_Sheet1.csv,58,s030_030_480,char_TIGERVESPAMON,,действительно,проверить машинный усилитель,"My handmade sweets have grown popular indeed. Others truly
seem to enjoy them. Hehe!","Мои сладости ручной работы действительно стали популярными.
Другим, похоже, они действительно нравятся. Хе-хе!",
2,style_review,patch_text01,message/s040_033.mbe/000_Sheet1.csv,37,s040_033_320,char_DRIMOGEMON_YB,,довольно,проверить машинный усилитель,"All right, then. Let's go. But stay on your toes. That Titan
looks pretty strong!","Тогда идём. Но будь начеку: этот Титан
выглядит довольно сильным!",
2,style_review,patch_text01,message/s040_160.mbe/000_Sheet1.csv,7,s040_160_040,char_MARSMON,,действительно,проверить машинный усилитель,"Of course I am. I mean, I did have to take down
my big brother...","Конечно, боюсь. Я имею в виду, мне действительно пришлось
расправиться со своим старшим братом...",
2,style_review,patch_text01,message/s040_160.mbe/000_Sheet1.csv,40,s040_160_300,char_MARSMON,,действительно,проверить машинный усилитель,"Urk... But, hey, I did work a little, so that must mean I
deserve at least a snack, right?","Ух... Но, эй, я действительно немного поработал, так что это
должно означать, что я заслуживаю хотя бы перекуса, верно?",
2,style_review,patch_text01,message/s050_039.mbe/000_Sheet1.csv,19,s050_039_140,char_ZUDOMON,,действительно,проверить машинный усилитель,"I was hoping you'd do more than just look. Maybe actually
find it and bring it back?","Я надеялся, что ты сделаешь больше, чем просто посмотришь. Может
быть, действительно найдешь это и принесешь обратно?",
2,style_review,patch_text01,message/s050_043.mbe/000_Sheet1.csv,31,s050_043_250,char_BEARMON_YB,,действительно,проверить машинный усилитель,Y-Yer actually gonna do it? G-Good luck!,Ты действительно собираешься это сделать? П-Удачи!,
2,style_review,patch_text01,message/s050_043.mbe/000_Sheet1.csv,32,s050_043_260,char_SOLARMON,,действительно,проверить машинный усилитель,"Whoa... You actually beat PlatinumNumemon! You're something
else!","Ого... Ты действительно победил ПлатинаНумемон! Ты нечто
другое!",
2,style_review,patch_text01,message/s050_043.mbe/000_Sheet1.csv,70,s050_043_580,char_BEARMON_OB,,действительно,проверить машинный усилитель,"What? Ya really gonna lie to me like that? There's no
jewelry around... here...","Что? Ты действительно собираешься мне вот так врать? Здесь нет
никаких украшений... вот...",
2,style_review,patch_text01,message/s050_043.mbe/000_Sheet1.csv,71,s050_043_590,char_BEARMON_OB,,действительно,проверить машинный усилитель,"It's real sparkly and beautiful. About the same size as what
you've... got there...","Оно действительно блестящее и красивое. Примерно того же
размера, что и у тебя... вот оно...",
2,style_review,patch_text01,message/s050_152.mbe/000_Sheet1.csv,9,s050_152_060,char_PEGASMON,,действительно,проверить машинный усилитель,"Do I really look so dejected? Hehe. I suppose I can't really
hide my nervousness.","Я действительно выгляжу такой удрученной? Хе-хе. Полагаю, я
действительно не могу скрыть свою нервозность.",
2,style_review,patch_text01,message/s050_152.mbe/000_Sheet1.csv,10,s050_152_070,char_PEGASMON,,довольно,проверить машинный усилитель,"I'm not good at describing what I'm thinking, so it's kind
of hard to encourage people.","Я не очень хорош в описании того, что я думаю, поэтому мне
довольно трудно подбадривать людей.",
2,style_review,patch_text01,message/s050_152.mbe/000_Sheet1.csv,87,s050_152_720,char_PEGASMON,,действительно,проверить машинный усилитель,"Yes. Yes, I am. I'm really eager to do something about those
guys...","ДА. Да, это так. Я действительно горю желанием что-нибудь
сделать с этими ребятами...",
2,style_review,patch_text01,message/s050_176.mbe/000_Sheet1.csv,36,s050_176_290,char_MERCURYMON,,действительно,проверить машинный усилитель,"Will that truly let you assess their skill? I suppose they
do say one makes one's own luck.","Позволит ли это вам действительно оценить их мастерство?
Полагаю, они говорят, что человек сам создает свою удачу.",
2,style_review,patch_text01,message/s050_176.mbe/000_Sheet1.csv,47,s050_176_380,char_RAPIDMON_ARMOR,,действительно,проверить машинный усилитель,"That was a fierce fight, indeed! As I'd expect from
Merukimon's trusted friend.","Это был действительно жестокий бой! Как я и ожидал от верного
друга Меркуримона.",
2,style_review,patch_text01,message/s070_055.mbe/000_Sheet1.csv,76,s070_055_610,char_HIROKO,,Довольно,проверить машинный усилитель,"And then, even in the end, they never found happiness. It's
a pretty irritating movie.","А в конце они всё равно не нашли счастья.
Довольно раздражающее кино.",
2,style_review,patch_text01,message/s070_055.mbe/000_Sheet1.csv,78,s070_055_630,char_MINERVAMON,,довольно,проверить машинный усилитель,"But that vehicle the hero was riding... A motorcycle, was
it? That was pretty cool.","Но транспорт, на котором ездил герой... мотоцикл,
да? Он был довольно крутым.",
2,style_review,patch_text01,message/s070_056.mbe/000_Sheet1.csv,9,s070_056_060,char_MINERVAMON,,довольно,проверить машинный усилитель,"After all that I've learned, I feel human love's rather
insignificant at its core.","После всего, что я узнал, я чувствую, что человеческая любовь по
своей сути довольно незначительна.",
2,style_review,patch_text01,message/s070_056.mbe/000_Sheet1.csv,27,s070_056_200,char_MINERVAMON,,действительно,проверить машинный усилитель,"Wait... I really liked that motorcycle in the movie the
other day! It was super cool!","Подождите... Мне действительно понравился тот мотоцикл в фильме
на днях! Это было супер круто!",
2,style_review,patch_text01,message/s070_167.mbe/000_Sheet1.csv,15,s070_167_100,char_MINERVAMON,,довольно,проверить машинный усилитель,Yes. It is fairly serious. That's why I called you here.,ДА. Это довольно серьезно. Вот почему я позвал вас сюда.,
2,style_review,patch_text01,message/s070_167.mbe/000_Sheet1.csv,61,s070_167_440,char_BEELZEBUMON,,действительно,проверить машинный усилитель,"These are some very fine parts, indeed. Once they're in
place, I can fight at 120% power.","Это действительно очень хорошие детали. Как только они будут на
месте, я смогу сражаться на 120% мощности.",
2,style_review,patch_text01,message/s070_167.mbe/000_Sheet1.csv,82,s070_167_620,char_MINERVAMON,,действительно,проверить машинный усилитель,That was your idea of fun...? You really are something else!,"Это было твое представление о веселье...? Ты действительно
нечто особенное!",
2,style_review,patch_text01,message/s080_059.mbe/000_Sheet1.csv,82,s080_059_690,char_LUNAMON,,действительно,проверить машинный усилитель,"H-Hold on, now. You really intend to go there?",П-погоди-ка. Ты действительно собираешься туда поехать?,
2,style_review,patch_text01,message/s090_072.mbe/000_Sheet1.csv,88,s090_072_740,char_LALAMON,,действительно,проверить машинный усилитель,"This form really does feel better. Ahh, I feel much more
relaxed!","В этой форме я действительно чувствую себя лучше. Ах, я чувствую
себя намного расслабленнее!",
2,style_review,patch_text01,message/s095_077.mbe/000_Sheet1.csv,14,s095_077_090,char_GUARDROMON,,довольно,проверить машинный усилитель,"It's possible. Working in the mine shaft can be
quite dangerous.",Это возможно. Работа в шахте может быть довольно опасной.,
2,style_review,patch_text01,message/s095_077.mbe/000_Sheet1.csv,22,s095_077_150,char_GUARDROMON,,Действительно,проверить машинный усилитель,"Indeed. I'm nearly as concerned for their well-being
as I am for the Chrondigizoit ore.","Действительно. Я почти так же беспокоюсь об их благополучии, как
и о руде хрондигизойт.",
2,style_review,patch_text01,message/s095_077.mbe/000_Sheet1.csv,31,s095_077_230,char_GUARDROMON,,Действительно,проверить машинный усилитель,"Indeed. I'll continue to wait until communication
from LoaderLeomon comes in.","Действительно. Я продолжу ждать, пока не поступит сообщение от
Лоадер Лиомон.",
2,style_review,patch_text01,message/s095_077.mbe/000_Sheet1.csv,36,s095_077_280,char_GUARDROMON,,Действительно,проверить машинный усилитель,"Indeed. I'll continue to wait until communication
from LoaderLeomon comes in.","Действительно. Я продолжу ждать, пока не поступит сообщение от
Лоадер Лиомон.",
2,style_review,patch_text01,message/s095_082.mbe/000_Sheet1.csv,20,s095_082_140,char_VULCANUSMON,,действительно,проверить машинный усилитель,"At any rate, it's a wonderful piece. You can really get a
feel for the artist's passion.","В любом случае, это замечательная работа. Вы действительно
можете почувствовать страсть художника.",
2,style_review,patch_text01,message/s095_082.mbe/000_Sheet1.csv,69,s095_082_540,char_MANAGER,,действительно,проверить машинный усилитель,"Wow... I was planning to just put it on display. I never
thought it'd actually sell!","Вау... Я планировал просто выставить его на всеобщее обозрение.
Я никогда не думал, что это действительно будет продаваться!",
2,style_review,patch_text01,message/s100_088.mbe/000_Sheet1.csv,6,s100_088_030,char_TOUHO,,действительно,проверить машинный усилитель,"I appreciate your eagerness, but you really should be more
suspicious of others.","Я ценю ваше рвение, но вам действительно следует с большим
подозрением относиться к другим.",
2,style_review,patch_text01,message/s100_088.mbe/000_Sheet1.csv,17,s100_088_130,char_TOUHO,,довольно,проверить машинный усилитель,"Yes, but they're quite resilient, so I'm not concerned that
they've come to harm.","Да, но они довольно устойчивы, поэтому я не беспокоюсь, что им
причинили вред.",
2,style_review,patch_text01,message/s100_088.mbe/000_Sheet1.csv,25,s100_088_200,char_PLAYER_M,,довольно,проверить машинный усилитель,{next}The Paradise Colosseum is pretty fun.,{next}В Высотном колизее довольно весело.,
2,style_review,patch_text01,message/s100_088.mbe/000_Sheet1.csv,41,s100_088_370,char_TOUHO,,довольно,проверить машинный усилитель,"My helpers are pretty tough, don't you think? I'm sure
they'll be able to assist you.","Мои помощники довольно крутые, тебе не кажется? Я уверен, что
они смогут тебе помочь.",
2,style_review,patch_text01,message/s100_178.mbe/000_Sheet1.csv,10,s100_178_070,char_TOUHO,,довольно,проверить машинный усилитель,"Yes, I suppose so. It's all rather troublesome, yes?","Да, я полагаю, что так. Все это довольно хлопотно, да?",
2,style_review,patch_text01,message/s110_090.mbe/000_Sheet1.csv,15,s110_090_110,char_AGUMON,,действительно,проверить машинный усилитель,"Okay, I understand. But I'm really worried about my
partner...","Ладно, я понимаю. Но я действительно беспокоюсь о своем
партнере...",
2,style_review,patch_text01,message/s110_090.mbe/000_Sheet1.csv,28,s110_090_230,char_SUMERAGI,,довольно,проверить машинный усилитель,"I came to check on some rather unusual info I heard... But,
this... THIS I can't overlook.","Я пришел проверить кое-какую довольно необычную информацию,
которую услышал... Но это... ЭТО я не могу пропустить.",
2,style_review,patch_text01,message/s110_090.mbe/000_Sheet1.csv,49,s110_090_400,char_HIROKO,,довольно,проверить машинный усилитель,"Although, those two were pretty chill. They seemed friendly
and approachable to me.","Хотя эти двое были довольно спокойными. Они показались мне
дружелюбными и доступными.",
2,style_review,patch_text01,message/s110_091.mbe/000_Sheet1.csv,27,s110_091_220,char_REMNANT_OF_TITAN,,действительно,проверить машинный усилитель,"Looks like we've been seen... I really would've preferred to
keep this quiet!","Похоже, нас заметили... Я действительно предпочел бы сохранить
это в тайне!",
2,style_review,patch_text01,message/s110_091.mbe/000_Sheet1.csv,29,s110_091_240,char_GABUMON,,довольно,проверить машинный усилитель,"This is quite the chore... Next time, let's take care of
things properly from the start!","Это довольно тяжелая работа... В следующий раз давайте с самого
начала обо всем позаботимся должным образом!",
2,style_review,patch_text01,message/s110_092.mbe/000_Sheet1.csv,73,s110_092_560,char_MAN,,довольно,проверить машинный усилитель,"Despite his appearance, Plutomon is quite receptive. Just
try talking to him.","Несмотря на грозный вид, Плутомон довольно отзывчив.
Просто попробуйте с ним поговорить.",
2,style_review,patch_text01,message/s110_093.mbe/000_Sheet1.csv,31,s110_093_260,char_CRANIAMON,,довольно,проверить машинный усилитель,"This horse seems to be quite wild... I think I'm in for a
real fight here.","Эта лошадь кажется довольно дикой... Я думаю, что здесь меня
ждет настоящая битва.",
2,style_review,patch_text01,message/s110_093.mbe/000_Sheet1.csv,32,s110_093_270,char_ENBARRMON,,довольно,проверить машинный усилитель,"That is rather big armor for such a little runt. I loathe
puny pretenders such as you!","Это довольно большая броня для такого маленького коротышки. Я
ненавижу жалких притворщиков вроде тебя!",
2,style_review,patch_text01,message/s110_098.mbe/000_Sheet1.csv,25,s110_098_200,char_ALPHAMON,,Действительно,проверить машинный усилитель,"Are humans truly trustworthy? I learned back
then that I must focus on what is just.","Действительно ли люди заслуживают доверия? Тогда я понял, что
должен сосредоточиться на том, что справедливо.",
2,style_review,patch_text01,message/s110_098.mbe/000_Sheet1.csv,49,s110_098_400,char_ALPHAMON,,довольно,проверить машинный усилитель,"Agumon... Gabumon... I see that you both have grown quite
strong.","Агумон... Габумон... Я вижу, что вы оба стали довольно сильными.",
2,style_review,patch_text01,message/s110_098.mbe/000_Sheet1.csv,52,s110_098_430,char_AGUMON,,довольно,проверить машинный усилитель,It looks like we made a pretty favorable impression.,"Похоже, мы произвели довольно благоприятное впечатление.",
2,style_review,patch_text01,message/s110_098.mbe/000_Sheet1.csv,58,s110_098_490,char_ALPHAMON,,действительно,проверить машинный усилитель,,"Возможно, действительно стоит попытаться спасти этот мир...",
2,style_review,patch_text01,message/s110_100.mbe/000_Sheet1.csv,90,s110_100_750,char_V-MON,,довольно,проверить машинный усилитель,,"Мы с броней в довольно плохом состоянии,
но острый удар вкуса помог мне прийти в себя!",
2,style_review,patch_text01,message/s110_101.mbe/000_Sheet1.csv,56,s110_101_450,char_MAGNAMON,,довольно,проверить машинный усилитель,,"Похоже, что цифровые яйца - довольно сложные предметы для
работы.",
2,style_review,patch_text01,message/s110_101.mbe/000_Sheet1.csv,58,s110_101_470,char_GUARDROMON,,действительно,проверить машинный усилитель,"Chrondigizoit Metal can indeed be smelted here. There's another
problem, though.","Здесь действительно можно выплавлять металл хрондигизойт. Однако
есть еще одна проблема.",
2,style_review,patch_text01,message/s110_102.mbe/000_Sheet1.csv,33,s110_102_300,char_ULFORCEVDRAMON,,действительно,проверить машинный усилитель,"Not exactly. I have asked this human to bring me here, but
it is really a personal matter.","Не совсем. Я попросил этого человека привести меня сюда, но это
действительно личное дело.",
2,style_review,patch_text01,message/s110_102.mbe/000_Sheet1.csv,39,s110_102_340,char_ULFORCEVDRAMON,,Действительно,проверить машинный усилитель,"Hmm... Indeed, it is a condition offered by the opponent. It
may be rude to decline it...","Хм... Действительно, это условие, предложенное оппонентом.
Отклонять его может быть невежливо...",
2,style_review,patch_text01,message/s110_108.mbe/000_Sheet1.csv,13,s110_108_080,char_UNKNOWN,,являюсь,проверить канцелярское является,...am the... I am...,...являюсь тем... Я есмь...,
2,style_review,patch_text01,message/s110_108.mbe/000_Sheet1.csv,30,s110_108_230,char_UNKNOWN,,действительно,проверить машинный усилитель,"Are you really listening?! Oh, enough of this. Call me
whatever you like.","Ты действительно слушаешь?! Ох, хватит об этом. Называй меня как
хочешь.",
2,style_review,patch_text01,message/s110_108.mbe/000_Sheet1.csv,47,s110_108_380,char_VENUSMON,,действительно,проверить машинный усилитель,Hmm. Are you really here? I cannot see a thing.,Хм. Ты действительно здесь? Я ничего не вижу.,
2,style_review,patch_text01,message/s110_111.mbe/000_Sheet1.csv,36,s110_111_290,char_GANKOOMON,,довольно,проверить машинный усилитель,"It was actually pretty fun. Fighting with humans isn't half
bad.","На самом деле это было довольно весело. Сражаться с людьми не
так уж и плохо.",
2,style_review,patch_text01,message/s110_112.mbe/000_Sheet1.csv,25,s110_112_180,char_JESMON,,довольно,проверить машинный усилитель,I am back... Ulp. The smell of garlic was quite intense...,Я вернулся... Уф. Запах чеснока был довольно сильным...,
2,style_review,patch_text01,message/s110_112.mbe/000_Sheet1.csv,28,s110_112_210,char_JESMON,,действительно,проверить машинный усилитель,"""Regular""? Is it really that simple?! Understood! I shall
give it a try!","""Обычный""? Это действительно так просто?! Понятно! Я попробую!",
2,style_review,patch_text01,message/s110_113.mbe/000_Sheet1.csv,54,s110_113_460,char_GANKOOMON,,действительно,проверить машинный усилитель,That's weird. Is that really all ya have?,"Это странно. Это действительно все, что у тебя есть?",
2,style_review,patch_text01,message/s110_113.mbe/000_Sheet1.csv,59,s110_113_510,char_GANKOOMON,,довольно,проверить машинный усилитель,Hmm... This is quite...,Хм... Это довольно...,
2,style_review,patch_text01,message/s110_113.mbe/000_Sheet1.csv,63,s110_113_530,char_JESMON,,довольно,проверить машинный усилитель,"Following the path of pleasure while ya have a family at
home... This is quite serious...","Идти по пути наслаждения, пока у тебя дома семья... Это довольно
серьезно...",
2,style_review,patch_text01,message/s110_208.mbe/000_Sheet1.csv,17,s110_208_140,char_SUSANOOMON,,Действительно,проверить машинный усилитель,"Hahaha! Very amusing, indeed! I never expected to meet such
a powerful human!","Хахаха! Действительно, очень забавно! Я никогда не ожидал
встретить такого могущественного человека!",
2,style_review,patch_text01,message/s110_211.mbe/000_Sheet1.csv,36,s110_211_250,char_LOADKNIGHTMON,,довольно,проверить машинный усилитель,"I've noticed your outfit is quite beautiful. It must be a
popular style among humans.","Я заметил, что твой наряд довольно красив. Должно быть, это
популярный стиль среди людей.",
2,style_review,patch_text01,message/s200_146.mbe/000_Sheet1.csv,11,s200_146_080,char_TOUDO,,действительно,проверить машинный усилитель,Am I seeing things...? Are you really here to help?,"Мне что-то мерещится...? Ты действительно здесь, чтобы помочь?",
2,style_review,patch_text01,message/s200_146.mbe/000_Sheet1.csv,22,s200_146_160,char_TOUDO,,действительно,проверить машинный усилитель,"You seem to know more about phase electron lifeforms
than we do, so it's really helpful.","Похоже, вы знаете о фазово-электронных формах жизни больше, чем
мы, так что это действительно полезно.",
2,style_review,patch_text01,message/s200_147.mbe/000_Sheet1.csv,6,s200_147_030,char_HIROKO,,довольно,проверить машинный усилитель,"Yeah. That ""ghost"" that's been sighted a lot lately is
pretty suspect, if you ask me.","Да. Тот ""призрак"", которого часто видели в последнее время,
довольно подозрителен, если хотите знать мое мнение.",
2,style_review,patch_text01,message/s200_147.mbe/000_Sheet1.csv,8,s200_147_050,char_HIROKO,,довольно,проверить машинный усилитель,"This park is pretty well-known, so while it may not be the most discrete
move... the story might go viral if I cover it on my channel.","Этот парк довольно хорошо известен, так что, возможно, это не
самый удачный ход... история может стать вирусной, если я расскажу о ней на своем канале.",
2,style_review,patch_text01,message/s200_147.mbe/000_Sheet1.csv,78,s200_147_610,char_HIROKO,,действительно,проверить машинный усилитель,"Well, aren't you the greedy one? But it's true that we did
go through a lot this time.","Ну, разве ты не жадный? Но это правда, что на этот раз мы
действительно через многое прошли.",
2,style_review,patch_text01,message/s200_148.mbe/000_Sheet1.csv,42,s200_148_400,char_PALMON,,действительно,проверить машинный усилитель,I really misjudged humans...,Я действительно недооценивал людей...,
2,style_review,patch_text01,message/s200_148.mbe/000_Sheet1.csv,48,s200_148_440,char_AGUMON,,действительно,проверить машинный усилитель,"Yeah. I really want us all to be on the same team, here.","Да. Я действительно хочу, чтобы мы все были здесь в одной
команде.",
2,style_review,patch_text01,message/s200_148.mbe/000_Sheet1.csv,49,s200_148_450,char_TAILMON,,действительно,проверить машинный усилитель,"Yeah. I really want us all to be on the same team, here.","Да. Я действительно хочу, чтобы мы все были здесь в одной
команде.",
2,style_review,patch_text01,message/s200_148.mbe/000_Sheet1.csv,54,s200_148_500,char_AGUMON,,действительно,проверить машинный усилитель,"Everyone likes you. And I do mean you, not just your outfits.","Ты всем нравишься. И я действительно имею в виду тебя, а не
только твои наряды.",
2,style_review,patch_text01,message/s200_148.mbe/000_Sheet1.csv,55,s200_148_510,char_TAILMON,,действительно,проверить машинный усилитель,"Everyone likes you. And I do mean you, not just your outfits.","Ты всем нравишься. И я действительно имею в виду тебя, а не
только твои наряды.",
2,style_review,patch_text01,message/s200_149.mbe/000_Sheet1.csv,25,s200_149_180,char_HIROKO,,действительно,проверить машинный усилитель,"I didn't wanna say it, but you do kinda stand out. Or, at
least, you don't look ""cyber.""","Я не хотела этого говорить, но ты действительно немного
выделяешься. Или, по крайней мере, ты не выглядишь ""кибером"".",
2,style_review,patch_text01,message/s200_149.mbe/000_Sheet1.csv,39,s200_149_300,char_HIROKO,,действительно,проверить машинный усилитель,"Yeesh, don't say that... Hey, a message! ""I'm watching."" Aw,
c'mon. This is legit creepy!","Да ладно, не говори так... Привет, сообщение! ""Я смотрю"". Ой, да
ладно. Это действительно жутко!",
2,style_review,patch_text01,message/s200_149.mbe/000_Sheet1.csv,48,s200_149_370,char_HIROKO,,действительно,проверить машинный усилитель,"What? Hey, this stuff could be really valuable! You were
hoping for a snack, maybe?","Что? Эй, это может оказаться действительно ценным! Может, ты
надеялся перекусить?",
2,style_review,patch_text01,message/s200_149.mbe/000_Sheet1.csv,61,s200_149_480,char_HIROKO,,действительно,проверить машинный усилитель,"You're really something! I could learn a thing or two
from you about being a streamer... Actually, scratch that.","Ты действительно нечто! Я мог бы у тебя кое-чему научиться о
том, как быть стримером... Вообще-то, вычеркни это.",
2,style_review,patch_text01,message/s910_170.mbe/000_Sheet1.csv,4,s910_170_030,char_HIROKO,,действительно,проверить машинный усилитель,"Norio says he's here from the past. If that's true, I can't
really offer him any help.","Норио говорит, что он здесь из прошлого. Если это правда, я
действительно не могу предложить ему никакой помощи.",
2,style_review,patch_text01,message/s910_170.mbe/000_Sheet1.csv,135,s910_170_1220,char_HIROKO,,ДЕЙСТВИТЕЛЬНО,проверить машинный усилитель,"Well, it DOES look a bit cheap for a ""CEO,"" but I'm talking
about something else!","Ну, это ДЕЙСТВИТЕЛЬНО выглядит немного дешево для ""генерального
директора"", но я говорю о чем-то другом!",
2,style_review,patch_text01,message/s910_170.mbe/000_Sheet1.csv,164,s910_170_1510,char_NORIO_HIGHSCHOOL,,действительно,проверить машинный усилитель,"Is this the time period I originally came from? I do feel a
sense of calm here.","Это тот период времени, из которого я родом? Я действительно
чувствую здесь спокойствие.",
2,style_review,patch_text01,message/s910_170.mbe/000_Sheet1.csv,165,s910_170_1520,char_NORIO_HIGHSCHOOL,,действительно,проверить машинный усилитель,"Am I really going to be such a loser in the future? Is my
fate predetermined? No...","Неужели я действительно буду таким неудачником в будущем? Моя
судьба предопределена? Нет...",
2,style_review,patch_text01,message/s910_170.mbe/000_Sheet1.csv,185,s910_170_1720,char_HIROKO,,действительно,проверить машинный усилитель,"I guess the younger Norio was worried about his future and
actually got serious.","Я думаю, что младший Норио беспокоился о своем будущем и
действительно стал серьезным.",
2,style_review,patch_text01,message/s910_170.mbe/000_Sheet1.csv,38,s910_170_330,char_NORIO,,действительно,проверить машинный усилитель,"Actually, now that I think about it, I do feel a sense of
calm here.","На самом деле, теперь, когда я думаю об этом, я действительно
испытываю здесь чувство спокойствия.",
2,style_review,patch_text01,message/s910_170.mbe/000_Sheet1.csv,99,s910_170_900,char_NORIO_HIGHSCHOOL,,действительно,проверить машинный усилитель,"Hey there, future me! Wow, I'm, like, really talking to
myself, here!","Привет, я из будущего! Вау, я, похоже, действительно
разговариваю сам с собой!",
2,style_review,patch_text01,message/s910_171.mbe/000_Sheet1.csv,140,s910_171_1270,char_HIROKO,,довольно,проверить машинный усилитель,"His personality is quite abrasive, and, to be honest, I'm
not really all that fond of him.","У него довольно резкий характер, и, честно говоря, он мне не
очень нравится.",
2,style_review,patch_text01,message/s910_171.mbe/000_Sheet1.csv,164,s910_171_1470,char_KINSHIRO,,довольно,проверить машинный усилитель,"Yes, I suppose so. I imagine I used to be quite arrogant
back then.","Да, полагаю, что так. Полагаю, тогда я был довольно высокомерен.",
2,style_review,patch_text01,message/s910_171.mbe/000_Sheet1.csv,22,s910_171_170,char_HIROKO,,довольно,проверить машинный усилитель,"Meet my former classmate, Kinshiro Eriito. He came to me on
a slightly complicated issue.","Познакомься с моим бывшим одноклассником, Кинширо Ериито.
Он пришёл ко мне с довольно сложной просьбой.",
2,style_review,patch_text01,message/s910_171.mbe/000_Sheet1.csv,50,s910_171_410,char_HIROKO,,довольно,проверить машинный усилитель,"Yeah, you did transfer at a rather odd time. And it's true
our school wasn't that great.","Да, ты перевелся в довольно странное время. И это правда, что
наша школа была не такой уж и замечательной.",
2,style_review,patch_text01,message/s910_171.mbe/000_Sheet1.csv,51,s910_171_420,char_KINSHIRO,,Действительно,проверить машинный усилитель,"Indeed. My purpose was to see how inferior beings lived in
such imperfect conditions.","Действительно. Моей целью было увидеть, как низшие существа
живут в таких несовершенных условиях.",
2,style_review,patch_text01,message/s910_171.mbe/000_Sheet1.csv,68,s910_171_570,char_HIROKO,,действительно,проверить машинный усилитель,"Now that I think about it... I did see a lady in a lab coat
a bit ago.","Теперь, когда я думаю об этом... Я действительно видела женщину в
лабораторном халате некоторое время назад.",
2,style_review,patch_text01,message/s910_171.mbe/000_Sheet1.csv,75,s910_171_640,char_TOUDO,,действительно,проверить машинный усилитель,"I probably shouldn't divulge our activities, but Dr. Simmons
does appreciate your help...","Вероятно, мне не следует разглашать нашу деятельность, но доктор
Симмонс действительно ценит вашу помощь...",
2,style_review,patch_text01,message/t01.mbe/000_Sheet1.csv,27,f_t0101_9000_0030,char_YOUNG_WOMAN,,довольно,проверить машинный усилитель,"Care for a card game? I'm pretty good, you know. You think
you can handle me?","Хочешь сыграть в карты? Я, знаешь ли, довольно хороша. Думаешь,
справишься со мной?",
2,style_review,patch_text01,message/t01.mbe/000_Sheet1.csv,103,f_t0103_0100_0050,char_LOCOMON,,довольно,проверить машинный усилитель,"Still, this town is quite fascinating.
So many different humans to see every day.","Всё же этот город довольно увлекательный. Столько разных людей
можно видеть каждый день.",
2,style_review,patch_text01,message/t01.mbe/000_Sheet1.csv,166,f_t0108_0020_0010,char_FEMALE_STUDENT,,действительно,проверить машинный усилитель,"Strange phenomena? Hmm, yeah. I do hear that
phrase a lot lately...","Странные явления? Хм, да. Я действительно часто слышу эту фразу
в последнее время...",
2,style_review,patch_text01,message/t01.mbe/000_Sheet1.csv,182,f_t0108_0110_0040,char_SIMMONS,,довольно,проверить машинный усилитель,The public safety people appear to be rather frazzled...,"Сотрудники общественной безопасности выглядят довольно
растерянными...",
2,style_review,patch_text01,message/t01.mbe/000_Sheet1.csv,258,f_t0121_040_0020,char_MAN,,довольно,проверить машинный усилитель,"Yeah, it's pretty lively so sales are solid. Though, I'll
need to start scouting for the next contenders soon.","Да, довольно оживлённо, так что продажи идут неплохо. Хотя скоро
мне нужно будет начать поиски следующих претендентов.",
2,style_review,patch_text01,message/t02.mbe/000_Sheet1.csv,60,f_t0201_9010_0040,char_YOUNG_MAN,,довольно,проверить машинный усилитель,"Darn! It stinks to lose, but that was still pretty fun!","Чёрт! Проигрывать отстой, но это было довольно весело!",
2,style_review,patch_text01,message/t02.mbe/000_Sheet1.csv,61,f_t0201_9010_0050,char_YOUNG_MAN,,довольно,проверить машинный усилитель,"Whoa, I actually won! It's pretty fun playin' against someone!","Вау, я на самом деле выиграл! Было довольно весело играть против
кого-то!",
2,style_review,patch_text01,message/t03.mbe/000_Sheet1.csv,59,f_t0302_9000_0040,char_MAN,,действительно,проверить машинный усилитель,"Oh, wow. I didn't expect to lose. This game really does have
surprising depth.","О, вау. Я не ожидал проиграть. У этой игры действительно
неожиданная глубина.",
2,style_review,patch_text01,message/t04.mbe/000_Sheet1.csv,49,f_t0402_0040_0030,char_TAKEMIYA,,довольно,проверить машинный усилитель,You seem pretty busy yourself.,"Вы и сами, кажется, довольно заняты.",
2,style_review,patch_text01,message/t04.mbe/000_Sheet1.csv,92,f_t0403_0070_0010,,,довольно,проверить машинный усилитель,"It looks like an anime poster. Must be pretty popular
if they're hanging it in the living room.","Похоже, это постер к аниме. Наверное, оно довольно популярное,
раз его повесили в гостиной.",
2,style_review,patch_text01,message/t04.mbe/000_Sheet1.csv,127,f_t0403_0180_0030,char_MINERVAMON,,довольно,проверить машинный усилитель,"By the way, this drink... What did you call it? Tea? It's
pretty good.","Кстати, этот напиток... Как ты его назвал? Чай? Он довольно
хорош.",f_t0403_0180_0030
