package,file,speaker,speaker_name,dialogue_rows,observed_ru_gender,male_first_person_forms,female_first_person_forms,source_pronoun_gender,source_male_evidence,source_female_evidence,source_samples
patch_text01,message/arena01.mbe/000_Sheet1.csv,char_ETEMON,Этемон,163,unknown,0,0,unknown,0,0,
patch_text01,message/d07.mbe/000_Sheet1.csv,char_GEKOMON,Гэкомон,147,male,1,0,unknown,0,0,
patch_text01,message/rumor_npc.mbe/000_Sheet1.csv,char_MAMEMON,Мамемон,146,male,1,0,unknown,0,0,
patch_text01,message/d05.mbe/000_Sheet1.csv,char_GUARDROMON,Гардромон,125,male,3,0,unknown,0,0,
patch_text01,message/s020_018.mbe/000_Sheet1.csv,char_KAMEMON,Камемон,84,male,7,0,unknown,0,0,
patch_text01,message/d01.mbe/000_Sheet1.csv,char_PUMPMON,Пампмон,76,male,1,0,unknown,0,0,
patch_text01,message/s110_100.mbe/000_Sheet1.csv,char_V-MON,Ви-мон,76,male,3,0,unknown,0,0,
patch_text01,message/d09.mbe/000_Sheet1.csv,char_AEGIOMON,Эгиомон,66,male,2,0,male,1,0,"I wonder what'll happen to the world then... Aegiomon said to trust him, but..."
addcont_02_text01,message/d220.mbe/000_Sheet1.csv,char_BANCHOLEOMON,БанхоЛеомон,59,male,1,0,unknown,0,0,
patch_text01,message/s110_101.mbe/000_Sheet1.csv,char_MAGNAMON,Магнамон,58,male,8,0,unknown,0,0,
patch_text01,message/s070_055.mbe/000_Sheet1.csv,char_MINERVAMON,Минервамон,53,female,0,2,unknown,0,0,
patch_text01,message/field_text.mbe/000_Sheet1.csv,char_VADEMON,Вейдмон,52,unknown,0,0,unknown,0,0,
patch_text01,message/d05.mbe/000_Sheet1.csv,char_VOLCAMON,Волкамон,51,male,1,0,unknown,0,0,
patch_text01,message/battle.mbe/000_Sheet1.csv,char_AEGIOMON,Эгиомон,50,male,2,0,unknown,0,0,
patch_text01,message/s020_173.mbe/000_Sheet1.csv,char_MARINEANGEMON,Маринангемон,50,female,0,5,unknown,0,0,
patch_text01,message/s110_092.mbe/000_Sheet1.csv,char_CRANIAMON,Краниуммон,49,male,5,0,unknown,0,0,
patch_text01,message/m090.mbe/000_Sheet1.csv,char_MINERVAMON,Минервамон,49,female,0,3,unknown,0,0,
patch_text01,message/battle.mbe/000_Sheet1.csv,char_CHRONOMON_BOSS_EVENT,Хрономон,47,male,3,0,unknown,0,0,
patch_text01,message/d03.mbe/000_Sheet1.csv,char_KAMEMON,Камемон,47,male,5,0,male,1,0,"The Coral Fragments haven't arrived yet. I asked Kamemon to get me some, but he still hasn't come back."
patch_text01,message/s040_160.mbe/000_Sheet1.csv,char_MARSMON,Марсмон,47,male,5,0,unknown,0,0,
patch_text01,message/d09.mbe/000_Sheet1.csv,char_VENUSMON,Венусмон,47,unknown,0,0,female,0,1,"It's all thanks to Lady Venusmon. I may not be completely cured, but she never gave up and continued to treat me."
patch_text01,message/m150.mbe/000_Sheet1.csv,char_AEGIOMON,Эгиомон,45,unknown,0,0,unknown,0,0,
patch_text01,message/s110_108.mbe/000_Sheet1.csv,char_EXAMON,Эксамон,45,male,12,0,unknown,0,0,
patch_text01,message/d09.mbe/000_Sheet1.csv,char_VULCANUSMON,Вулканусмон,43,male,2,0,unknown,0,0,
patch_text01,message/d09.mbe/000_Sheet1.csv,char_BACCHUSMON,Вакхмон,42,male,2,0,male,1,0,"In the meantime, I shall keep an eye on Lord Bacchusmon and make sure he stays awake after all this drinking!"
patch_text01,message/s110_111.mbe/000_Sheet1.csv,char_GANKOOMON,Гэнкумон,42,male,4,0,unknown,0,0,
patch_text01,message/d05.mbe/000_Sheet1.csv,char_MARSMON,Марсмон,42,male,4,0,unknown,0,0,
patch_text01,message/m170.mbe/000_Sheet1.csv,char_AEGIOMON,Эгиомон,41,male,1,0,unknown,0,0,
patch_text01,message/m300.mbe/000_Sheet1.csv,char_BACCHUSMON,Вакхмон,41,male,4,0,male,1,0,"Just because Bacchusmon quit drinking, there's no excuse for him to eat like a glutton!"
patch_text01,message/s070_167.mbe/000_Sheet1.csv,char_MINERVAMON,Минервамон,40,female,0,4,unknown,0,0,
patch_text01,message/m170.mbe/000_Sheet1.csv,char_SHELLMON,Шеллмон,40,female,0,1,unknown,0,0,
patch_text01,message/m300.mbe/000_Sheet1.csv,char_AEGIOMON,Эгиомон,38,male,3,0,male,1,0,What the Titans said about Aegiomon wouldn't be far from the truth. He would become a demon incarnate...
patch_text01,message/m440.mbe/000_Sheet1.csv,char_AEGIOMON,Эгиомон,38,male,2,0,male,5,0,"Aegiomon learned of his destiny—to become the Great Guardian— and rose up to face the challenge of protecting the world. || To rescue his companion, Aegiomon awakened the power over time that lay dormant within him. || Aegiomon fell into a deep despair, from his failure to save his partner and from causing the destruction of the world."
patch_text01,message/s110_113.mbe/000_Sheet1.csv,char_GANKOOMON,Гэнкумон,38,male,2,0,unknown,0,0,
patch_text01,message/m160.mbe/000_Sheet1.csv,char_JUNOMON,Юномон,38,unknown,0,0,unknown,0,0,
patch_text01,message/d09.mbe/000_Sheet1.csv,char_MINERVAMON,Минервамон,37,female,0,2,unknown,0,0,
patch_text01,message/s020_013.mbe/000_Sheet1.csv,char_NEPTUNEMON,Нептунмон,37,male,5,0,unknown,0,0,
patch_text01,message/m150.mbe/000_Sheet1.csv,char_VULCANUSMON,Вулканусмон,37,male,2,0,unknown,0,0,
patch_text01,message/m210.mbe/000_Sheet1.csv,char_AEGIOCHUSMON,Эгиохмон,36,male,3,0,unknown,0,0,
patch_text01,message/d06.mbe/000_Sheet1.csv,char_CLAVISANGEMON,Клавис Ангемон,36,male,2,0,male,1,0,ClavisAngemon is a dangerous opponent. Make sure to avoid him while we look for those two devices.
patch_text01,message/m320.mbe/000_Sheet1.csv,char_GRAPLEOMON,ГрапЛеомон,36,male,1,0,male,2,0,"GrapLeomon found his brother at long last. Now a slave of the Titans, Callismon had been forced to fight in the arena. || GrapLeomon set foot into the arena to save his older brother."
patch_text01,message/s020_019.mbe/000_Sheet1.csv,char_JUMBOGAMEMON,ДжамбоГамемон,36,male,2,0,unknown,0,0,
patch_text01,message/m330.mbe/000_Sheet1.csv,char_MERCURYMON,Меркуримон,36,male,2,0,unknown,0,0,
patch_text01,message/d07.mbe/000_Sheet1.csv,char_WISEMON,Вайзмон,36,unknown,0,0,unknown,0,0,
patch_text01,message/m080.mbe/000_Sheet1.csv,char_AEGIOMON,Эгиомон,35,male,1,0,unknown,0,0,
patch_text01,message/m110.mbe/000_Sheet1.csv,char_MINERVAMON,Минервамон,35,female,0,1,unknown,0,0,
addcont_02_text01,message/d240.mbe/000_Sheet1.csv,char_OMEGAMON,Омегамон,35,male,1,0,unknown,0,0,
patch_text01,message/s095_082.mbe/000_Sheet1.csv,char_VULCANUSMON,Вулканусмон,35,male,3,0,unknown,0,0,
patch_text01,message/m190.mbe/000_Sheet1.csv,char_AEGIOMON,Эгиомон,34,male,7,0,unknown,0,0,
patch_text01,message/s095_077.mbe/000_Sheet1.csv,char_GUARDROMON,Гардромон,34,unknown,0,0,unknown,0,0,
patch_text01,message/m170.mbe/000_Sheet1.csv,char_HANGYOMON,Хангёмон,34,male,3,0,male,1,0,This is Divermon. He doesn't want to fight anymore. Don't worry.
patch_text01,message/m350.mbe/000_Sheet1.csv,char_MERCURYMON,Меркуримон,34,male,2,0,male,2,0,"Lord Merukimon is preparing to take the field, too. Do you think he can even fight in that state...? || The renewed Merukimon put his vaunted speed on full display."
patch_text01,message/battle.mbe/000_Sheet1.csv,char_MINERVAMON,Минервамон,34,unknown,0,0,unknown,0,0,
patch_text01,message/s050_152.mbe/000_Sheet1.csv,char_PEGASMON,Пегасмон,34,male,4,0,unknown,0,0,
patch_text01,message/m280.mbe/000_Sheet1.csv,char_RANAMON,Ранамон,34,female,0,4,female,0,1,"Come to think of it... where's Lanamon? I think she should know about this, too."
patch_text01,message/m260.mbe/000_Sheet1.csv,char_RANAMON,Ранамон,33,female,0,1,unknown,0,0,
patch_text01,message/d12.mbe/000_Sheet1.csv,char_TYUMON,Тюмон,33,male,5,0,unknown,0,0,
patch_text01,message/d09.mbe/000_Sheet1.csv,char_GRIFFOMON,Гриффомон,32,male,1,0,unknown,0,0,
patch_text01,message/m120.mbe/000_Sheet1.csv,char_LUNAMON,Лунамон,32,female,0,2,unknown,0,0,
patch_text01,message/m140.mbe/000_Sheet1.csv,char_MINERVAMON,Минервамон,32,female,0,3,unknown,0,0,
patch_text01,message/m180.mbe/000_Sheet1.csv,char_SIRENMON,Сиренмон,32,unknown,0,0,unknown,0,0,
patch_text01,message/battle.mbe/000_Sheet1.csv,char_AEGIOCHUSMON,Эгиохмон,31,male,2,0,unknown,0,0,
patch_text01,message/m180.mbe/000_Sheet1.csv,char_AEGIOMON,Эгиомон,30,unknown,0,0,male,1,0,I don't care what path Aegiomon takes! I have to repay him for everything he's done for me!
patch_text01,message/s080_059.mbe/000_Sheet1.csv,char_BLIMPMON,Блимпмон,30,male,3,0,unknown,0,0,
patch_text01,message/m440.mbe/000_Sheet1.csv,char_JUPITERMON,Юпитермон,30,male,2,0,unknown,0,0,
patch_text01,message/m020.mbe/000_Sheet1.csv,char_PIYOMON,Пиёмон,30,male,1,0,unknown,0,0,
patch_text01,message/m430.mbe/000_Sheet1.csv,char_AEGIOMON,Эгиомон,29,male,2,0,unknown,0,0,
patch_text01,message/m140.mbe/000_Sheet1.csv,char_MERCURYMON,Меркуримон,29,male,2,0,unknown,0,0,
patch_text01,message/d04.mbe/000_Sheet1.csv,char_PALMON,Пальмон,29,unknown,0,0,unknown,0,0,
patch_text01,message/m250.mbe/000_Sheet1.csv,char_RANAMON,Ранамон,29,female,0,1,unknown,0,0,
patch_text01,message/s050_042.mbe/000_Sheet1.csv,char_SOLARMON,Солармон,29,male,2,0,unknown,0,0,
patch_text01,message/s110_102.mbe/000_Sheet1.csv,char_ULFORCEVDRAMON,Алфорс Ви-драмон,29,male,5,0,unknown,0,0,
patch_text01,message/m400.mbe/000_Sheet1.csv,char_APOLLOMON,Аполломон,28,male,4,0,unknown,0,0,
patch_text01,message/s080_059.mbe/000_Sheet1.csv,char_CORONAMON,Коронамон,28,unknown,0,0,male,2,0,"I got this for Coronamon when he said he wanted to travel, but I'm giving it to you. || Coronamon makes me so mad! I'm gonna sic Minnie on him as soon as he gets back!"
patch_text01,message/d04.mbe/000_Sheet1.csv,char_FLORAMON,Флорамон,28,female,0,1,unknown,0,0,
patch_text01,message/m410.mbe/000_Sheet1.csv,char_JUNOMON,Юномон,28,unknown,0,0,mixed,1,4,"Adored by Minervamon and many other Digimon, Junomon was filled with joy as she looked forward to fulfilling her sacred duty... || ...The duty of taking Iliad's Great Guardian under her wing, and helping to raise him into his proper form. Junomon eagerly awaited his arrival. || Junomon loved and cherished the Great Guardian so much that she could not hold back the feelings of jealousy that came from such love."
patch_text01,message/m150.mbe/000_Sheet1.csv,char_MERCURYMON,Меркуримон,28,unknown,0,0,unknown,0,0,
patch_text01,message/s070_056.mbe/000_Sheet1.csv,char_MINERVAMON,Минервамон,28,unknown,0,0,unknown,0,0,
patch_text01,message/s110_208.mbe/000_Sheet1.csv,char_SUSANOOMON,Сусаноомон,28,male,4,0,male,2,0,"This is my master, Susanomon. You better not underestimate his strength. || The great hero of Shambala, Susanomon. You should feel honored to fight him."
patch_text01,message/m280.mbe/000_Sheet1.csv,char_VENUSMON,Венусмон,28,female,0,1,unknown,0,0,
patch_text01,message/d09.mbe/000_Sheet1.csv,char_DIANAMON,Дианамон,27,female,0,2,unknown,0,0,
patch_text01,message/d02.mbe/000_Sheet1.csv,char_HAGURUMON,Хагурумон,27,unknown,0,0,unknown,0,0,
patch_text01,message/m410.mbe/000_Sheet1.csv,char_MINERVAMON,Минервамон,27,female,0,2,female,0,1,"Adored by Minervamon and many other Digimon, Junomon was filled with joy as she looked forward to fulfilling her sacred duty..."
patch_text01,message/s110_102.mbe/000_Sheet1.csv,char_NEPTUNEMON,Нептунмон,27,unknown,0,0,unknown,0,0,
patch_text01,message/d03.mbe/000_Sheet1.csv,char_SABMARIMON,Субмаримон,27,unknown,0,0,male,1,0,"Submarimon is a bit odd, but he isn't a bad Digimon. Now you'll be able to go against the current."
patch_text01,message/m300.mbe/000_Sheet1.csv,char_SIRENMON,Сиренмон,27,female,0,1,unknown,0,0,
patch_text01,message/s200_150.mbe/000_Sheet1.csv,char_WANYAMON,  Ванямон,27,male,1,0,unknown,0,0,
patch_text01,message/s010_159.mbe/000_Sheet1.csv,char_ZUBAEAGERMON,Зубаигермон,27,male,1,0,unknown,0,0,
patch_text01,message/s050_039.mbe/000_Sheet1.csv,char_ZUDOMON,Зудомон,27,male,2,0,unknown,0,0,
patch_text01,message/m260.mbe/000_Sheet1.csv,char_AEGIOMON,Эгиомон,26,unknown,0,0,unknown,0,0,
patch_text01,message/s110_093.mbe/000_Sheet1.csv,char_CRANIAMON,Краниуммон,26,male,5,0,unknown,0,0,
patch_text01,message/s020_019.mbe/000_Sheet1.csv,char_NEPTUNEMON,Нептунмон,26,male,2,0,unknown,0,0,
patch_text01,message/m360.mbe/000_Sheet1.csv,char_PLUTOMON,Плутомон,26,male,1,0,male,3,0,"Forced to abdicate that throne, Plutomon made the underworld his new kingdom, where he would hand down judgement to errant souls... || I gave Plutomon what treatment I could. It was touch and go for a while... but he was able to pull through. || After saving Plutomon's life, he reveals Iliad's true past and the hidden truths within its history."
patch_text01,message/s030_183.mbe/000_Sheet1.csv,char_SIRENMON,Сиренмон,26,female,0,3,unknown,0,0,
patch_text01,message/m310.mbe/000_Sheet1.csv,char_AEGIOMON,Эгиомон,25,male,1,0,male,1,0,"Thus, Aegiomon and his human partner are now targets of eradication for ADAMAS."
patch_text01,message/d09.mbe/000_Sheet1.csv,char_APOLLOMON,Аполломон,25,male,2,0,unknown,0,0,
patch_text01,message/m310.mbe/000_Sheet1.csv,char_GRAPLEOMON,ГрапЛеомон,25,male,1,0,unknown,0,0,
patch_text01,message/m150.mbe/000_Sheet1.csv,char_GUARDROMON_GL,Гардромон (золотой),25,unknown,0,0,unknown,0,0,
patch_text01,message/d03.mbe/000_Sheet1.csv,char_HANGYOMON,Хангёмон,25,unknown,0,0,unknown,0,0,
patch_text01,message/d09.mbe/000_Sheet1.csv,char_JUNOMON,Юномон,25,female,0,5,unknown,0,0,
patch_text01,message/s030_030.mbe/000_Sheet1.csv,char_TIGERVESPAMON,ТигерВеспамон,25,unknown,0,0,unknown,0,0,
patch_text01,message/s050_038.mbe/000_Sheet1.csv,char_ZUDOMON,Зудомон,25,male,1,0,unknown,0,0,
patch_text01,message/d09.mbe/000_Sheet1.csv,char_GEKOMON,Гэкомон,24,male,2,0,unknown,0,0,
patch_text01,message/d04.mbe/000_Sheet1.csv,char_LOTOSMON,Лотусмон,24,female,0,1,unknown,0,0,
patch_text01,message/d05.mbe/000_Sheet1.csv,char_MECHANORIMON,Механоримон,24,male,1,0,unknown,0,0,
patch_text01,message/m210.mbe/000_Sheet1.csv,char_TITAMON,Титамон,24,unknown,0,0,unknown,0,0,
patch_text01,message/m285.mbe/000_Sheet1.csv,char_VENUSMON,Венусмон,24,unknown,0,0,unknown,0,0,
patch_text01,message/m420.mbe/000_Sheet1.csv,char_AEGIOMON,Эгиомон,23,unknown,0,0,mixed,2,1,"Aegiomon, who lost someone important to him and who was driven by pain, disrupted the laws of time. || Aegiomon wanted to reunite Inori Misono with her little brother. || The reason you're being mistaken for Aegiomon is because you were originally born from him."
patch_text01,message/s050_041.mbe/000_Sheet1.csv,char_HAGURUMON,Хагурумон,23,unknown,0,0,unknown,0,0,
patch_text01,message/s110_112.mbe/000_Sheet1.csv,char_JESMON,Джесмон,23,male,5,0,unknown,0,0,
patch_text01,message/d01.mbe/000_Sheet1.csv,char_SOCERIMON,Сорсеримон,23,unknown,0,0,unknown,0,0,
patch_text01,message/battle.mbe/000_Sheet1.csv,char_AEGIOCHUSMON_BLUE,Эгиохмон: Синий,22,male,2,0,unknown,0,0,
patch_text01,message/battle.mbe/000_Sheet1.csv,char_AEGIOCHUSMON_DARK,Эгиохмон: Тёмный,22,male,2,0,unknown,0,0,
patch_text01,message/battle.mbe/000_Sheet1.csv,char_AEGIOCHUSMON_GREEN,Эгиохмон: Зелёный,22,male,2,0,unknown,0,0,
patch_text01,message/battle.mbe/000_Sheet1.csv,char_AEGIOCHUSMON_HOLLY,Эгиохмон: Святой,22,male,2,0,unknown,0,0,
patch_text01,message/field_text.mbe/000_Sheet1.csv,char_DINOHUMON,Динохьюмон,22,unknown,0,0,unknown,0,0,
patch_text01,message/s080_059.mbe/000_Sheet1.csv,char_LUNAMON,Лунамон,22,female,0,1,unknown,0,0,
patch_text01,message/battle.mbe/000_Sheet1.csv,char_MERCURYMON,Меркуримон,22,male,1,0,unknown,0,0,
patch_text01,message/s030_031.mbe/000_Sheet1.csv,char_TONOSAMAGEKOMON,Тоносама Гэкомон,22,male,3,0,unknown,0,0,
patch_text01,message/s080_059.mbe/000_Sheet1.csv,char_VADEMON,Вейдмон,22,unknown,0,0,unknown,0,0,
patch_text01,message/m340.mbe/000_Sheet1.csv,char_AEGIOMON,Эгиомон,21,unknown,0,0,unknown,0,0,
patch_text01,message/s110_211.mbe/000_Sheet1.csv,char_AGUMON,Агумон,21,male,1,0,unknown,0,0,
patch_text01,message/s110_098.mbe/000_Sheet1.csv,char_ALPHAMON,Альфамон,21,male,2,0,unknown,0,0,
patch_text01,message/m290.mbe/000_Sheet1.csv,char_BACCHUSMON,Вакхмон,21,male,2,0,male,1,0,"Bacchusmon, overcome by grief and guilt, took a bottle of poison to his own lips..."
patch_text01,message/s110_103.mbe/000_Sheet1.csv,char_DYNASMON,Динасмон,21,unknown,0,0,unknown,0,0,
patch_text01,message/h06.mbe/000_Sheet1.csv,char_LOTOSMON,Лотусмон,21,female,0,1,unknown,0,0,
patch_text01,message/m240.mbe/000_Sheet1.csv,char_MERCURYMON,Меркуримон,21,male,1,0,unknown,0,0,
patch_text01,message/s050_176.mbe/000_Sheet1.csv,char_MERCURYMON,Меркуримон,21,male,4,0,unknown,0,0,
patch_text01,message/d03.mbe/000_Sheet1.csv,char_OCTMON,Октомон,21,unknown,0,0,unknown,0,0,
patch_text01,message/d02.mbe/000_Sheet1.csv,char_TYUMON,Тюмон,21,unknown,0,0,unknown,0,0,
patch_text01,message/d01.mbe/000_Sheet1.csv,char_WIZARDMON,Визармон,21,unknown,0,0,unknown,0,0,
patch_text01,message/s030_029.mbe/000_Sheet1.csv,char_BACCHUSMON,Вакхмон,20,unknown,0,0,unknown,0,0,
patch_text01,message/field_text.mbe/000_Sheet1.csv,char_GAWAPPAMON,Гаваппамон,20,unknown,0,0,unknown,0,0,
patch_text01,message/d09.mbe/000_Sheet1.csv,char_MARSMON,Марсмон,20,male,2,0,unknown,0,0,
patch_text01,message/d02.mbe/000_Sheet1.csv,char_MERCURYMON,Меркуримон,20,male,2,0,male,3,0,"Lord Merukimon must have some kind of plan to stop them, right? I sure hope he does something soon... || Merukimon's the head honcho of this town! You should find him hanging out in the tavern down through that alley! || This is dreadful...! Where's Lord Merukimon?! Please, hurry to his side!"
patch_text01,message/m130.mbe/000_Sheet1.csv,char_MINERVAMON,Минервамон,20,female,0,1,unknown,0,0,
patch_text01,message/m170.mbe/000_Sheet1.csv,char_SHARKMON_BOSS,Шаркмон,20,male,1,0,unknown,0,0,
patch_text01,message/m260.mbe/000_Sheet1.csv,char_VENUSMON,Венусмон,20,unknown,0,0,unknown,0,0,
patch_text01,message/m320.mbe/000_Sheet1.csv,char_AEGIOMON,Эгиомон,19,male,1,0,unknown,0,0,
patch_text01,message/m180.mbe/000_Sheet1.csv,char_BACCHUSMON,Вакхмон,19,unknown,0,0,male,1,0,Please forgive Bacchusmon. He wasn't always like this...
addcont_02_text01,message/d210.mbe/000_Sheet1.csv,char_BANCHOLEOMON,БанхоЛеомон,19,male,2,0,unknown,0,0,
patch_text01,message/m320.mbe/000_Sheet1.csv,char_CHARISMON,Каллисмон,19,unknown,0,0,male,2,0,"Callismon's mind and heart were restored, but the modifications to his body could not be undone. || Marsmon took Callismon's plea to heart—it was the first time his older brother ever depended on him for anything."
addcont_03_text01,message/d310.mbe/000_Sheet1.csv,char_DORUMON,Дорумон,19,male,1,0,unknown,0,0,
patch_text01,message/s110_093.mbe/000_Sheet1.csv,char_ENBARRMON,Энбаррмон,19,unknown,0,0,unknown,0,0,
patch_text01,message/s070_057.mbe/000_Sheet1.csv,char_MINERVAMON,Минервамон,19,female,0,4,unknown,0,0,
patch_text01,message/d03.mbe/000_Sheet1.csv,char_MOJYAMON,Моджамон,19,male,1,0,unknown,0,0,
patch_text01,message/d09.mbe/000_Sheet1.csv,char_NEPTUNEMON,Нептунмон,19,unknown,0,0,male,1,0,Neptunemon is defending our injured allies while trying to fight at the same time. That's why he's being pushed back.
patch_text01,message/m260.mbe/000_Sheet1.csv,char_NEPTUNEMON,Нептунмон,19,male,1,0,unknown,0,0,
patch_text01,message/s050_176.mbe/000_Sheet1.csv,char_RAPIDMON_ARMOR,Рапидмон (Броня),19,unknown,0,0,unknown,0,0,
patch_text01,message/d03.mbe/000_Sheet1.csv,char_SHAWUJINMON,Шауджинмон,19,unknown,0,0,unknown,0,0,
patch_text01,message/d06.mbe/000_Sheet1.csv,char_WITCHMON,Витчмон,19,female,0,1,unknown,0,0,
patch_text01,message/battle.mbe/000_Sheet1.csv,char_APOLLOMON,Аполломон,18,unknown,0,0,unknown,0,0,
patch_text01,message/d09.mbe/000_Sheet1.csv,char_CHARISMON,Каллисмон,18,male,1,0,unknown,0,0,
patch_text01,message/d04.mbe/000_Sheet1.csv,char_HAWKMON,Хоукмон,18,male,1,0,unknown,0,0,
patch_text01,message/d04.mbe/000_Sheet1.csv,char_JYUREIMON,Дзюреймон,18,male,2,0,unknown,0,0,
patch_text01,message/d02.mbe/000_Sheet1.csv,char_MECHANORIMON,Механоримон,18,male,1,0,unknown,0,0,
addcont_02_text01,message/d230.mbe/000_Sheet1.csv,char_OMEGAMON,Омегамон,18,male,2,0,unknown,0,0,
patch_text01,message/s030_030.mbe/000_Sheet1.csv,char_PECKMON,Пекмон,18,male,2,0,unknown,0,0,
patch_text01,message/d09.mbe/000_Sheet1.csv,char_PLUTOMON,Плутомон,18,unknown,0,0,unknown,0,0,
patch_text01,message/d09.mbe/000_Sheet1.csv,char_SABMARIMON,Субмаримон,18,male,1,0,unknown,0,0,
patch_text01,message/d03.mbe/000_Sheet1.csv,char_SHELLMON,Шеллмон,18,unknown,0,0,female,0,2,Shellmon's house is on the outskirts of the village. Perhaps she would let her guard down and talk to outsiders like yourselves. || Maybe Shellmon would let her guard down and talk to outsiders like you.
patch_text01,message/h03.mbe/000_Sheet1.csv,char_VADEMON,Вейдмон,18,unknown,0,0,unknown,0,0,
patch_text01,message/d12.mbe/000_Sheet1.csv,char_WEREGARURUMON,ВерГарурумон,18,male,3,0,unknown,0,0,
patch_text01,message/m100.mbe/000_Sheet1.csv,char_AEGIOMON,Эгиомон,17,unknown,0,0,unknown,0,0,
patch_text01,message/s110_090.mbe/000_Sheet1.csv,char_AGUMON,Агумон,17,male,2,0,unknown,0,0,
patch_text01,message/s110_091.mbe/000_Sheet1.csv,char_AGUMON,Агумон,17,male,3,0,unknown,0,0,
patch_text01,message/s200_148.mbe/000_Sheet1.csv,char_AGUMON,Агумон,17,male,1,0,unknown,0,0,
patch_text01,message/s110_094.mbe/000_Sheet1.csv,char_BAKEMON,Бакэмон,17,male,1,0,unknown,0,0,
patch_text01,message/m280.mbe/000_Sheet1.csv,char_CALAMARAMON,Каламарамон,17,female,0,2,unknown,0,0,
patch_text01,message/t01.mbe/000_Sheet1.csv,char_PILEVOLCAMON,ПайлВолкамон,17,male,1,0,unknown,0,0,
patch_text01,message/s110_092.mbe/000_Sheet1.csv,char_PLUTOMON,Плутомон,17,unknown,0,0,male,1,0,"Despite his appearance, Plutomon is quite receptive. Just try talking to him."
patch_text01,message/s110_093.mbe/000_Sheet1.csv,char_PLUTOMON,Плутомон,17,unknown,0,0,unknown,0,0,
patch_text01,message/d02.mbe/000_Sheet1.csv,char_REVOLMON,Револьмон,17,unknown,0,0,unknown,0,0,
patch_text01,message/s200_148.mbe/000_Sheet1.csv,char_TAILMON,Тейлмон,17,unknown,0,0,unknown,0,0,
patch_text01,message/m110.mbe/000_Sheet1.csv,char_TITAMON,Титамон,17,unknown,0,0,unknown,0,0,
patch_text01,message/battle.mbe/000_Sheet1.csv,char_VULCANUSMON,Вулканусмон,17,male,1,0,unknown,0,0,
patch_text01,message/d03.mbe/000_Sheet1.csv,char_WHAMON,Уэмон,17,unknown,0,0,male,1,0,I noticed Whamon showing up as well. Did you summon him?
patch_text01,message/m120.mbe/000_Sheet1.csv,char_AEGIOMON,Эгиомон,16,unknown,0,0,unknown,0,0,
patch_text01,message/m400.mbe/000_Sheet1.csv,char_DIANAMON,Дианамон,16,female,0,1,unknown,0,0,
patch_text01,message/battle.mbe/000_Sheet1.csv,char_GEKOMON,Гэкомон,16,unknown,0,0,unknown,0,0,
patch_text01,message/m170.mbe/000_Sheet1.csv,char_JUNOMON,Юномон,16,unknown,0,0,unknown,0,0,
patch_text01,message/d06.mbe/000_Sheet1.csv,char_RANAMON,Ранамон,16,female,0,2,unknown,0,0,
patch_text01,message/d02.mbe/000_Sheet1.csv,char_RENAMON,Ренамон,16,male,1,0,unknown,0,0,
patch_text01,message/d09.mbe/000_Sheet1.csv,char_SHAWUJINMON,Шауджинмон,16,male,1,0,unknown,0,0,
patch_text01,message/d03.mbe/000_Sheet1.csv,char_VENUSMON,Венусмон,16,female,0,1,unknown,0,0,
patch_text01,message/s110_108.mbe/000_Sheet1.csv,char_VENUSMON,Венусмон,16,female,0,4,unknown,0,0,
patch_text01,message/d03.mbe/000_Sheet1.csv,char_AEGIOMON,Эгиомон,15,male,2,0,unknown,0,0,
patch_text01,message/m070.mbe/000_Sheet1.csv,char_AEGIOMON,Эгиомон,15,male,2,0,unknown,0,0,
patch_text01,message/m280.mbe/000_Sheet1.csv,char_AEGIOMON,Эгиомон,15,unknown,0,0,unknown,0,0,
patch_text01,message/m285.mbe/000_Sheet1.csv,char_AEGIOMON,Эгиомон,15,male,2,0,unknown,0,0,
patch_text01,message/d12.mbe/000_Sheet1.csv,char_BEELSTARMON,Вель Стармон,15,female,0,2,unknown,0,0,
patch_text01,message/d03.mbe/000_Sheet1.csv,char_GEKOMON,Гэкомон,15,unknown,0,0,unknown,0,0,
patch_text01,message/m190.mbe/000_Sheet1.csv,char_JUNOMON,Юномон,15,unknown,0,0,unknown,0,0,
patch_text01,message/m360.mbe/000_Sheet1.csv,char_MERCURYMON,Меркуримон,15,unknown,0,0,unknown,0,0,
patch_text01,message/d02.mbe/000_Sheet1.csv,char_PEGASMON,Пегасмон,15,unknown,0,0,unknown,0,0,
patch_text01,message/d02.mbe/000_Sheet1.csv,char_PUMPMON,Пампмон,15,unknown,0,0,unknown,0,0,
patch_text01,message/d04.mbe/000_Sheet1.csv,char_SHURIMON,Сюримон,15,male,2,0,unknown,0,0,
patch_text01,message/m150.mbe/000_Sheet1.csv,char_VADEMON,Вейдмон,15,unknown,0,0,unknown,0,0,
patch_text01,message/d12.mbe/000_Sheet1.csv,char_VENUSMON,Венусмон,15,female,0,1,unknown,0,0,
patch_text01,message/m390.mbe/000_Sheet1.csv,char_VULCANUSMON,Вулканусмон,15,unknown,0,0,male,4,0,"When Vulcanusmon finally got to visit, he connected with humans, exchanged knowledge and friendship with them, and truly enjoyed his time there. || However, that joy ended up being short-lived. Tragedy befell Vulcanusmon, as he found himself captured by humans with villainous intent. || Not only was Vulcanusmon used as a test subject, but in a true display of horror, his body was assimilated into the weapon."
patch_text01,message/m300.mbe/000_Sheet1.csv,char_WITCHMON,Витчмон,15,female,0,1,unknown,0,0,
patch_text01,message/m390.mbe/000_Sheet1.csv,char_AEGIOMON,Эгиомон,14,male,3,0,male,1,0,"Aegiomon was the demon created by Chronomon, the surrogate meant to inherit his power to tamper with time."
patch_text01,message/d02.mbe/000_Sheet1.csv,char_BAKUMON,Бакумон,14,male,1,0,unknown,0,0,
patch_text01,message/m150.mbe/000_Sheet1.csv,char_BLIMPMON,Блимпмон,14,unknown,0,0,unknown,0,0,
patch_text01,message/battle.mbe/000_Sheet1.csv,char_DIANAMON,Дианамон,14,unknown,0,0,unknown,0,0,
patch_text01,message/m410.mbe/000_Sheet1.csv,char_JUNOMON_HYSTERICMODE,Юномон: Истерический режим,14,unknown,0,0,unknown,0,0,
patch_text01,message/s095_077.mbe/000_Sheet1.csv,char_LOADERLIOMON,Лоадер Лиомон,14,unknown,0,0,unknown,0,0,
patch_text01,message/m030.mbe/000_Sheet1.csv,char_MINERVAMON,Минервамон,14,unknown,0,0,unknown,0,0,
patch_text01,message/m440.mbe/000_Sheet1.csv,char_MINERVAMON,Минервамон,14,female,0,1,unknown,0,0,
patch_text01,message/s110_094.mbe/000_Sheet1.csv,char_PLUTOMON,Плутомон,14,unknown,0,0,unknown,0,0,
patch_text01,message/d02.mbe/000_Sheet1.csv,char_SILPHYMON,Сильфимон,14,male,3,0,unknown,0,0,
patch_text01,message/d11.mbe/000_Sheet1.csv,char_AEGIOMON,Эгиомон,13,male,1,0,unknown,0,0,
addcont_01_text01,message/d150.mbe/000_Sheet1.csv,char_AEGIOMON,Эгиомон,13,unknown,0,0,unknown,0,0,
patch_text01,message/m290.mbe/000_Sheet1.csv,char_AEGIOMON,Эгиомон,13,unknown,0,0,unknown,0,0,
patch_text01,message/d02.mbe/000_Sheet1.csv,char_ARCHNEMON,Арахнемон,13,female,0,1,unknown,0,0,
patch_text01,message/battle.mbe/000_Sheet1.csv,char_BACCHUSMON,Вакхмон,13,unknown,0,0,unknown,0,0,
patch_text01,message/d04.mbe/000_Sheet1.csv,char_BACCHUSMON,Вакхмон,13,unknown,0,0,male,2,0,It seems Bacchusmon is in a good mood. He probably wouldn't let you get away very easily. || Perhaps you may be able to do something about this situation. Bacchusmon is just ahead. Could you please talk to him?
patch_text01,message/s070_167.mbe/000_Sheet1.csv,char_BEELZEBUMON,Вельзевумон,13,unknown,0,0,male,1,0,The issue isn't that simple. Defeating Beelzemon as he is now won't solve anything.
addcont_03_text01,message/d340.mbe/000_Sheet1.csv,char_DORUMON,Дорумон,13,male,3,0,unknown,0,0,
patch_text01,message/d02.mbe/000_Sheet1.csv,char_EX-TYRANOMON,Экс-Тираномон,13,male,1,0,unknown,0,0,
patch_text01,message/d02.mbe/000_Sheet1.csv,char_FALCOMON,Фалькомон,13,male,1,0,unknown,0,0,
patch_text01,message/d04.mbe/000_Sheet1.csv,char_GRIFFOMON,Гриффомон,13,male,2,0,unknown,0,0,
patch_text01,message/m150.mbe/000_Sheet1.csv,char_GUARDROMON,Гардромон,13,male,1,0,unknown,0,0,
patch_text01,message/d05.mbe/000_Sheet1.csv,char_GUARDROMON_GL,Гардромон (золотой),13,male,1,0,unknown,0,0,
patch_text01,message/s110_113.mbe/000_Sheet1.csv,char_JESMON,Джесмон,13,unknown,0,0,unknown,0,0,
patch_text01,message/battle.mbe/000_Sheet1.csv,char_JUNOMON,Юномон,13,unknown,0,0,unknown,0,0,
patch_text01,message/m420.mbe/000_Sheet1.csv,char_JUNOMON,Юномон,13,female,0,1,unknown,0,0,
patch_text01,message/d09.mbe/000_Sheet1.csv,char_KAMEMON,Камемон,13,male,1,0,unknown,0,0,
patch_text01,message/m120.mbe/000_Sheet1.csv,char_KNIGHTMON,Найтмон,13,male,2,0,unknown,0,0,
patch_text01,message/d05.mbe/000_Sheet1.csv,char_KOKUWAMON,Кокувамон,13,male,1,0,unknown,0,0,
patch_text01,message/m030.mbe/000_Sheet1.csv,char_LUNAMON,Лунамон,13,unknown,0,0,unknown,0,0,
patch_text01,message/rumor_npc.mbe/000_Sheet1.csv,char_NANIMON,Нанимон,13,male,1,0,unknown,0,0,
patch_text01,message/m280.mbe/000_Sheet1.csv,char_NEPTUNEMON,Нептунмон,13,unknown,0,0,unknown,0,0,
patch_text01,message/d06.mbe/000_Sheet1.csv,char_ORGEMON,Оргмон,13,unknown,0,0,unknown,0,0,
patch_text01,message/s050_176.mbe/000_Sheet1.csv,char_PHARAOHMON,Фараомон,13,unknown,0,0,unknown,0,0,
patch_text01,message/s050_043.mbe/000_Sheet1.csv,char_SOLARMON,Солармон,13,unknown,0,0,unknown,0,0,
patch_text01,message/d02.mbe/000_Sheet1.csv,char_STARMON,Стармон,13,unknown,0,0,unknown,0,0,
patch_text01,message/m310.mbe/000_Sheet1.csv,char_STINGMON,Стингмон,13,male,1,0,unknown,0,0,
patch_text01,message/battle.mbe/000_Sheet1.csv,char_VENUSMON,Венусмон,13,unknown,0,0,unknown,0,0,
patch_text01,message/s910_169.mbe/000_Sheet1.csv,char_WENDIMON,Вендимон,13,unknown,0,0,unknown,0,0,
patch_text01,message/d09.mbe/000_Sheet1.csv,char_WHAMON,Уэмон,13,male,2,0,unknown,0,0,
patch_text01,message/d05.mbe/000_Sheet1.csv,char_AEGIOMON,Эгиомон,12,male,1,0,unknown,0,0,
patch_text01,message/m110.mbe/000_Sheet1.csv,char_AEGIOMON,Эгиомон,12,male,1,0,male,1,0,"Aegiomon says he woke up here, then made his way to us..."
patch_text01,message/m140.mbe/000_Sheet1.csv,char_AEGIOMON,Эгиомон,12,unknown,0,0,unknown,0,0,
patch_text01,message/m230.mbe/000_Sheet1.csv,char_AEGIOMON,Эгиомон,12,male,1,0,unknown,0,0,
patch_text01,message/m250.mbe/000_Sheet1.csv,char_AEGIOMON,Эгиомон,12,male,1,0,unknown,0,0,
patch_text01,message/s110_098.mbe/000_Sheet1.csv,char_AGUMON,Агумон,12,unknown,0,0,unknown,0,0,
patch_text01,message/s030_029.mbe/000_Sheet1.csv,char_DUFTMON,Дуфтмон,12,male,1,0,unknown,0,0,
patch_text01,message/m420.mbe/000_Sheet1.csv,char_JUPITERMON,Юпитермон,12,male,2,0,unknown,0,0,
patch_text01,message/battle.mbe/000_Sheet1.csv,char_MARSMON,Марсмон,12,male,1,0,unknown,0,0,
patch_text01,message/d12.mbe/000_Sheet1.csv,char_MERCURYMON,Меркуримон,12,male,1,0,male,4,0,"If you're looking for Lord Merukimon, he's just further ahead. You should go see him. || Merukimon's body can hold out no longer. That fact has put urgency behind his decision. || But never mind that. You're looking to meet with Lord Merukimon, right? Well, you're in luck! He's inside."
patch_text01,message/m400.mbe/000_Sheet1.csv,char_PUMPMON,Пампмон,12,male,1,0,unknown,0,0,
patch_text01,message/m080.mbe/000_Sheet1.csv,char_VADEMON,Вейдмон,12,unknown,0,0,unknown,0,0,
addcont_01_text01,message/d110.mbe/000_Sheet1.csv,char_AEGIOMON,Эгиомон,11,unknown,0,0,unknown,0,0,
patch_text01,message/t03.mbe/000_Sheet1.csv,char_AEGIOMON,Эгиомон,11,unknown,0,0,unknown,0,0,
addcont_03_text01,message/d350.mbe/000_Sheet1.csv,char_ALPHAMON,Альфамон,11,unknown,0,0,unknown,0,0,
patch_text01,message/d05.mbe/000_Sheet1.csv,char_ANKYLOMON,Анкиломон,11,unknown,0,0,unknown,0,0,
patch_text01,message/d06.mbe/000_Sheet1.csv,char_APOLLOMON,Аполломон,11,unknown,0,0,unknown,0,0,
patch_text01,message/s010_180.mbe/000_Sheet1.csv,char_BEELSTARMON,Вель Стармон,11,female,0,1,unknown,0,0,
patch_text01,message/m440.mbe/000_Sheet1.csv,char_CHRONOMON_BOSS_EVENT,Хрономон,11,unknown,0,0,unknown,0,0,
patch_text01,message/d02.mbe/000_Sheet1.csv,char_GOTTSUMON,Готцумон,11,unknown,0,0,unknown,0,0,
patch_text01,message/s200_150.mbe/000_Sheet1.csv,char_METALSEADRAMON,Металл Сидрамон,11,male,1,0,unknown,0,0,
patch_text01,message/s910_170.mbe/000_Sheet1.csv,char_MILLENNIUMON,Милленниумон,11,unknown,0,0,unknown,0,0,
patch_text01,message/m150.mbe/000_Sheet1.csv,char_MINERVAMON,Минервамон,11,female,0,1,unknown,0,0,
patch_text01,message/t04.mbe/000_Sheet1.csv,char_MINERVAMON,Минервамон,11,female,0,1,unknown,0,0,
patch_text01,message/battle.mbe/000_Sheet1.csv,char_NANIMON,Нанимон,11,unknown,0,0,unknown,0,0,
patch_text01,message/battle.mbe/000_Sheet1.csv,char_NEPTUNEMON,Нептунмон,11,unknown,0,0,unknown,0,0,
patch_text01,message/d02.mbe/000_Sheet1.csv,char_PANDAMON,Пандамон,11,unknown,0,0,unknown,0,0,
patch_text01,message/battle.mbe/000_Sheet1.csv,char_PLUTOMON,Плутомон,11,unknown,0,0,unknown,0,0,
patch_text01,message/d02.mbe/000_Sheet1.csv,char_REPPAMON,Реппамон,11,unknown,0,0,unknown,0,0,
patch_text01,message/d09.mbe/000_Sheet1.csv,char_ROSEMON,Роузмон,11,unknown,0,0,unknown,0,0,
patch_text01,message/d03.mbe/000_Sheet1.csv,char_SHAKOMON,Сякомон,11,unknown,0,0,unknown,0,0,
patch_text01,message/d05.mbe/000_Sheet1.csv,char_SOLARMON,Солармон,11,male,1,0,unknown,0,0,
patch_text01,message/d04.mbe/000_Sheet1.csv,char_SUNFLOWMON,Санфлаумон,11,female,0,1,unknown,0,0,
patch_text01,message/m240.mbe/000_Sheet1.csv,char_WEREGARURUMON,ВерГарурумон,11,unknown,0,0,unknown,0,0,
patch_text01,message/d11.mbe/000_Sheet1.csv,char_AEGIOCHUSMON,Эгиохмон,10,unknown,0,0,unknown,0,0,
patch_text01,message/m200.mbe/000_Sheet1.csv,char_AEGIOCHUSMON,Эгиохмон,10,unknown,0,0,unknown,0,0,
patch_text01,message/m410.mbe/000_Sheet1.csv,char_APOLLOMON,Аполломон,10,unknown,0,0,unknown,0,0,
patch_text01,message/rumor_npc.mbe/000_Sheet1.csv,char_CATCHMAMEMON,КатчМамаемон,10,unknown,0,0,unknown,0,0,
patch_text01,message/battle.mbe/000_Sheet1.csv,char_CERESMON_MEDIUM,Сересмон Медиум,10,unknown,0,0,unknown,0,0,
patch_text01,message/d05.mbe/000_Sheet1.csv,char_DARKSUPERSTARMON,Дарк Суперстармон,10,unknown,0,0,unknown,0,0,
patch_text01,message/d06.mbe/000_Sheet1.csv,char_DIANAMON,Дианамон,10,female,0,1,unknown,0,0,
patch_text01,message/d06.mbe/000_Sheet1.csv,char_FUGAMON,Фугамон,10,unknown,0,0,unknown,0,0,
patch_text01,message/rumor_npc.mbe/000_Sheet1.csv,char_FUNBEEMON,Фанбимон,10,unknown,0,0,unknown,0,0,
patch_text01,message/s010_003.mbe/000_Sheet1.csv,char_GUILMON,Гилмон,10,unknown,0,0,unknown,0,0,
patch_text01,message/m140.mbe/000_Sheet1.csv,char_HAGURUMON,Хагурумон,10,unknown,0,0,unknown,0,0,
patch_text01,message/digimon_chat.mbe/000_Sheet1.csv,char_LUCEMON,Люцимон,10,unknown,0,0,unknown,0,0,
patch_text01,message/rumor_npc.mbe/000_Sheet1.csv,char_MUCHOMON,Мучомон,10,unknown,0,0,unknown,0,0,
patch_text01,message/rumor_npc.mbe/000_Sheet1.csv,char_OCTMON,Октомон,10,unknown,0,0,unknown,0,0,
patch_text01,message/m180.mbe/000_Sheet1.csv,char_PALMON,Пальмон,10,female,0,2,unknown,0,0,
patch_text01,message/d09.mbe/000_Sheet1.csv,char_PICKLEMON,Пикмон,10,unknown,0,0,unknown,0,0,
patch_text01,message/d09.mbe/000_Sheet1.csv,char_PIYOMON,Пиёмон,10,male,2,0,unknown,0,0,
patch_text01,message/d02.mbe/000_Sheet1.csv,char_PUNIMON,Пунимон,10,unknown,0,0,unknown,0,0,
patch_text01,message/d12.mbe/000_Sheet1.csv,char_AEGIOMON,Эгиомон,9,unknown,0,0,unknown,0,0,
patch_text01,message/m130.mbe/000_Sheet1.csv,char_AEGIOMON,Эгиомон,9,unknown,0,0,unknown,0,0,
patch_text01,message/m240.mbe/000_Sheet1.csv,char_AEGIOMON,Эгиомон,9,unknown,0,0,unknown,0,0,
patch_text01,message/m330.mbe/000_Sheet1.csv,char_AEGIOMON,Эгиомон,9,unknown,0,0,unknown,0,0,
patch_text01,message/t04.mbe/000_Sheet1.csv,char_AEGIOMON,Эгиомон,9,unknown,0,0,male,3,0,Aegiomon... said he wanted to be alone and headed up to the roof. || Aegiomon's not here. Did he go downstairs already? || I'll try talking to Aegiomon a little more when he wakes up.
patch_text01,message/s110_101.mbe/000_Sheet1.csv,char_BREAKDRAMON,Брейкдрамон,9,unknown,0,0,unknown,0,0,
patch_text01,message/d05.mbe/000_Sheet1.csv,char_CLOCKMON,Клокмон,9,unknown,0,0,unknown,0,0,
patch_text01,message/d03.mbe/000_Sheet1.csv,char_DAGOMON,Дагомон,9,male,1,0,unknown,0,0,
patch_text01,message/arena01.mbe/000_Sheet1.csv,char_DEATHMERAMON,Дес Мерамон,9,male,2,0,unknown,0,0,
patch_text01,message/d02.mbe/000_Sheet1.csv,char_GUNDRAMON,Гандрамон,9,unknown,0,0,unknown,0,0,
patch_text01,message/d06.mbe/000_Sheet1.csv,char_HYOUGAMON,Хёгамон,9,unknown,0,0,unknown,0,0,
patch_text01,message/s110_094.mbe/000_Sheet1.csv,char_IMPERIALDRAMON_FM,Империалдрамон: Режим Бойца,9,unknown,0,0,unknown,0,0,
patch_text01,message/d04.mbe/000_Sheet1.csv,char_LILLYMON,Лилимон,9,female,0,3,unknown,0,0,
patch_text01,message/d02.mbe/000_Sheet1.csv,char_MINERVAMON,Минервамон,9,unknown,0,0,female,0,2,"What? Minervamon? Ehh, she's probably with Merukimon. || Minervamon, the owner of this house, is not here... ...but I've seen her sister Lunamon around."
patch_text01,message/m100.mbe/000_Sheet1.csv,char_MINERVAMON,Минервамон,9,female,0,1,unknown,0,0,
patch_text01,message/d03.mbe/000_Sheet1.csv,char_NEPTUNEMON,Нептунмон,9,male,3,0,unknown,0,0,
patch_text01,message/d02.mbe/000_Sheet1.csv,char_PRINCEMAMEMON,ПринцМамемон,9,male,1,0,unknown,0,0,
patch_text01,message/m120.mbe/000_Sheet1.csv,char_RENAMON,Ренамон,9,unknown,0,0,unknown,0,0,
patch_text01,message/d09.mbe/000_Sheet1.csv,char_SHARKMON_BOSS,Шаркмон,9,male,1,0,unknown,0,0,
patch_text01,message/d05.mbe/000_Sheet1.csv,char_TANKMON,Танкмон,9,unknown,0,0,unknown,0,0,
patch_text01,message/d02.mbe/000_Sheet1.csv,char_VEGIMON,Вегимон,9,unknown,0,0,unknown,0,0,
addcont_01_text01,message/d120.mbe/000_Sheet1.csv,char_AEGIOMON,Эгиомон,8,unknown,0,0,unknown,0,0,
patch_text01,message/d05.mbe/000_Sheet1.csv,char_ANDROMON,Андромон,8,male,1,0,unknown,0,0,
patch_text01,message/s095_078.mbe/000_Sheet1.csv,char_ANDROMON,Андромон,8,unknown,0,0,unknown,0,0,
patch_text01,message/d04.mbe/000_Sheet1.csv,char_ATLURKABUTERIMON,АтлаКабутеримон,8,male,1,0,unknown,0,0,
addcont_02_text01,message/d230.mbe/000_Sheet1.csv,char_BANCHOLEOMON,БанхоЛеомон,8,unknown,0,0,unknown,0,0,
addcont_02_text01,message/d240.mbe/000_Sheet1.csv,char_BANCHOLEOMON,БанхоЛеомон,8,unknown,0,0,unknown,0,0,
addcont_02_text01,message/d250.mbe/000_Sheet1.csv,char_BANCHOLEOMON,БанхоЛеомон,8,unknown,0,0,unknown,0,0,
patch_text01,message/s010_180.mbe/000_Sheet1.csv,char_BLACKTAILMON,Блэк Теилмон,8,unknown,0,0,unknown,0,0,
patch_text01,message/d02.mbe/000_Sheet1.csv,char_CATCHMAMEMON,КатчМамаемон,8,male,1,0,unknown,0,0,
patch_text01,message/m410.mbe/000_Sheet1.csv,char_DIANAMON,Дианамон,8,unknown,0,0,unknown,0,0,
patch_text01,message/m430.mbe/000_Sheet1.csv,char_DIANAMON,Дианамон,8,unknown,0,0,unknown,0,0,
addcont_03_text01,message/d320.mbe/000_Sheet1.csv,char_DORUMON,Дорумон,8,unknown,0,0,unknown,0,0,
patch_text01,message/field_text.mbe/000_Sheet1.csv,char_EBEMON,ЭБЭмон,8,unknown,0,0,unknown,0,0,
patch_text01,message/d02.mbe/000_Sheet1.csv,char_FANTOMON,Фантомон,8,unknown,0,0,unknown,0,0,
patch_text01,message/d03.mbe/000_Sheet1.csv,char_GANIMON,Ганимон,8,unknown,0,0,unknown,0,0,
patch_text01,message/d04.mbe/000_Sheet1.csv,char_GARUDAMON,Гарудамон,8,unknown,0,0,unknown,0,0,
patch_text01,message/rumor_npc.mbe/000_Sheet1.csv,char_GEKOMON,Гэкомон,8,unknown,0,0,unknown,0,0,
patch_text01,message/rumor_npc.mbe/000_Sheet1.csv,char_GOBURIMON,Гобуримон,8,male,1,0,unknown,0,0,
patch_text01,message/s110_101.mbe/000_Sheet1.csv,char_GUARDROMON,Гардромон,8,male,1,0,unknown,0,0,
patch_text01,message/d02.mbe/000_Sheet1.csv,char_IMPMON,Импмон,8,male,1,0,unknown,0,0,
patch_text01,message/s110_111.mbe/000_Sheet1.csv,char_JESMON,Джесмон,8,male,1,0,male,2,0,"Impossible! Jesmon may be late a lot, but he's competitive and hates to lose, so no. || If ya find Jesmon, could ya let him know that I'm waiting?"
patch_text01,message/d06.mbe/000_Sheet1.csv,char_JUNOMON,Юномон,8,unknown,0,0,female,0,1,Junomon has been acting strangely ever since being separated from the Great Guardian and having the treasure stolen from her...
patch_text01,message/s030_183.mbe/000_Sheet1.csv,char_JYUREIMON,Дзюреймон,8,male,1,0,male,1,0,"Cherrymon won't listen to me, so can you try talking to him instead?"
patch_text01,message/d02.mbe/000_Sheet1.csv,char_LEOMON,Леомон,8,unknown,0,0,unknown,0,0,
patch_text01,message/m130.mbe/000_Sheet1.csv,char_LUNAMON,Лунамон,8,female,0,1,unknown,0,0,
patch_text01,message/d02.mbe/000_Sheet1.csv,char_MAMEMON,Мамемон,8,male,1,0,unknown,0,0,
patch_text01,message/m010.mbe/000_Sheet1.csv,char_METALGREYMON,Металл Греймон,8,unknown,0,0,unknown,0,0,
patch_text01,message/d02.mbe/000_Sheet1.csv,char_MINOTAURMON,Минотарумон,8,male,1,0,unknown,0,0,
patch_text01,message/d02.mbe/000_Sheet1.csv,char_MUMMYMON,Мумимон,8,male,1,0,unknown,0,0,
patch_text01,message/field_text.mbe/000_Sheet1.csv,char_MUSHMON,Машмон,8,unknown,0,0,unknown,0,0,
patch_text01,message/s200_148.mbe/000_Sheet1.csv,char_PATAMON,Патамон,8,male,1,0,unknown,0,0,
patch_text01,message/d09.mbe/000_Sheet1.csv,char_PEGASMON,Пегасмон,8,unknown,0,0,unknown,0,0,
patch_text01,message/t04.mbe/000_Sheet1.csv,char_PEGASMON,Пегасмон,8,unknown,0,0,unknown,0,0,
patch_text01,message/d02.mbe/000_Sheet1.csv,char_SHOUTMON,Шаутмон,8,male,1,0,unknown,0,0,
patch_text01,message/m400.mbe/000_Sheet1.csv,char_SOCERIMON,Сорсеримон,8,unknown,0,0,unknown,0,0,
patch_text01,message/d02.mbe/000_Sheet1.csv,char_TANEMON,Танэмон,8,unknown,0,0,unknown,0,0,
patch_text01,message/battle.mbe/000_Sheet1.csv,char_TITAMON,Титамон,8,unknown,0,0,male,2,0,"All signs indicate Titamon is stopping time. Normally, that would be impossible... but with the treasure in his grasp... || Titamon likely charges up his power while time is stopped. How can we counter that...?"
patch_text01,message/rumor_npc.mbe/000_Sheet1.csv,char_TOYAGUMON,Той Агумон,8,unknown,0,0,unknown,0,0,
patch_text01,message/s020_013.mbe/000_Sheet1.csv,char_VENUSMON,Венусмон,8,unknown,0,0,unknown,0,0,
patch_text01,message/m310.mbe/000_Sheet1.csv,char_XV-MON,ИксВи-мон,8,unknown,0,0,unknown,0,0,
patch_text01,message/field_text.mbe/000_Sheet1.csv,char_YUKIDARUMON,Юкидарумон,8,unknown,0,0,unknown,0,0,
patch_text01,message/m060.mbe/000_Sheet1.csv,char_AEGIOMON,Эгиомон,7,unknown,0,0,unknown,0,0,
patch_text01,message/m160.mbe/000_Sheet1.csv,char_AEGIOMON,Эгиомон,7,unknown,0,0,unknown,0,0,
patch_text01,message/rumor_npc.mbe/000_Sheet1.csv,char_AEGIOMON,Эгиомон,7,unknown,0,0,unknown,0,0,
patch_text01,message/s200_150.mbe/000_Sheet1.csv,char_AEGIOMON,Эгиомон,7,unknown,0,0,unknown,0,0,
patch_text01,message/d07.mbe/000_Sheet1.csv,char_BAKEMON,Бакэмон,7,unknown,0,0,unknown,0,0,
patch_text01,message/d02.mbe/000_Sheet1.csv,char_BLACKKINGNUMEMON,БлэкКингНумемон,7,unknown,0,0,unknown,0,0,
patch_text01,message/m100.mbe/000_Sheet1.csv,char_BLACKTAILMON,Блэк Теилмон,7,unknown,0,0,unknown,0,0,
patch_text01,message/d05.mbe/000_Sheet1.csv,char_CAPROMON,Капримон,7,unknown,0,0,unknown,0,0,
patch_text01,message/d09.mbe/000_Sheet1.csv,char_CERESMON_MEDIUM,Сересмон Медиум,7,female,0,1,unknown,0,0,
patch_text01,message/m130.mbe/000_Sheet1.csv,char_CORONAMON,Коронамон,7,unknown,0,0,unknown,0,0,
patch_text01,message/s110_211.mbe/000_Sheet1.csv,char_CRANIAMON,Краниуммон,7,male,1,0,unknown,0,0,
patch_text01,message/d02.mbe/000_Sheet1.csv,char_DARKSUPERSTARMON,Дарк Суперстармон,7,unknown,0,0,unknown,0,0,
patch_text01,message/d02.mbe/000_Sheet1.csv,char_DIGITAMAMON,Дигитамамон,7,unknown,0,0,unknown,0,0,
patch_text01,message/s110_211.mbe/000_Sheet1.csv,char_DUKEMON,Дюкмон,7,unknown,0,0,unknown,0,0,
patch_text01,message/s110_098.mbe/000_Sheet1.csv,char_GABUMON,Габумон,7,unknown,0,0,unknown,0,0,
patch_text01,message/d02.mbe/000_Sheet1.csv,char_GAWAPPAMON,Гаваппамон,7,unknown,0,0,unknown,0,0,
patch_text01,message/m430.mbe/000_Sheet1.csv,char_GRACENOVAMON,Грейс Новамон,7,male,1,0,unknown,0,0,
patch_text01,message/rumor_npc.mbe/000_Sheet1.csv,char_HAGURUMON,Хагурумон,7,unknown,0,0,unknown,0,0,
patch_text01,message/s110_102.mbe/000_Sheet1.csv,char_JUMBOGAMEMON,ДжамбоГамемон,7,male,1,0,unknown,0,0,
patch_text01,message/d02.mbe/000_Sheet1.csv,char_KNIGHTMON,Найтмон,7,male,1,0,unknown,0,0,
patch_text01,message/d05.mbe/000_Sheet1.csv,char_MERAMON,Мерамон,7,unknown,0,0,unknown,0,0,
patch_text01,message/d06.mbe/000_Sheet1.csv,char_MINERVAMON,Минервамон,7,unknown,0,0,unknown,0,0,
patch_text01,message/d02.mbe/000_Sheet1.csv,char_NANIMON,Нанимон,7,male,1,0,unknown,0,0,
patch_text01,message/s010_156.mbe/000_Sheet1.csv,char_OMEGAMON,Омегамон,7,unknown,0,0,unknown,0,0,
patch_text01,message/m130.mbe/000_Sheet1.csv,char_ORGEMON,Оргмон,7,unknown,0,0,unknown,0,0,
patch_text01,message/rumor_npc.mbe/000_Sheet1.csv,char_PALMON,Пальмон,7,unknown,0,0,unknown,0,0,
patch_text01,message/d04.mbe/000_Sheet1.csv,char_PINOCHIMON,Пиноккимон,7,male,2,0,unknown,0,0,
patch_text01,message/d03.mbe/000_Sheet1.csv,char_PLESIOMON,Плезиомон,7,unknown,0,0,unknown,0,0,
patch_text01,message/s090_072.mbe/000_Sheet1.csv,char_PUKAMON,Пукамон,7,male,2,0,unknown,0,0,
patch_text01,message/s070_056.mbe/000_Sheet1.csv,char_PUNIMON,Пунимон,7,male,2,0,unknown,0,0,
addcont_01_text01,message/d120.mbe/000_Sheet1.csv,char_RANAMON,Ранамон,7,female,0,1,unknown,0,0,
patch_text01,message/field_text.mbe/000_Sheet1.csv,char_RANAMON,Ранамон,7,female,0,1,unknown,0,0,
patch_text01,message/d02.mbe/000_Sheet1.csv,char_RAVEMON,Равемон,7,unknown,0,0,male,1,0,Ravemon is incredible... He took out all those tough opponents in one go.
patch_text01,message/s050_043.mbe/000_Sheet1.csv,char_REVOLMON,Револьмон,7,unknown,0,0,unknown,0,0,
patch_text01,message/rumor_npc.mbe/000_Sheet1.csv,char_SHAMAMON,Шамамон,7,unknown,0,0,unknown,0,0,
patch_text01,message/d02.mbe/000_Sheet1.csv,char_SKULLSATAMON,Скалл Сатамон,7,male,1,0,unknown,0,0,
patch_text01,message/d02.mbe/000_Sheet1.csv,char_SOLARMON,Солармон,7,male,2,0,unknown,0,0,
patch_text01,message/s050_041.mbe/000_Sheet1.csv,char_SOLARMON,Солармон,7,male,2,0,unknown,0,0,
patch_text01,message/d05.mbe/000_Sheet1.csv,char_STINGMON,Стингмон,7,unknown,0,0,unknown,0,0,
patch_text01,message/m190.mbe/000_Sheet1.csv,char_TITAMON,Титамон,7,unknown,0,0,unknown,0,0,
patch_text01,message/s030_029.mbe/000_Sheet1.csv,char_TONOSAMAGEKOMON,Тоносама Гэкомон,7,unknown,0,0,male,4,0,"ShogunGekomon hones his mind and spirit before a show. He will be in the sanctuary. || If ShogunGekomon isn't there, go find him! I need you to help me out with this, okay? || ShogunGekomon should be in the sanctuary honing his mind and spirit. Go bring him here!"
patch_text01,message/m300.mbe/000_Sheet1.csv,char_TYRANTKABUTERIMON,Тиран Кабутеримон,7,unknown,0,0,unknown,0,0,
patch_text01,message/d09.mbe/000_Sheet1.csv,char_WARUSEADRAMON,ВарСидрамон,7,unknown,0,0,unknown,0,0,
patch_text01,message/d02.mbe/000_Sheet1.csv,char_WEREGARURUMON,ВерГарурумон,7,unknown,0,0,unknown,0,0,
patch_text01,message/m170.mbe/000_Sheet1.csv,char_WHAMON,Уэмон,7,unknown,0,0,unknown,0,0,
patch_text01,message/m410.mbe/000_Sheet1.csv,char_WITCHMON,Витчмон,7,female,0,1,unknown,0,0,
patch_text01,message/d02.mbe/000_Sheet1.csv,char_ZUDOMON,Зудомон,7,unknown,0,0,unknown,0,0,
patch_text01,message/m235.mbe/000_Sheet1.csv,char_AEGIOMON,Эгиомон,6,unknown,0,0,unknown,0,0,
patch_text01,message/d01.mbe/000_Sheet1.csv,char_APOLLOMON,Аполломон,6,unknown,0,0,male,3,0,It was the right thing to do! We gotta actually get to Lord Apollomon first before we can talk to him! || Apollomon was so angry he scared me senseless... I wonder what happened... || Lord Apollomon just knocked everyone down like bowling pins! And then he melted right through the wall!
patch_text01,message/d05.mbe/000_Sheet1.csv,char_ARMADILLOMON,Армадимон,6,male,1,0,unknown,0,0,
patch_text01,message/s070_167.mbe/000_Sheet1.csv,char_BEELZEMON_BM,Вельзевумон: Бласт-режим,6,unknown,0,0,unknown,0,0,
patch_text01,message/d02.mbe/000_Sheet1.csv,char_DRACUMON,Дракумон,6,unknown,0,0,unknown,0,0,
patch_text01,message/d02.mbe/000_Sheet1.csv,char_FUNBEEMON,Фанбимон,6,unknown,0,0,unknown,0,0,
patch_text01,message/s110_091.mbe/000_Sheet1.csv,char_GABUMON,Габумон,6,unknown,0,0,unknown,0,0,
patch_text01,message/rumor_npc.mbe/000_Sheet1.csv,char_GANIMON,Ганимон,6,unknown,0,0,unknown,0,0,
patch_text01,message/s090_072.mbe/000_Sheet1.csv,char_GAOMON,Гаомон,6,unknown,0,0,unknown,0,0,
patch_text01,message/s030_031.mbe/000_Sheet1.csv,char_GEKOMON,Гэкомон,6,unknown,0,0,unknown,0,0,
patch_text01,message/d12.mbe/000_Sheet1.csv,char_GUARDROMON,Гардромон,6,unknown,0,0,unknown,0,0,
patch_text01,message/field_text.mbe/000_Sheet1.csv,char_GUARDROMON_GL,Гардромон (золотой),6,unknown,0,0,unknown,0,0,
patch_text01,message/d06.mbe/000_Sheet1.csv,char_HANGYOMON,Хангёмон,6,unknown,0,0,unknown,0,0,
patch_text01,message/rumor_npc.mbe/000_Sheet1.csv,char_HANGYOMON,Хангёмон,6,unknown,0,0,unknown,0,0,
patch_text01,message/d04.mbe/000_Sheet1.csv,char_HERCULESKABUTERIMON,ГераклКабутеримон,6,unknown,0,0,unknown,0,0,
patch_text01,message/d05.mbe/000_Sheet1.csv,char_HIANDROMON,ХиАндромон,6,male,2,0,unknown,0,0,
patch_text01,message/d04.mbe/000_Sheet1.csv,char_HIPPOGRIFFOMON,Гиппогрифомон,6,unknown,0,0,unknown,0,0,
patch_text01,message/s110_211.mbe/000_Sheet1.csv,char_JESMON,Джесмон,6,male,2,0,unknown,0,0,
patch_text01,message/d12.mbe/000_Sheet1.csv,char_KNIGHTMON,Найтмон,6,male,1,0,unknown,0,0,
patch_text01,message/s090_072.mbe/000_Sheet1.csv,char_LALAMON,Лаламон,6,unknown,0,0,unknown,0,0,
patch_text01,message/d04.mbe/000_Sheet1.csv,char_LEOMON,Леомон,6,male,1,0,unknown,0,0,
patch_text01,message/t01.mbe/000_Sheet1.csv,char_LOCOMON,Локомон,6,male,2,0,unknown,0,0,
patch_text01,message/d02.mbe/000_Sheet1.csv,char_LUNAMON,Лунамон,6,unknown,0,0,unknown,0,0,
patch_text01,message/rumor_npc.mbe/000_Sheet1.csv,char_METALMAMEMON,Металл Мамемон,6,unknown,0,0,unknown,0,0,
patch_text01,message/d03.mbe/000_Sheet1.csv,char_METALSEADRAMON,Металл Сидрамон,6,unknown,0,0,unknown,0,0,
patch_text01,message/m160.mbe/000_Sheet1.csv,char_MINERVAMON,Минервамон,6,unknown,0,0,unknown,0,0,
patch_text01,message/rumor_npc.mbe/000_Sheet1.csv,char_MINERVAMON,Минервамон,6,unknown,0,0,unknown,0,0,
patch_text01,message/d12.mbe/000_Sheet1.csv,char_MONOCHROMON,Монохромон,6,male,3,0,unknown,0,0,
patch_text01,message/s050_039.mbe/000_Sheet1.csv,char_MONODRAMON,Монодрамон,6,male,1,0,unknown,0,0,
patch_text01,message/d03.mbe/000_Sheet1.csv,char_NANIMON,Нанимон,6,unknown,0,0,unknown,0,0,
patch_text01,message/d05.mbe/000_Sheet1.csv,char_NANIMON,Нанимон,6,unknown,0,0,unknown,0,0,
patch_text01,message/d05.mbe/000_Sheet1.csv,char_NANOMON,Наномон,6,unknown,0,0,unknown,0,0,
patch_text01,message/s090_072.mbe/000_Sheet1.csv,char_NANOMON,Наномон,6,male,1,0,unknown,0,0,
patch_text01,message/m170.mbe/000_Sheet1.csv,char_OCTMON,Октомон,6,unknown,0,0,unknown,0,0,
addcont_02_text01,message/dlcep002_field.mbe/000_Sheet1.csv,char_OMEGAMON,Омегамон,6,unknown,0,0,unknown,0,0,
patch_text01,message/m190.mbe/000_Sheet1.csv,char_ORGEMON,Оргмон,6,unknown,0,0,unknown,0,0,
patch_text01,message/d02.mbe/000_Sheet1.csv,char_PECKMON,Пекмон,6,male,1,0,unknown,0,0,
patch_text01,message/d01.mbe/000_Sheet1.csv,char_PENMON,Пинмон,6,male,1,0,unknown,0,0,
patch_text01,message/d07.mbe/000_Sheet1.csv,char_PICODEVIMON,Пико Девимон,6,unknown,0,0,unknown,0,0,
patch_text01,message/s030_183.mbe/000_Sheet1.csv,char_PUNIMON,Пунимон,6,male,1,0,unknown,0,0,
patch_text01,message/d09.mbe/000_Sheet1.csv,char_RAPIDMON_ARMOR,Рапидмон (Броня),6,male,1,0,unknown,0,0,
patch_text01,message/battle.mbe/000_Sheet1.csv,char_SABMARIMON,Субмаримон,6,unknown,0,0,unknown,0,0,
patch_text01,message/d03.mbe/000_Sheet1.csv,char_SEADRAMON,Сидрамон,6,unknown,0,0,unknown,0,0,
patch_text01,message/rumor_npc.mbe/000_Sheet1.csv,char_SHAKOMON,Сякомон,6,unknown,0,0,unknown,0,0,
patch_text01,message/d06.mbe/000_Sheet1.csv,char_TAILMON,Тейлмон,6,unknown,0,0,unknown,0,0,
patch_text01,message/d04.mbe/000_Sheet1.csv,char_TANEMON,Танэмон,6,male,1,0,unknown,0,0,
patch_text01,message/d12.mbe/000_Sheet1.csv,char_TOGEMON,Тогэмон,6,unknown,0,0,unknown,0,0,
patch_text01,message/d02.mbe/000_Sheet1.csv,char_TURUIEMON,Туруйемон,6,unknown,0,0,unknown,0,0,
patch_text01,message/s200_147.mbe/000_Sheet1.csv,char_TUSKMON,Таскмон,6,male,1,0,unknown,0,0,
patch_text01,message/rumor_npc.mbe/000_Sheet1.csv,char_TYUMON,Тюмон,6,unknown,0,0,unknown,0,0,
patch_text01,message/digimon_chat.mbe/000_Sheet1.csv,char_AEGIOCHUSMON,Эгиохмон,5,male,1,0,unknown,0,0,
patch_text01,message/digimon_chat.mbe/000_Sheet1.csv,char_AEGIOCHUSMON_BLUE,Эгиохмон: Синий,5,male,1,0,unknown,0,0,
patch_text01,message/digimon_chat.mbe/000_Sheet1.csv,char_AEGIOCHUSMON_DARK,Эгиохмон: Тёмный,5,unknown,0,0,unknown,0,0,
patch_text01,message/digimon_chat.mbe/000_Sheet1.csv,char_AEGIOCHUSMON_GREEN,Эгиохмон: Зелёный,5,male,2,0,unknown,0,0,
patch_text01,message/digimon_chat.mbe/000_Sheet1.csv,char_AEGIOCHUSMON_HOLLY,Эгиохмон: Святой,5,unknown,0,0,unknown,0,0,
patch_text01,message/digimon_chat.mbe/000_Sheet1.csv,char_AEGIOMON,Эгиомон,5,unknown,0,0,unknown,0,0,
patch_text01,message/m090.mbe/000_Sheet1.csv,char_AEGIOMON,Эгиомон,5,unknown,0,0,unknown,0,0,
patch_text01,message/digimon_chat.mbe/000_Sheet1.csv,char_AEROVEEDRAMON,Аэро Ви-драмон,5,unknown,0,0,unknown,0,0,
patch_text01,message/digimon_chat.mbe/000_Sheet1.csv,char_AGNIMON,Агнимон,5,male,1,0,unknown,0,0,
patch_text01,message/digimon_chat.mbe/000_Sheet1.csv,char_AGUMON,Агумон,5,male,1,0,unknown,0,0,
patch_text01,message/digimon_chat.mbe/000_Sheet1.csv,char_AIRDRAMON,Эйрдрамон,5,unknown,0,0,unknown,0,0,
patch_text01,message/digimon_chat.mbe/000_Sheet1.csv,char_ALDAMON,Алдамон,5,unknown,0,0,unknown,0,0,
patch_text01,message/digimon_chat.mbe/000_Sheet1.csv,char_ALPHAMON,Альфамон,5,unknown,0,0,unknown,0,0,
addcont_03_text01,message/dlcep003_field.mbe/000_Sheet1.csv,char_ALPHAMON,Альфамон,5,unknown,0,0,unknown,0,0,
patch_text01,message/digimon_chat.mbe/000_Sheet1.csv,char_ALPHAMON_OURYUKEN,Альфамон: Орюкен,5,unknown,0,0,unknown,0,0,
patch_text01,message/digimon_chat.mbe/000_Sheet1.csv,char_ANCIENTWISETMON,Древний Вайзмон,5,male,1,0,unknown,0,0,
patch_text01,message/digimon_chat.mbe/000_Sheet1.csv,char_ANDROMON,Андромон,5,unknown,0,0,unknown,0,0,
patch_text01,message/t01.mbe/000_Sheet1.csv,char_ANDROMON,Андромон,5,unknown,0,0,unknown,0,0,
patch_text01,message/digimon_chat.mbe/000_Sheet1.csv,char_ANGEMON,Ангемон,5,unknown,0,0,unknown,0,0,
patch_text01,message/digimon_chat.mbe/000_Sheet1.csv,char_ANGEWOMON,Ангевумон,5,female,0,1,unknown,0,0,
patch_text01,message/digimon_chat.mbe/000_Sheet1.csv,char_ANKYLOMON,Анкиломон,5,unknown,0,0,unknown,0,0,
patch_text01,message/digimon_chat.mbe/000_Sheet1.csv,char_APOLLOMON,Аполломон,5,male,3,0,unknown,0,0,
patch_text01,message/rumor_npc.mbe/000_Sheet1.csv,char_APOLLOMON,Аполломон,5,unknown,0,0,unknown,0,0,
patch_text01,message/digimon_chat.mbe/000_Sheet1.csv,char_AQUILAMON,Аквиламон,5,unknown,0,0,unknown,0,0,
patch_text01,message/s110_113.mbe/000_Sheet1.csv,char_ARCHNEMON,Арахнемон,5,unknown,0,0,unknown,0,0,
patch_text01,message/digimon_chat.mbe/000_Sheet1.csv,char_ARMADILLOMON,Армадимон,5,unknown,0,0,unknown,0,0,
patch_text01,message/rumor_npc.mbe/000_Sheet1.csv,char_ARMADILLOMON,Армадимон,5,unknown,0,0,unknown,0,0,
patch_text01,message/d02.mbe/000_Sheet1.csv,char_ASTAMON,Астамон,5,unknown,0,0,unknown,0,0,
patch_text01,message/d05.mbe/000_Sheet1.csv,char_ASTAMON,Астамон,5,male,1,0,unknown,0,0,
patch_text01,message/digimon_chat.mbe/000_Sheet1.csv,char_ASTAMON,Астамон,5,male,1,0,unknown,0,0,
patch_text01,message/digimon_chat.mbe/000_Sheet1.csv,char_ATLURKABUTERIMON,АтлаКабутеримон,5,male,1,0,unknown,0,0,
patch_text01,message/digimon_chat.mbe/000_Sheet1.csv,char_BACCHUSMON,Вакхмон,5,unknown,0,0,unknown,0,0,
patch_text01,message/digimon_chat.mbe/000_Sheet1.csv,char_BANCHOLEOMON,БанхоЛеомон,5,unknown,0,0,unknown,0,0,
patch_text01,message/digimon_chat.mbe/000_Sheet1.csv,char_BARBAMON,Барбамон,5,unknown,0,0,unknown,0,0,
patch_text01,message/digimon_chat.mbe/000_Sheet1.csv,char_BEARMON,Бермон,5,unknown,0,0,unknown,0,0,
patch_text01,message/digimon_chat.mbe/000_Sheet1.csv,char_BEELSTARMON,Вель Стармон,5,female,0,1,unknown,0,0,
patch_text01,message/digimon_chat.mbe/000_Sheet1.csv,char_BEELZEBUMON,Вельзевумон,5,unknown,0,0,unknown,0,0,
patch_text01,message/digimon_chat.mbe/000_Sheet1.csv,char_BEELZEMON_BM,Вельзевумон: Бласт-режим,5,unknown,0,0,unknown,0,0,
patch_text01,message/digimon_chat.mbe/000_Sheet1.csv,char_BELPHEMON_RM,Бельфемон: Режим ярости,5,male,1,0,unknown,0,0,
patch_text01,message/digimon_chat.mbe/000_Sheet1.csv,char_BELPHEMON_SM,Бельфемон: Режим сна,5,unknown,0,0,unknown,0,0,
patch_text01,message/digimon_chat.mbe/000_Sheet1.csv,char_BEOWOLFMON,Беовульфмон,5,unknown,0,0,unknown,0,0,
patch_text01,message/digimon_chat.mbe/000_Sheet1.csv,char_BETAMON,Бэтамон,5,unknown,0,0,unknown,0,0,
patch_text01,message/digimon_chat.mbe/000_Sheet1.csv,char_BIRDRAMON,Бёрдрамон,5,unknown,0,0,unknown,0,0,
patch_text01,message/digimon_chat.mbe/000_Sheet1.csv,char_BLIMPMON,Блимпмон,5,unknown,0,0,unknown,0,0,
patch_text01,message/digimon_chat.mbe/000_Sheet1.csv,char_BOTAMON,Ботамон,5,unknown,0,0,unknown,0,0,
patch_text01,message/digimon_chat.mbe/000_Sheet1.csv,char_BUBBMON,Баббмон,5,unknown,0,0,unknown,0,0,
patch_text01,message/rumor_npc.mbe/000_Sheet1.csv,char_CAPROMON,Капримон,5,unknown,0,0,unknown,0,0,
patch_text01,message/digimon_chat.mbe/000_Sheet1.csv,char_CERESMON,Церемон,5,unknown,0,0,unknown,0,0,
patch_text01,message/digimon_chat.mbe/000_Sheet1.csv,char_CHAOSDUKEMON,ХаосДюкмон,5,unknown,0,0,unknown,0,0,
patch_text01,message/digimon_chat.mbe/000_Sheet1.csv,char_CHAOSMON,Хаосмон,5,male,1,0,unknown,0,0,
patch_text01,message/digimon_chat.mbe/000_Sheet1.csv,char_CHRONOMON_BOSS_EVENT,Хрономон,5,male,1,0,unknown,0,0,
patch_text01,message/digimon_chat.mbe/000_Sheet1.csv,char_CLAVISANGEMON,Клавис Ангемон,5,male,1,0,unknown,0,0,
patch_text01,message/digimon_chat.mbe/000_Sheet1.csv,char_CLOCKMON,Клокмон,5,unknown,0,0,unknown,0,0,
patch_text01,message/d02.mbe/000_Sheet1.csv,char_CORONAMON,Коронамон,5,male,1,0,male,1,0,"And that Coronamon is actin' all high and mighty too, just 'cause he got a little stronger...!"
patch_text01,message/digimon_chat.mbe/000_Sheet1.csv,char_CORONAMON,Коронамон,5,male,1,0,unknown,0,0,
patch_text01,message/m030.mbe/000_Sheet1.csv,char_CORONAMON,Коронамон,5,unknown,0,0,unknown,0,0,
patch_text01,message/m120.mbe/000_Sheet1.csv,char_CORONAMON,Коронамон,5,unknown,0,0,male,1,0,Could you please stop Coronamon and drag him out of the sewers? I'd do it myself but I'm useless in a fight...
patch_text01,message/digimon_chat.mbe/000_Sheet1.csv,char_CRANIAMON,Краниуммон,5,male,2,0,unknown,0,0,
patch_text01,message/digimon_chat.mbe/000_Sheet1.csv,char_CYBERDRAMON,Кибердрамон,5,unknown,0,0,unknown,0,0,
patch_text01,message/digimon_chat.mbe/000_Sheet1.csv,char_DAGOMON,Дагомон,5,unknown,0,0,unknown,0,0,
patch_text01,message/digimon_chat.mbe/000_Sheet1.csv,char_DELUMON,Делюмон,5,male,1,0,unknown,0,0,
patch_text01,message/digimon_chat.mbe/000_Sheet1.csv,char_DEMON,Демон,5,unknown,0,0,unknown,0,0,
patch_text01,message/digimon_chat.mbe/000_Sheet1.csv,char_DEVIMON,Девимон,5,male,1,0,unknown,0,0,
patch_text01,message/digimon_chat.mbe/000_Sheet1.csv,char_DIANAMON,Дианамон,5,unknown,0,0,unknown,0,0,
patch_text01,message/rumor_npc.mbe/000_Sheet1.csv,char_DIANAMON,Дианамон,5,unknown,0,0,unknown,0,0,
patch_text01,message/digimon_chat.mbe/000_Sheet1.csv,char_DIGITAMAMON,Дигитамамон,5,unknown,0,0,unknown,0,0,
patch_text01,message/d04.mbe/000_Sheet1.csv,char_DINOHUMON,Динохьюмон,5,male,1,0,unknown,0,0,
patch_text01,message/digimon_chat.mbe/000_Sheet1.csv,char_DORUMON,Дорумон,5,unknown,0,0,unknown,0,0,
patch_text01,message/digimon_chat.mbe/000_Sheet1.csv,char_DUFTMON,Дуфтмон,5,unknown,0,0,unknown,0,0,
patch_text01,message/s110_211.mbe/000_Sheet1.csv,char_DUFTMON,Дуфтмон,5,male,3,0,unknown,0,0,
patch_text01,message/digimon_chat.mbe/000_Sheet1.csv,char_DUFTMON_LM,Дуфтмон: Режим леопарда,5,unknown,0,0,unknown,0,0,
patch_text01,message/digimon_chat.mbe/000_Sheet1.csv,char_DUKEMON,Дюкмон,5,male,1,0,unknown,0,0,
patch_text01,message/digimon_chat.mbe/000_Sheet1.csv,char_DUKEMON_CM,Дюкмон: Багровый режим,5,male,1,0,unknown,0,0,
patch_text01,message/s010_159.mbe/000_Sheet1.csv,char_DURAMON,Дюрамон,5,male,1,0,unknown,0,0,
patch_text01,message/digimon_chat.mbe/000_Sheet1.csv,char_DYNASMON,Динасмон,5,unknown,0,0,unknown,0,0,
patch_text01,message/s110_211.mbe/000_Sheet1.csv,char_DYNASMON,Динасмон,5,unknown,0,0,unknown,0,0,
patch_text01,message/digimon_chat.mbe/000_Sheet1.csv,char_ELECMON,Элекмон,5,male,1,0,unknown,0,0,
patch_text01,message/digimon_chat.mbe/000_Sheet1.csv,char_ENBARRMON,Энбаррмон,5,male,1,0,unknown,0,0,
patch_text01,message/digimon_chat.mbe/000_Sheet1.csv,char_ETEMON,Этемон,5,unknown,0,0,unknown,0,0,
patch_text01,message/digimon_chat.mbe/000_Sheet1.csv,char_EXAMON,Эксамон,5,unknown,0,0,unknown,0,0,
patch_text01,message/s110_211.mbe/000_Sheet1.csv,char_EXAMON,Эксамон,5,unknown,0,0,unknown,0,0,
patch_text01,message/digimon_chat.mbe/000_Sheet1.csv,char_FALCOMON,Фалькомон,5,unknown,0,0,unknown,0,0,
patch_text01,message/rumor_npc.mbe/000_Sheet1.csv,char_FALCOMON,Фалькомон,5,unknown,0,0,unknown,0,0,
patch_text01,message/digimon_chat.mbe/000_Sheet1.csv,char_FLAMEDRAMON,Фладрамон,5,male,1,0,unknown,0,0,
patch_text01,message/digimon_chat.mbe/000_Sheet1.csv,char_FLORAMON,Флорамон,5,unknown,0,0,unknown,0,0,
patch_text01,message/digimon_chat.mbe/000_Sheet1.csv,char_FLYMON,Флаймон,5,unknown,0,0,unknown,0,0,
patch_text01,message/digimon_chat.mbe/000_Sheet1.csv,char_FUGAMON,Фугамон,5,unknown,0,0,unknown,0,0,
patch_text01,message/d04.mbe/000_Sheet1.csv,char_FUNBEEMON,Фанбимон,5,male,1,0,unknown,0,0,
patch_text01,message/digimon_chat.mbe/000_Sheet1.csv,char_FUNBEEMON,Фанбимон,5,unknown,0,0,unknown,0,0,
patch_text01,message/d02.mbe/000_Sheet1.csv,char_GABUMON,Габумон,5,male,1,0,unknown,0,0,
patch_text01,message/digimon_chat.mbe/000_Sheet1.csv,char_GABUMON,Габумон,5,male,1,0,unknown,0,0,
patch_text01,message/digimon_chat.mbe/000_Sheet1.csv,char_GANIMON,Ганимон,5,unknown,0,0,unknown,0,0,
patch_text01,message/digimon_chat.mbe/000_Sheet1.csv,char_GANKOOMON,Гэнкумон,5,unknown,0,0,unknown,0,0,
patch_text01,message/s110_211.mbe/000_Sheet1.csv,char_GANKOOMON,Гэнкумон,5,male,1,0,unknown,0,0,
patch_text01,message/digimon_chat.mbe/000_Sheet1.csv,char_GAOGAMON,Гаогамон,5,male,1,0,unknown,0,0,
patch_text01,message/digimon_chat.mbe/000_Sheet1.csv,char_GAOMON,Гаомон,5,male,2,0,unknown,0,0,
patch_text01,message/rumor_npc.mbe/000_Sheet1.csv,char_GAOMON,Гаомон,5,unknown,0,0,unknown,0,0,
patch_text01,message/d02.mbe/000_Sheet1.csv,char_GARGOMON,Гальгомон,5,male,1,0,unknown,0,0,
patch_text01,message/digimon_chat.mbe/000_Sheet1.csv,char_GARGOMON,Гальгомон,5,unknown,0,0,unknown,0,0,
patch_text01,message/digimon_chat.mbe/000_Sheet1.csv,char_GARUDAMON,Гарудамон,5,unknown,0,0,unknown,0,0,
patch_text01,message/digimon_chat.mbe/000_Sheet1.csv,char_GARUMMON,Гаруммон,5,unknown,0,0,unknown,0,0,
patch_text01,message/digimon_chat.mbe/000_Sheet1.csv,char_GARURUMON,Гарурумон,5,unknown,0,0,unknown,0,0,
patch_text01,message/digimon_chat.mbe/000_Sheet1.csv,char_GAWAPPAMON,Гаваппамон,5,unknown,0,0,unknown,0,0,
patch_text01,message/d02.mbe/000_Sheet1.csv,char_GAZIMON,Газимон,5,unknown,0,0,unknown,0,0,
patch_text01,message/digimon_chat.mbe/000_Sheet1.csv,char_GAZIMON,Газимон,5,unknown,0,0,unknown,0,0,
patch_text01,message/digimon_chat.mbe/000_Sheet1.csv,char_GEKOMON,Гэкомон,5,unknown,0,0,unknown,0,0,
patch_text01,message/digimon_chat.mbe/000_Sheet1.csv,char_GEOGREYMON,Гео Греймон,5,unknown,0,0,unknown,0,0,
patch_text01,message/digimon_chat.mbe/000_Sheet1.csv,char_GERBEMON,Гербемон,5,unknown,0,0,unknown,0,0,
patch_text01,message/digimon_chat.mbe/000_Sheet1.csv,char_GIZAMON,Гизамон,5,unknown,0,0,unknown,0,0,
patch_text01,message/digimon_chat.mbe/000_Sheet1.csv,char_GOBURIMON,Гобуримон,5,unknown,0,0,unknown,0,0,
patch_text01,message/digimon_chat.mbe/000_Sheet1.csv,char_GODDRAMON,Годдрамон,5,male,1,0,unknown,0,0,
patch_text01,message/digimon_chat.mbe/000_Sheet1.csv,char_GOMAMON,Гомамон,5,male,2,0,unknown,0,0,
patch_text01,message/digimon_chat.mbe/000_Sheet1.csv,char_GOTTSUMON,Готцумон,5,unknown,0,0,unknown,0,0,
patch_text01,message/rumor_npc.mbe/000_Sheet1.csv,char_GOTTSUMON,Готцумон,5,unknown,0,0,unknown,0,0,
patch_text01,message/digimon_chat.mbe/000_Sheet1.csv,char_GRACENOVAMON,Грейс Новамон,5,unknown,0,0,unknown,0,0,
patch_text01,message/digimon_chat.mbe/000_Sheet1.csv,char_GRADEMON,Градемон,5,unknown,0,0,unknown,0,0,
patch_text01,message/s010_159.mbe/000_Sheet1.csv,char_GRADEMON,Градемон,5,unknown,0,0,unknown,0,0,
patch_text01,message/digimon_chat.mbe/000_Sheet1.csv,char_GRAPLEOMON,ГрапЛеомон,5,male,1,0,unknown,0,0,
patch_text01,message/digimon_chat.mbe/000_Sheet1.csv,char_GREYMON,Греймон,5,unknown,0,0,unknown,0,0,
patch_text01,message/digimon_chat.mbe/000_Sheet1.csv,char_GROUNDLOCOMON,ГрандЛокомон,5,unknown,0,0,unknown,0,0,
patch_text01,message/digimon_chat.mbe/000_Sheet1.csv,char_GROWMON,Граумон,5,unknown,0,0,unknown,0,0,
patch_text01,message/digimon_chat.mbe/000_Sheet1.csv,char_GUARDROMON,Гардромон,5,unknown,0,0,unknown,0,0,
patch_text01,message/digimon_chat.mbe/000_Sheet1.csv,char_GUILMON,Гилмон,5,unknown,0,0,unknown,0,0,
patch_text01,message/digimon_chat.mbe/000_Sheet1.csv,char_HACKMON,Хакмон,5,unknown,0,0,unknown,0,0,
patch_text01,message/digimon_chat.mbe/000_Sheet1.csv,char_HAGURUMON,Хагурумон,5,unknown,0,0,unknown,0,0,
patch_text01,message/m120.mbe/000_Sheet1.csv,char_HAGURUMON,Хагурумон,5,unknown,0,0,unknown,0,0,
patch_text01,message/digimon_chat.mbe/000_Sheet1.csv,char_HAWKMON,Хоукмон,5,unknown,0,0,unknown,0,0,
patch_text01,message/digimon_chat.mbe/000_Sheet1.csv,char_HERCULESKABUTERIMON,ГераклКабутеримон,5,male,1,0,unknown,0,0,
patch_text01,message/digimon_chat.mbe/000_Sheet1.csv,char_HIANDROMON,ХиАндромон,5,unknown,0,0,unknown,0,0,
patch_text01,message/digimon_chat.mbe/000_Sheet1.csv,char_HOLSMON,Холсмон,5,male,1,0,unknown,0,0,
patch_text01,message/digimon_chat.mbe/000_Sheet1.csv,char_HOLYANGEMON,Холи Ангемон,5,male,1,0,unknown,0,0,
patch_text01,message/digimon_chat.mbe/000_Sheet1.csv,char_HOLYDRAMON,Холидрамон,5,male,1,0,unknown,0,0,
patch_text01,message/digimon_chat.mbe/000_Sheet1.csv,char_HOUOUMON,Хоуоумон,5,male,1,0,unknown,0,0,
patch_text01,message/d09.mbe/000_Sheet1.csv,char_HYOUGAMON,Хёгамон,5,unknown,0,0,unknown,0,0,
patch_text01,message/digimon_chat.mbe/000_Sheet1.csv,char_HYOUGAMON,Хёгамон,5,unknown,0,0,unknown,0,0,
patch_text01,message/digimon_chat.mbe/000_Sheet1.csv,char_IKKAKUMON,Иккакумон,5,unknown,0,0,unknown,0,0,
patch_text01,message/digimon_chat.mbe/000_Sheet1.csv,char_IMPERIALDRAMON_FM,Империалдрамон: Режим Бойца,5,unknown,0,0,unknown,0,0,
patch_text01,message/digimon_chat.mbe/000_Sheet1.csv,char_IMPMON,Импмон,5,unknown,0,0,unknown,0,0,
patch_text01,message/digimon_chat.mbe/000_Sheet1.csv,char_JESMON,Джесмон,5,unknown,0,0,unknown,0,0,
patch_text01,message/digimon_chat.mbe/000_Sheet1.csv,char_JUMBOGAMEMON,ДжамбоГамемон,5,unknown,0,0,unknown,0,0,
patch_text01,message/digimon_chat.mbe/000_Sheet1.csv,char_JUNOMON,Юномон,5,unknown,0,0,unknown,0,0,
patch_text01,message/digimon_chat.mbe/000_Sheet1.csv,char_JUPITERMON,Юпитермон,5,male,1,0,unknown,0,0,
patch_text01,message/m430.mbe/000_Sheet1.csv,char_JUPITERMON,Юпитермон,5,unknown,0,0,unknown,0,0,
patch_text01,message/digimon_chat.mbe/000_Sheet1.csv,char_JUSTIMON,Джастимон,5,unknown,0,0,unknown,0,0,
patch_text01,message/battle.mbe/000_Sheet1.csv,char_JYUREIMON,Дзюреймон,5,unknown,0,0,unknown,0,0,
patch_text01,message/digimon_chat.mbe/000_Sheet1.csv,char_JYUREIMON,Дзюреймон,5,male,1,0,unknown,0,0,
patch_text01,message/digimon_chat.mbe/000_Sheet1.csv,char_KABUTERIMON,Кабутеримон,5,unknown,0,0,unknown,0,0,
patch_text01,message/digimon_chat.mbe/000_Sheet1.csv,char_KAISERGREYMON,Кайзер Греймон,5,unknown,0,0,unknown,0,0,
patch_text01,message/digimon_chat.mbe/000_Sheet1.csv,char_KAMEMON,Камемон,5,male,2,0,unknown,0,0,
patch_text01,message/digimon_chat.mbe/000_Sheet1.csv,char_KIWIMON,Кивимон,5,male,1,0,unknown,0,0,
patch_text01,message/digimon_chat.mbe/000_Sheet1.csv,char_KNIGHTMON,Найтмон,5,male,1,0,unknown,0,0,
patch_text01,message/digimon_chat.mbe/000_Sheet1.csv,char_KOKUWAMON,Кокувамон,5,unknown,0,0,unknown,0,0,
patch_text01,message/digimon_chat.mbe/000_Sheet1.csv,char_KOROMON,Коромон,5,unknown,0,0,unknown,0,0,
patch_text01,message/digimon_chat.mbe/000_Sheet1.csv,char_KOTEMON,Котэмон,5,male,1,0,unknown,0,0,
patch_text01,message/digimon_chat.mbe/000_Sheet1.csv,char_KUDAMON,Кудамон,5,unknown,0,0,unknown,0,0,
patch_text01,message/digimon_chat.mbe/000_Sheet1.csv,char_KUWAGAMON,Кувагамон,5,unknown,0,0,unknown,0,0,
patch_text01,message/digimon_chat.mbe/000_Sheet1.csv,char_KYUBIMON,Кьюбимон,5,male,1,0,unknown,0,0,
patch_text01,message/digimon_chat.mbe/000_Sheet1.csv,char_LADYDEVIMON,Леди Девимон,5,unknown,0,0,unknown,0,0,
patch_text01,message/digimon_chat.mbe/000_Sheet1.csv,char_LALAMON,Лаламон,5,unknown,0,0,unknown,0,0,
patch_text01,message/rumor_npc.mbe/000_Sheet1.csv,char_LALAMON,Лаламон,5,unknown,0,0,unknown,0,0,
patch_text01,message/digimon_chat.mbe/000_Sheet1.csv,char_LEVIAMON,Левиамон,5,unknown,0,0,unknown,0,0,
patch_text01,message/digimon_chat.mbe/000_Sheet1.csv,char_LIGHDRAMON,Лайдрамон,5,male,1,0,unknown,0,0,
patch_text01,message/digimon_chat.mbe/000_Sheet1.csv,char_LILAMON,Лиламон,5,female,0,1,unknown,0,0,
patch_text01,message/digimon_chat.mbe/000_Sheet1.csv,char_LILITHMON,Лилитмон,5,unknown,0,0,unknown,0,0,
patch_text01,message/digimon_chat.mbe/000_Sheet1.csv,char_LILLYMON,Лилимон,5,female,0,1,unknown,0,0,
patch_text01,message/digimon_chat.mbe/000_Sheet1.csv,char_LOADKNIGHTMON,Лорд Найтмон,5,unknown,0,0,unknown,0,0,
patch_text01,message/s110_211.mbe/000_Sheet1.csv,char_LOADKNIGHTMON,Лорд Найтмон,5,male,1,0,unknown,0,0,
patch_text01,message/d02.mbe/000_Sheet1.csv,char_LOCOMON,Локомон,5,unknown,0,0,unknown,0,0,
patch_text01,message/digimon_chat.mbe/000_Sheet1.csv,char_LOCOMON,Локомон,5,unknown,0,0,unknown,0,0,
patch_text01,message/digimon_chat.mbe/000_Sheet1.csv,char_LOPMON,Лопмон,5,unknown,0,0,unknown,0,0,
patch_text01,message/digimon_chat.mbe/000_Sheet1.csv,char_LOTOSMON,Лотусмон,5,female,0,1,unknown,0,0,
patch_text01,message/digimon_chat.mbe/000_Sheet1.csv,char_LUCEMON_SM,Люцимон: режим Сатаны,5,unknown,0,0,unknown,0,0,
patch_text01,message/digimon_chat.mbe/000_Sheet1.csv,char_LUNAMON,Лунамон,5,female,0,1,unknown,0,0,
patch_text01,message/digimon_chat.mbe/000_Sheet1.csv,char_MACHGAOGAMON,Мах Гаогамон,5,male,1,0,unknown,0,0,
patch_text01,message/digimon_chat.mbe/000_Sheet1.csv,char_MAGNAGARURUMON,Магна Гарурумон,5,unknown,0,0,unknown,0,0,
patch_text01,message/digimon_chat.mbe/000_Sheet1.csv,char_MAGNAMON,Магнамон,5,unknown,0,0,unknown,0,0,
patch_text01,message/s110_211.mbe/000_Sheet1.csv,char_MAGNAMON,Магнамон,5,male,1,0,unknown,0,0,
patch_text01,message/digimon_chat.mbe/000_Sheet1.csv,char_MAMEMON,Мамемон,5,male,2,0,unknown,0,0,
patch_text01,message/digimon_chat.mbe/000_Sheet1.csv,char_MARINEANGEMON,Маринангемон,5,unknown,0,0,unknown,0,0,
patch_text01,message/digimon_chat.mbe/000_Sheet1.csv,char_MARSMON,Марсмон,5,male,1,0,unknown,0,0,
patch_text01,message/m320.mbe/000_Sheet1.csv,char_MARSMON,Марсмон,5,unknown,0,0,male,2,0,"Marsmon took Callismon's plea to heart—it was the first time his older brother ever depended on him for anything. || Carrying on his brother's wishes, Marsmon swore to protect the world alongside his new friends."
patch_text01,message/digimon_chat.mbe/000_Sheet1.csv,char_MEDIEVALDUKEMON,Средневековый Дюкмон,5,unknown,0,0,unknown,0,0,
patch_text01,message/digimon_chat.mbe/000_Sheet1.csv,char_MEGADRAMON,Мегадрамон,5,unknown,0,0,unknown,0,0,
patch_text01,message/digimon_chat.mbe/000_Sheet1.csv,char_MEGAGROWLMON,Мегало Граумон,5,unknown,0,0,unknown,0,0,
patch_text01,message/digimon_chat.mbe/000_Sheet1.csv,char_MEGASEADRAMON,Мега Сидрамон,5,unknown,0,0,unknown,0,0,
patch_text01,message/digimon_chat.mbe/000_Sheet1.csv,char_MEGIDRAMON,Мегидрамон,5,unknown,0,0,unknown,0,0,
patch_text01,message/digimon_chat.mbe/000_Sheet1.csv,char_MERAMON,Мерамон,5,unknown,0,0,unknown,0,0,
patch_text01,message/digimon_chat.mbe/000_Sheet1.csv,char_MERCURYMON,Меркуримон,5,unknown,0,0,unknown,0,0,
patch_text01,message/digimon_chat.mbe/000_Sheet1.csv,char_MERVAMON,Мервамон,5,unknown,0,0,unknown,0,0,
patch_text01,message/digimon_chat.mbe/000_Sheet1.csv,char_METALETEMON,Металл Этемон,5,unknown,0,0,unknown,0,0,
patch_text01,message/digimon_chat.mbe/000_Sheet1.csv,char_METALGARURUMON,Метал Гарурумон,5,unknown,0,0,unknown,0,0,
patch_text01,message/digimon_chat.mbe/000_Sheet1.csv,char_METALGREYMON,Металл Греймон,5,unknown,0,0,unknown,0,0,
patch_text01,message/digimon_chat.mbe/000_Sheet1.csv,char_METALMAMEMON,Металл Мамемон,5,unknown,0,0,unknown,0,0,
patch_text01,message/digimon_chat.mbe/000_Sheet1.csv,char_METALSEADRAMON,Металл Сидрамон,5,male,1,0,unknown,0,0,
patch_text01,message/digimon_chat.mbe/000_Sheet1.csv,char_MINERVAMON,Минервамон,5,unknown,0,0,unknown,0,0,
patch_text01,message/digimon_chat.mbe/000_Sheet1.csv,char_MIRAGEGAOGAMON,Мираж Гаогамон,5,male,1,0,unknown,0,0,
patch_text01,message/digimon_chat.mbe/000_Sheet1.csv,char_MIRAGEGAOGAMON_BM,Мираж Гаогамон: Взрывной режим,5,unknown,0,0,unknown,0,0,
patch_text01,message/digimon_chat.mbe/000_Sheet1.csv,char_MOCHIMON,Мотимон,5,male,1,0,unknown,0,0,
patch_text01,message/digimon_chat.mbe/000_Sheet1.csv,char_MOJYAMON,Моджамон,5,male,1,0,unknown,0,0,
patch_text01,message/digimon_chat.mbe/000_Sheet1.csv,char_MONZAEMON,Мондзаэмон,5,male,2,0,unknown,0,0,
patch_text01,message/digimon_chat.mbe/000_Sheet1.csv,char_MUCHOMON,Мучомон,5,unknown,0,0,unknown,0,0,
patch_text01,message/digimon_chat.mbe/000_Sheet1.csv,char_MUGENDRAMON,Мугендрамон,5,unknown,0,0,unknown,0,0,
patch_text01,message/digimon_chat.mbe/000_Sheet1.csv,char_MUMMYMON,Мумимон,5,unknown,0,0,unknown,0,0,
patch_text01,message/digimon_chat.mbe/000_Sheet1.csv,char_MUSHMON,Машмон,5,unknown,0,0,unknown,0,0,
patch_text01,message/digimon_chat.mbe/000_Sheet1.csv,char_NEFERTIMON,Нефертимон,5,unknown,0,0,unknown,0,0,
patch_text01,message/digimon_chat.mbe/000_Sheet1.csv,char_NEPTUNEMON,Нептунмон,5,unknown,0,0,unknown,0,0,
patch_text01,message/digimon_chat.mbe/000_Sheet1.csv,char_NUMEMON,Нумемон,5,male,1,0,unknown,0,0,
patch_text01,message/digimon_chat.mbe/000_Sheet1.csv,char_OCTMON,Октомон,5,unknown,0,0,unknown,0,0,
patch_text01,message/digimon_chat.mbe/000_Sheet1.csv,char_OMEGAMON,Омегамон,5,male,1,0,unknown,0,0,
patch_text01,message/digimon_chat.mbe/000_Sheet1.csv,char_OMEGASHOUTMON,Омега Шаутмон,5,unknown,0,0,unknown,0,0,
patch_text01,message/digimon_chat.mbe/000_Sheet1.csv,char_OPHANIMON,Офанимон,5,unknown,0,0,unknown,0,0,
patch_text01,message/digimon_chat.mbe/000_Sheet1.csv,char_ORGEMON,Оргмон,5,unknown,0,0,unknown,0,0,
patch_text01,message/digimon_chat.mbe/000_Sheet1.csv,char_OTAMAMON,Отамамон,5,unknown,0,0,unknown,0,0,
patch_text01,message/digimon_chat.mbe/000_Sheet1.csv,char_PAILDRAMON,Пейлдрамон,5,unknown,0,0,unknown,0,0,
patch_text01,message/digimon_chat.mbe/000_Sheet1.csv,char_PALMON,Пальмон,5,unknown,0,0,unknown,0,0,
patch_text01,message/digimon_chat.mbe/000_Sheet1.csv,char_PANJYAMON,Панджамон,5,male,1,0,unknown,0,0,
patch_text01,message/digimon_chat.mbe/000_Sheet1.csv,char_PARROTMON,Пэрротмон,5,unknown,0,0,unknown,0,0,
patch_text01,message/digimon_chat.mbe/000_Sheet1.csv,char_PATAMON,Патамон,5,unknown,0,0,unknown,0,0,
patch_text01,message/digimon_chat.mbe/000_Sheet1.csv,char_PECKMON,Пекмон,5,unknown,0,0,unknown,0,0,
patch_text01,message/digimon_chat.mbe/000_Sheet1.csv,char_PEGASMON,Пегасмон,5,unknown,0,0,unknown,0,0,
patch_text01,message/digimon_chat.mbe/000_Sheet1.csv,char_PENMON,Пинмон,5,male,2,0,unknown,0,0,
patch_text01,message/rumor_npc.mbe/000_Sheet1.csv,char_PENMON,Пинмон,5,unknown,0,0,unknown,0,0,
patch_text01,message/d09.mbe/000_Sheet1.csv,char_PHARAOHMON,Фараомон,5,male,1,0,unknown,0,0,
patch_text01,message/digimon_chat.mbe/000_Sheet1.csv,char_PICKLEMON,Пикмон,5,unknown,0,0,unknown,0,0,
patch_text01,message/digimon_chat.mbe/000_Sheet1.csv,char_PICODEVIMON,Пико Девимон,5,male,1,0,unknown,0,0,
patch_text01,message/rumor_npc.mbe/000_Sheet1.csv,char_PICODEVIMON,Пико Девимон,5,unknown,0,0,unknown,0,0,
patch_text01,message/digimon_chat.mbe/000_Sheet1.csv,char_PIEDMON,Пьемон,5,male,1,0,unknown,0,0,
patch_text01,message/digimon_chat.mbe/000_Sheet1.csv,char_PINOCHIMON,Пиноккимон,5,unknown,0,0,unknown,0,0,
patch_text01,message/digimon_chat.mbe/000_Sheet1.csv,char_PIYOMON,Пиёмон,5,unknown,0,0,unknown,0,0,
patch_text01,message/digimon_chat.mbe/000_Sheet1.csv,char_PLESIOMON,Плезиомон,5,male,1,0,unknown,0,0,
patch_text01,message/digimon_chat.mbe/000_Sheet1.csv,char_PLOTMON,Плотмон,5,unknown,0,0,unknown,0,0,
patch_text01,message/digimon_chat.mbe/000_Sheet1.csv,char_PLUTOMON,Плутомон,5,unknown,0,0,unknown,0,0,
patch_text01,message/digimon_chat.mbe/000_Sheet1.csv,char_POYOMON,Поёмон,5,unknown,0,0,unknown,0,0,
patch_text01,message/digimon_chat.mbe/000_Sheet1.csv,char_PUKAMON,Пукамон,5,male,1,0,unknown,0,0,
patch_text01,message/m410.mbe/000_Sheet1.csv,char_PUMPMON,Пампмон,5,unknown,0,0,unknown,0,0,
patch_text01,message/digimon_chat.mbe/000_Sheet1.csv,char_PUNIMON,Пунимон,5,unknown,0,0,unknown,0,0,
patch_text01,message/digimon_chat.mbe/000_Sheet1.csv,char_PYOCOMON,Пьёкомон,5,unknown,0,0,unknown,0,0,
patch_text01,message/digimon_chat.mbe/000_Sheet1.csv,char_RAPIDMON,Рэпидмон,5,unknown,0,0,unknown,0,0,
patch_text01,message/digimon_chat.mbe/000_Sheet1.csv,char_RAVEMON,Равемон,5,male,1,0,unknown,0,0,
patch_text01,message/digimon_chat.mbe/000_Sheet1.csv,char_RAVEMON_BM,Равемон: Взрывной режим,5,unknown,0,0,unknown,0,0,
patch_text01,message/digimon_chat.mbe/000_Sheet1.csv,char_RENAMON,Ренамон,5,male,1,0,unknown,0,0,
patch_text01,message/digimon_chat.mbe/000_Sheet1.csv,char_REPPAMON,Реппамон,5,unknown,0,0,unknown,0,0,
patch_text01,message/digimon_chat.mbe/000_Sheet1.csv,char_RIZEGREYMON,Райз Греймон,5,male,1,0,unknown,0,0,
patch_text01,message/d04.mbe/000_Sheet1.csv,char_ROSEMON,Роузмон,5,unknown,0,0,unknown,0,0,
patch_text01,message/digimon_chat.mbe/000_Sheet1.csv,char_ROSEMON,Роузмон,5,unknown,0,0,unknown,0,0,
patch_text01,message/digimon_chat.mbe/000_Sheet1.csv,char_ROSEMON_BM,Роузмон: Взрывной режим,5,unknown,0,0,unknown,0,0,
patch_text01,message/digimon_chat.mbe/000_Sheet1.csv,char_RUSTTYRANOMON,РастТиранномон,5,unknown,0,0,unknown,0,0,
patch_text01,message/digimon_chat.mbe/000_Sheet1.csv,char_SEADRAMON,Сидрамон,5,male,1,0,unknown,0,0,
patch_text01,message/digimon_chat.mbe/000_Sheet1.csv,char_SERAPHIMON,Серафимон,5,unknown,0,0,unknown,0,0,
patch_text01,message/digimon_chat.mbe/000_Sheet1.csv,char_SHAKKOUMON,Шаккумон,5,male,2,0,unknown,0,0,
patch_text01,message/digimon_chat.mbe/000_Sheet1.csv,char_SHAKOMON,Сякомон,5,unknown,0,0,unknown,0,0,
patch_text01,message/digimon_chat.mbe/000_Sheet1.csv,char_SHAWUJINMON,Шауджинмон,5,unknown,0,0,unknown,0,0,
patch_text01,message/digimon_chat.mbe/000_Sheet1.csv,char_SHINEGREYMON,Шайн Греймон,5,unknown,0,0,unknown,0,0,
patch_text01,message/digimon_chat.mbe/000_Sheet1.csv,char_SHOUTMON,Шаутмон,5,unknown,0,0,unknown,0,0,
patch_text01,message/digimon_chat.mbe/000_Sheet1.csv,char_SHURIMON,Сюримон,5,male,1,0,unknown,0,0,
patch_text01,message/digimon_chat.mbe/000_Sheet1.csv,char_SILPHYMON,Сильфимон,5,unknown,0,0,unknown,0,0,
patch_text01,message/digimon_chat.mbe/000_Sheet1.csv,char_SIRENMON,Сиренмон,5,unknown,0,0,unknown,0,0,
patch_text01,message/digimon_chat.mbe/000_Sheet1.csv,char_SKULLBALUCHIMON,Скалл Балухимон,5,male,1,0,unknown,0,0,
patch_text01,message/digimon_chat.mbe/000_Sheet1.csv,char_SLEIPMON,Слейпмон,5,unknown,0,0,unknown,0,0,
patch_text01,message/s110_211.mbe/000_Sheet1.csv,char_SLEIPMON,Слейпмон,5,male,1,0,unknown,0,0,
patch_text01,message/digimon_chat.mbe/000_Sheet1.csv,char_SOLARMON,Солармон,5,unknown,0,0,unknown,0,0,
patch_text01,message/d04.mbe/000_Sheet1.csv,char_STINGMON,Стингмон,5,unknown,0,0,female,0,1,"Haven't heard a peep since she went after Stingmon... But, knowing Lilamon, I'm sure she's doing fine!"
patch_text01,message/digimon_chat.mbe/000_Sheet1.csv,char_STINGMON,Стингмон,5,unknown,0,0,unknown,0,0,
patch_text01,message/digimon_chat.mbe/000_Sheet1.csv,char_SUNFLOWMON,Санфлаумон,5,unknown,0,0,unknown,0,0,
patch_text01,message/d12.mbe/000_Sheet1.csv,char_SUPERSTARMON,Суперстармон,5,unknown,0,0,unknown,0,0,
patch_text01,message/digimon_chat.mbe/000_Sheet1.csv,char_SUPERSTARMON,Суперстармон,5,unknown,0,0,unknown,0,0,
patch_text01,message/digimon_chat.mbe/000_Sheet1.csv,char_TAILMON,Тейлмон,5,female,0,1,unknown,0,0,
patch_text01,message/digimon_chat.mbe/000_Sheet1.csv,char_TANEMON,Танэмон,5,unknown,0,0,unknown,0,0,
patch_text01,message/digimon_chat.mbe/000_Sheet1.csv,char_TANKMON,Танкмон,5,unknown,0,0,unknown,0,0,
patch_text01,message/digimon_chat.mbe/000_Sheet1.csv,char_TENTOMON,Тентомон,5,unknown,0,0,unknown,0,0,
patch_text01,message/digimon_chat.mbe/000_Sheet1.csv,char_TERRIERMON,Терьермон,5,unknown,0,0,unknown,0,0,
patch_text01,message/digimon_chat.mbe/000_Sheet1.csv,char_TITAMON,Титамон,5,unknown,0,0,unknown,0,0,
patch_text01,message/digimon_chat.mbe/000_Sheet1.csv,char_TOGEMON,Тогэмон,5,unknown,0,0,unknown,0,0,
patch_text01,message/digimon_chat.mbe/000_Sheet1.csv,char_TOKOMON,Токомон,5,unknown,0,0,unknown,0,0,
patch_text01,message/digimon_chat.mbe/000_Sheet1.csv,char_TONOSAMAGEKOMON,Тоносама Гэкомон,5,unknown,0,0,unknown,0,0,
patch_text01,message/d02.mbe/000_Sheet1.csv,char_TOYAGUMON,Той Агумон,5,unknown,0,0,unknown,0,0,
patch_text01,message/digimon_chat.mbe/000_Sheet1.csv,char_TUCHIDARUMON,Цучидарумон,5,unknown,0,0,unknown,0,0,
patch_text01,message/digimon_chat.mbe/000_Sheet1.csv,char_TUNOMON,Цуномон,5,unknown,0,0,unknown,0,0,
patch_text01,message/digimon_chat.mbe/000_Sheet1.csv,char_TYILINMON,Цилиньмон,5,male,1,0,unknown,0,0,
patch_text01,message/digimon_chat.mbe/000_Sheet1.csv,char_TYRANNOMON,Тиранномон,5,unknown,0,0,unknown,0,0,
patch_text01,message/digimon_chat.mbe/000_Sheet1.csv,char_TYRANTKABUTERIMON,Тиран Кабутеримон,5,unknown,0,0,unknown,0,0,
patch_text01,message/digimon_chat.mbe/000_Sheet1.csv,char_TYUMON,Тюмон,5,unknown,0,0,unknown,0,0,
patch_text01,message/m340.mbe/000_Sheet1.csv,char_TYUMON,Тюмон,5,unknown,0,0,unknown,0,0,
patch_text01,message/digimon_chat.mbe/000_Sheet1.csv,char_ULFORCEVDRAMON,Алфорс Ви-драмон,5,unknown,0,0,unknown,0,0,
patch_text01,message/s110_211.mbe/000_Sheet1.csv,char_ULFORCEVDRAMON,Алфорс Ви-драмон,5,unknown,0,0,unknown,0,0,
patch_text01,message/digimon_chat.mbe/000_Sheet1.csv,char_ULTIMATEBRAKIMON,УльтимейтБрахимон,5,unknown,0,0,unknown,0,0,
patch_text01,message/digimon_chat.mbe/000_Sheet1.csv,char_V-DRAMON,Ви-драмон,5,unknown,0,0,unknown,0,0,
patch_text01,message/digimon_chat.mbe/000_Sheet1.csv,char_V-MON,Ви-мон,5,male,1,0,unknown,0,0,
patch_text01,message/rumor_npc.mbe/000_Sheet1.csv,char_VADEMON,Вейдмон,5,unknown,0,0,unknown,0,0,
patch_text01,message/digimon_chat.mbe/000_Sheet1.csv,char_VAMDEMON,Вамдемон,5,unknown,0,0,unknown,0,0,
patch_text01,message/digimon_chat.mbe/000_Sheet1.csv,char_VEGIMON,Вегимон,5,unknown,0,0,unknown,0,0,
patch_text01,message/digimon_chat.mbe/000_Sheet1.csv,char_VENUSMON,Венусмон,5,unknown,0,0,unknown,0,0,
patch_text01,message/digimon_chat.mbe/000_Sheet1.csv,char_VIKEMON,Викемон,5,unknown,0,0,unknown,0,0,
patch_text01,message/digimon_chat.mbe/000_Sheet1.csv,char_VRITRAMON,Вритрамон,5,unknown,0,0,unknown,0,0,
patch_text01,message/digimon_chat.mbe/000_Sheet1.csv,char_VULCANUSMON,Вулканусмон,5,unknown,0,0,unknown,0,0,
patch_text01,message/digimon_chat.mbe/000_Sheet1.csv,char_WARGREYMON,Вор Греймон,5,unknown,0,0,unknown,0,0,
patch_text01,message/d03.mbe/000_Sheet1.csv,char_WARUSEADRAMON,ВарСидрамон,5,unknown,0,0,unknown,0,0,
patch_text01,message/digimon_chat.mbe/000_Sheet1.csv,char_WARUSEADRAMON,ВарСидрамон,5,unknown,0,0,unknown,0,0,
patch_text01,message/digimon_chat.mbe/000_Sheet1.csv,char_WASPMON,Васпмон,5,unknown,0,0,unknown,0,0,
patch_text01,message/digimon_chat.mbe/000_Sheet1.csv,char_WEREGARURUMON,ВерГарурумон,5,male,1,0,unknown,0,0,
patch_text01,message/s110_100.mbe/000_Sheet1.csv,char_WEREGARURUMON,ВерГарурумон,5,male,2,0,unknown,0,0,
patch_text01,message/digimon_chat.mbe/000_Sheet1.csv,char_WHAMON,Уэмон,5,unknown,0,0,unknown,0,0,
patch_text01,message/digimon_chat.mbe/000_Sheet1.csv,char_WOLFMON,Вольфмон,5,unknown,0,0,unknown,0,0,
patch_text01,message/digimon_chat.mbe/000_Sheet1.csv,char_WOODMON,Вудмон,5,unknown,0,0,unknown,0,0,
patch_text01,message/digimon_chat.mbe/000_Sheet1.csv,char_WORMMON,Ворммон,5,male,1,0,unknown,0,0,
patch_text01,message/d05.mbe/000_Sheet1.csv,char_XV-MON,ИксВи-мон,5,male,1,0,unknown,0,0,
patch_text01,message/digimon_chat.mbe/000_Sheet1.csv,char_XV-MON,ИксВи-мон,5,male,1,0,unknown,0,0,
patch_text01,message/digimon_chat.mbe/000_Sheet1.csv,char_YUKIDARUMON,Юкидарумон,5,unknown,0,0,unknown,0,0,
patch_text01,message/digimon_chat.mbe/000_Sheet1.csv,char_YUNIMON,Юнимон,5,unknown,0,0,unknown,0,0,
patch_text01,message/digimon_chat.mbe/000_Sheet1.csv,char_ZUDOMON,Зудомон,5,unknown,0,0,unknown,0,0,
patch_text01,message/h03.mbe/000_Sheet1.csv,char_AEGIOMON,Эгиомон,4,male,1,0,unknown,0,0,
addcont_03_text01,message/d340.mbe/000_Sheet1.csv,char_ALPHAMON,Альфамон,4,unknown,0,0,unknown,0,0,
patch_text01,message/s110_211.mbe/000_Sheet1.csv,char_ALPHAMON,Альфамон,4,male,1,0,unknown,0,0,
patch_text01,message/d06.mbe/000_Sheet1.csv,char_ANGEWOMON,Ангевумон,4,unknown,0,0,unknown,0,0,
patch_text01,message/d02.mbe/000_Sheet1.csv,char_AVENGEKIDMON,АвенжКидмон,4,male,1,0,unknown,0,0,
patch_text01,message/field_text.mbe/000_Sheet1.csv,char_BAKEMON,Бакэмон,4,unknown,0,0,unknown,0,0,
patch_text01,message/rumor_npc.mbe/000_Sheet1.csv,char_BAKEMON,Бакэмон,4,male,1,0,unknown,0,0,
patch_text01,message/d02.mbe/000_Sheet1.csv,char_BETAMON,Бэтамон,4,unknown,0,0,unknown,0,0,
patch_text01,message/rumor_npc.mbe/000_Sheet1.csv,char_BIGMAMEMON,Биг Мамемон,4,unknown,0,0,unknown,0,0,
patch_text01,message/d05.mbe/000_Sheet1.csv,char_BLIMPMON,Блимпмон,4,unknown,0,0,unknown,0,0,
patch_text01,message/s095_078.mbe/000_Sheet1.csv,char_BLIMPMON,Блимпмон,4,male,1,0,unknown,0,0,
patch_text01,message/d04.mbe/000_Sheet1.csv,char_CENTALMON,Кенталмон,4,unknown,0,0,unknown,0,0,
patch_text01,message/d04.mbe/000_Sheet1.csv,char_DELUMON,Делюмон,4,unknown,0,0,unknown,0,0,
patch_text01,message/field_text.mbe/000_Sheet1.csv,char_DEVIMON,Девимон,4,unknown,0,0,unknown,0,0,
patch_text01,message/m440.mbe/000_Sheet1.csv,char_DIANAMON,Дианамон,4,unknown,0,0,unknown,0,0,
patch_text01,message/d02.mbe/000_Sheet1.csv,char_DINOHUMON,Динохьюмон,4,unknown,0,0,unknown,0,0,
patch_text01,message/d02.mbe/000_Sheet1.csv,char_DRACOMON,Дракомон,4,unknown,0,0,unknown,0,0,
patch_text01,message/field_text.mbe/000_Sheet1.csv,char_DRACUMON,Дракумон,4,unknown,0,0,unknown,0,0,
patch_text01,message/m060.mbe/000_Sheet1.csv,char_ELECMON,Элекмон,4,unknown,0,0,unknown,0,0,
patch_text01,message/rumor_npc.mbe/000_Sheet1.csv,char_FLORAMON,Флорамон,4,unknown,0,0,unknown,0,0,
patch_text01,message/d09.mbe/000_Sheet1.csv,char_FUGAMON,Фугамон,4,male,1,0,unknown,0,0,
patch_text01,message/m190.mbe/000_Sheet1.csv,char_FUGAMON,Фугамон,4,unknown,0,0,unknown,0,0,
patch_text01,message/s110_090.mbe/000_Sheet1.csv,char_GABUMON,Габумон,4,unknown,0,0,unknown,0,0,
patch_text01,message/s110_211.mbe/000_Sheet1.csv,char_GABUMON,Габумон,4,male,1,0,unknown,0,0,
patch_text01,message/rumor_npc.mbe/000_Sheet1.csv,char_GAZIMON,Газимон,4,unknown,0,0,unknown,0,0,
patch_text01,message/d02.mbe/000_Sheet1.csv,char_GEKOMON,Гэкомон,4,unknown,0,0,unknown,0,0,
patch_text01,message/d02.mbe/000_Sheet1.csv,char_GERBEMON,Гербемон,4,unknown,0,0,unknown,0,0,
patch_text01,message/d05.mbe/000_Sheet1.csv,char_GERBEMON,Гербемон,4,unknown,0,0,unknown,0,0,
patch_text01,message/rumor_npc.mbe/000_Sheet1.csv,char_GINRYUMON,Джинрюмон,4,unknown,0,0,unknown,0,0,
patch_text01,message/s080_059.mbe/000_Sheet1.csv,char_GOTTSUMON,Готцумон,4,unknown,0,0,unknown,0,0,
patch_text01,message/m190.mbe/000_Sheet1.csv,char_GRANKUWAGAMON,ГранКувагамон,4,unknown,0,0,unknown,0,0,
patch_text01,message/d05.mbe/000_Sheet1.csv,char_HAGURUMON,Хагурумон,4,unknown,0,0,unknown,0,0,
patch_text01,message/m190.mbe/000_Sheet1.csv,char_HYOUGAMON,Хёгамон,4,unknown,0,0,unknown,0,0,
patch_text01,message/m450.mbe/000_Sheet1.csv,char_JUPITERMON,Юпитермон,4,unknown,0,0,unknown,0,0,
patch_text01,message/d02.mbe/000_Sheet1.csv,char_KERAMON,Керамон,4,unknown,0,0,unknown,0,0,
patch_text01,message/d04.mbe/000_Sheet1.csv,char_KIWIMON,Кивимон,4,male,2,0,unknown,0,0,
patch_text01,message/d02.mbe/000_Sheet1.csv,char_KOKUWAMON,Кокувамон,4,unknown,0,0,unknown,0,0,
patch_text01,message/s110_208.mbe/000_Sheet1.csv,char_KOTEMON,Котэмон,4,unknown,0,0,unknown,0,0,
patch_text01,message/m200.mbe/000_Sheet1.csv,char_KUWAGAMON,Кувагамон,4,unknown,0,0,unknown,0,0,
patch_text01,message/d02.mbe/000_Sheet1.csv,char_KUZUHAMON,Кудзухамон,4,unknown,0,0,unknown,0,0,
patch_text01,message/d06.mbe/000_Sheet1.csv,char_KUZUHAMON,Кудзухамон,4,unknown,0,0,unknown,0,0,
patch_text01,message/d07.mbe/000_Sheet1.csv,char_KUZUHAMON,Кудзухамон,4,unknown,0,0,unknown,0,0,
patch_text01,message/d02.mbe/000_Sheet1.csv,char_LADYDEVIMON,Леди Девимон,4,unknown,0,0,unknown,0,0,
patch_text01,message/field_text.mbe/000_Sheet1.csv,char_LADYDEVIMON,Леди Девимон,4,unknown,0,0,unknown,0,0,
patch_text01,message/m160.mbe/000_Sheet1.csv,char_LUNAMON,Лунамон,4,unknown,0,0,unknown,0,0,
patch_text01,message/d09.mbe/000_Sheet1.csv,char_MARINEANGEMON,Маринангемон,4,unknown,0,0,unknown,0,0,
patch_text01,message/d12.mbe/000_Sheet1.csv,char_MARSMON,Марсмон,4,unknown,0,0,unknown,0,0,
patch_text01,message/field_text.mbe/000_Sheet1.csv,char_MASTERBLIMPMON,МастерБлимпмон,4,unknown,0,0,unknown,0,0,
patch_text01,message/d04.mbe/000_Sheet1.csv,char_MEGAGROWLMON,Мегало Граумон,4,male,1,0,unknown,0,0,
patch_text01,message/d04.mbe/000_Sheet1.csv,char_MERAMON,Мерамон,4,unknown,0,0,unknown,0,0,
patch_text01,message/d09.mbe/000_Sheet1.csv,char_MERCURYMON,Меркуримон,4,unknown,0,0,unknown,0,0,
patch_text01,message/d05.mbe/000_Sheet1.csv,char_METALMAMEMON,Металл Мамемон,4,unknown,0,0,unknown,0,0,
patch_text01,message/d09.mbe/000_Sheet1.csv,char_METALSEADRAMON,Металл Сидрамон,4,unknown,0,0,unknown,0,0,
patch_text01,message/d09.mbe/000_Sheet1.csv,char_MOJYAMON,Моджамон,4,unknown,0,0,unknown,0,0,
patch_text01,message/d02.mbe/000_Sheet1.csv,char_MUCHOMON,Мучомон,4,unknown,0,0,unknown,0,0,
patch_text01,message/m120.mbe/000_Sheet1.csv,char_MUSHMON,Машмон,4,unknown,0,0,unknown,0,0,
patch_text01,message/s110_208.mbe/000_Sheet1.csv,char_MUSYAMON,Мусямон,4,unknown,0,0,unknown,0,0,
patch_text01,message/field_text.mbe/000_Sheet1.csv,char_OMEGAMON,Омегамон,4,unknown,0,0,unknown,0,0,
patch_text01,message/d03.mbe/000_Sheet1.csv,char_OTAMAMON,Отамамон,4,unknown,0,0,unknown,0,0,
patch_text01,message/d02.mbe/000_Sheet1.csv,char_OURYUMON,Оурюмон,4,unknown,0,0,unknown,0,0,
patch_text01,message/d02.mbe/000_Sheet1.csv,char_PAILDRAMON,Пейлдрамон,4,male,2,0,male,1,0,"Omigosh, Paildramon is awesome! He was SO cool back there!"
patch_text01,message/s200_148.mbe/000_Sheet1.csv,char_PALMON,Пальмон,4,female,0,1,unknown,0,0,
patch_text01,message/d12.mbe/000_Sheet1.csv,char_PEGASMON,Пегасмон,4,unknown,0,0,male,1,0,I think you should talk to Pegasusmon over there. I heard he has recently seen the disturbance in Shinjuku for himself.
patch_text01,message/m200.mbe/000_Sheet1.csv,char_PEGASMON,Пегасмон,4,unknown,0,0,unknown,0,0,
patch_text01,message/d03.mbe/000_Sheet1.csv,char_PENMON,Пинмон,4,unknown,0,0,unknown,0,0,
patch_text01,message/rumor_npc.mbe/000_Sheet1.csv,char_PICKLEMON,Пикмон,4,unknown,0,0,unknown,0,0,
patch_text01,message/d02.mbe/000_Sheet1.csv,char_PICODEVIMON,Пико Девимон,4,unknown,0,0,unknown,0,0,
patch_text01,message/d03.mbe/000_Sheet1.csv,char_PUKUMON,Пукумон,4,unknown,0,0,unknown,0,0,
patch_text01,message/d05.mbe/000_Sheet1.csv,char_REVOLMON,Револьмон,4,male,1,0,unknown,0,0,
patch_text01,message/d07.mbe/000_Sheet1.csv,char_RUSTTYRANOMON,РастТиранномон,4,unknown,0,0,unknown,0,0,
patch_text01,message/d04.mbe/000_Sheet1.csv,char_SABERLEOMON,Сэйбер Леомон,4,male,1,0,unknown,0,0,
patch_text01,message/d06.mbe/000_Sheet1.csv,char_SAKUYAMON,Сакуямон,4,unknown,0,0,unknown,0,0,
patch_text01,message/d06.mbe/000_Sheet1.csv,char_SHARKMON_BOSS,Шаркмон,4,unknown,0,0,unknown,0,0,
patch_text01,message/d04.mbe/000_Sheet1.csv,char_SILPHYMON,Сильфимон,4,unknown,0,0,unknown,0,0,
patch_text01,message/d12.mbe/000_Sheet1.csv,char_SILPHYMON,Сильфимон,4,unknown,0,0,unknown,0,0,
patch_text01,message/d07.mbe/000_Sheet1.csv,char_SNOWGOBURIMON,Сноу Гобуримон,4,unknown,0,0,unknown,0,0,
patch_text01,message/arena01.mbe/000_Sheet1.csv,char_SOCERIMON,Сорсеримон,4,unknown,0,0,unknown,0,0,
patch_text01,message/rumor_npc.mbe/000_Sheet1.csv,char_TANEMON,Танэмон,4,unknown,0,0,unknown,0,0,
patch_text01,message/d02.mbe/000_Sheet1.csv,char_TOGEMON,Тогэмон,4,unknown,0,0,unknown,0,0,
patch_text01,message/d04.mbe/000_Sheet1.csv,char_TOGEMON,Тогэмон,4,unknown,0,0,unknown,0,0,
patch_text01,message/rumor_npc.mbe/000_Sheet1.csv,char_TOGEMON,Тогэмон,4,unknown,0,0,unknown,0,0,
patch_text01,message/d02.mbe/000_Sheet1.csv,char_TRICERAMON,Трицерамон,4,unknown,0,0,unknown,0,0,
patch_text01,message/d02.mbe/000_Sheet1.csv,char_TUNOMON,Цуномон,4,unknown,0,0,unknown,0,0,
patch_text01,message/m400.mbe/000_Sheet1.csv,char_TYUMON,Тюмон,4,unknown,0,0,unknown,0,0,
patch_text01,message/t04.mbe/000_Sheet1.csv,char_TYUMON,Тюмон,4,unknown,0,0,unknown,0,0,
patch_text01,message/s050_152.mbe/000_Sheet1.csv,char_V-MON,Ви-мон,4,unknown,0,0,unknown,0,0,
patch_text01,message/d02.mbe/000_Sheet1.csv,char_VENOMMYOTISMON,ВеномВамдемон,4,unknown,0,0,unknown,0,0,
patch_text01,message/d02.mbe/000_Sheet1.csv,char_VENUSMON,Венусмон,4,unknown,0,0,unknown,0,0,
patch_text01,message/m350.mbe/000_Sheet1.csv,char_VENUSMON,Венусмон,4,female,0,1,female,0,1,"What about Venusmon, the Digimon working to remedy the poison? Any word on her progress?"
patch_text01,message/d12.mbe/000_Sheet1.csv,char_VULCANUSMON,Вулканусмон,4,unknown,0,0,unknown,0,0,
patch_text01,message/field_text.mbe/000_Sheet1.csv,char_VULCANUSMON,Вулканусмон,4,unknown,0,0,unknown,0,0,
patch_text01,message/field_text.mbe/000_Sheet1.csv,char_WENDIMON,Вендимон,4,unknown,0,0,unknown,0,0,
patch_text01,message/m140.mbe/000_Sheet1.csv,char_WEREGARURUMON,ВерГарурумон,4,unknown,0,0,unknown,0,0,
patch_text01,message/m285.mbe/000_Sheet1.csv,char_WEREGARURUMON,ВерГарурумон,4,unknown,0,0,unknown,0,0,
patch_text01,message/arena01.mbe/000_Sheet1.csv,char_WIZARDMON,Визармон,4,male,2,0,unknown,0,0,
patch_text01,message/field_text.mbe/000_Sheet1.csv,char_ZUDOMON,Зудомон,4,unknown,0,0,unknown,0,0,
patch_text01,message/d04.mbe/000_Sheet1.csv,char_AEGIOMON,Эгиомон,3,unknown,0,0,unknown,0,0,
addcont_01_text01,message/d130.mbe/000_Sheet1.csv,char_AEGIOMON,Эгиомон,3,unknown,0,0,unknown,0,0,
addcont_01_text01,message/d140.mbe/000_Sheet1.csv,char_AEGIOMON,Эгиомон,3,unknown,0,0,unknown,0,0,
patch_text01,message/m220.mbe/000_Sheet1.csv,char_AEGIOMON,Эгиомон,3,male,1,0,unknown,0,0,
patch_text01,message/t01.mbe/000_Sheet1.csv,char_AEGIOMON,Эгиомон,3,unknown,0,0,unknown,0,0,
patch_text01,message/d02.mbe/000_Sheet1.csv,char_AGNIMON,Агнимон,3,unknown,0,0,unknown,0,0,
patch_text01,message/m430.mbe/000_Sheet1.csv,char_APOLLOMON,Аполломон,3,unknown,0,0,unknown,0,0,
patch_text01,message/m440.mbe/000_Sheet1.csv,char_APOLLOMON,Аполломон,3,unknown,0,0,unknown,0,0,
patch_text01,message/d12.mbe/000_Sheet1.csv,char_ASTAMON,Астамон,3,unknown,0,0,unknown,0,0,
patch_text01,message/t01.mbe/000_Sheet1.csv,char_ASTAMON,Астамон,3,unknown,0,0,unknown,0,0,
patch_text01,message/s030_183.mbe/000_Sheet1.csv,char_ATLURKABUTERIMON,АтлаКабутеримон,3,unknown,0,0,unknown,0,0,
patch_text01,message/rumor_npc.mbe/000_Sheet1.csv,char_BETAMON,Бэтамон,3,unknown,0,0,unknown,0,0,
patch_text01,message/d02.mbe/000_Sheet1.csv,char_BLIMPMON,Блимпмон,3,unknown,0,0,unknown,0,0,
patch_text01,message/d02.mbe/000_Sheet1.csv,char_BREAKDRAMON,Брейкдрамон,3,unknown,0,0,unknown,0,0,
patch_text01,message/d12.mbe/000_Sheet1.csv,char_CATCHMAMEMON,КатчМамаемон,3,unknown,0,0,unknown,0,0,
patch_text01,message/d07.mbe/000_Sheet1.csv,char_CERBERUMON,Церберумон,3,unknown,0,0,unknown,0,0,
patch_text01,message/d02.mbe/000_Sheet1.csv,char_CHIMAIRAMON,Химерамон,3,unknown,0,0,unknown,0,0,
patch_text01,message/rumor_npc.mbe/000_Sheet1.csv,char_CHOROMON,Торомон,3,unknown,0,0,unknown,0,0,
patch_text01,message/rumor_npc.mbe/000_Sheet1.csv,char_CLOCKMON,Клокмон,3,unknown,0,0,unknown,0,0,
patch_text01,message/s050_043.mbe/000_Sheet1.csv,char_CLOCKMON,Клокмон,3,male,1,0,unknown,0,0,
patch_text01,message/d05.mbe/000_Sheet1.csv,char_CYBERDRAMON,Кибердрамон,3,unknown,0,0,unknown,0,0,
patch_text01,message/m060.mbe/000_Sheet1.csv,char_CYCLONEMON,Цикломон,3,unknown,0,0,unknown,0,0,
patch_text01,message/d06.mbe/000_Sheet1.csv,char_DORIMON,Доримон,3,unknown,0,0,unknown,0,0,
patch_text01,message/rumor_npc.mbe/000_Sheet1.csv,char_DRACOMON,Дракомон,3,unknown,0,0,unknown,0,0,
patch_text01,message/m320.mbe/000_Sheet1.csv,char_ETEMON,Этемон,3,unknown,0,0,unknown,0,0,
patch_text01,message/arena01.mbe/000_Sheet1.csv,char_FANTOMON,Фантомон,3,unknown,0,0,unknown,0,0,
patch_text01,message/s050_152.mbe/000_Sheet1.csv,char_FLAMEDRAMON,Фладрамон,3,unknown,0,0,unknown,0,0,
patch_text01,message/d02.mbe/000_Sheet1.csv,char_GAOMON,Гаомон,3,unknown,0,0,unknown,0,0,
patch_text01,message/d02.mbe/000_Sheet1.csv,char_GIZAMON,Гизамон,3,unknown,0,0,unknown,0,0,
patch_text01,message/d02.mbe/000_Sheet1.csv,char_GOBURIMON,Гобуримон,3,unknown,0,0,unknown,0,0,
patch_text01,message/d02.mbe/000_Sheet1.csv,char_GOLDNUMEMON,ГолдНумемон,3,male,1,0,unknown,0,0,
patch_text01,message/d03.mbe/000_Sheet1.csv,char_GOMAMON,Гомамон,3,unknown,0,0,unknown,0,0,
patch_text01,message/arena01.mbe/000_Sheet1.csv,char_GRADEMON,Градемон,3,unknown,0,0,unknown,0,0,
patch_text01,message/m180.mbe/000_Sheet1.csv,char_HAWKMON,Хоукмон,3,unknown,0,0,unknown,0,0,
patch_text01,message/rumor_npc.mbe/000_Sheet1.csv,char_HAWKMON,Хоукмон,3,unknown,0,0,unknown,0,0,
patch_text01,message/s110_108.mbe/000_Sheet1.csv,char_HERCULESKABUTERIMON,ГераклКабутеримон,3,unknown,0,0,unknown,0,0,
patch_text01,message/rumor_npc.mbe/000_Sheet1.csv,char_KAMEMON,Камемон,3,unknown,0,0,unknown,0,0,
patch_text01,message/d02.mbe/000_Sheet1.csv,char_KOTEMON,Котэмон,3,unknown,0,0,unknown,0,0,
patch_text01,message/rumor_npc.mbe/000_Sheet1.csv,char_KOTEMON,Котэмон,3,unknown,0,0,unknown,0,0,
addcont_03_text01,message/d320.mbe/000_Sheet1.csv,char_KUZUHAMON,Кудзухамон,3,unknown,0,0,unknown,0,0,
patch_text01,message/s110_113.mbe/000_Sheet1.csv,char_LADYDEVIMON,Леди Девимон,3,unknown,0,0,unknown,0,0,
patch_text01,message/d02.mbe/000_Sheet1.csv,char_LALAMON,Лаламон,3,unknown,0,0,unknown,0,0,
patch_text01,message/s050_152.mbe/000_Sheet1.csv,char_LIGHDRAMON,Лайдрамон,3,unknown,0,0,unknown,0,0,
patch_text01,message/rumor_npc.mbe/000_Sheet1.csv,char_LILAMON,Лиламон,3,unknown,0,0,unknown,0,0,
patch_text01,message/d05.mbe/000_Sheet1.csv,char_LOADERLIOMON,Лоадер Лиомон,3,unknown,0,0,unknown,0,0,
patch_text01,message/arena01.mbe/000_Sheet1.csv,char_LOADKNIGHTMON,Лорд Найтмон,3,unknown,0,0,unknown,0,0,
patch_text01,message/d05.mbe/000_Sheet1.csv,char_LOCOMON,Локомон,3,male,1,0,unknown,0,0,
patch_text01,message/battle.mbe/000_Sheet1.csv,char_LOTOSMON,Лотусмон,3,female,0,1,unknown,0,0,
patch_text01,message/d09.mbe/000_Sheet1.csv,char_LOTOSMON,Лотусмон,3,unknown,0,0,unknown,0,0,
patch_text01,message/s110_100.mbe/000_Sheet1.csv,char_MAGNAMON,Магнамон,3,male,1,0,unknown,0,0,
patch_text01,message/arena01.mbe/000_Sheet1.csv,char_MARSMON,Марсмон,3,unknown,0,0,unknown,0,0,
patch_text01,message/s095_078.mbe/000_Sheet1.csv,char_MASTERBLIMPMON,МастерБлимпмон,3,unknown,0,0,unknown,0,0,
patch_text01,message/d05.mbe/000_Sheet1.csv,char_MEGAGROWLMON,Мегало Граумон,3,unknown,0,0,unknown,0,0,
patch_text01,message/m410.mbe/000_Sheet1.csv,char_MERCURYMON,Меркуримон,3,unknown,0,0,unknown,0,0,
patch_text01,message/d02.mbe/000_Sheet1.csv,char_METALMAMEMON,Металл Мамемон,3,unknown,0,0,unknown,0,0,
patch_text01,message/d02.mbe/000_Sheet1.csv,char_METALTYRANNOMON,МеталлТиранномон,3,unknown,0,0,unknown,0,0,
patch_text01,message/m170.mbe/000_Sheet1.csv,char_MINERVAMON,Минервамон,3,unknown,0,0,unknown,0,0,
patch_text01,message/rumor_npc.mbe/000_Sheet1.csv,char_MOCHIMON,Мотимон,3,unknown,0,0,unknown,0,0,
patch_text01,message/d02.mbe/000_Sheet1.csv,char_MONODRAMON,Монодрамон,3,unknown,0,0,unknown,0,0,
patch_text01,message/d03.mbe/000_Sheet1.csv,char_MONODRAMON,Монодрамон,3,unknown,0,0,unknown,0,0,
patch_text01,message/d02.mbe/000_Sheet1.csv,char_MONZAEMON,Мондзаэмон,3,unknown,0,0,unknown,0,0,
patch_text01,message/t04.mbe/000_Sheet1.csv,char_MONZAEMON,Мондзаэмон,3,male,1,0,unknown,0,0,
patch_text01,message/m200.mbe/000_Sheet1.csv,char_MUGENDRAMON,Мугендрамон,3,unknown,0,0,unknown,0,0,
patch_text01,message/s010_156.mbe/000_Sheet1.csv,char_MUGENDRAMON,Мугендрамон,3,male,1,0,unknown,0,0,
patch_text01,message/d06.mbe/000_Sheet1.csv,char_MUMMYMON,Мумимон,3,unknown,0,0,unknown,0,0,
patch_text01,message/d04.mbe/000_Sheet1.csv,char_NANIMON,Нанимон,3,unknown,0,0,unknown,0,0,
patch_text01,message/s050_152.mbe/000_Sheet1.csv,char_NEFERTIMON,Нефертимон,3,unknown,0,0,unknown,0,0,
patch_text01,message/d02.mbe/000_Sheet1.csv,char_OCTMON,Октомон,3,unknown,0,0,unknown,0,0,
patch_text01,message/s110_090.mbe/000_Sheet1.csv,char_OMEGAMON,Омегамон,3,unknown,0,0,unknown,0,0,
patch_text01,message/s110_098.mbe/000_Sheet1.csv,char_OMEGAMON,Омегамон,3,unknown,0,0,unknown,0,0,
patch_text01,message/d09.mbe/000_Sheet1.csv,char_ORGEMON,Оргмон,3,unknown,0,0,unknown,0,0,
patch_text01,message/rumor_npc.mbe/000_Sheet1.csv,char_OTAMAMON,Отамамон,3,unknown,0,0,unknown,0,0,
patch_text01,message/d09.mbe/000_Sheet1.csv,char_PALMON,Пальмон,3,unknown,0,0,unknown,0,0,
patch_text01,message/d06.mbe/000_Sheet1.csv,char_PHARAOHMON,Фараомон,3,unknown,0,0,unknown,0,0,
patch_text01,message/d07.mbe/000_Sheet1.csv,char_PHARAOHMON,Фараомон,3,unknown,0,0,unknown,0,0,
patch_text01,message/d04.mbe/000_Sheet1.csv,char_PICKLEMON,Пикмон,3,unknown,0,0,unknown,0,0,
patch_text01,message/d02.mbe/000_Sheet1.csv,char_PIEDMON,Пьемон,3,unknown,0,0,unknown,0,0,
patch_text01,message/rumor_npc.mbe/000_Sheet1.csv,char_PIYOMON,Пиёмон,3,unknown,0,0,unknown,0,0,
patch_text01,message/d02.mbe/000_Sheet1.csv,char_PLATINUMNUMEMON,ПлатинаНумемон,3,unknown,0,0,unknown,0,0,
patch_text01,message/d02.mbe/000_Sheet1.csv,char_RAREMON,Рэйрмон,3,unknown,0,0,unknown,0,0,
patch_text01,message/d12.mbe/000_Sheet1.csv,char_RENAMON,Ренамон,3,unknown,0,0,unknown,0,0,
patch_text01,message/rumor_npc.mbe/000_Sheet1.csv,char_REVOLMON,Револьмон,3,unknown,0,0,unknown,0,0,
patch_text01,message/d02.mbe/000_Sheet1.csv,char_RIZEGREYMON,Райз Греймон,3,unknown,0,0,unknown,0,0,
patch_text01,message/s020_018.mbe/000_Sheet1.csv,char_SHAKOMON,Сякомон,3,unknown,0,0,unknown,0,0,
patch_text01,message/d02.mbe/000_Sheet1.csv,char_SHAMAMON,Шамамон,3,unknown,0,0,unknown,0,0,
patch_text01,message/s050_152.mbe/000_Sheet1.csv,char_SHURIMON,Сюримон,3,unknown,0,0,unknown,0,0,
patch_text01,message/d04.mbe/000_Sheet1.csv,char_SIRENMON,Сиренмон,3,unknown,0,0,female,0,2,"Now that Sirenmon is interred in this land, perhaps she is cleansing the ground. || My vision was obstructed by the fog... but I never imagined it would be Sirenmon and her guests..."
patch_text01,message/m200.mbe/000_Sheet1.csv,char_SKULLGREYMON,Скалл Греймон,3,unknown,0,0,unknown,0,0,
patch_text01,message/m260.mbe/000_Sheet1.csv,char_SKULLSEADRAMON,СкулСидрамон,3,unknown,0,0,unknown,0,0,
patch_text01,message/arena01.mbe/000_Sheet1.csv,char_SUSANOOMON,Сусаноомон,3,male,1,0,unknown,0,0,
patch_text01,message/rumor_npc.mbe/000_Sheet1.csv,char_TAILMON,Тейлмон,3,unknown,0,0,unknown,0,0,
patch_text01,message/s070_056.mbe/000_Sheet1.csv,char_TANEMON,Танэмон,3,unknown,0,0,unknown,0,0,
patch_text01,message/arena01.mbe/000_Sheet1.csv,char_TIGERVESPAMON,ТигерВеспамон,3,unknown,0,0,unknown,0,0,
patch_text01,message/s010_002.mbe/000_Sheet1.csv,char_TOYAGUMON,Той Агумон,3,unknown,0,0,unknown,0,0,
patch_text01,message/s110_100.mbe/000_Sheet1.csv,char_ULFORCEVDRAMON,Алфорс Ви-драмон,3,unknown,0,0,unknown,0,0,
patch_text01,message/m290.mbe/000_Sheet1.csv,char_VENUSMON,Венусмон,3,unknown,0,0,unknown,0,0,
patch_text01,message/d01.mbe/000_Sheet1.csv,char_VIKEMON,Викемон,3,unknown,0,0,unknown,0,0,
patch_text01,message/d02.mbe/000_Sheet1.csv,char_VOLCAMON,Волкамон,3,male,1,0,unknown,0,0,
patch_text01,message/rumor_npc.mbe/000_Sheet1.csv,char_VOLCAMON,Волкамон,3,unknown,0,0,unknown,0,0,
patch_text01,message/d05.mbe/000_Sheet1.csv,char_VULCANUSMON,Вулканусмон,3,unknown,0,0,unknown,0,0,
patch_text01,message/d02.mbe/000_Sheet1.csv,char_WOLFMON,Вольфмон,3,unknown,0,0,unknown,0,0,
patch_text01,message/d02.mbe/000_Sheet1.csv,char_YATAGARAMON,Ятагарамон,3,unknown,0,0,unknown,0,0,
patch_text01,message/rumor_npc.mbe/000_Sheet1.csv,char_YUKIDARUMON,Юкидарумон,3,unknown,0,0,unknown,0,0,
patch_text01,message/s110_208.mbe/000_Sheet1.csv,char_ZANBAMON,Дзанбамон,3,unknown,0,0,unknown,0,0,
patch_text01,message/d02.mbe/000_Sheet1.csv,char_AEGIOMON,Эгиомон,2,unknown,0,0,unknown,0,0,
patch_text01,message/s090_072.mbe/000_Sheet1.csv,char_ANCIENTWISETMON,Древний Вайзмон,2,unknown,0,0,unknown,0,0,
patch_text01,message/d02.mbe/000_Sheet1.csv,char_ANDROMON,Андромон,2,unknown,0,0,unknown,0,0,
patch_text01,message/field_text.mbe/000_Sheet1.csv,char_ANDROMON,Андромон,2,unknown,0,0,unknown,0,0,
patch_text01,message/rumor_npc.mbe/000_Sheet1.csv,char_ANDROMON,Андромон,2,unknown,0,0,unknown,0,0,
patch_text01,message/d02.mbe/000_Sheet1.csv,char_ANTYLAMON,Андиромон,2,male,1,0,unknown,0,0,
patch_text01,message/rumor_npc.mbe/000_Sheet1.csv,char_ARCHNEMON,Арахнемон,2,unknown,0,0,unknown,0,0,
patch_text01,message/rumor_npc.mbe/000_Sheet1.csv,char_ASTAMON,Астамон,2,unknown,0,0,unknown,0,0,
patch_text01,message/h06.mbe/000_Sheet1.csv,char_BACCHUSMON,Вакхмон,2,unknown,0,0,unknown,0,0,
patch_text01,message/rumor_npc.mbe/000_Sheet1.csv,char_BACCHUSMON,Вакхмон,2,unknown,0,0,unknown,0,0,
patch_text01,message/arena01.mbe/000_Sheet1.csv,char_BANCHOLEOMON,БанхоЛеомон,2,unknown,0,0,unknown,0,0,
addcont_02_text01,message/dlcep002_field.mbe/000_Sheet1.csv,char_BANCHOLEOMON,БанхоЛеомон,2,unknown,0,0,unknown,0,0,
patch_text01,message/rumor_npc.mbe/000_Sheet1.csv,char_BEARMON,Бермон,2,unknown,0,0,unknown,0,0,
patch_text01,message/s070_056.mbe/000_Sheet1.csv,char_BEELZEBUMON,Вельзевумон,2,unknown,0,0,unknown,0,0,
patch_text01,message/s070_056.mbe/000_Sheet1.csv,char_BEELZEMON_BM,Вельзевумон: Бласт-режим,2,unknown,0,0,unknown,0,0,
patch_text01,message/d12.mbe/000_Sheet1.csv,char_BIGMAMEMON,Биг Мамемон,2,unknown,0,0,unknown,0,0,
patch_text01,message/d02.mbe/000_Sheet1.csv,char_BLACKTAILMON,Блэк Теилмон,2,unknown,0,0,unknown,0,0,
patch_text01,message/d05.mbe/000_Sheet1.csv,char_BLUEMERAMON,Блю Мерамон,2,unknown,0,0,unknown,0,0,
patch_text01,message/d03.mbe/000_Sheet1.csv,char_BRAKIMON,Брахимон,2,unknown,0,0,unknown,0,0,
patch_text01,message/field_text.mbe/000_Sheet1.csv,char_BUBBMON,Баббмон,2,unknown,0,0,unknown,0,0,
patch_text01,message/d02.mbe/000_Sheet1.csv,char_CAPROMON,Капримон,2,unknown,0,0,unknown,0,0,
patch_text01,message/field_text.mbe/000_Sheet1.csv,char_CATCHMAMEMON,КатчМамаемон,2,unknown,0,0,unknown,0,0,
patch_text01,message/d02.mbe/000_Sheet1.csv,char_CENTALMON,Кенталмон,2,unknown,0,0,unknown,0,0,
patch_text01,message/rumor_npc.mbe/000_Sheet1.csv,char_CENTALMON,Кенталмон,2,unknown,0,0,unknown,0,0,
patch_text01,message/battle.mbe/000_Sheet1.csv,char_CERESMON,Церемон,2,unknown,0,0,unknown,0,0,
patch_text01,message/battle.mbe/000_Sheet1.csv,char_CHAOSDRAMON,Хаосдрамон,2,unknown,0,0,unknown,0,0,
patch_text01,message/battle.mbe/000_Sheet1.csv,char_CHARISMON,Каллисмон,2,unknown,0,0,unknown,0,0,
patch_text01,message/rumor_npc.mbe/000_Sheet1.csv,char_COELAMON,Целамон,2,unknown,0,0,unknown,0,0,
patch_text01,message/m160.mbe/000_Sheet1.csv,char_CORONAMON,Коронамон,2,male,1,0,unknown,0,0,
patch_text01,message/field_text.mbe/000_Sheet1.csv,char_CROSSMON,Кроссмон,2,unknown,0,0,unknown,0,0,
patch_text01,message/d02.mbe/000_Sheet1.csv,char_CYBERDRAMON,Кибердрамон,2,unknown,0,0,unknown,0,0,
patch_text01,message/rumor_npc.mbe/000_Sheet1.csv,char_DAGOMON,Дагомон,2,unknown,0,0,unknown,0,0,
patch_text01,message/d02.mbe/000_Sheet1.csv,char_DEATHMERAMON,Дес Мерамон,2,unknown,0,0,unknown,0,0,
patch_text01,message/d07.mbe/000_Sheet1.csv,char_DEATHMERAMON,Дес Мерамон,2,male,1,0,unknown,0,0,
patch_text01,message/d02.mbe/000_Sheet1.csv,char_DELTAMON,Дельтамон,2,unknown,0,0,unknown,0,0,
patch_text01,message/t01.mbe/000_Sheet1.csv,char_DIGITAMAMON,Дигитамамон,2,unknown,0,0,unknown,0,0,
patch_text01,message/rumor_npc.mbe/000_Sheet1.csv,char_DRACUMON,Дракумон,2,unknown,0,0,unknown,0,0,
patch_text01,message/battle.mbe/000_Sheet1.csv,char_DUFTMON_LM,Дуфтмон: Режим леопарда,2,unknown,0,0,unknown,0,0,
patch_text01,message/battle.mbe/000_Sheet1.csv,char_DUKEMON,Дюкмон,2,unknown,0,0,unknown,0,0,
patch_text01,message/s110_211.mbe/000_Sheet1.csv,char_ENBARRMON,Энбаррмон,2,male,1,0,unknown,0,0,
patch_text01,message/rumor_npc.mbe/000_Sheet1.csv,char_FUGAMON,Фугамон,2,unknown,0,0,unknown,0,0,
patch_text01,message/d02.mbe/000_Sheet1.csv,char_GAIOMON,Гайоумон,2,unknown,0,0,unknown,0,0,
patch_text01,message/d09.mbe/000_Sheet1.csv,char_GANIMON,Ганимон,2,unknown,0,0,unknown,0,0,
patch_text01,message/d02.mbe/000_Sheet1.csv,char_GARUMMON,Гаруммон,2,male,1,0,unknown,0,0,
patch_text01,message/d04.mbe/000_Sheet1.csv,char_GEKOMON,Гэкомон,2,unknown,0,0,unknown,0,0,
patch_text01,message/s030_029.mbe/000_Sheet1.csv,char_GEKOMON,Гэкомон,2,unknown,0,0,unknown,0,0,
patch_text01,message/d12.mbe/000_Sheet1.csv,char_GERBEMON,Гербемон,2,male,1,0,unknown,0,0,
patch_text01,message/rumor_npc.mbe/000_Sheet1.csv,char_GERBEMON,Гербемон,2,unknown,0,0,unknown,0,0,
patch_text01,message/t01.mbe/000_Sheet1.csv,char_GERBEMON,Гербемон,2,unknown,0,0,unknown,0,0,
patch_text01,message/rumor_npc.mbe/000_Sheet1.csv,char_GEREMON,Геремон,2,unknown,0,0,unknown,0,0,
patch_text01,message/d02.mbe/000_Sheet1.csv,char_GINRYUMON,Джинрюмон,2,unknown,0,0,unknown,0,0,
patch_text01,message/d01.mbe/000_Sheet1.csv,char_GOMAMON,Гомамон,2,unknown,0,0,unknown,0,0,
patch_text01,message/rumor_npc.mbe/000_Sheet1.csv,char_GOMAMON,Гомамон,2,unknown,0,0,unknown,0,0,
patch_text01,message/d05.mbe/000_Sheet1.csv,char_GRADEMON,Градемон,2,unknown,0,0,unknown,0,0,
patch_text01,message/battle.mbe/000_Sheet1.csv,char_GRIFFOMON,Гриффомон,2,unknown,0,0,unknown,0,0,
patch_text01,message/d04.mbe/000_Sheet1.csv,char_GROWMON,Граумон,2,unknown,0,0,unknown,0,0,
patch_text01,message/d02.mbe/000_Sheet1.csv,char_GUILMON,Гилмон,2,male,1,0,unknown,0,0,
patch_text01,message/d12.mbe/000_Sheet1.csv,char_HAGURUMON,Хагурумон,2,unknown,0,0,unknown,0,0,
patch_text01,message/battle.mbe/000_Sheet1.csv,char_HANGYOMON,Хангёмон,2,unknown,0,0,unknown,0,0,
patch_text01,message/s050_152.mbe/000_Sheet1.csv,char_HAWKMON,Хоукмон,2,unknown,0,0,unknown,0,0,
addcont_01_text01,message/d120.mbe/000_Sheet1.csv,char_HIANDROMON,ХиАндромон,2,unknown,0,0,unknown,0,0,
patch_text01,message/d06.mbe/000_Sheet1.csv,char_HOLYANGEMON,Холи Ангемон,2,unknown,0,0,unknown,0,0,
patch_text01,message/field_text.mbe/000_Sheet1.csv,char_HOUOUMON,Хоуоумон,2,unknown,0,0,unknown,0,0,
patch_text01,message/rumor_npc.mbe/000_Sheet1.csv,char_HYOUGAMON,Хёгамон,2,unknown,0,0,unknown,0,0,
patch_text01,message/field_text.mbe/000_Sheet1.csv,char_IKKAKUMON,Иккакумон,2,male,1,0,unknown,0,0,
patch_text01,message/s030_029.mbe/000_Sheet1.csv,char_KABUTERIMON,Кабутеримон,2,unknown,0,0,unknown,0,0,
patch_text01,message/rumor_npc.mbe/000_Sheet1.csv,char_KARATUKINUMEMON,КарацукиНумемон,2,unknown,0,0,unknown,0,0,
patch_text01,message/arena01.mbe/000_Sheet1.csv,char_KINGETEMON,КингЕтемон,2,unknown,0,0,unknown,0,0,
patch_text01,message/rumor_npc.mbe/000_Sheet1.csv,char_KIWIMON,Кивимон,2,unknown,0,0,unknown,0,0,
patch_text01,message/d05.mbe/000_Sheet1.csv,char_KNIGHTMON,Найтмон,2,unknown,0,0,unknown,0,0,
patch_text01,message/t04.mbe/000_Sheet1.csv,char_KOTEMON,Котэмон,2,unknown,0,0,unknown,0,0,
patch_text01,message/s110_113.mbe/000_Sheet1.csv,char_KUZUHAMON,Кудзухамон,2,unknown,0,0,unknown,0,0,
patch_text01,message/d12.mbe/000_Sheet1.csv,char_LALAMON,Лаламон,2,unknown,0,0,unknown,0,0,
patch_text01,message/field_text.mbe/000_Sheet1.csv,char_LALAMON,Лаламон,2,unknown,0,0,unknown,0,0,
patch_text01,message/d02.mbe/000_Sheet1.csv,char_LILAMON,Лиламон,2,unknown,0,0,unknown,0,0,
patch_text01,message/d04.mbe/000_Sheet1.csv,char_LILAMON,Лиламон,2,unknown,0,0,female,0,1,"Haven't heard a peep since she went after Stingmon... But, knowing Lilamon, I'm sure she's doing fine!"
patch_text01,message/d02.mbe/000_Sheet1.csv,char_LILLYMON,Лилимон,2,unknown,0,0,female,0,1,"The Lillymon there before was all right, but she couldn't hold a candle to this LadyDevimon!"
patch_text01,message/m190.mbe/000_Sheet1.csv,char_LOCOMON,Локомон,2,unknown,0,0,unknown,0,0,
patch_text01,message/arena01.mbe/000_Sheet1.csv,char_LOPMON,Лопмон,2,unknown,0,0,unknown,0,0,
patch_text01,message/rumor_npc.mbe/000_Sheet1.csv,char_LUNAMON,Лунамон,2,unknown,0,0,unknown,0,0,
patch_text01,message/d02.mbe/000_Sheet1.csv,char_MACHGAOGAMON,Мах Гаогамон,2,unknown,0,0,unknown,0,0,
patch_text01,message/d05.mbe/000_Sheet1.csv,char_MACHGAOGAMON,Мах Гаогамон,2,unknown,0,0,unknown,0,0,
patch_text01,message/rumor_npc.mbe/000_Sheet1.csv,char_MACHGAOGAMON,Мах Гаогамон,2,unknown,0,0,unknown,0,0,
patch_text01,message/field_text.mbe/000_Sheet1.csv,char_MAGNAGARURUMON,Магна Гарурумон,2,unknown,0,0,unknown,0,0,
patch_text01,message/d07.mbe/000_Sheet1.csv,char_MAGNAKIDMON,МагнаКидмон,2,male,1,0,unknown,0,0,
patch_text01,message/battle.mbe/000_Sheet1.csv,char_MAGNAMON,Магнамон,2,unknown,0,0,unknown,0,0,
patch_text01,message/t04.mbe/000_Sheet1.csv,char_MAMEMON,Мамемон,2,unknown,0,0,unknown,0,0,
patch_text01,message/rumor_npc.mbe/000_Sheet1.csv,char_MARINEANGEMON,Маринангемон,2,unknown,0,0,unknown,0,0,
patch_text01,message/s020_018.mbe/000_Sheet1.csv,char_MARINEANGEMON,Маринангемон,2,unknown,0,0,unknown,0,0,
patch_text01,message/arena01.mbe/000_Sheet1.csv,char_MATADRMON,Матадормон,2,unknown,0,0,unknown,0,0,
patch_text01,message/d02.mbe/000_Sheet1.csv,char_MATADRMON,Матадормон,2,unknown,0,0,unknown,0,0,
patch_text01,message/d02.mbe/000_Sheet1.csv,char_MEGAGROWLMON,Мегало Граумон,2,unknown,0,0,unknown,0,0,
patch_text01,message/d03.mbe/000_Sheet1.csv,char_MEGASEADRAMON,Мега Сидрамон,2,unknown,0,0,unknown,0,0,
patch_text01,message/s200_150.mbe/000_Sheet1.csv,char_MEGASEADRAMON,Мега Сидрамон,2,unknown,0,0,unknown,0,0,
patch_text01,message/d01.mbe/000_Sheet1.csv,char_MEGIDRAMON,Мегидрамон,2,unknown,0,0,unknown,0,0,
patch_text01,message/m310.mbe/000_Sheet1.csv,char_MERCURYMON,Меркуримон,2,unknown,0,0,unknown,0,0,
patch_text01,message/field_text.mbe/000_Sheet1.csv,char_METALTYRANNOMON,МеталлТиранномон,2,unknown,0,0,unknown,0,0,
patch_text01,message/t02.mbe/000_Sheet1.csv,char_MINERVAMON,Минервамон,2,unknown,0,0,unknown,0,0,
patch_text01,message/rumor_npc.mbe/000_Sheet1.csv,char_MINOTAURMON,Минотарумон,2,unknown,0,0,unknown,0,0,
patch_text01,message/rumor_npc.mbe/000_Sheet1.csv,char_MOJYAMON,Моджамон,2,unknown,0,0,unknown,0,0,
patch_text01,message/d04.mbe/000_Sheet1.csv,char_MUCHOMON,Мучомон,2,unknown,0,0,unknown,0,0,
patch_text01,message/d12.mbe/000_Sheet1.csv,char_MUMMYMON,Мумимон,2,unknown,0,0,unknown,0,0,
patch_text01,message/field_text.mbe/000_Sheet1.csv,char_MUMMYMON,Мумимон,2,unknown,0,0,unknown,0,0,
patch_text01,message/d02.mbe/000_Sheet1.csv,char_MUSYAMON,Мусямон,2,unknown,0,0,unknown,0,0,
patch_text01,message/d12.mbe/000_Sheet1.csv,char_MUSYAMON,Мусямон,2,unknown,0,0,unknown,0,0,
patch_text01,message/field_text.mbe/000_Sheet1.csv,char_NANIMON,Нанимон,2,unknown,0,0,unknown,0,0,
patch_text01,message/d02.mbe/000_Sheet1.csv,char_NANOMON,Наномон,2,unknown,0,0,unknown,0,0,
patch_text01,message/rumor_npc.mbe/000_Sheet1.csv,char_NYAROMON,Няромон,2,unknown,0,0,unknown,0,0,
patch_text01,message/d09.mbe/000_Sheet1.csv,char_OCTMON,Октомон,2,unknown,0,0,unknown,0,0,
patch_text01,message/d12.mbe/000_Sheet1.csv,char_OCTMON,Октомон,2,unknown,0,0,unknown,0,0,
patch_text01,message/arena01.mbe/000_Sheet1.csv,char_OPHANIMON,Офанимон,2,unknown,0,0,unknown,0,0,
patch_text01,message/rumor_npc.mbe/000_Sheet1.csv,char_ORGEMON,Оргмон,2,unknown,0,0,unknown,0,0,
patch_text01,message/d02.mbe/000_Sheet1.csv,char_OROCHIMON,Оротимон,2,unknown,0,0,unknown,0,0,
patch_text01,message/field_text.mbe/000_Sheet1.csv,char_OROCHIMON,Оротимон,2,unknown,0,0,unknown,0,0,
patch_text01,message/d12.mbe/000_Sheet1.csv,char_OURYUMON,Оурюмон,2,unknown,0,0,unknown,0,0,
patch_text01,message/d05.mbe/000_Sheet1.csv,char_PAGUMON,Пагумон,2,unknown,0,0,unknown,0,0,
patch_text01,message/rumor_npc.mbe/000_Sheet1.csv,char_PAGUMON,Пагумон,2,unknown,0,0,unknown,0,0,
patch_text01,message/rumor_npc.mbe/000_Sheet1.csv,char_PAILDRAMON,Пейлдрамон,2,unknown,0,0,unknown,0,0,
patch_text01,message/rumor_npc.mbe/000_Sheet1.csv,char_PANDAMON,Пандамон,2,unknown,0,0,unknown,0,0,
patch_text01,message/t04.mbe/000_Sheet1.csv,char_PANDAMON,Пандамон,2,unknown,0,0,unknown,0,0,
patch_text01,message/d02.mbe/000_Sheet1.csv,char_PANJYAMON,Панджамон,2,unknown,0,0,unknown,0,0,
patch_text01,message/d12.mbe/000_Sheet1.csv,char_PANJYAMON,Панджамон,2,unknown,0,0,unknown,0,0,
patch_text01,message/d02.mbe/000_Sheet1.csv,char_PATAMON,Патамон,2,unknown,0,0,unknown,0,0,
patch_text01,message/m310.mbe/000_Sheet1.csv,char_PEGASMON,Пегасмон,2,unknown,0,0,unknown,0,0,
patch_text01,message/t01.mbe/000_Sheet1.csv,char_PEGASMON,Пегасмон,2,unknown,0,0,unknown,0,0,
patch_text01,message/arena01.mbe/000_Sheet1.csv,char_PHARAOHMON,Фараомон,2,unknown,0,0,unknown,0,0,
patch_text01,message/d02.mbe/000_Sheet1.csv,char_PICKLEMON,Пикмон,2,unknown,0,0,unknown,0,0,
patch_text01,message/arena01.mbe/000_Sheet1.csv,char_PIEDMON,Пьемон,2,unknown,0,0,unknown,0,0,
patch_text01,message/rumor_npc.mbe/000_Sheet1.csv,char_PIEDMON,Пьемон,2,unknown,0,0,unknown,0,0,
patch_text01,message/arena01.mbe/000_Sheet1.csv,char_PLATINUM_SCUMON,ПлатинумСкамон,2,unknown,0,0,unknown,0,0,
patch_text01,message/arena01.mbe/000_Sheet1.csv,char_PRINCEMAMEMON,ПринцМамемон,2,unknown,0,0,unknown,0,0,
patch_text01,message/d12.mbe/000_Sheet1.csv,char_PRINCEMAMEMON,ПринцМамемон,2,unknown,0,0,unknown,0,0,
patch_text01,message/battle.mbe/000_Sheet1.csv,char_PUMPMON,Пампмон,2,unknown,0,0,unknown,0,0,
patch_text01,message/d04.mbe/000_Sheet1.csv,char_PYOCOMON,Пьёкомон,2,unknown,0,0,unknown,0,0,
patch_text01,message/field_text.mbe/000_Sheet1.csv,char_RAREMON,Рэйрмон,2,unknown,0,0,unknown,0,0,
patch_text01,message/d12.mbe/000_Sheet1.csv,char_REPPAMON,Реппамон,2,unknown,0,0,unknown,0,0,
patch_text01,message/field_text.mbe/000_Sheet1.csv,char_REPPAMON,Реппамон,2,unknown,0,0,unknown,0,0,
patch_text01,message/d12.mbe/000_Sheet1.csv,char_REVOLMON,Револьмон,2,unknown,0,0,unknown,0,0,
patch_text01,message/t01.mbe/000_Sheet1.csv,char_REVOLMON,Револьмон,2,unknown,0,0,unknown,0,0,
patch_text01,message/d02.mbe/000_Sheet1.csv,char_RUSTTYRANOMON,РастТиранномон,2,unknown,0,0,unknown,0,0,
patch_text01,message/s200_150.mbe/000_Sheet1.csv,char_SEADRAMON,Сидрамон,2,unknown,0,0,unknown,0,0,
patch_text01,message/arena01.mbe/000_Sheet1.csv,char_SERAPHIMON,Серафимон,2,unknown,0,0,unknown,0,0,
patch_text01,message/d03.mbe/000_Sheet1.csv,char_SHARKMON_BOSS,Шаркмон,2,unknown,0,0,unknown,0,0,
patch_text01,message/d12.mbe/000_Sheet1.csv,char_SHOUTMON,Шаутмон,2,unknown,0,0,unknown,0,0,
patch_text01,message/arena01.mbe/000_Sheet1.csv,char_SKULLMAMMON,СкаллМаммон,2,male,1,0,unknown,0,0,
patch_text01,message/field_text.mbe/000_Sheet1.csv,char_SLAYERDRAMON,Слейердрамон,2,unknown,0,0,unknown,0,0,
patch_text01,message/rumor_npc.mbe/000_Sheet1.csv,char_SOLARMON,Солармон,2,unknown,0,0,unknown,0,0,
patch_text01,message/t04.mbe/000_Sheet1.csv,char_STARMON,Стармон,2,unknown,0,0,unknown,0,0,
patch_text01,message/d03.mbe/000_Sheet1.csv,char_STRIKEDRAMON,Страйкдрамон,2,unknown,0,0,unknown,0,0,
patch_text01,message/d12.mbe/000_Sheet1.csv,char_STRIKEDRAMON,Страйкдрамон,2,unknown,0,0,unknown,0,0,
patch_text01,message/arena01.mbe/000_Sheet1.csv,char_SUKAMON,Скамон,2,male,1,0,unknown,0,0,
patch_text01,message/rumor_npc.mbe/000_Sheet1.csv,char_SUNFLOWMON,Санфлаумон,2,unknown,0,0,unknown,0,0,
patch_text01,message/rumor_npc.mbe/000_Sheet1.csv,char_SUPERSTARMON,Суперстармон,2,unknown,0,0,unknown,0,0,
patch_text01,message/t01.mbe/000_Sheet1.csv,char_SUPERSTARMON,Суперстармон,2,unknown,0,0,unknown,0,0,
patch_text01,message/s050_152.mbe/000_Sheet1.csv,char_TAILMON,Тейлмон,2,unknown,0,0,unknown,0,0,
patch_text01,message/rumor_npc.mbe/000_Sheet1.csv,char_TANKMON,Танкмон,2,unknown,0,0,unknown,0,0,
patch_text01,message/arena01.mbe/000_Sheet1.csv,char_TENTOMON,Тентомон,2,unknown,0,0,unknown,0,0,
patch_text01,message/d04.mbe/000_Sheet1.csv,char_TENTOMON,Тентомон,2,unknown,0,0,unknown,0,0,
patch_text01,message/arena01.mbe/000_Sheet1.csv,char_TERRIERMON,Терьермон,2,unknown,0,0,unknown,0,0,
patch_text01,message/d02.mbe/000_Sheet1.csv,char_TOKOMON,Токомон,2,unknown,0,0,unknown,0,0,
patch_text01,message/d07.mbe/000_Sheet1.csv,char_TRICERAMON,Трицерамон,2,unknown,0,0,unknown,0,0,
patch_text01,message/d01.mbe/000_Sheet1.csv,char_TUCHIDARUMON,Цучидарумон,2,unknown,0,0,unknown,0,0,
patch_text01,message/rumor_npc.mbe/000_Sheet1.csv,char_TUCHIDARUMON,Цучидарумон,2,unknown,0,0,unknown,0,0,
patch_text01,message/battle.mbe/000_Sheet1.csv,char_TUNOMON,Цуномон,2,unknown,0,0,unknown,0,0,
patch_text01,message/rumor_npc.mbe/000_Sheet1.csv,char_TUNOMON,Цуномон,2,unknown,0,0,unknown,0,0,
patch_text01,message/arena01.mbe/000_Sheet1.csv,char_TYILINMON,Цилиньмон,2,unknown,0,0,unknown,0,0,
patch_text01,message/field_text.mbe/000_Sheet1.csv,char_TYRANTKABUTERIMON,Тиран Кабутеримон,2,unknown,0,0,unknown,0,0,
patch_text01,message/m360.mbe/000_Sheet1.csv,char_UNDEADPLUTOMON,ЗомбиПлутомон,2,unknown,0,0,unknown,0,0,
patch_text01,message/d04.mbe/000_Sheet1.csv,char_V-MON,Ви-мон,2,unknown,0,0,unknown,0,0,
patch_text01,message/h02.mbe/000_Sheet1.csv,char_VADEMON,Вейдмон,2,unknown,0,0,unknown,0,0,
patch_text01,message/d07.mbe/000_Sheet1.csv,char_VAMDEMON,Вамдемон,2,male,1,0,unknown,0,0,
patch_text01,message/rumor_npc.mbe/000_Sheet1.csv,char_VEGIMON,Вегимон,2,unknown,0,0,unknown,0,0,
patch_text01,message/d03.mbe/000_Sheet1.csv,char_VIKEMON,Викемон,2,unknown,0,0,unknown,0,0,
patch_text01,message/d02.mbe/000_Sheet1.csv,char_VRITRAMON,Вритрамон,2,unknown,0,0,unknown,0,0,
patch_text01,message/s200_150.mbe/000_Sheet1.csv,char_WARUSEADRAMON,ВарСидрамон,2,unknown,0,0,unknown,0,0,
patch_text01,message/d04.mbe/000_Sheet1.csv,char_WASPMON,Васпмон,2,unknown,0,0,unknown,0,0,
patch_text01,message/field_text.mbe/000_Sheet1.csv,char_WHAMON,Уэмон,2,unknown,0,0,unknown,0,0,
patch_text01,message/field_text.mbe/000_Sheet1.csv,char_WINGDRAMON,Вингдрамон,2,unknown,0,0,unknown,0,0,
patch_text01,message/field_text.mbe/000_Sheet1.csv,char_WITCHMON,Витчмон,2,unknown,0,0,unknown,0,0,
patch_text01,message/field_text.mbe/000_Sheet1.csv,char_WIZARDMON,Визармон,2,unknown,0,0,unknown,0,0,
patch_text01,message/rumor_npc.mbe/000_Sheet1.csv,char_WOODMON,Вудмон,2,unknown,0,0,unknown,0,0,
patch_text01,message/d07.mbe/000_Sheet1.csv,char_YATAGARAMON,Ятагарамон,2,unknown,0,0,unknown,0,0,
patch_text01,message/m350.mbe/000_Sheet1.csv,char_YATAGARAMON,Ятагарамон,2,unknown,0,0,unknown,0,0,
patch_text01,message/d02.mbe/000_Sheet1.csv,char_YUKIDARUMON,Юкидарумон,2,unknown,0,0,unknown,0,0,
patch_text01,message/rumor_npc.mbe/000_Sheet1.csv,char_ZUDOMON,Зудомон,2,unknown,0,0,unknown,0,0,
patch_text01,message/m340.mbe/000_Sheet1.csv,char_AEGIOCHUSMON,Эгиохмон,1,unknown,0,0,unknown,0,0,
addcont_01_text01,message/dlcep001_field.mbe/000_Sheet1.csv,char_AEGIOMON,Эгиомон,1,unknown,0,0,unknown,0,0,
patch_text01,message/field_text.mbe/000_Sheet1.csv,char_AEGIOMON,Эгиомон,1,unknown,0,0,unknown,0,0,
patch_text01,message/m270.mbe/000_Sheet1.csv,char_AEGIOMON,Эгиомон,1,unknown,0,0,unknown,0,0,
patch_text01,message/s200_148.mbe/000_Sheet1.csv,char_AEGIOMON,Эгиомон,1,unknown,0,0,unknown,0,0,
patch_text01,message/t30.mbe/000_Sheet1.csv,char_AEGIOMON,Эгиомон,1,unknown,0,0,male,1,0,The despair that Aegiomon carries within him will eventually transform him into rage incarnate. And then...
patch_text01,message/battle.mbe/000_Sheet1.csv,char_AGUMON,Агумон,1,unknown,0,0,unknown,0,0,
patch_text01,message/s010_156.mbe/000_Sheet1.csv,char_ALPHAMON,Альфамон,1,unknown,0,0,unknown,0,0,
patch_text01,message/rumor_npc.mbe/000_Sheet1.csv,char_ANGEWOMON,Ангевумон,1,unknown,0,0,unknown,0,0,
patch_text01,message/d03.mbe/000_Sheet1.csv,char_ANOMALOCARIMON,Аномалокаримон,1,unknown,0,0,unknown,0,0,
patch_text01,message/rumor_npc.mbe/000_Sheet1.csv,char_ANOMALOCARIMON,Аномалокаримон,1,unknown,0,0,unknown,0,0,
patch_text01,message/d03.mbe/000_Sheet1.csv,char_ARMADILLOMON,Армадимон,1,unknown,0,0,unknown,0,0,
patch_text01,message/rumor_npc.mbe/000_Sheet1.csv,char_ARMAGEMON,Армагемон,1,unknown,0,0,unknown,0,0,
patch_text01,message/d02.mbe/000_Sheet1.csv,char_BAKEMON,Бакэмон,1,unknown,0,0,unknown,0,0,
patch_text01,message/d09.mbe/000_Sheet1.csv,char_BAKUMON,Бакумон,1,male,1,0,unknown,0,0,
patch_text01,message/rumor_npc.mbe/000_Sheet1.csv,char_BAKUMON,Бакумон,1,unknown,0,0,unknown,0,0,
patch_text01,message/d13.mbe/000_Sheet1.csv,char_BEELSTARMON,Вель Стармон,1,unknown,0,0,unknown,0,0,
patch_text01,message/rumor_npc.mbe/000_Sheet1.csv,char_BEELSTARMON,Вель Стармон,1,unknown,0,0,unknown,0,0,
patch_text01,message/rumor_npc.mbe/000_Sheet1.csv,char_BEELZEBUMON,Вельзевумон,1,unknown,0,0,unknown,0,0,
patch_text01,message/d03.mbe/000_Sheet1.csv,char_BETAMON,Бэтамон,1,male,1,0,unknown,0,0,
patch_text01,message/d10.mbe/000_Sheet1.csv,char_BETAMON,Бэтамон,1,unknown,0,0,unknown,0,0,
patch_text01,message/d02.mbe/000_Sheet1.csv,char_BIGMAMEMON,Биг Мамемон,1,unknown,0,0,unknown,0,0,
patch_text01,message/m420.mbe/000_Sheet1.csv,char_BIRDRAMON,Бёрдрамон,1,unknown,0,0,unknown,0,0,
patch_text01,message/rumor_npc.mbe/000_Sheet1.csv,char_BLACKKINGNUMEMON,БлэкКингНумемон,1,unknown,0,0,unknown,0,0,
patch_text01,message/m020.mbe/000_Sheet1.csv,char_BLACKSHADOW,Темная Тень,1,unknown,0,0,unknown,0,0,
patch_text01,message/rumor_npc.mbe/000_Sheet1.csv,char_BLUEMERAMON,Блю Мерамон,1,unknown,0,0,unknown,0,0,
patch_text01,message/d05.mbe/000_Sheet1.csv,char_BOLTMON,Болтмон,1,unknown,0,0,unknown,0,0,
patch_text01,message/arena01.mbe/000_Sheet1.csv,char_BOTAMON,Ботамон,1,unknown,0,0,unknown,0,0,
patch_text01,message/rumor_npc.mbe/000_Sheet1.csv,char_BUBBMON,Баббмон,1,unknown,0,0,unknown,0,0,
patch_text01,message/battle.mbe/000_Sheet1.csv,char_CALAMARAMON,Каламарамон,1,unknown,0,0,unknown,0,0,
patch_text01,message/d04.mbe/000_Sheet1.csv,char_CANNONBEEMON,КэнонБиимон,1,unknown,0,0,unknown,0,0,
patch_text01,message/s095_078.mbe/000_Sheet1.csv,char_CAPROMON,Капримон,1,unknown,0,0,unknown,0,0,
patch_text01,message/d02.mbe/000_Sheet1.csv,char_CHOROMON,Торомон,1,unknown,0,0,unknown,0,0,
patch_text01,message/arena01.mbe/000_Sheet1.csv,char_CLAVISANGEMON,Клавис Ангемон,1,male,1,0,unknown,0,0,
patch_text01,message/battle.mbe/000_Sheet1.csv,char_CLAVISANGEMON,Клавис Ангемон,1,unknown,0,0,unknown,0,0,
patch_text01,message/rumor_npc.mbe/000_Sheet1.csv,char_CLAVISANGEMON,Клавис Ангемон,1,unknown,0,0,unknown,0,0,
patch_text01,message/d02.mbe/000_Sheet1.csv,char_COREDRAMON_GR,Кордрамон (Зелёный),1,unknown,0,0,unknown,0,0,
patch_text01,message/d06.mbe/000_Sheet1.csv,char_CORONAMON,Коронамон,1,unknown,0,0,unknown,0,0,
patch_text01,message/s010_156.mbe/000_Sheet1.csv,char_CRANIAMON,Краниуммон,1,unknown,0,0,unknown,0,0,
patch_text01,message/rumor_npc.mbe/000_Sheet1.csv,char_CYBERDRAMON,Кибердрамон,1,unknown,0,0,unknown,0,0,
patch_text01,message/d07.mbe/000_Sheet1.csv,char_DARKDRAMON,Даркдрамон,1,unknown,0,0,unknown,0,0,
patch_text01,message/rumor_npc.mbe/000_Sheet1.csv,char_DELTAMON,Дельтамон,1,unknown,0,0,unknown,0,0,
patch_text01,message/rumor_npc.mbe/000_Sheet1.csv,char_DELUMON,Делюмон,1,unknown,0,0,unknown,0,0,
patch_text01,message/d02.mbe/000_Sheet1.csv,char_DEVIMON,Девимон,1,unknown,0,0,unknown,0,0,
patch_text01,message/d07.mbe/000_Sheet1.csv,char_DEVIMON,Девимон,1,unknown,0,0,unknown,0,0,
patch_text01,message/arena01.mbe/000_Sheet1.csv,char_DIGITAMAMON,Дигитамамон,1,unknown,0,0,unknown,0,0,
patch_text01,message/d12.mbe/000_Sheet1.csv,char_DIGITAMAMON,Дигитамамон,1,unknown,0,0,unknown,0,0,
patch_text01,message/rumor_npc.mbe/000_Sheet1.csv,char_DIGITAMAMON,Дигитамамон,1,unknown,0,0,unknown,0,0,
patch_text01,message/s095_078.mbe/000_Sheet1.csv,char_DINOHUMON,Динохьюмон,1,unknown,0,0,unknown,0,0,
patch_text01,message/rumor_npc.mbe/000_Sheet1.csv,char_DODOMON,Додомон,1,unknown,0,0,unknown,0,0,
patch_text01,message/rumor_npc.mbe/000_Sheet1.csv,char_DORIMON,Доримон,1,unknown,0,0,unknown,0,0,
patch_text01,message/rumor_npc.mbe/000_Sheet1.csv,char_DORUGREYMON,ДОРУгремон,1,unknown,0,0,unknown,0,0,
addcont_03_text01,message/d330.mbe/000_Sheet1.csv,char_DORUMON,Дорумон,1,unknown,0,0,unknown,0,0,
patch_text01,message/rumor_npc.mbe/000_Sheet1.csv,char_DRIMOGEMON,Дримогемон,1,unknown,0,0,unknown,0,0,
patch_text01,message/rumor_npc.mbe/000_Sheet1.csv,char_DUFTMON,Дуфтмон,1,unknown,0,0,unknown,0,0,
patch_text01,message/s010_156.mbe/000_Sheet1.csv,char_DUFTMON,Дуфтмон,1,unknown,0,0,unknown,0,0,
patch_text01,message/s010_156.mbe/000_Sheet1.csv,char_DUKEMON,Дюкмон,1,unknown,0,0,unknown,0,0,
patch_text01,message/s010_156.mbe/000_Sheet1.csv,char_DYNASMON,Динасмон,1,unknown,0,0,unknown,0,0,
patch_text01,message/d05.mbe/000_Sheet1.csv,char_EBEMON,ЭБЭмон,1,unknown,0,0,unknown,0,0,
patch_text01,message/d07.mbe/000_Sheet1.csv,char_EBEMON,ЭБЭмон,1,unknown,0,0,unknown,0,0,
patch_text01,message/d05.mbe/000_Sheet1.csv,char_ETEMON,Этемон,1,unknown,0,0,unknown,0,0,
patch_text01,message/rumor_npc.mbe/000_Sheet1.csv,char_EX-TYRANOMON,Экс-Тираномон,1,unknown,0,0,unknown,0,0,
patch_text01,message/s010_156.mbe/000_Sheet1.csv,char_EXAMON,Эксамон,1,unknown,0,0,unknown,0,0,
patch_text01,message/d10.mbe/000_Sheet1.csv,char_FALCOMON,Фалькомон,1,unknown,0,0,unknown,0,0,
patch_text01,message/m140.mbe/000_Sheet1.csv,char_FALCOMON,Фалькомон,1,unknown,0,0,unknown,0,0,
patch_text01,message/rumor_npc.mbe/000_Sheet1.csv,char_FANTOMON,Фантомон,1,unknown,0,0,unknown,0,0,
patch_text01,message/d05.mbe/000_Sheet1.csv,char_FLORAMON,Флорамон,1,unknown,0,0,unknown,0,0,
patch_text01,message/battle.mbe/000_Sheet1.csv,char_FUGAMON,Фугамон,1,unknown,0,0,unknown,0,0,
patch_text01,message/m130.mbe/000_Sheet1.csv,char_FUGAMON,Фугамон,1,unknown,0,0,unknown,0,0,
patch_text01,message/arena01.mbe/000_Sheet1.csv,char_FUNBEEMON,Фанбимон,1,unknown,0,0,unknown,0,0,
patch_text01,message/d05.mbe/000_Sheet1.csv,char_FUNBEEMON,Фанбимон,1,unknown,0,0,unknown,0,0,
patch_text01,message/battle.mbe/000_Sheet1.csv,char_GABUMON,Габумон,1,unknown,0,0,unknown,0,0,
patch_text01,message/arena01.mbe/000_Sheet1.csv,char_GANKOOMON,Гэнкумон,1,unknown,0,0,unknown,0,0,
patch_text01,message/s010_156.mbe/000_Sheet1.csv,char_GANKOOMON,Гэнкумон,1,unknown,0,0,unknown,0,0,
patch_text01,message/rumor_npc.mbe/000_Sheet1.csv,char_GAOGAMON,Гаогамон,1,unknown,0,0,unknown,0,0,
patch_text01,message/d05.mbe/000_Sheet1.csv,char_GAOMON,Гаомон,1,unknown,0,0,unknown,0,0,
patch_text01,message/d12.mbe/000_Sheet1.csv,char_GARGOMON,Гальгомон,1,male,1,0,unknown,0,0,
patch_text01,message/d12.mbe/000_Sheet1.csv,char_GARUMMON,Гаруммон,1,unknown,0,0,unknown,0,0,
patch_text01,message/d04.mbe/000_Sheet1.csv,char_GAWAPPAMON,Гаваппамон,1,unknown,0,0,unknown,0,0,
patch_text01,message/s095_078.mbe/000_Sheet1.csv,char_GAWAPPAMON,Гаваппамон,1,unknown,0,0,unknown,0,0,
patch_text01,message/d05.mbe/000_Sheet1.csv,char_GAZIMON,Газимон,1,unknown,0,0,unknown,0,0,
patch_text01,message/d02.mbe/000_Sheet1.csv,char_GEREMON,Геремон,1,unknown,0,0,unknown,0,0,
patch_text01,message/d07.mbe/000_Sheet1.csv,char_GIGADRAMON,Гигадрамон,1,unknown,0,0,unknown,0,0,
patch_text01,message/rumor_npc.mbe/000_Sheet1.csv,char_GIZAMON,Гизамон,1,unknown,0,0,unknown,0,0,
patch_text01,message/d05.mbe/000_Sheet1.csv,char_GOBURIMON,Гобуримон,1,unknown,0,0,unknown,0,0,
patch_text01,message/arena01.mbe/000_Sheet1.csv,char_GODDRAMON,Годдрамон,1,unknown,0,0,unknown,0,0,
addcont_01_text01,message/d110.mbe/000_Sheet1.csv,char_GODDRAMON,Годдрамон,1,unknown,0,0,unknown,0,0,
patch_text01,message/rumor_npc.mbe/000_Sheet1.csv,char_GOLDNUMEMON,ГолдНумемон,1,unknown,0,0,unknown,0,0,
patch_text01,message/rumor_npc.mbe/000_Sheet1.csv,char_GOLEMON,Големон,1,unknown,0,0,unknown,0,0,
patch_text01,message/d05.mbe/000_Sheet1.csv,char_GOTTSUMON,Готцумон,1,unknown,0,0,unknown,0,0,
patch_text01,message/arena01.mbe/000_Sheet1.csv,char_GRAPLEOMON,ГрапЛеомон,1,unknown,0,0,unknown,0,0,
patch_text01,message/battle.mbe/000_Sheet1.csv,char_GRAPLEOMON,ГрапЛеомон,1,unknown,0,0,unknown,0,0,
patch_text01,message/rumor_npc.mbe/000_Sheet1.csv,char_GREATGRYZMON,ГрейтГриззмон,1,unknown,0,0,unknown,0,0,
patch_text01,message/rumor_npc.mbe/000_Sheet1.csv,char_GROUNDRAMON,Граундрамон,1,unknown,0,0,unknown,0,0,
patch_text01,message/d02.mbe/000_Sheet1.csv,char_GUARDROMON,Гардромон,1,unknown,0,0,unknown,0,0,
patch_text01,message/rumor_npc.mbe/000_Sheet1.csv,char_GUARDROMON,Гардромон,1,unknown,0,0,unknown,0,0,
patch_text01,message/s110_102.mbe/000_Sheet1.csv,char_GUARDROMON,Гардромон,1,unknown,0,0,unknown,0,0,
patch_text01,message/t04.mbe/000_Sheet1.csv,char_HAGURUMON,Хагурумон,1,unknown,0,0,unknown,0,0,
patch_text01,message/d09.mbe/000_Sheet1.csv,char_HERCULESKABUTERIMON,ГераклКабутеримон,1,unknown,0,0,unknown,0,0,
patch_text01,message/field_text.mbe/000_Sheet1.csv,char_HIANDROMON,ХиАндромон,1,unknown,0,0,unknown,0,0,
patch_text01,message/rumor_npc.mbe/000_Sheet1.csv,char_HIPPOGRIFFOMON,Гиппогрифомон,1,unknown,0,0,unknown,0,0,
patch_text01,message/d02.mbe/000_Sheet1.csv,char_HISYARYUMON,Хисьярюмон,1,unknown,0,0,unknown,0,0,
patch_text01,message/rumor_npc.mbe/000_Sheet1.csv,char_HISYARYUMON,Хисьярюмон,1,unknown,0,0,unknown,0,0,
patch_text01,message/d04.mbe/000_Sheet1.csv,char_HOLSMON,Холсмон,1,unknown,0,0,unknown,0,0,
patch_text01,message/arena01.mbe/000_Sheet1.csv,char_HOLYANGEMON,Холи Ангемон,1,unknown,0,0,unknown,0,0,
patch_text01,message/battle.mbe/000_Sheet1.csv,char_HYOUGAMON,Хёгамон,1,unknown,0,0,unknown,0,0,
patch_text01,message/m130.mbe/000_Sheet1.csv,char_HYOUGAMON,Хёгамон,1,unknown,0,0,unknown,0,0,
patch_text01,message/d02.mbe/000_Sheet1.csv,char_ICEDEVIMON,АйсДевимон,1,unknown,0,0,unknown,0,0,
patch_text01,message/rumor_npc.mbe/000_Sheet1.csv,char_ICEDEVIMON,АйсДевимон,1,unknown,0,0,unknown,0,0,
patch_text01,message/d01.mbe/000_Sheet1.csv,char_ICEMON,Айсмон,1,unknown,0,0,unknown,0,0,
patch_text01,message/rumor_npc.mbe/000_Sheet1.csv,char_ICEMON,Айсмон,1,unknown,0,0,unknown,0,0,
patch_text01,message/d03.mbe/000_Sheet1.csv,char_IKKAKUMON,Иккакумон,1,unknown,0,0,unknown,0,0,
patch_text01,message/rumor_npc.mbe/000_Sheet1.csv,char_IKKAKUMON,Иккакумон,1,unknown,0,0,unknown,0,0,
patch_text01,message/d07.mbe/000_Sheet1.csv,char_IMPMON,Импмон,1,unknown,0,0,unknown,0,0,
patch_text01,message/rumor_npc.mbe/000_Sheet1.csv,char_IMPMON,Импмон,1,unknown,0,0,unknown,0,0,
patch_text01,message/s010_156.mbe/000_Sheet1.csv,char_JESMON,Джесмон,1,unknown,0,0,unknown,0,0,
patch_text01,message/d12.mbe/000_Sheet1.csv,char_JUNOMON,Юномон,1,unknown,0,0,unknown,0,0,
patch_text01,message/m450.mbe/000_Sheet1.csv,char_JUNOMON,Юномон,1,unknown,0,0,unknown,0,0,
patch_text01,message/battle.mbe/000_Sheet1.csv,char_JUNOMON_HYSTERICMODE,Юномон: Истерический режим,1,unknown,0,0,unknown,0,0,
patch_text01,message/rumor_npc.mbe/000_Sheet1.csv,char_JYUREIMON,Дзюреймон,1,unknown,0,0,unknown,0,0,
patch_text01,message/d05.mbe/000_Sheet1.csv,char_KAMEMON,Камемон,1,unknown,0,0,unknown,0,0,
patch_text01,message/d07.mbe/000_Sheet1.csv,char_KERAMON,Керамон,1,unknown,0,0,unknown,0,0,
patch_text01,message/rumor_npc.mbe/000_Sheet1.csv,char_KERAMON,Керамон,1,unknown,0,0,unknown,0,0,
patch_text01,message/arena01.mbe/000_Sheet1.csv,char_KERPYMON_GOOD,Херувимон (Добродетельный),1,unknown,0,0,unknown,0,0,
patch_text01,message/d02.mbe/000_Sheet1.csv,char_KIWIMON,Кивимон,1,unknown,0,0,unknown,0,0,
patch_text01,message/rumor_npc.mbe/000_Sheet1.csv,char_KNIGHTMON,Найтмон,1,male,1,0,unknown,0,0,
patch_text01,message/arena01.mbe/000_Sheet1.csv,char_KOTEMON,Котэмон,1,unknown,0,0,unknown,0,0,
patch_text01,message/d12.mbe/000_Sheet1.csv,char_KOTEMON,Котэмон,1,unknown,0,0,unknown,0,0,
patch_text01,message/rumor_npc.mbe/000_Sheet1.csv,char_KUDAMON,Кудамон,1,unknown,0,0,unknown,0,0,
patch_text01,message/d05.mbe/000_Sheet1.csv,char_LILAMON,Лиламон,1,unknown,0,0,unknown,0,0,
patch_text01,message/arena01.mbe/000_Sheet1.csv,char_LILLYMON,Лилимон,1,unknown,0,0,unknown,0,0,
patch_text01,message/d09.mbe/000_Sheet1.csv,char_LILLYMON,Лилимон,1,unknown,0,0,unknown,0,0,
patch_text01,message/s010_156.mbe/000_Sheet1.csv,char_LOADKNIGHTMON,Лорд Найтмон,1,unknown,0,0,unknown,0,0,
patch_text01,message/d02.mbe/000_Sheet1.csv,char_LOPMON,Лопмон,1,unknown,0,0,unknown,0,0,
patch_text01,message/rumor_npc.mbe/000_Sheet1.csv,char_LOPMON,Лопмон,1,unknown,0,0,unknown,0,0,
patch_text01,message/d06.mbe/000_Sheet1.csv,char_LUNAMON,Лунамон,1,unknown,0,0,unknown,0,0,
patch_text01,message/s010_156.mbe/000_Sheet1.csv,char_MAGNAMON,Магнамон,1,unknown,0,0,unknown,0,0,
patch_text01,message/d05.mbe/000_Sheet1.csv,char_MAMEMON,Мамемон,1,unknown,0,0,unknown,0,0,
patch_text01,message/t01.mbe/000_Sheet1.csv,char_MAMEMON,Мамемон,1,unknown,0,0,unknown,0,0,
patch_text01,message/d02.mbe/000_Sheet1.csv,char_MASTERBLIMPMON,МастерБлимпмон,1,unknown,0,0,unknown,0,0,
patch_text01,message/rumor_npc.mbe/000_Sheet1.csv,char_MATADRMON,Матадормон,1,unknown,0,0,unknown,0,0,
patch_text01,message/d07.mbe/000_Sheet1.csv,char_MEGADRAMON,Мегадрамон,1,unknown,0,0,unknown,0,0,
patch_text01,message/rumor_npc.mbe/000_Sheet1.csv,char_MEGAGROWLMON,Мегало Граумон,1,unknown,0,0,unknown,0,0,
addcont_01_text01,message/d110.mbe/000_Sheet1.csv,char_MEGIDRAMON,Мегидрамон,1,unknown,0,0,unknown,0,0,
patch_text01,message/d02.mbe/000_Sheet1.csv,char_MERAMON,Мерамон,1,unknown,0,0,unknown,0,0,
patch_text01,message/rumor_npc.mbe/000_Sheet1.csv,char_MERAMON,Мерамон,1,unknown,0,0,unknown,0,0,
patch_text01,message/m440.mbe/000_Sheet1.csv,char_MERCURYMON,Меркуримон,1,unknown,0,0,unknown,0,0,
patch_text01,message/battle.mbe/000_Sheet1.csv,char_MERVAMON,Мервамон,1,unknown,0,0,unknown,0,0,
patch_text01,message/rumor_npc.mbe/000_Sheet1.csv,char_METALSEADRAMON,Металл Сидрамон,1,unknown,0,0,unknown,0,0,
patch_text01,message/rumor_npc.mbe/000_Sheet1.csv,char_METALTYRANNOMON,МеталлТиранномон,1,unknown,0,0,unknown,0,0,
patch_text01,message/m120.mbe/000_Sheet1.csv,char_MINERVAMON,Минервамон,1,unknown,0,0,unknown,0,0,
patch_text01,message/t03.mbe/000_Sheet1.csv,char_MINERVAMON,Минервамон,1,unknown,0,0,unknown,0,0,
patch_text01,message/arena01.mbe/000_Sheet1.csv,char_MINOTAURMON,Минотарумон,1,unknown,0,0,unknown,0,0,
addcont_01_text01,message/d110.mbe/000_Sheet1.csv,char_MIRAGEGAOGAMON,Мираж Гаогамон,1,unknown,0,0,unknown,0,0,
patch_text01,message/rumor_npc.mbe/000_Sheet1.csv,char_MIRAGEGAOGAMON_BM,Мираж Гаогамон: Взрывной режим,1,unknown,0,0,unknown,0,0,
patch_text01,message/rumor_npc.mbe/000_Sheet1.csv,char_MISTYMON,Мистимон,1,unknown,0,0,unknown,0,0,
patch_text01,message/d01.mbe/000_Sheet1.csv,char_MOJYAMON,Моджамон,1,unknown,0,0,unknown,0,0,
patch_text01,message/d02.mbe/000_Sheet1.csv,char_MONOCHROMON,Монохромон,1,male,1,0,unknown,0,0,
patch_text01,message/rumor_npc.mbe/000_Sheet1.csv,char_MONOCHROMON,Монохромон,1,unknown,0,0,unknown,0,0,
patch_text01,message/rumor_npc.mbe/000_Sheet1.csv,char_MONODRAMON,Монодрамон,1,unknown,0,0,unknown,0,0,
patch_text01,message/arena01.mbe/000_Sheet1.csv,char_MONZAEMON,Мондзаэмон,1,unknown,0,0,unknown,0,0,
patch_text01,message/d07.mbe/000_Sheet1.csv,char_MUGENDRAMON,Мугендрамон,1,unknown,0,0,unknown,0,0,
patch_text01,message/rumor_npc.mbe/000_Sheet1.csv,char_MUMMYMON,Мумимон,1,unknown,0,0,unknown,0,0,
patch_text01,message/d02.mbe/000_Sheet1.csv,char_MUSHMON,Машмон,1,unknown,0,0,unknown,0,0,
patch_text01,message/t04.mbe/000_Sheet1.csv,char_MUSHMON,Машмон,1,unknown,0,0,unknown,0,0,
patch_text01,message/arena01.mbe/000_Sheet1.csv,char_MUSYAMON,Мусямон,1,unknown,0,0,unknown,0,0,
patch_text01,message/rumor_npc.mbe/000_Sheet1.csv,char_MUSYAMON,Мусямон,1,unknown,0,0,unknown,0,0,
patch_text01,message/d12.mbe/000_Sheet1.csv,char_NANIMON,Нанимон,1,unknown,0,0,unknown,0,0,
patch_text01,message/rumor_npc.mbe/000_Sheet1.csv,char_NANOMON,Наномон,1,unknown,0,0,unknown,0,0,
patch_text01,message/d02.mbe/000_Sheet1.csv,char_NUMEMON,Нумемон,1,unknown,0,0,unknown,0,0,
patch_text01,message/rumor_npc.mbe/000_Sheet1.csv,char_NUMEMON,Нумемон,1,unknown,0,0,unknown,0,0,
patch_text01,message/battle.mbe/000_Sheet1.csv,char_OMEGAMON,Омегамон,1,unknown,0,0,unknown,0,0,
patch_text01,message/m440.mbe/000_Sheet1.csv,char_OMEGAMON,Омегамон,1,unknown,0,0,unknown,0,0,
patch_text01,message/battle.mbe/000_Sheet1.csv,char_ORGEMON,Оргмон,1,unknown,0,0,unknown,0,0,
patch_text01,message/rumor_npc.mbe/000_Sheet1.csv,char_OURYUMON,Оурюмон,1,unknown,0,0,unknown,0,0,
patch_text01,message/d12.mbe/000_Sheet1.csv,char_PANDAMON,Пандамон,1,unknown,0,0,unknown,0,0,
patch_text01,message/battle.mbe/000_Sheet1.csv,char_PARROTMON,Пэрротмон,1,unknown,0,0,unknown,0,0,
patch_text01,message/m140.mbe/000_Sheet1.csv,char_PARROTMON,Пэрротмон,1,unknown,0,0,unknown,0,0,
patch_text01,message/h03.mbe/000_Sheet1.csv,char_PECKMON,Пекмон,1,unknown,0,0,unknown,0,0,
patch_text01,message/arena01.mbe/000_Sheet1.csv,char_PINOCHIMON,Пиноккимон,1,unknown,0,0,unknown,0,0,
patch_text01,message/rumor_npc.mbe/000_Sheet1.csv,char_PINOCHIMON,Пиноккимон,1,unknown,0,0,unknown,0,0,
patch_text01,message/d02.mbe/000_Sheet1.csv,char_PIYOMON,Пиёмон,1,unknown,0,0,unknown,0,0,
patch_text01,message/d14.mbe/000_Sheet1.csv,char_PIYOMON,Пиёмон,1,unknown,0,0,unknown,0,0,
patch_text01,message/rumor_npc.mbe/000_Sheet1.csv,char_PLATINUMNUMEMON,ПлатинаНумемон,1,unknown,0,0,unknown,0,0,
patch_text01,message/d02.mbe/000_Sheet1.csv,char_PLATINUM_SCUMON,ПлатинумСкамон,1,unknown,0,0,unknown,0,0,
patch_text01,message/rumor_npc.mbe/000_Sheet1.csv,char_PLOTMON,Плотмон,1,unknown,0,0,unknown,0,0,
patch_text01,message/d07.mbe/000_Sheet1.csv,char_PLUTOMON,Плутомон,1,unknown,0,0,male,4,0,"It is said that if Lord Plutomon unleashes his special move, it instantly vaporizes any enemies in the area. || Lately, however, Lord Plutomon does not show himself, and makes only his orders known to the public. || That was when he encountered Lord Plutomon, and agreed to work for his newfound master."
patch_text01,message/rumor_npc.mbe/000_Sheet1.csv,char_POYOMON,Поёмон,1,unknown,0,0,unknown,0,0,
patch_text01,message/rumor_npc.mbe/000_Sheet1.csv,char_PRINCEMAMEMON,ПринцМамемон,1,unknown,0,0,unknown,0,0,
patch_text01,message/rumor_npc.mbe/000_Sheet1.csv,char_PUKUMON,Пукумон,1,unknown,0,0,unknown,0,0,
patch_text01,message/rumor_npc.mbe/000_Sheet1.csv,char_PUMPMON,Пампмон,1,unknown,0,0,unknown,0,0,
patch_text01,message/rumor_npc.mbe/000_Sheet1.csv,char_PUNIMON,Пунимон,1,unknown,0,0,unknown,0,0,
patch_text01,message/rumor_npc.mbe/000_Sheet1.csv,char_RAPIDMON,Рэпидмон,1,unknown,0,0,unknown,0,0,
patch_text01,message/arena01.mbe/000_Sheet1.csv,char_RAPIDMON_ARMOR,Рапидмон (Броня),1,unknown,0,0,unknown,0,0,
patch_text01,message/rumor_npc.mbe/000_Sheet1.csv,char_RAPTORDRAMON,Раптордрамон,1,unknown,0,0,unknown,0,0,
patch_text01,message/field_text.mbe/000_Sheet1.csv,char_RAVEMON,Равемон,1,unknown,0,0,unknown,0,0,
patch_text01,message/rumor_npc.mbe/000_Sheet1.csv,char_RAVEMON,Равемон,1,unknown,0,0,unknown,0,0,
patch_text01,message/rumor_npc.mbe/000_Sheet1.csv,char_REPPAMON,Реппамон,1,unknown,0,0,unknown,0,0,
patch_text01,message/rumor_npc.mbe/000_Sheet1.csv,char_RIZEGREYMON,Райз Греймон,1,unknown,0,0,unknown,0,0,
patch_text01,message/battle.mbe/000_Sheet1.csv,char_ROSEMON,Роузмон,1,unknown,0,0,unknown,0,0,
patch_text01,message/rumor_npc.mbe/000_Sheet1.csv,char_ROSEMON,Роузмон,1,unknown,0,0,unknown,0,0,
patch_text01,message/rumor_npc.mbe/000_Sheet1.csv,char_RUSTTYRANOMON,РастТиранномон,1,unknown,0,0,unknown,0,0,
patch_text01,message/d02.mbe/000_Sheet1.csv,char_RYUDAMON,Рюдамон,1,unknown,0,0,unknown,0,0,
patch_text01,message/arena01.mbe/000_Sheet1.csv,char_SABERLEOMON,Сэйбер Леомон,1,unknown,0,0,unknown,0,0,
patch_text01,message/d06.mbe/000_Sheet1.csv,char_SHAKKOUMON,Шаккумон,1,unknown,0,0,unknown,0,0,
patch_text01,message/rumor_npc.mbe/000_Sheet1.csv,char_SHAKKOUMON,Шаккумон,1,unknown,0,0,unknown,0,0,
patch_text01,message/d09.mbe/000_Sheet1.csv,char_SHAKOMON,Сякомон,1,male,1,0,unknown,0,0,
patch_text01,message/rumor_npc.mbe/000_Sheet1.csv,char_SHOUTMON,Шаутмон,1,unknown,0,0,unknown,0,0,
patch_text01,message/rumor_npc.mbe/000_Sheet1.csv,char_SILPHYMON,Сильфимон,1,unknown,0,0,unknown,0,0,
patch_text01,message/rumor_npc.mbe/000_Sheet1.csv,char_SKULLSATAMON,Скалл Сатамон,1,unknown,0,0,unknown,0,0,
patch_text01,message/battle.mbe/000_Sheet1.csv,char_SKULLSEADRAMON,СкулСидрамон,1,unknown,0,0,unknown,0,0,
patch_text01,message/arena01.mbe/000_Sheet1.csv,char_SLASHANGEMON,СлэшАнгемон,1,unknown,0,0,unknown,0,0,
patch_text01,message/rumor_npc.mbe/000_Sheet1.csv,char_SLASHANGEMON,СлэшАнгемон,1,unknown,0,0,unknown,0,0,
patch_text01,message/rumor_npc.mbe/000_Sheet1.csv,char_SLAYERDRAMON,Слейердрамон,1,unknown,0,0,unknown,0,0,
addcont_03_text01,message/rumor_npc_dlc03.mbe/000_Sheet1.csv,char_SLAYERDRAMON,Слейердрамон,1,unknown,0,0,unknown,0,0,
patch_text01,message/s010_156.mbe/000_Sheet1.csv,char_SLEIPMON,Слейпмон,1,unknown,0,0,unknown,0,0,
patch_text01,message/arena01.mbe/000_Sheet1.csv,char_SNIMON,Снаймон,1,unknown,0,0,unknown,0,0,
patch_text01,message/d02.mbe/000_Sheet1.csv,char_SNOWGOBURIMON,Сноу Гобуримон,1,unknown,0,0,unknown,0,0,
patch_text01,message/d05.mbe/000_Sheet1.csv,char_SNOWGOBURIMON,Сноу Гобуримон,1,unknown,0,0,unknown,0,0,
patch_text01,message/t04.mbe/000_Sheet1.csv,char_SOLARMON,Солармон,1,unknown,0,0,unknown,0,0,
patch_text01,message/d12.mbe/000_Sheet1.csv,char_STARMON,Стармон,1,unknown,0,0,unknown,0,0,
patch_text01,message/rumor_npc.mbe/000_Sheet1.csv,char_SUKAMON,Скамон,1,unknown,0,0,unknown,0,0,
patch_text01,message/arena01.mbe/000_Sheet1.csv,char_SUPERSTARMON,Суперстармон,1,unknown,0,0,unknown,0,0,
patch_text01,message/rumor_npc.mbe/000_Sheet1.csv,char_SUSANOOMON,Сусаноомон,1,unknown,0,0,unknown,0,0,
patch_text01,message/d02.mbe/000_Sheet1.csv,char_TANKDRAMON,Танкдрамон,1,unknown,0,0,unknown,0,0,
patch_text01,message/arena01.mbe/000_Sheet1.csv,char_TAOMON,Таомон,1,unknown,0,0,female,0,1,It's the legendary Taomon! And she's brought along Crowmon for the bout as well!
patch_text01,message/rumor_npc.mbe/000_Sheet1.csv,char_TAOMON,Таомон,1,unknown,0,0,unknown,0,0,
patch_text01,message/d05.mbe/000_Sheet1.csv,char_TENTOMON,Тентомон,1,unknown,0,0,unknown,0,0,
patch_text01,message/rumor_npc.mbe/000_Sheet1.csv,char_TENTOMON,Тентомон,1,unknown,0,0,unknown,0,0,
addcont_03_text01,message/rumor_npc_dlc03.mbe/000_Sheet1.csv,char_TIGERVESPAMON,ТигерВеспамон,1,unknown,0,0,unknown,0,0,
patch_text01,message/arena01.mbe/000_Sheet1.csv,char_TITAMON,Титамон,1,unknown,0,0,unknown,0,0,
patch_text01,message/d05.mbe/000_Sheet1.csv,char_TOGEMON,Тогэмон,1,unknown,0,0,unknown,0,0,
patch_text01,message/arena01.mbe/000_Sheet1.csv,char_TONOSAMAGEKOMON,Тоносама Гэкомон,1,unknown,0,0,unknown,0,0,
patch_text01,message/t04.mbe/000_Sheet1.csv,char_TOYAGUMON,Той Агумон,1,unknown,0,0,unknown,0,0,
patch_text01,message/d07.mbe/000_Sheet1.csv,char_TSUMEMON,Цумэмон,1,male,2,0,unknown,0,0,
patch_text01,message/rumor_npc.mbe/000_Sheet1.csv,char_TURUIEMON,Туруйемон,1,unknown,0,0,unknown,0,0,
patch_text01,message/rumor_npc.mbe/000_Sheet1.csv,char_TUSKMON,Таскмон,1,unknown,0,0,unknown,0,0,
patch_text01,message/arena01.mbe/000_Sheet1.csv,char_TYUMON,Тюмон,1,unknown,0,0,unknown,0,0,
patch_text01,message/t03.mbe/000_Sheet1.csv,char_TYUMON,Тюмон,1,unknown,0,0,unknown,0,0,
patch_text01,message/s010_156.mbe/000_Sheet1.csv,char_ULFORCEVDRAMON,Алфорс Ви-драмон,1,unknown,0,0,unknown,0,0,
patch_text01,message/battle.mbe/000_Sheet1.csv,char_UNDEADPLUTOMON,ЗомбиПлутомон,1,unknown,0,0,unknown,0,0,
patch_text01,message/rumor_npc.mbe/000_Sheet1.csv,char_V-MON,Ви-мон,1,unknown,0,0,unknown,0,0,
patch_text01,message/d05.mbe/000_Sheet1.csv,char_VADEMON,Вейдмон,1,unknown,0,0,unknown,0,0,
patch_text01,message/s095_078.mbe/000_Sheet1.csv,char_VADEMON,Вейдмон,1,unknown,0,0,unknown,0,0,
patch_text01,message/t04.mbe/000_Sheet1.csv,char_VADEMON,Вейдмон,1,unknown,0,0,unknown,0,0,
patch_text01,message/rumor_npc.mbe/000_Sheet1.csv,char_VALKYRIMON,Валькиримон,1,unknown,0,0,unknown,0,0,
patch_text01,message/d04.mbe/000_Sheet1.csv,char_VEGIMON,Вегимон,1,unknown,0,0,unknown,0,0,
patch_text01,message/m360.mbe/000_Sheet1.csv,char_VENUSMON,Венусмон,1,unknown,0,0,unknown,0,0,
patch_text01,message/d12.mbe/000_Sheet1.csv,char_VRITRAMON,Вритрамон,1,unknown,0,0,unknown,0,0,
patch_text01,message/rumor_npc.mbe/000_Sheet1.csv,char_WEREGARURUMON,ВерГарурумон,1,unknown,0,0,unknown,0,0,
patch_text01,message/arena01.mbe/000_Sheet1.csv,char_WHAMON,Уэмон,1,unknown,0,0,unknown,0,0,
patch_text01,message/rumor_npc.mbe/000_Sheet1.csv,char_WINGDRAMON,Вингдрамон,1,unknown,0,0,unknown,0,0,
patch_text01,message/battle.mbe/000_Sheet1.csv,char_WITCHMON,Витчмон,1,unknown,0,0,unknown,0,0,
patch_text01,message/m400.mbe/000_Sheet1.csv,char_WIZARDMON,Визармон,1,unknown,0,0,unknown,0,0,
patch_text01,message/d12.mbe/000_Sheet1.csv,char_WOLFMON,Вольфмон,1,unknown,0,0,unknown,0,0,
patch_text01,message/d04.mbe/000_Sheet1.csv,char_WOODMON,Вудмон,1,unknown,0,0,unknown,0,0,
patch_text01,message/rumor_npc.mbe/000_Sheet1.csv,char_WORMMON,Ворммон,1,unknown,0,0,unknown,0,0,
patch_text01,message/rumor_npc.mbe/000_Sheet1.csv,char_YATAGARAMON,Ятагарамон,1,unknown,0,0,unknown,0,0,
patch_text01,message/d01.mbe/000_Sheet1.csv,char_YUKIDARUMON,Юкидарумон,1,unknown,0,0,unknown,0,0,
patch_text01,message/arena01.mbe/000_Sheet1.csv,char_YUNIMON,Юнимон,1,unknown,0,0,unknown,0,0,
patch_text01,message/arena01.mbe/000_Sheet1.csv,char_ZANBAMON,Дзанбамон,1,unknown,0,0,unknown,0,0,
