severity,category,package,file,row_id,line,speaker,detail,current_translation,source_game_text01
2,latin_mixed,addcont_01_text01,text/char_name_dlc01.mbe/000_Sheet1.csv,char_OMEGAMONZWART_D,12,,Defeat,Омегамон Зварт Defeat,Омегамон Зварт Defeat
2,latin_mixed,addcont_01_text01,text/char_name_dlc01.mbe/000_Sheet1.csv,char_OMEGAMONZWART_D_BIG,13,,Defeat,Омегамон Зварт Defeat,Омегамон Зварт Defeat
2,latin_mixed,addcont_01_text01,text/char_name_dlc01.mbe/000_Sheet1.csv,char_OMEGAMON_ALTER-B,14,,Alter-B,Омегамон Alter-B,Омегамон Alter-B
2,latin_mixed,addcont_01_text01,text/char_name_dlc01.mbe/000_Sheet1.csv,char_OMEGAMON_ALTER-B_BIG,15,,Alter-B,Омегамон Alter-B,Омегамон Alter-B
2,latin_mixed,addcont_01_text01,text/char_name_dlc01.mbe/000_Sheet1.csv,char_OMEGAMON_ALTER-S,10,,Alter-S,Омегамон Alter-S,Омегамон Alter-S
2,latin_mixed,addcont_01_text01,text/char_name_dlc01.mbe/000_Sheet1.csv,char_OMEGAMON_ALTER-S_BIG,11,,Alter-S,Омегамон Alter-S,Омегамон Alter-S
2,latin_mixed,addcont_01_text01,text/digimon_profile_dlc01.mbe/000_Sheet1.csv,digimon_0691_profile,5,,Alter-S,"Новая форма Омегамона, рождённая слиянием подвида
ВарГреймона БлицГреймона и подвида МеталГарурумона
КресГарурумона. Омегамон Alter-S отличается от
Омегамона, связанного с Королевскими рыцарями, но
сохраняет ту же универсальность: объединяет особые
способности двух дигимонов и обладает сопоставимой
силой. Как именно эти двое слились, неизвестно. Было
ли это чьей-то волей? Или слияние существует только
благодаря чьему-то желанию? Истина остаётся неясной.

Особым приёмом «Серая пушка» Омегамон Alter-S
стреляет плазмой из пушки в форме БлицГреймона.
А сила рассечения приёма «Гаруру-меч» зависит от
энергии, накопленной в клинке. Полностью заряженный
Гаруру-меч способен рассечь что угодно.","Новая форма Омегамона, рождённая слиянием подвида
ВарГреймона БлицГреймона и подвида МеталГарурумона
КресГарурумона. Омегамон Alter-S отличается от
Омегамона, связанного с Королевскими рыцарями, но
сохраняет ту же универсальность: объединяет особые
способности двух дигимонов и обладает сопоставимой
силой. Как именно эти двое слились, неизвестно. Было
ли это чьей-то волей? Или слияние существует только
благодаря чьему-то желанию? Истина остаётся неясной.

Особым приёмом «Серая пушка» Омегамон Alter-S
стреляет плазмой из пушки в форме БлицГреймона.
А сила рассечения приёма «Гаруру-меч» зависит от
энергии, накопленной в клинке. Полностью заряженный
Гаруру-меч способен рассечь что угодно."
2,latin_mixed,addcont_01_text01,text/digimon_profile_dlc01.mbe/000_Sheet1.csv,digimon_0692_profile,6,,"Defeat, Zwart","Форма Омегамона Цварта, превращённая неизвестной
сущностью в берсерка через вирусную программу.
Любой дигимон, пересёкший путь Омегамона Zwart Defeat,
воспринимается им как зловещий враг, а приблизившихся
ждёт беспощадный натиск. Борьба между буйным вирусом
и остаточной вакцинной программой в его теле сделала
его нестабильным: он то изнемогает, то впадает в ярость
и не способен залечить раны. В один из редких мигов,
когда вакцинная программа позволила ему вернуть
самосознание, он связал оба оружия, чтобы ограничить
ущерб, который может причинить.","Форма Омегамона Цварта, превращённая неизвестной
сущностью в берсерка через вирусную программу.
Любой дигимон, пересёкший путь Омегамона Zwart Defeat,
воспринимается им как зловещий враг, а приблизившихся
ждёт беспощадный натиск. Борьба между буйным вирусом
и остаточной вакцинной программой в его теле сделала
его нестабильным: он то изнемогает, то впадает в ярость
и не способен залечить раны. В один из редких мигов,
когда вакцинная программа позволила ему вернуть
самосознание, он связал оба оружия, чтобы ограничить
ущерб, который может причинить."
2,latin_mixed,addcont_01_text01,text/digimon_profile_dlc01.mbe/000_Sheet1.csv,digimon_0693_profile,7,,"Alter-B, Alter-S","Омегамон Alter-B — временная форма Омегамона Alter-S,
возникающая после того, как некая сущность намеренно
ввела в него Чёрный Дигитрон — вязкую субстанцию,
окрашивающую дигимонов в чёрный цвет. В этой форме
Омегамон становится сильнее, но теряет себя в
бессмысленной ярости, пока не вернётся обратно.","Омегамон Alter-B — временная форма Омегамона Alter-S,
возникающая после того, как некая сущность намеренно
ввела в него Чёрный Дигитрон — вязкую субстанцию,
окрашивающую дигимонов в чёрный цвет. В этой форме
Омегамон становится сильнее, но теряет себя в
бессмысленной ярости, пока не вернётся обратно."
2,latin_mixed,addcont_01_text01,text/item_name_dlc01.mbe/000_Sheet1.csv,40002,3,,EX,Бустер пробуждения таланта EX: 01,Бустер пробуждения таланта EX: 01
2,latin_mixed,addcont_01_text01,text/item_ruby_dlc01.mbe/000_Sheet1.csv,40002,3,,EX,Бустер пробуждения таланта EX: 01,Бустер пробуждения таланта EX: 01
2,latin_no_cyrillic,addcont_02_text01,message/d220.mbe/000_Sheet1.csv,d220_040_020,29,char_BANCHOLILIMON,Hm,...Hm?,...Hm?
2,latin_mixed,addcont_02_text01,message/d220.mbe/000_Sheet1.csv,d220_080_050,87,char_BANCHOLEOMON,GAKU-RAN,"Понятно... Значит, куртка GAKU-RAN
и у тебя на плечах...","Понятно... Значит, куртка GAKU-RAN
и у тебя на плечах..."
2,latin_mixed,addcont_02_text01,text/char_name_dlc02.mbe/000_Sheet1.csv,char_OMEGAMON:MERCIFUL MODE,4,,MM,Омегамон MM,Омегамон MM
2,latin_mixed,addcont_02_text01,text/char_name_dlc02.mbe/000_Sheet1.csv,char_OMEGAMON:MERCIFUL MODE_BIG,5,,MM,Омегамон MM,Омегамон MM
2,latin_mixed,addcont_02_text01,text/digimon_profile_dlc02.mbe/000_Sheet1.csv,digimon_0448_profile,2,,"Garuru, Grey, Hou, Photon, Spreads, Tou","Ангельская форма Омегамона с белыми крыльями,
развевающимися словно шарф. Осознав, что некоторых
можно спасти лишь через бой и поражение, Омегамон
преобразовал свою печаль и решимость в форму
Омегамон: Милосердный режим. Светло-голубые линии
Photon Spreads, похожие на слёзы на щеках, струятся
по всему телу и на короткое время резко усиливают его.
Это существо вершит суд над дигимонами, безвозвратно
сошедшими со своего пути, и тем самым спасает их.
Целями атак Омегамона: Милосердный режим всегда
становятся те, кто изначально обладал добрым сердцем.

Серый меч Омегамона преобразился в катану «Grey Tou»,
которой он одним неохотным взмахом обезглавливает
цель. Особый приём «Гаруру-пушка» также изменился:
теперь это «Garuru Hou», лазер абсолютного нуля.","Ангельская форма Омегамона с белыми крыльями,
развевающимися словно шарф. Осознав, что некоторых
можно спасти лишь через бой и поражение, Омегамон
преобразовал свою печаль и решимость в форму
Омегамон: Милосердный режим. Светло-голубые линии
Photon Spreads, похожие на слёзы на щеках, струятся
по всему телу и на короткое время резко усиливают его.
Это существо вершит суд над дигимонами, безвозвратно
сошедшими со своего пути, и тем самым спасает их.
Целями атак Омегамона: Милосердный режим всегда
становятся те, кто изначально обладал добрым сердцем.

Серый меч Омегамона преобразился в катану «Grey Tou»,
которой он одним неохотным взмахом обезглавливает
цель. Особый приём «Гаруру-пушка» также изменился:
теперь это «Garuru Hou», лазер абсолютного нуля."
2,latin_mixed,addcont_02_text01,text/digimon_profile_dlc02.mbe/000_Sheet1.csv,digimon_0485_profile,4,,GAKU-RAN,"Крайне заносчивый дигимон-насекомое, привыкший жить,
подавляя окружающих. БанчоСтингмона называют самым
высокомерным среди дигимонов: свою гордость он ставит
превыше всего. Любая попытка её задеть встречает
безжалостное возмездие, кто бы ни был виновником.
Именно эта непримиримая гордость принесла ему титул
«Банчо». Панцири разных насекомых тщательно вплетены
в его символический GAKU-RAN, делая одежду прочной
как броня. Его особые приёмы — «Кровавый финиш»,
пронзающий врагов бурами на руках, и «Взрывная гроза»,
выпускающая минных жуков, взрывающихся при контакте.","Крайне заносчивый дигимон-насекомое, привыкший жить,
подавляя окружающих. БанчоСтингмона называют самым
высокомерным среди дигимонов: свою гордость он ставит
превыше всего. Любая попытка её задеть встречает
безжалостное возмездие, кто бы ни был виновником.
Именно эта непримиримая гордость принесла ему титул
«Банчо». Панцири разных насекомых тщательно вплетены
в его символический GAKU-RAN, делая одежду прочной
как броня. Его особые приёмы — «Кровавый финиш»,
пронзающий врагов бурами на руках, и «Взрывная гроза»,
выпускающая минных жуков, взрывающихся при контакте."
2,latin_mixed,addcont_02_text01,text/digimon_profile_dlc02.mbe/000_Sheet1.csv,digimon_0486_profile,5,,"Assemble, Nightmare","Фея-дигимон в тёмно-багровой куртке токко-фуку.
Яркие лепестки, оставшиеся со времён Лилимона,
потемнели, и прежняя мягкая прелесть уступила место
суровому облику. БанчоЛилимон убеждённо сражается
за слабых в беспощадном Цифровом мире и спас
бесчисленные жизни от нападений злобных дигимонов.
Куртка токко-фуку и титул «Банчо» служат доказательством
этой решимости. Его йо-йо становятся оружием в особых
приёмах: «Абсолютная территория» рассеивает врага вместе
с пространством вокруг него, «Nightmare Assemble» бросает
йо-йо во врага и поглощает его, а «Двойной лепесток»
обрушивает молниеносные удары ногами.","Фея-дигимон в тёмно-багровой куртке токко-фуку.
Яркие лепестки, оставшиеся со времён Лилимона,
потемнели, и прежняя мягкая прелесть уступила место
суровому облику. БанчоЛилимон убеждённо сражается
за слабых в беспощадном Цифровом мире и спас
бесчисленные жизни от нападений злобных дигимонов.
Куртка токко-фуку и титул «Банчо» служат доказательством
этой решимости. Его йо-йо становятся оружием в особых
приёмах: «Абсолютная территория» рассеивает врага вместе
с пространством вокруг него, «Nightmare Assemble» бросает
йо-йо во врага и поглощает его, а «Двойной лепесток»
обрушивает молниеносные удары ногами."
2,latin_mixed,addcont_02_text01,text/digimon_profile_dlc02.mbe/000_Sheet1.csv,digimon_0487_profile,6,,"Dust, Kanshaku","Минерал-дигимон, обладающий собственной волей,
в отличие от обычного бесчувственного Големона.
БанчоГолемон — один из немногих дигимонов, носящих
титул «Банчо». Он невозмутим, суров ко всем одинаково
и не допускает в поведении даже намёка на поблажку.
Выбрав тяжёлую жизнь глубоко в горе Муген, он постоянно
подвергает себя изнурительным тренировкам. При этом
БанчоГолемон полон неожиданностей: он может не откликнуться
на просьбу о помощи, но внезапно появиться и спасти
товарища, с которым когда-то обменивался ударами. Его
подавляющая сила часто позволяет в одиночку переломить
ход битвы. Особые приёмы — «Kanshaku Dust», отражающий
луч из Кансякудамы в животе от падающих камней для
широкой атаки, и «Когтевой бур Ёбори», пронзающий врага
буром на левой руке, способным дробить даже хромдигизоид.","Минерал-дигимон, обладающий собственной волей,
в отличие от обычного бесчувственного Големона.
БанчоГолемон — один из немногих дигимонов, носящих
титул «Банчо». Он невозмутим, суров ко всем одинаково
и не допускает в поведении даже намёка на поблажку.
Выбрав тяжёлую жизнь глубоко в горе Муген, он постоянно
подвергает себя изнурительным тренировкам. При этом
БанчоГолемон полон неожиданностей: он может не откликнуться
на просьбу о помощи, но внезапно появиться и спасти
товарища, с которым когда-то обменивался ударами. Его
подавляющая сила часто позволяет в одиночку переломить
ход битвы. Особые приёмы — «Kanshaku Dust», отражающий
луч из Кансякудамы в животе от падающих камней для
широкой атаки, и «Когтевой бур Ёбори», пронзающий врага
буром на левой руке, способным дробить даже хромдигизоид."
2,latin_mixed,addcont_02_text01,text/digimon_profile_dlc02.mbe/000_Sheet1.csv,digimon_0488_profile,7,,"Bats, Black, GAKU-RAN, Golden, Hickeys","Один из немногих носителей титула «Банчо», этот
рыцарственный и сострадательный дигимон отлично дерётся,
несмотря на малый рост. БанчоМамемон живёт независимо,
игнорируя законы Цифрового мира. Он помогает дигимонам,
которые, как и он сам, оказались отрезаны от мира, и даже
создал объединение «Маме-мон Рэнго», где они живут вместе.
Но идти против мирового порядка непросто: под предлогом
реорганизации ему бесчисленное число раз приходилось
сражаться с дигимонами, следующими правилам. И всё же он
посвящает Маме-мон Рэнго все силы. Титул «Банчо» он получил
за то, что отражал врагов, не потеряв ни одного товарища,
какой бы тяжёлой ни была ситуация. Как БанчоЛеомон, он
носит GAKU-RAN, защищающий от физических ударов, но почти
всегда отдаёт эту защиту товарищам. Его особые приёмы —
«Золотой натиск» с любимыми дубинками Golden Bats,
«Сэнбон Доккан», выбивающий братские Black Hickeys из
этих дубинок, и «Буккоми Отокодама», рывок вперёд на
тюремных цепях, свисающих с тела.","Один из немногих носителей титула «Банчо», этот
рыцарственный и сострадательный дигимон отлично дерётся,
несмотря на малый рост. БанчоМамемон живёт независимо,
игнорируя законы Цифрового мира. Он помогает дигимонам,
которые, как и он сам, оказались отрезаны от мира, и даже
создал объединение «Маме-мон Рэнго», где они живут вместе.
Но идти против мирового порядка непросто: под предлогом
реорганизации ему бесчисленное число раз приходилось
сражаться с дигимонами, следующими правилам. И всё же он
посвящает Маме-мон Рэнго все силы. Титул «Банчо» он получил
за то, что отражал врагов, не потеряв ни одного товарища,
какой бы тяжёлой ни была ситуация. Как БанчоЛеомон, он
носит GAKU-RAN, защищающий от физических ударов, но почти
всегда отдаёт эту защиту товарищам. Его особые приёмы —
«Золотой натиск» с любимыми дубинками Golden Bats,
«Сэнбон Доккан», выбивающий братские Black Hickeys из
этих дубинок, и «Буккоми Отокодама», рывок вперёд на
тюремных цепях, свисающих с тела."
2,latin_mixed,addcont_02_text01,text/item_name_dlc02.mbe/000_Sheet1.csv,41002,3,,EX,Бустер пробуждения таланта EX: 02,Бустер пробуждения таланта EX: 02
2,latin_mixed,addcont_02_text01,text/item_ruby_dlc02.mbe/000_Sheet1.csv,41002,3,,EX,Бустер пробуждения таланта EX: 02,Бустер пробуждения таланта EX: 02
2,latin_mixed,addcont_03_text01,message/d310.mbe/000_Sheet1.csv,d310_060_130,77,char_DORUMON,X-,Омегамон и я — двое из этих Дигимонов с X-антителами.,Омегамон и я — двое из этих Дигимонов с X-антителами.
2,latin_mixed,addcont_03_text01,message/d310.mbe/000_Sheet1.csv,d310_060_170,81,char_SIMMONS,X-,"Я понимаю. Итак, по сути, вас разделили на практические и
идеологические разногласия относительно этой X-программы.","Я понимаю. Итак, по сути, вас разделили на практические и
идеологические разногласия относительно этой X-программы."
2,latin_mixed,addcont_03_text01,message/d320.mbe/000_Sheet1.csv,d320_030_070,57,char_KUZUHAMON,X-,"Д-Ты, там! Сдайте свои X-антитела!","Д-Ты, там! Сдайте свои X-антитела!"
2,latin_mixed,addcont_03_text01,message/d320.mbe/000_Sheet1.csv,d320_040_030,63,char_MAGNAMON_X,X-,"Кажется, их X-антитела являются скорее внешними, чем внутренними.","Кажется, их X-антитела являются скорее внешними, чем внутренними."
2,latin_mixed,addcont_03_text01,message/d320.mbe/000_Sheet1.csv,d320_040_040,64,char_SIMMONS,X-,"Внешний? Итак, существуют разные типы X-антител?","Внешний? Итак, существуют разные типы X-антител?"
2,latin_mixed,addcont_03_text01,message/d320.mbe/000_Sheet1.csv,d320_040_200,80,char_OMEGAMON-X,X-,"Хм... Я чувствую чужое присутствие. Похоже, поблизости есть
и другие дигимоны, охотящиеся за X-антителом.","Хм... Я чувствую чужое присутствие. Похоже, поблизости есть
и другие дигимоны, охотящиеся за X-антителом."
2,latin_mixed,addcont_03_text01,message/digimon_chat_dlc03.mbe/000_Sheet1.csv,omex_001_2_reaction_char_OMEGAMON-X,6,,"Omega, inForce","Невероятная сила Omega inForce
позволяет мне мгновенно предсказывать будущее.","Невероятная сила Omega inForce
позволяет мне мгновенно предсказывать будущее."
2,latin_mixed,addcont_03_text01,message/digimon_chat_dlc03.mbe/000_Sheet1.csv,omex_001_3_reaction_char_OMEGAMON-X,8,,"Omega, inForce","Omega inForce принадлежит мне и только мне.
Человек никогда не сможет владеть такой силой.","Omega inForce принадлежит мне и только мне.
Человек никогда не сможет владеть такой силой."
2,latin_mixed,addcont_03_text01,message/dlcep003_field.mbe/000_Sheet1.csv,dlc003_0090_0020,36,char_JESMON_X,X-,{next}[Сделать Джесмона (X-антитело) (Данные) союзником.],{next}[Сделать Джесмона (X-антитело) (Данные) союзником.]
2,latin_mixed,addcont_03_text01,message/dlcep003_field.mbe/000_Sheet1.csv,dlc003_0100_0020,41,char_DUKEMON_X,X-,{next}[Сделать Дюкмон (X-антитело) (Вирус) союзником.],{next}[Сделать Дюкмон (X-антитело) (Вирус) союзником.]
2,latin_mixed,addcont_03_text01,message/dlcep003_field.mbe/000_Sheet1.csv,dlc003_0110_0020,46,char_ULFORCEVDRAMON_X,"V-, X-",{next}[Сделать УльфорсV-драмон (X-антитело) (Вакцина) союзником.],{next}[Сделать УльфорсV-драмон (X-антитело) (Вакцина) союзником.]
2,latin_mixed,addcont_03_text01,message/dlcep003_field.mbe/000_Sheet1.csv,dlc003_0120_0020,51,char_MAGNAMON_X,X-,{next}[Сделать Магнамона (X-антитело) (Вакцина) союзником.],{next}[Сделать Магнамона (X-антитело) (Вакцина) союзником.]
2,latin_mixed,addcont_03_text01,text/char_name_dlc03.mbe/000_Sheet1.csv,char_DUKEMON_X,4,,X-,Дюкмон (X-антитело),Дюкмон (X-антитело)
2,latin_mixed,addcont_03_text01,text/char_name_dlc03.mbe/000_Sheet1.csv,char_DUKEMON_X_BIG,5,,X-,Дюкмон (X-антитело),Дюкмон (X-антитело)
2,latin_mixed,addcont_03_text01,text/char_name_dlc03.mbe/000_Sheet1.csv,char_JESMON_X,12,,X-,Джесмон (X-антитело),Джесмон (X-антитело)
2,latin_mixed,addcont_03_text01,text/char_name_dlc03.mbe/000_Sheet1.csv,char_JESMON_X_BIG,13,,X-,Джесмон (X-антитело),Джесмон (X-антитело)
2,latin_mixed,addcont_03_text01,text/char_name_dlc03.mbe/000_Sheet1.csv,char_MAGNAMON_X,8,,X-,Магнамон (X-антитело),Магнамон (X-антитело)
2,latin_mixed,addcont_03_text01,text/char_name_dlc03.mbe/000_Sheet1.csv,char_MAGNAMON_X_BIG,9,,X-,Магнамон (X-антитело),Магнамон (X-антитело)
2,latin_mixed,addcont_03_text01,text/char_name_dlc03.mbe/000_Sheet1.csv,char_OMEGAMON-X,2,,X-,Омегамон (X-антитело),Омегамон (X-антитело)
2,latin_mixed,addcont_03_text01,text/char_name_dlc03.mbe/000_Sheet1.csv,char_OMEGAMON-X_BIG,3,,X-,Омегамон (X-антитело),Омегамон (X-антитело)
2,latin_mixed,addcont_03_text01,text/char_name_dlc03.mbe/000_Sheet1.csv,char_ULFORCEVDRAMON_X,6,,"V-, X-",УльфорсV-драмон (X-антитело),УльфорсV-драмон (X-антитело)
2,latin_mixed,addcont_03_text01,text/char_name_dlc03.mbe/000_Sheet1.csv,char_ULFORCEVDRAMON_X_BIG,7,,"V-, X-",УльфорсV-драмон (X-антитело),УльфорсV-драмон (X-антитело)
2,latin_mixed,addcont_03_text01,text/digimon_profile_dlc03.mbe/000_Sheet1.csv,digimon_0357_profile,2,,"Omega, X-, inForce","Этот дигимон возник из слияния Уничтожителей вирусов,
ВарГреймона и МеталГарурумона, благодаря воле тех,
кто желает добра. Омегамон способен в любой ситуации
полностью раскрывать качества обоих дигимонов, поэтому
он универсален и силён в бою. Его левая рука имеет форму
ВарГреймона и оснащена мечом и щитом, а правая рука —
форму МеталГарурумона, оснащённую пушкой и ракетами.
Плащ на спине раскрывается автоматически, когда нужно
уклониться от атаки или взлететь. Особый приём «Гаруру-
пушка» выпускает из пушки в форме МеталГарурумона поток
воздуха абсолютного нуля и замораживает врага. А меч на
левой руке — невидимый клинок «Трансцендентный меч».

■Влияние X-антитела на ДигиЯдро Омегамона:
Теоретически ни один другой дигимон не должен быть
способен победить Омегамона. Причина в абсолютной силе
Omega inForce, что позволяет мгновенно видеть грядущее
в бою и реагировать на него. Это доводит боевое чутьё
и потенциал Омегамона до предела. Если угроза сетевой
безопасности так велика, что Омегамон не может позволить
себе проиграть, он применяет «Полное удаление» через
Трансцендентный меч. Пока приём активен, всё, чего
касается клинок, не разрезается, а стирается.","Этот дигимон возник из слияния Уничтожителей вирусов,
ВарГреймона и МеталГарурумона, благодаря воле тех,
кто желает добра. Омегамон способен в любой ситуации
полностью раскрывать качества обоих дигимонов, поэтому
он универсален и силён в бою. Его левая рука имеет форму
ВарГреймона и оснащена мечом и щитом, а правая рука —
форму МеталГарурумона, оснащённую пушкой и ракетами.
Плащ на спине раскрывается автоматически, когда нужно
уклониться от атаки или взлететь. Особый приём «Гаруру-
пушка» выпускает из пушки в форме МеталГарурумона поток
воздуха абсолютного нуля и замораживает врага. А меч на
левой руке — невидимый клинок «Трансцендентный меч».

■Влияние X-антитела на ДигиЯдро Омегамона:
Теоретически ни один другой дигимон не должен быть
способен победить Омегамона. Причина в абсолютной силе
Omega inForce, что позволяет мгновенно видеть грядущее
в бою и реагировать на него. Это доводит боевое чутьё
и потенциал Омегамона до предела. Если угроза сетевой
безопасности так велика, что Омегамон не может позволить
себе проиграть, он применяет «Полное удаление» через
Трансцендентный меч. Пока приём активен, всё, чего
касается клинок, не разрезается, а стирается."
2,latin_mixed,addcont_03_text01,text/digimon_profile_dlc03.mbe/000_Sheet1.csv,digimon_0358_profile,3,,X-,"Дюкмон — дигимон-Святой Рыцарь, состоящий в рядах
Королевских рыцарей вместе с Омегамоном и Магнамоном.
Королевские рыцари занимают высшее место в сетевой
безопасности, и ни один дигимон ещё не смог пробить их
стойкую оборону. Однако вирусный атрибут Дюкмона
противоречит роли одного из главных защитников Сети,
поэтому существует ничтожная вероятность, что равновесие
нарушится и он сам станет угрозой. Дюкмон облачён в
священные доспехи из хрондигизоида чистотой 99,9%,
в правой руке держит святое копьё Грам, а в левой —
священный щит Эгида. Рыцарственный по природе, он верно
служит своему повелителю. Его особые приёмы — «Молниеносный
турнирный удар» копьём Грам и «Финальный Элизион»,
очищающий луч из Эгиды.

■Влияние X-антитела на ДигиЯдро Дюкмона:
Рискуя жизнью в бесчисленных священных битвах и сохраняя
рыцарскую верность, Дюкмон наконец был благословлён
священными доспехами, копьём и щитом высочайшего качества.
Это оружие и броня состоят из священного сплава редких
металлов: красного, синего и золотого дигизоида, а также
чистейшего известного хрондигизоида. Дюкмон преобразился,
чтобы лучше соответствовать этой святой силе, и получил
новый приём «Зиг-сабля», усиливающий и увеличивающий копьё
света, выпущенное из святого копья Грам. Говорят также,
что красный плащ, который Дюкмон носил до обретения
силы X-антитела, он отдал герою Леомону.","Дюкмон — дигимон-Святой Рыцарь, состоящий в рядах
Королевских рыцарей вместе с Омегамоном и Магнамоном.
Королевские рыцари занимают высшее место в сетевой
безопасности, и ни один дигимон ещё не смог пробить их
стойкую оборону. Однако вирусный атрибут Дюкмона
противоречит роли одного из главных защитников Сети,
поэтому существует ничтожная вероятность, что равновесие
нарушится и он сам станет угрозой. Дюкмон облачён в
священные доспехи из хрондигизоида чистотой 99,9%,
в правой руке держит святое копьё Грам, а в левой —
священный щит Эгида. Рыцарственный по природе, он верно
служит своему повелителю. Его особые приёмы — «Молниеносный
турнирный удар» копьём Грам и «Финальный Элизион»,
очищающий луч из Эгиды.

■Влияние X-антитела на ДигиЯдро Дюкмона:
Рискуя жизнью в бесчисленных священных битвах и сохраняя
рыцарскую верность, Дюкмон наконец был благословлён
священными доспехами, копьём и щитом высочайшего качества.
Это оружие и броня состоят из священного сплава редких
металлов: красного, синего и золотого дигизоида, а также
чистейшего известного хрондигизоида. Дюкмон преобразился,
чтобы лучше соответствовать этой святой силе, и получил
новый приём «Зиг-сабля», усиливающий и увеличивающий копьё
света, выпущенное из святого копья Грам. Говорят также,
что красный плащ, который Дюкмон носил до обретения
силы X-антитела, он отдал герою Леомону."
2,latin_mixed,addcont_03_text01,text/digimon_profile_dlc03.mbe/000_Sheet1.csv,digimon_0418_profile,4,,"Shield, Tense-Great, Ulforce, V-, X-","УльфорсV-драмон — легендарный дигимон-Святой Рыцарь,
упомянутый лишь в пророчестве древнего Цифрового мира.
В этом пророчестве сказано о появлении Королевских
рыцарей, святых защитников Сети, и о том, что все они
соберутся, когда Цифровой мир столкнётся с величайшим
кризисом. Даже среди Королевских рыцарей скорость
УльфорсV-драмона исключительна: за его движениями
невозможно уследить. Его броня из синего хрондигизоита —
крайне редкого и самого лёгкого вида этого металла —
позволяет ему рассекать небо и мчаться по земле. При
необходимости он разворачивает «Ульфорс-саблю» или
«Tense-Great Shield» из V-браслетов на руках. Особый
приём «Сияющая V-сила» выпускает луч энергии из
V-образной брони на груди и уничтожает врагов.

■Влияние X-антитела на ДигиЯдро УльфорсV-драмона:
Помимо богоподобной скорости, ещё сильнее раскрылась
его предельная сила Ulforce. Она также обладает
поразительным фактором исцеления, позволяя УльфорсV-
драмону мгновенно восстанавливать любой полученный урон.
Даже если его застать врасплох и атаковать, он, скорее
всего, сразу ответит со всей мощью.","УльфорсV-драмон — легендарный дигимон-Святой Рыцарь,
упомянутый лишь в пророчестве древнего Цифрового мира.
В этом пророчестве сказано о появлении Королевских
рыцарей, святых защитников Сети, и о том, что все они
соберутся, когда Цифровой мир столкнётся с величайшим
кризисом. Даже среди Королевских рыцарей скорость
УльфорсV-драмона исключительна: за его движениями
невозможно уследить. Его броня из синего хрондигизоита —
крайне редкого и самого лёгкого вида этого металла —
позволяет ему рассекать небо и мчаться по земле. При
необходимости он разворачивает «Ульфорс-саблю» или
«Tense-Great Shield» из V-браслетов на руках. Особый
приём «Сияющая V-сила» выпускает луч энергии из
V-образной брони на груди и уничтожает врагов.

■Влияние X-антитела на ДигиЯдро УльфорсV-драмона:
Помимо богоподобной скорости, ещё сильнее раскрылась
его предельная сила Ulforce. Она также обладает
поразительным фактором исцеления, позволяя УльфорсV-
драмону мгновенно восстанавливать любой полученный урон.
Даже если его застать врасплох и атаковать, он, скорее
всего, сразу ответит со всей мощью."
2,latin_mixed,addcont_03_text01,text/digimon_profile_dlc03.mbe/000_Sheet1.csv,digimon_0432_profile,5,,X-,"Бронированный дигимон-Святой Рыцарь, эволюционировавший
силой Дигиментала Чудес. Этот Дигиментал наделён
атрибутом Металла и состоит из сверхметалла хрондигизоита,
поэтому его оборонительный потенциал и наступательная
мощь не уступают, а возможно и превосходят, дигимонов
уровня Абсолютный. В соответствии с названием сила
Дигиментала Чудес позволяет преодолеть любой кризис.
Магнамон использует «Плазменный выстрел», выпуская шар
чистой плазмы, и «Сияющую золотую солнечную бурю»,
превращающую сжатый воздух в золотые лазерные лучи,
которые сметают окружающих врагов.

■Влияние X-антитела на ДигиЯдро Магнамона:
Его единственный в своём роде хрондигизоид становится
тем прочнее, чем сильнее закаляется. Виртуальный
сверхметалл полностью встроен в тело дигимона и растёт
или атрофируется подобно обычной мышечной ткани. Считается,
что эта чудесная эволюция стала возможна благодаря
хрондигизоиду, созданному древними техниками почти в
естественном состоянии (Дигиментал Чудес), что позволило
ему соединиться с живым существом вместе с собственной
силой Магнамона. Напрягая хрондигизоидные мышцы, он
временно переходит в мерцающее состояние золотого дигизоида
и получает абсолютную защиту, способную выдерживать как
физическое разрушение, так и атаки, распадающие данные.
Это состояние обладает свойствами, подобными руде Хуанлун,
особому минералу, из которого образуется хрондигизоид с
непревзойдённой твёрдостью. Такая идеальная защита слишком
тяжела для дигимона, но Магнамон преодолевает это полной
закалкой своего хрондигизоида.","Бронированный дигимон-Святой Рыцарь, эволюционировавший
силой Дигиментала Чудес. Этот Дигиментал наделён
атрибутом Металла и состоит из сверхметалла хрондигизоита,
поэтому его оборонительный потенциал и наступательная
мощь не уступают, а возможно и превосходят, дигимонов
уровня Абсолютный. В соответствии с названием сила
Дигиментала Чудес позволяет преодолеть любой кризис.
Магнамон использует «Плазменный выстрел», выпуская шар
чистой плазмы, и «Сияющую золотую солнечную бурю»,
превращающую сжатый воздух в золотые лазерные лучи,
которые сметают окружающих врагов.

■Влияние X-антитела на ДигиЯдро Магнамона:
Его единственный в своём роде хрондигизоид становится
тем прочнее, чем сильнее закаляется. Виртуальный
сверхметалл полностью встроен в тело дигимона и растёт
или атрофируется подобно обычной мышечной ткани. Считается,
что эта чудесная эволюция стала возможна благодаря
хрондигизоиду, созданному древними техниками почти в
естественном состоянии (Дигиментал Чудес), что позволило
ему соединиться с живым существом вместе с собственной
силой Магнамона. Напрягая хрондигизоидные мышцы, он
временно переходит в мерцающее состояние золотого дигизоида
и получает абсолютную защиту, способную выдерживать как
физическое разрушение, так и атаки, распадающие данные.
Это состояние обладает свойствами, подобными руде Хуанлун,
особому минералу, из которого образуется хрондигизоид с
непревзойдённой твёрдостью. Такая идеальная защита слишком
тяжела для дигимона, но Магнамон преодолевает это полной
закалкой своего хрондигизоида."
2,latin_mixed,addcont_03_text01,text/digimon_profile_dlc03.mbe/000_Sheet1.csv,digimon_0468_profile,7,,X-,"Когда кристалл на груди СейвиорХакмона засиял, он
эволюционировал в свою предельную, трансцендентную
форму. Джесмон — дигимон-Святой Рыцарь, заслуживший
место среди Королевских рыцарей, высшего ранга
сетевой безопасности. Он способен распознавать признаки
грядущего хаоса и других нарушений по всему Цифровому
миру, поэтому добирается до места быстрее любого другого
Королевского рыцаря. Джесмон доверяет окружающим и
предпочитает действовать вместе с сёстрами Систермон и
другими близкими дигимонами, а не в одиночку; отчасти
это удерживает его от самоуверенности. Такая склонность
к сотрудничеству редка среди Королевских рыцарей. Наблюдая
за Хинукамуй своего наставника Ганкумона, Джесмон во время
обучения обрёл Ато, Рене и Пор. Это трио невероятно
универсально: оно действует по приказу Джесмона или
самостоятельно, напрямую атакует врагов, поддерживает
Джесмона и помогает другим дигимонам.

■Влияние X-антитела на ДигиЯдро Джесмона:
X-антитело превратило всю броню Джесмона в клинки,
сделав его форму ещё более наступательной. Каждый из
множества мечей способен двигаться самостоятельно, что
позволяет Джесмону непрерывно подавлять противника в
бою один на один шквалом атак. Кроме того, три программы
Ато, Рене и Пор слились и пробудились как единое существо,
Тактическое оружие. Благодаря этому Джесмон использует
новый боевой стиль: атакует во всех направлениях и не
оставляет уязвимых мест. Среди его особых приёмов —
«Железный кулак: Суд», где новое Тактическое оружие
обрушивает на врага железные кулаки, достойные гордости
Ганкумона, и «Швертфлюгель», запускающий все мечи на теле
во врага вместе со шквалом ударов большими клинками в
руках. Наконец, у него есть несмертельный козырь: он
извлекает из ДигиЯдра в груди Совершенный боевой клинок
Сэйбакен и рассекает врагов. Тот, кого задел этот меч,
теряет только боевой инстинкт и больше не способен сражаться.","Когда кристалл на груди СейвиорХакмона засиял, он
эволюционировал в свою предельную, трансцендентную
форму. Джесмон — дигимон-Святой Рыцарь, заслуживший
место среди Королевских рыцарей, высшего ранга
сетевой безопасности. Он способен распознавать признаки
грядущего хаоса и других нарушений по всему Цифровому
миру, поэтому добирается до места быстрее любого другого
Королевского рыцаря. Джесмон доверяет окружающим и
предпочитает действовать вместе с сёстрами Систермон и
другими близкими дигимонами, а не в одиночку; отчасти
это удерживает его от самоуверенности. Такая склонность
к сотрудничеству редка среди Королевских рыцарей. Наблюдая
за Хинукамуй своего наставника Ганкумона, Джесмон во время
обучения обрёл Ато, Рене и Пор. Это трио невероятно
универсально: оно действует по приказу Джесмона или
самостоятельно, напрямую атакует врагов, поддерживает
Джесмона и помогает другим дигимонам.

■Влияние X-антитела на ДигиЯдро Джесмона:
X-антитело превратило всю броню Джесмона в клинки,
сделав его форму ещё более наступательной. Каждый из
множества мечей способен двигаться самостоятельно, что
позволяет Джесмону непрерывно подавлять противника в
бою один на один шквалом атак. Кроме того, три программы
Ато, Рене и Пор слились и пробудились как единое существо,
Тактическое оружие. Благодаря этому Джесмон использует
новый боевой стиль: атакует во всех направлениях и не
оставляет уязвимых мест. Среди его особых приёмов —
«Железный кулак: Суд», где новое Тактическое оружие
обрушивает на врага железные кулаки, достойные гордости
Ганкумона, и «Швертфлюгель», запускающий все мечи на теле
во врага вместе со шквалом ударов большими клинками в
руках. Наконец, у него есть несмертельный козырь: он
извлекает из ДигиЯдра в груди Совершенный боевой клинок
Сэйбакен и рассекает врагов. Тот, кого задел этот меч,
теряет только боевой инстинкт и больше не способен сражаться."
2,latin_mixed,addcont_03_text01,text/info_message_dlc03.mbe/000_Sheet1.csv,9003009,10,,Anti-ParadoX,"Даже после завершения «Anti-ParadoX» вы можете поговорить
с дворецким в лифтовом зале и снова принять вызов.

Награды за прохождение также можно получить повторно.","Даже после завершения «Anti-ParadoX» вы можете поговорить
с дворецким в лифтовом зале и снова принять вызов.

Награды за прохождение также можно получить повторно."
2,latin_mixed,addcont_03_text01,text/item_name_dlc03.mbe/000_Sheet1.csv,42002,3,,EX,Бустер пробуждения таланта EX: 03,Бустер пробуждения таланта EX: 03
2,latin_mixed,addcont_03_text01,text/item_ruby_dlc03.mbe/000_Sheet1.csv,42002,3,,EX,Бустер пробуждения таланта EX: 03,Бустер пробуждения таланта EX: 03
2,latin_mixed,addcont_03_text01,text/quest_step_dlc03.mbe/000_Sheet1.csv,530030,4,,X-,Найдите другого дигимона вместе с Омегамоном (X-антитело).,Найдите другого дигимона вместе с Омегамоном (X-антитело).
2,latin_mixed,addcont_03_text01,text/quest_step_dlc03.mbe/000_Sheet1.csv,530040,6,,X-,Ищите другого дигимона с X-антителом.,Ищите другого дигимона с X-антителом.
2,latin_mixed,addcont_03_text01,text/quest_step_dlc03.mbe/000_Sheet1.csv,530050,7,,X-,Следуйте за дигимоном с X-антителом.,Следуйте за дигимоном с X-антителом.
2,latin_mixed,addcont_03_text01,text/quest_step_dlc03.mbe/000_Sheet1.csv,530160,18,,X-,Заручитесь поддержкой Джесмона (X-антитело).,Заручитесь поддержкой Джесмона (X-антитело).
2,latin_mixed,addcont_03_text01,text/quest_step_dlc03.mbe/000_Sheet1.csv,530170,19,,X-,Заручитесь поддержкой Дюкмона (X-антитело).,Заручитесь поддержкой Дюкмона (X-антитело).
2,latin_mixed,addcont_03_text01,text/quest_step_dlc03.mbe/000_Sheet1.csv,530180,20,,"V-, X-",Заручитесь поддержкой УльфорсV-драмона (X-антитело).,Заручитесь поддержкой УльфорсV-драмона (X-антитело).
2,latin_mixed,addcont_03_text01,text/quest_step_dlc03.mbe/000_Sheet1.csv,530190,21,,X-,Заручитесь поддержкой Магнамона (X-антитело).,Заручитесь поддержкой Магнамона (X-антитело).
2,same_as_original,addcont_03_text01,text/quest_title_dlc03.mbe/000_Sheet1.csv,530,2,,Translation is identical to game text01 source,Anti-ParadoX,Anti-ParadoX
2,latin_mixed,addcont_07_text01,text/item_name_dlc07.mbe/000_Sheet1.csv,1176,2,,USB-,USB-накопитель коллекционера,USB-накопитель коллекционера
2,latin_mixed,addcont_07_text01,text/item_name_dlc07.mbe/000_Sheet1.csv,1177,3,,USB-,USB-накопитель стратега,USB-накопитель стратега
2,latin_mixed,addcont_07_text01,text/item_name_dlc07.mbe/000_Sheet1.csv,1178,4,,USB-,USB-накопитель миллионера,USB-накопитель миллионера
2,latin_mixed,addcont_07_text01,text/item_ruby_dlc07.mbe/000_Sheet1.csv,1176,2,,USB-,USB-накопитель коллекционера,USB-накопитель коллекционера
2,latin_mixed,addcont_07_text01,text/item_ruby_dlc07.mbe/000_Sheet1.csv,1177,3,,USB-,USB-накопитель стратега,USB-накопитель стратега
2,latin_mixed,addcont_07_text01,text/item_ruby_dlc07.mbe/000_Sheet1.csv,1178,4,,USB-,USB-накопитель миллионера,USB-накопитель миллионера
2,latin_mixed,addcont_12_text01,text/item_explanation_dlc12.mbe/000_Sheet1.csv,824,2,,"Cyber, Digimon, Sleuth, Story","Костюм.
Наряд, вдохновлённый Digimon Story: Cyber Sleuth.","Костюм.
Наряд, вдохновлённый Digimon Story: Cyber Sleuth."
2,latin_mixed,addcont_12_text01,text/item_name_dlc12.mbe/000_Sheet1.csv,824,2,,"Cyber, Sleuth",Костюм Cyber Sleuth,Костюм Cyber Sleuth
2,latin_mixed,addcont_12_text01,text/item_ruby_dlc12.mbe/000_Sheet1.csv,824,2,,"Cyber, Sleuth",Костюм Cyber Sleuth,Костюм Cyber Sleuth
2,latin_mixed,app_text01,message/arena01.mbe/000_Sheet1.csv,arena01_m320_010_020,228,char_ETEMON,SDGP,"Потрясающе! Это первое появление чемпиона из Материального мира!
Как продержится чемпион SDGP?!","Потрясающе! Это первое появление чемпиона из Материального мира!
Как продержится чемпион SDGP?!"
2,latin_mixed,app_text01,message/arena01.mbe/000_Sheet1.csv,arena01_m320_010_060,234,char_ETEMON,SDGP,Победителем становится... команда-чемпион SDGP!,Победителем становится... команда-чемпион SDGP!
2,latin_mixed,app_text01,message/arena01.mbe/000_Sheet1.csv,arena01_m320_020_020,236,char_ETEMON,SDGP,Наконец-то чемпион SDGP здесь! Приготовьтесь удивляться!,Наконец-то чемпион SDGP здесь! Приготовьтесь удивляться!
2,latin_mixed,app_text01,message/arena01.mbe/000_Sheet1.csv,arena01_m320_020_060,242,char_ETEMON,SDGP,Победителем становится... команда-чемпион SDGP!,Победителем становится... команда-чемпион SDGP!
2,latin_mixed,app_text01,message/arena01.mbe/000_Sheet1.csv,arena01_m320_030_060,250,char_ETEMON,SDGP,Победителем становится... команда-чемпион SDGP!,Победителем становится... команда-чемпион SDGP!
2,latin_mixed,app_text01,message/arena01.mbe/000_Sheet1.csv,arena01_m320_040_060,257,char_ETEMON,SDGP,Победителем становится... команда-чемпион SDGP!,Победителем становится... команда-чемпион SDGP!
2,latin_mixed,app_text01,message/d06.mbe/000_Sheet1.csv,f_d0604_0300_0020,213,char_MINERVAMON,VIP-,Серьёзно? Что это за VIP-сервис?,Серьёзно? Что это за VIP-сервис?
2,latin_mixed,app_text01,message/d09.mbe/000_Sheet1.csv,f_d0904_0220_0020,386,char_KAMEMON,Kamedical,"Теперь я лидер команды Kamedical — медотряда,
который поддерживает леди Венусмон!","Теперь я лидер команды Kamedical — медотряда,
который поддерживает леди Венусмон!"
2,latin_mixed,app_text01,message/d13.mbe/000_Sheet1.csv,f_d1301_0050_0050,17,char_SIMMONS,ID,"Вы займитесь ID руководителя. А я пока
поищу кое-что ещё.","Вы займитесь ID руководителя. А я пока
поищу кое-что ещё."
2,latin_mixed,app_text01,message/d13.mbe/000_Sheet1.csv,f_d1301_0060_0010,22,,ID,"На экране сообщение.
«Как пользоваться аварийным ID → памятка на доске»","На экране сообщение.
«Как пользоваться аварийным ID → памятка на доске»"
2,latin_mixed,app_text01,message/d13.mbe/000_Sheet1.csv,f_d1301_0060_0050,26,,ID,Впредь не возись с ID. Просто смотри на доску.,Впредь не возись с ID. Просто смотри на доску.
2,latin_mixed,app_text01,message/dlc000.mbe/000_Sheet1.csv,dlc000_060_040,38,char_BUTLER,II,"Войти в Акашический бэкдор II?
{fc9*Сложность соответствует финалу основной истории.}","Войти в Акашический бэкдор II?
{fc9*Сложность соответствует финалу основной истории.}"
2,latin_mixed,app_text01,message/dlc000.mbe/000_Sheet1.csv,dlc000_070_040,49,char_BUTLER,III,"Войти в Акашический бэкдор III?
{fc9*Сложность соответствует финалу основной истории.}","Войти в Акашический бэкдор III?
{fc9*Сложность соответствует финалу основной истории.}"
2,latin_mixed,app_text01,message/field_text.mbe/000_Sheet1.csv,dummy_dlc000_0010,311,char_PLAYER_M,EP,Предварительный Текст Начала DLC EP1?,Предварительный Текст Начала DLC EP1?
2,latin_mixed,app_text01,message/field_text.mbe/000_Sheet1.csv,dummy_dlc000_0030,314,char_PLAYER_M,EP,Предварительный текст для начала DLC EP2?,Предварительный текст для начала DLC EP2?
2,latin_mixed,app_text01,message/field_text.mbe/000_Sheet1.csv,dummy_dlc000_0050,317,char_PLAYER_M,EP,Предварительный текст для начала DLC EP3?,Предварительный текст для начала DLC EP3?
2,latin_mixed,app_text01,message/field_text.mbe/000_Sheet1.csv,dummy_dlc010_0080,332,char_PLAYER_M,EP,"Идентификатор события: d110_080 ""Первая битва в EP1"" (Ранг C+)","Идентификатор события: d110_080 ""Первая битва в EP1"" (Ранг C+)"
2,latin_mixed,app_text01,message/field_text.mbe/000_Sheet1.csv,dummy_dlc010_0090,333,char_PLAYER_M,EP,"Идентификатор события: d110_090 ""После победы в Первом сражении
в EP1"" (ранг C+)","Идентификатор события: d110_090 ""После победы в Первом сражении
в EP1"" (ранг C+)"
2,latin_mixed,app_text01,message/field_text.mbe/000_Sheet1.csv,dummy_dlc010_0340,369,char_PLAYER_M,"Alter-B, VS","Идентификатор события: d140_020 ""VS Омегамон Alter-B (Сцена
эволюции B) - Часть 1"" (Ранг B)","Идентификатор события: d140_020 ""VS Омегамон Alter-B (Сцена
эволюции B) - Часть 1"" (Ранг B)"
2,latin_mixed,app_text01,message/field_text.mbe/000_Sheet1.csv,dummy_dlc010_0350,370,char_PLAYER_M,Alter-B,"Идентификатор события: d140_020 ""ПРОТИВ Омегамон Alter-B (сцена
эволюции) - часть 2"" (Ранг A)","Идентификатор события: d140_020 ""ПРОТИВ Омегамон Alter-B (сцена
эволюции) - часть 2"" (Ранг A)"
2,latin_mixed,app_text01,message/field_text.mbe/000_Sheet1.csv,dummy_dlc010_0390,374,char_PLAYER_M,VS,"Идентификатор события: d150_010 ""VS Параллельмон - Часть 1"" (ранг
C+)","Идентификатор события: d150_010 ""VS Параллельмон - Часть 1"" (ранг
C+)"
2,latin_mixed,app_text01,message/field_text.mbe/000_Sheet1.csv,dummy_dlc010_0400,375,char_PLAYER_M,VS,"Идентификатор события: d150_020 ""VS Параллельмон - Часть 2"" (ранг
B)","Идентификатор события: d150_020 ""VS Параллельмон - Часть 2"" (ранг
B)"
2,latin_mixed,app_text01,message/field_text.mbe/000_Sheet1.csv,dummy_dlc010_0410,376,char_PLAYER_M,"Alter-B, Alter-S","Идентификатор события: d150_030 ""Возвращение Омегамон Alter-S и
Омегамон Alter-B"" (ранг C+)","Идентификатор события: d150_030 ""Возвращение Омегамон Alter-S и
Омегамон Alter-B"" (ранг C+)"
2,latin_mixed,app_text01,message/field_text.mbe/000_Sheet1.csv,dummy_dlc020_0010,392,char_PLAYER_M,dl,"Идентификатор события: dlc020_010_010 ""Эгиомон и Инори Мисоно
присоединяются"" (ранг B)","Идентификатор события: dlc020_010_010 ""Эгиомон и Инори Мисоно
присоединяются"" (ранг B)"
2,latin_mixed,app_text01,message/field_text.mbe/000_Sheet1.csv,dummy_dlc020_0020,393,char_PLAYER_M,dl,"Идентификатор события: dlc020_010_020 ""Странный коридор"" (ранг
C)","Идентификатор события: dlc020_010_020 ""Странный коридор"" (ранг
C)"
2,latin_mixed,app_text01,message/field_text.mbe/000_Sheet1.csv,dummy_dlc020_0030,394,char_PLAYER_M,dl,"Идентификатор события: dlc020_010_030 ""Побежден Параллельмон""
(ранг B)","Идентификатор события: dlc020_010_030 ""Побежден Параллельмон""
(ранг B)"
2,latin_mixed,app_text01,message/field_text.mbe/000_Sheet1.csv,dummy_dlc020_0040,395,char_PLAYER_M,dl,"Идентификатор события: dlc020_010_040 ""Воссоединение с Банчо в
Белой комнате"" (ранг C)","Идентификатор события: dlc020_010_040 ""Воссоединение с Банчо в
Белой комнате"" (ранг C)"
2,latin_mixed,app_text01,message/field_text.mbe/000_Sheet1.csv,dummy_dlc020_0050,396,char_PLAYER_M,dl,"Идентификатор события: dlc020_010_050 ""Воссоединение с Хироко
Сагисакой в Белой комнате"" (ранг C)","Идентификатор события: dlc020_010_050 ""Воссоединение с Хироко
Сагисакой в Белой комнате"" (ранг C)"
2,latin_mixed,app_text01,message/field_text.mbe/000_Sheet1.csv,dummy_dlc020_0370,428,char_PLAYER_M,VS,"Идентификатор события: d2_050_010 ""VS Параллельмон"" (ранг C)","Идентификатор события: d2_050_010 ""VS Параллельмон"" (ранг C)"
2,latin_mixed,app_text01,message/field_text.mbe/000_Sheet1.csv,dummy_m210_0050,75,char_PLAYER_M,NPC,"Идентификатор события: m210_020 ""Помощь с барьером"" беседа с
NPC.","Идентификатор события: m210_020 ""Помощь с барьером"" беседа с
NPC."
2,latin_mixed,app_text01,message/field_text.mbe/000_Sheet1.csv,dummy_m220_0020,83,char_PLAYER_M,VIP-,"Идентификатор мероприятия: m220_010 ""VIP-зал в Промежуточном
кинотеатре"" (ранг B)","Идентификатор мероприятия: m220_010 ""VIP-зал в Промежуточном
кинотеатре"" (ранг B)"
2,latin_mixed,app_text01,message/field_text.mbe/000_Sheet1.csv,dummy_m310_0030,167,char_PLAYER_M,"Bearmon, Little, NPC","Идентификатор события: m310_020 Беседа NPC ""Little Bearmon"".","Идентификатор события: m310_020 Беседа NPC ""Little Bearmon""."
2,latin_mixed,app_text01,message/field_text.mbe/000_Sheet1.csv,dummy_m320_0080,182,char_PLAYER_M,"Makino, Marsmon's",Идентификатор события: m320_060 Видео Marsmon's Makino,Идентификатор события: m320_060 Видео Marsmon's Makino
2,latin_mixed,app_text01,message/field_text.mbe/000_Sheet1.csv,dummy_m440_0027,297,char_PLAYER_M,XII,"Идентификатор события: m440_030 ""Олимпос XII встречается с
финальным боссом"" (ранг A)","Идентификатор события: m440_030 ""Олимпос XII встречается с
финальным боссом"" (ранг A)"
2,latin_mixed,app_text01,message/field_text.mbe/000_Sheet1.csv,dummy_m440_0037,305,char_PLAYER_M,"Olympus, XII","Идентификатор события: m440_??? ""Активация креста искусств
Olympus XII"" (ранг A)","Идентификатор события: m440_??? ""Активация креста искусств
Olympus XII"" (ранг A)"
2,latin_mixed,app_text01,message/field_text.mbe/000_Sheet1.csv,dummy_m440_0060,308,char_PLAYER_M,XII,"Идентификатор события: m440_??? ""Объединение Олимпа XII
(рождение)"" (ранг A)","Идентификатор события: m440_??? ""Объединение Олимпа XII
(рождение)"" (ранг A)"
2,latin_mixed,app_text01,message/field_text.mbe/000_Sheet1.csv,g_closet_0010_0010,517,,Access,"(Заглушка) {pf(дополнение/дополнения/загружаемый контент/загружаемый контент)}
костюмы и прочее, распространяемые через Access.","(Заглушка) {pf(дополнение/дополнения/загружаемый контент/загружаемый контент)}
костюмы и прочее, распространяемые через Access."
2,latin_mixed,app_text01,message/m270.mbe/000_Sheet1.csv,m270_010_050,6,char_MIREI,VIP-,"Обычно это сила, граничащая с табу, но на этот раз, кажется, исключение.
Направляйтесь в VIP-комнату, там вас ждут ответы, которые вы ищете.","Обычно это сила, граничащая с табу, но на этот раз, кажется, исключение.
Направляйтесь в VIP-комнату, там вас ждут ответы, которые вы ищете."
2,latin_mixed,app_text01,message/m440.mbe/000_Sheet1.csv,m440_150_140,182,char_NARRATION,XII,"Однако даже его гибель от рук Олимпос XII была частью
грандиозного замысла Хрономона.","Однако даже его гибель от рук Олимпос XII была частью
грандиозного замысла Хрономона."
2,latin_mixed,app_text01,message/m450.mbe/000_Sheet1.csv,m450_010_030,7,char_JUPITERMON,XII,"И пусть имена тех, кто поддерживает меня в моей клятве, Олимпос
XII...","И пусть имена тех, кто поддерживает меня в моей клятве, Олимпос
XII..."
2,latin_mixed,app_text01,message/s090_072.mbe/000_Sheet1.csv,s090_072_660,78,char_MAN,"Expo, Home","Привет, милашка! Хочешь спланировать свое будущее в выставочном
центре Home Expo вместе со мной?","Привет, милашка! Хочешь спланировать свое будущее в выставочном
центре Home Expo вместе со мной?"
2,latin_mixed,app_text01,message/s200_149.mbe/000_Sheet1.csv,s200_149_330,42,char_HIROKO,USB-,"""Я считаю тебя достойным. Поблизости ты найдешь удостоверение
личности и USB-накопитель. Иди и возьми их"".","""Я считаю тебя достойным. Поблизости ты найдешь удостоверение
личности и USB-накопитель. Иди и возьми их""."
2,latin_mixed,app_text01,message/s200_149.mbe/000_Sheet1.csv,s200_149_390,50,char_HIROKO,USB-,"О! Эй, должно быть, это оно. Здесь удостоверение личности и
USB-накопитель!","О! Эй, должно быть, это оно. Здесь удостоверение личности и
USB-накопитель!"
2,latin_mixed,app_text01,message/s200_149.mbe/000_Sheet1.csv,s200_149_730,86,char_HIROKO,USB-,"Появилось еще одно сообщение. ""Вставьте накопитель в USB-порт
перед собой"".","Появилось еще одно сообщение. ""Вставьте накопитель в USB-порт
перед собой""."
2,latin_mixed,app_text01,message/s200_149.mbe/000_Sheet1.csv,s200_149_760,88,char_HIROKO,USB-,"Эй, похоже, компьютер автоматически загружает данные с
USB-накопителя.","Эй, похоже, компьютер автоматически загружает данные с
USB-накопителя."
2,latin_mixed,app_text01,message/s200_149.mbe/000_Sheet1.csv,s200_149_800,94,char_HIROKO,Edion,"Так удобно, что здесь также продаются продукты питания и
канцелярские принадлежности. Но мы говорим не об Edion!","Так удобно, что здесь также продаются продукты питания и
канцелярские принадлежности. Но мы говорим не об Edion!"
2,latin_mixed,app_text01,message/s200_149.mbe/000_Sheet1.csv,s200_149_890,105,char_HIROKO,IQ,"""Несмотря на мои результаты теста на IQ, я не могу смириться с
мыслью о Юе как о преемнике"".","""Несмотря на мои результаты теста на IQ, я не могу смириться с
мыслью о Юе как о преемнике""."
2,latin_mixed,app_text01,message/s200_149.mbe/000_Sheet1.csv,s200_149_930,109,char_HIROKO,USB-,"О, похоже, дело сделано. Давайте возьмем с собой USB-накопитель,
на всякий случай.","О, похоже, дело сделано. Давайте возьмем с собой USB-накопитель,
на всякий случай."
2,latin_mixed,app_text01,message/s900_217.mbe/000_Sheet1.csv,s900_217_070,10,char_MINERVAMON,XII,"Я пришла испытать свою силу. Со мной здесь
и остальные из Олимпос XII.","Я пришла испытать свою силу. Со мной здесь
и остальные из Олимпос XII."
2,latin_mixed,app_text01,message/s900_217.mbe/000_Sheet1.csv,s900_217_480,64,char_MINERVAMON,XII,"Я признаю твою силу. Поздравляю с победой
над всеми Олимпос XII!","Я признаю твою силу. Поздравляю с победой
над всеми Олимпос XII!"
2,latin_mixed,app_text01,message/s910_170.mbe/000_Sheet1.csv,s910_170_580,65,char_NORIO,IT-,"Да. Моё будущее я был мега успешным. Я жил в шикарной квартире и
управлял IT-компанией.","Да. Моё будущее я был мега успешным. Я жил в шикарной квартире и
управлял IT-компанией."
2,latin_mixed,app_text01,message/s910_170.mbe/000_Sheet1.csv,s910_170_920,101,char_NORIO_HIGHSCHOOL,IT-,"Вау! Я генеральный директор IT-компании и живу в высотном
кондоминиуме?! И еще женюсь на Ханае?!","Вау! Я генеральный директор IT-компании и живу в высотном
кондоминиуме?! И еще женюсь на Ханае?!"
2,latin_mixed,app_text01,message/s910_171.mbe/000_Sheet1.csv,s910_171_400,49,char_KINSHIRO,IQ,"Я убедил институт разрешить мне посещать среднюю школу, чтобы я
мог изучать людей с низким IQ.","Я убедил институт разрешить мне посещать среднюю школу, чтобы я
мог изучать людей с низким IQ."
2,latin_mixed,app_text01,text/bgm_name.mbe/000_Sheet1.csv,508,61,,"Adventure, Digimon",Цель～Акаи Шугеки～ (Из Digimon Adventure 02),Цель～Акаи Шугеки～ (Из Digimon Adventure 02)
2,latin_mixed,app_text01,text/bgm_name.mbe/000_Sheet1.csv,509,62,,"Adventure, Digimon",Расстаемся! (Из Digimon Adventure 02),Расстаемся! (Из Digimon Adventure 02)
2,latin_mixed,app_text01,text/bgm_name.mbe/000_Sheet1.csv,510,63,,"Digimon, Tamers",Самый Большой мечтатель (От Digimon Tamers),Самый Большой мечтатель (От Digimon Tamers)
2,latin_mixed,app_text01,text/bgm_name.mbe/000_Sheet1.csv,511,64,,"Digimon, Tamers",УДАР!! (От Digimon Tamers),УДАР!! (От Digimon Tamers)
2,latin_mixed,app_text01,text/bgm_name.mbe/000_Sheet1.csv,513,66,,"Digimon, Frontier",С Завещанием (Из Digimon Frontier),С Завещанием (Из Digimon Frontier)
2,latin_mixed,app_text01,text/bgm_name.mbe/000_Sheet1.csv,514,67,,"Data, Digimon, Going, Gouing, My, Savers, Squad, soul",Gouing! Going! My soul!! (из Digimon Savers / Digimon Data Squad),Гоуинг! Ухожу! Душа моя!! (От Digimon Savers - Digimon Savers)
2,latin_mixed,app_text01,text/bgm_name.mbe/000_Sheet1.csv,515,68,,"Believer, Data, Digimon, Savers, Squad",Believer (из Digimon Savers / Digimon Data Squad),Верующий (От Digimon Savers - Digimon Savers)
2,latin_mixed,app_text01,text/bgm_name.mbe/000_Sheet1.csv,516,69,,"Battles, Digimon, Fusion, Nebagiba, Wars, Xros",Nebagiba! (из Digimon Xros Wars / Digimon Fusion Battles),Небагиба! (Из Digimon Xros Wars - Битв Digimon Xros Wars Battles)
2,latin_mixed,app_text01,text/bgm_name.mbe/000_Sheet1.csv,517,70,,"ARE, Battles, Digimon, Fusion, Heart, WE, Wars, Xros",WE ARE Xros Heart! (из Digimon Xros Wars / Digimon Fusion Battles),МЫ - сердце Xros! (Из Digimon Xros Wars - Digimon Xros Wars Battles)
2,latin_mixed,app_text01,text/bgm_name.mbe/000_Sheet1.csv,519,72,,"Adventure, Digimon",Разорвать цепь (Из Digimon Adventure:),Разорвать цепь (Из Digimon Adventure:)
2,latin_mixed,app_text01,text/bgm_name.mbe/000_Sheet1.csv,520,73,,"Digimon, Ghost",ФРАКЦИЯ (Из игры Digimon Ghost),ФРАКЦИЯ (Из игры Digimon Ghost)
2,latin_mixed,app_text01,text/bgm_name.mbe/000_Sheet1.csv,521,74,,"Digimon, Ghost",Первые всадники (Из игры Digimon Ghost),Первые всадники (Из игры Digimon Ghost)
2,latin_mixed,app_text01,text/bgm_name.mbe/000_Sheet1.csv,523,76,,"Cyber, Sleuth",Мчащийся через Коулун (От Cyber Sleuth),Мчащийся через Коулун (От Cyber Sleuth)
2,latin_mixed,app_text01,text/bgm_name.mbe/000_Sheet1.csv,524,77,,"Cyber, Sleuth",ЦИФРОВАЯ ЛАБОРАТОРИЯ (От Cyber Sleuth),ЦИФРОВАЯ ЛАБОРАТОРИЯ (От Cyber Sleuth)
2,latin_mixed,app_text01,text/bgm_name.mbe/000_Sheet1.csv,528,81,,"Cyber, Sleuth",ЦИФРОВЫЕ ВОЙНЫ (От Cyber Sleuth),ЦИФРОВЫЕ ВОЙНЫ (От Cyber Sleuth)
2,latin_mixed,app_text01,text/bgm_name.mbe/000_Sheet1.csv,529,82,,"Cyber, Sleuth",Песня Победителя (из Cyber Sleuth),Песня Победителя (из Cyber Sleuth)
2,latin_mixed,app_text01,text/bgm_name.mbe/000_Sheet1.csv,530,83,,"Cyber, Sleuth","Подключайся, прыгай! (От Cyber Sleuth)","Подключайся, прыгай! (От Cyber Sleuth)"
2,latin_mixed,app_text01,text/bgm_name.mbe/000_Sheet1.csv,531,84,,"Cyber, Sleuth",День в определенном детективном агентстве (От Cyber Sleuth),День в определенном детективном агентстве (От Cyber Sleuth)
2,latin_mixed,app_text01,text/bgm_name.mbe/000_Sheet1.csv,533,86,,"Cyber, Sleuth",ХОУП СТЕР (Из Cyber Sleuth),ХОУП СТЕР (Из Cyber Sleuth)
2,latin_mixed,app_text01,text/bgm_name.mbe/000_Sheet1.csv,534,87,,"Cyber, Sleuth",Блуждающий в Майохиге (Из Cyber Sleuth),Блуждающий в Майохиге (Из Cyber Sleuth)
2,latin_mixed,app_text01,text/bgm_name.mbe/000_Sheet1.csv,540,93,,"Cyber, Sleuth",Избавление от грусти (От Cyber Sleuth),Избавление от грусти (От Cyber Sleuth)
2,latin_mixed,app_text01,text/bgm_name.mbe/000_Sheet1.csv,543,96,,"Cyber, DIGIFARM, Digimon, Sleuth, Story",DIGIFARM (из Digimon Story: Cyber Sleuth),DIGIFARM (от Cyber Sleuth)
2,latin_mixed,app_text01,text/bgm_name.mbe/000_Sheet1.csv,544,97,,"Cyber, Sleuth",Добро пожаловать в это Замечательное пространство (От Cyber Sleuth),Добро пожаловать в это Замечательное пространство (От Cyber Sleuth)
2,latin_mixed,app_text01,text/bgm_name.mbe/000_Sheet1.csv,548,101,,"Cyber, Sleuth",Что-то разрушающее (От Cyber Sleuth),Что-то разрушающее (От Cyber Sleuth)
2,latin_mixed,app_text01,text/bgm_name.mbe/000_Sheet1.csv,551,104,,"Cyber, Sleuth",ЗАКЛЮЧИТЕЛЬНАЯ ФАЗА (От Cyber Sleuth),ЗАКЛЮЧИТЕЛЬНАЯ ФАЗА (От Cyber Sleuth)
2,latin_mixed,app_text01,text/bgm_name.mbe/000_Sheet1.csv,555,108,,"Cyber, Sleuth",ПРОТИВОСТОЯТЬ ВРАГУ (Из Cyber Sleuth),ПРОТИВОСТОЯТЬ ВРАГУ (Из Cyber Sleuth)
2,latin_mixed,app_text01,text/bgm_name.mbe/000_Sheet1.csv,560,113,,"Cyber, Sleuth",ДУХОВНЫЙ МАЛЬЧИК (Из Cyber Sleuth),ДУХОВНЫЙ МАЛЬЧИК (Из Cyber Sleuth)
2,latin_mixed,app_text01,text/bgm_name.mbe/000_Sheet1.csv,564,117,,"Cyber, Sleuth",По-НАСТОЯЩЕМУ Популярная девушка (Из Cyber Sleuth),По-НАСТОЯЩЕМУ Популярная девушка (Из Cyber Sleuth)
2,latin_mixed,app_text01,text/bgm_name.mbe/000_Sheet1.csv,567,120,,"Cyber, Sleuth",ГЛУБОКАЯ ЭМОЦИЯ (От Cyber Sleuth),ГЛУБОКАЯ ЭМОЦИЯ (От Cyber Sleuth)
2,latin_mixed,app_text01,text/bgm_name.mbe/000_Sheet1.csv,568,121,,"Cyber, Sleuth",ХАКЕРСКАЯ ГОРДОСТЬ (От Cyber Sleuth),ХАКЕРСКАЯ ГОРДОСТЬ (От Cyber Sleuth)
2,latin_mixed,app_text01,text/bgm_name.mbe/000_Sheet1.csv,570,123,,"Cyber, Sleuth",Эфемерная Колибри (от Cyber Sleuth),Эфемерная Колибри (от Cyber Sleuth)
2,latin_mixed,app_text01,text/bgm_name.mbe/000_Sheet1.csv,576,129,,"Cyber, Sleuth",КОРОЛЕВСКИЕ РЫЦАРИ (Из Cyber Sleuth),КОРОЛЕВСКИЕ РЫЦАРИ (Из Cyber Sleuth)
2,latin_mixed,app_text01,text/bgm_name.mbe/000_Sheet1.csv,579,132,,"Cyber, Sleuth",Ожидаемый Новый мир (От Cyber Sleuth),Ожидаемый Новый мир (От Cyber Sleuth)
2,latin_mixed,app_text01,text/bgm_name.mbe/000_Sheet1.csv,581,134,,"Cyber, Sleuth",Переустановка (от Cyber Sleuth),Переустановка (от Cyber Sleuth)
2,latin_mixed,app_text01,text/bgm_name.mbe/000_Sheet1.csv,598,151,,"Cyber, Sleuth",КИБЕР-СЫЩИК (от Cyber Sleuth),КИБЕР-СЫЩИК (от Cyber Sleuth)
2,latin_mixed,app_text01,text/buff_message.mbe/000_Sheet1.csv,100133,261,,CP,CP больше нельзя получить!,CP больше нельзя получить!
2,latin_mixed,app_text01,text/buff_message.mbe/000_Sheet1.csv,133,125,,CP,CP больше нельзя получить!,CP больше нельзя получить!
2,latin_mixed,app_text01,text/char_name.mbe/000_Sheet1.csv,char_KOKUWAMON_AUN,701,,amp,Кокувамон А &amp,Кокувамон А &amp
2,latin_mixed,app_text01,text/common_message.mbe/000_Sheet1.csv,11306,381,,TP,Полезный TP,Полезный TP
2,latin_mixed,app_text01,text/common_message.mbe/000_Sheet1.csv,dlc_name_03,1114,,Anti-ParadoX,Дополнительный набор дигимонов и эпизодов 3: Anti-ParadoX,Дополнительный набор дигимонов и эпизодов 3: Anti-ParadoX
2,latin_mixed,app_text01,text/common_message.mbe/000_Sheet1.csv,dlc_name_08,1118,,"Cyber, Sleuth",Набор фоновой музыки Cyber Sleuth,Набор фоновой музыки Cyber Sleuth
2,latin_mixed,app_text01,text/common_message.mbe/000_Sheet1.csv,dlc_name_09,1119,,Digimon,Набор песен аниме Digimon,Набор песен аниме Digimon
2,latin_mixed,app_text01,text/common_message.mbe/000_Sheet1.csv,dlc_name_12,1121,,"Cyber, Sleuth",Набор костюмов Cyber Sleuth,Набор костюмов Cyber Sleuth
2,latin_no_cyrillic,app_text01,text/common_message_dx11.mbe/000_Sheet1.csv,1900036,83,,Esc,Esc,Esc
2,latin_no_cyrillic,app_text01,text/common_message_dx11.mbe/000_Sheet1.csv,1900067,114,,Home,Home,Home
2,latin_no_cyrillic,app_text01,text/common_message_dx11.mbe/000_Sheet1.csv,1900068,115,,End,End,End
2,latin_no_cyrillic,app_text01,text/common_message_dx11.mbe/000_Sheet1.csv,1900071,118,,Insert,Insert,Insert
2,latin_no_cyrillic,app_text01,text/common_message_dx11.mbe/000_Sheet1.csv,1900072,119,,Delete,Delete,Delete
2,latin_no_cyrillic,app_text01,text/common_message_dx11.mbe/000_Sheet1.csv,1900073,120,,Num,"Num
1","Num
1"
2,latin_no_cyrillic,app_text01,text/common_message_dx11.mbe/000_Sheet1.csv,1900074,121,,Num,"Num
2","Num
2"
2,latin_no_cyrillic,app_text01,text/common_message_dx11.mbe/000_Sheet1.csv,1900075,122,,Num,"Num
3","Num
3"
2,latin_no_cyrillic,app_text01,text/common_message_dx11.mbe/000_Sheet1.csv,1900076,123,,Num,"Num
4","Num
4"
2,latin_no_cyrillic,app_text01,text/common_message_dx11.mbe/000_Sheet1.csv,1900077,124,,Num,"Num
5","Num
5"
2,latin_no_cyrillic,app_text01,text/common_message_dx11.mbe/000_Sheet1.csv,1900078,125,,Num,"Num
6","Num
6"
2,latin_no_cyrillic,app_text01,text/common_message_dx11.mbe/000_Sheet1.csv,1900079,126,,Num,"Num
7","Num
7"
2,latin_no_cyrillic,app_text01,text/common_message_dx11.mbe/000_Sheet1.csv,1900080,127,,Num,"Num
8","Num
8"
2,latin_no_cyrillic,app_text01,text/common_message_dx11.mbe/000_Sheet1.csv,1900081,128,,Num,"Num
9","Num
9"
2,latin_no_cyrillic,app_text01,text/common_message_dx11.mbe/000_Sheet1.csv,1900082,129,,Num,"Num
0","Num
0"
2,latin_no_cyrillic,app_text01,text/common_message_dx11.mbe/000_Sheet1.csv,1900083,130,,Num,"Num
/","Num
/"
2,latin_no_cyrillic,app_text01,text/common_message_dx11.mbe/000_Sheet1.csv,1900084,131,,Num,"Num
*","Num
*"
2,latin_no_cyrillic,app_text01,text/common_message_dx11.mbe/000_Sheet1.csv,1900085,132,,Num,"Num
-","Num
-"
2,latin_no_cyrillic,app_text01,text/common_message_dx11.mbe/000_Sheet1.csv,1900086,133,,Num,"Num
+","Num
+"
2,latin_no_cyrillic,app_text01,text/common_message_dx11.mbe/000_Sheet1.csv,1900088,135,,Num,Num.,"Num
."
2,latin_no_cyrillic,app_text01,text/common_message_dx11.mbe/000_Sheet1.csv,1900089,136,,Ctrl,Ctrl.,Ctrl.
2,latin_no_cyrillic,app_text01,text/common_message_dx11.mbe/000_Sheet1.csv,1900090,137,,Ctrl,.Ctrl,.Ctrl
2,latin_no_cyrillic,app_text01,text/common_message_dx11.mbe/000_Sheet1.csv,1900099,146,,Alt,Alt.,Alt.
2,latin_no_cyrillic,app_text01,text/common_message_dx11.mbe/000_Sheet1.csv,1900100,147,,Alt,.Alt,.Alt
2,latin_no_cyrillic,app_text01,text/common_message_dx11.mbe/000_Sheet1.csv,1901004,185,,FXAA,FXAA,FXAA
2,latin_no_cyrillic,app_text01,text/common_message_dx11.mbe/000_Sheet1.csv,1901005,186,,MSAA,MSAA,MSAA
2,latin_no_cyrillic,app_text01,text/common_message_dx11.mbe/000_Sheet1.csv,1901006,187,,TAA,TAA,TAA
2,same_as_original,app_text01,text/common_message_dx11.mbe/000_Sheet1.csv,1901307,224,,Translation is identical to game text01 source,(Debug) 1720 x 720 (21:9),(Debug) 1720 x 720 (21:9)
2,latin_mixed,app_text01,text/common_message_dx11.mbe/000_Sheet1.csv,1901319,236,,"Debug, Deck",(Debug) Симуляция Steam Deck,(Debug) Steam Deck Simulation
2,latin_mixed,app_text01,text/digimon_class_name.mbe/000_Sheet1.csv,1,3,,XII,Олимп XII,Олимп XII
2,latin_mixed,app_text01,text/digimon_profile.mbe/000_Sheet1.csv,digimon_0019_profile,17,,DORU-Din,"Воображаемый дигимон, рожденный из мечты
ДигиЯдра. Интерфейс на лбу Доругорамона
чудесным образом разблокировал творческую силу
его собственного ДигиЯдра, заставив его
эволюционировать в эту форму. Возможно,
потому что это ДигиЯдро уже содержало мощные
данные дракона, форма, которую оно выдумало,
была воплощением мощного разрушения и самого
воплощения «заклятого врага». Доругорамон
использует свое особый приём «Брэйв
Метал», чтобы обрушить ужасную атаку всей мощью
тела и души, и «DORU-Din», чтобы выпустить
разрушительную ударную волну.","Воображаемый дигимон, рожденный из мечты
ДигиЯдра. Интерфейс на лбу Доругорамона
чудесным образом разблокировал творческую силу
его собственного ДигиЯдра, заставив его
эволюционировать в эту форму. Возможно,
потому что это ДигиЯдро уже содержало мощные
данные дракона, форма, которую оно выдумало,
была воплощением мощного разрушения и самого
воплощения «заклятого врага». Доругорамон
использует свое особый приём «Брэйв
Метал», чтобы обрушить ужасную атаку всей мощью
тела и души, и «DORU-Din», чтобы выпустить
разрушительную ударную волну."
2,latin_mixed,app_text01,text/digimon_profile.mbe/000_Sheet1.csv,digimon_0075_profile,65,,XII,"Один из Олимпос XII, Нептунемон — морской
бог-дигимон, который управляет всеми
дигимонами Водного вида. Чешуйчатая броня,
покрывающая его тело, представляет собой сплав
Хромдигизоида под названием Синий Дигизоид,
который облегчает мобильность и скорость,
позволяя ему двигаться с устрашающей скоростью
под водой. Его замок «Абисс Санктуари» был
построен в глубокой подводной впадине, и
только те, кто может выдержать давление воды
на крайний глубинах, могут войти. Его
особые приёмы включают «Вортекс
Пенетрайшн», которым он наносит удар своим
разумным копьем «Кингс Байт», и «Вейв оф
Дефс», которым он выпускает массивное цунами,
которое поглощает все на своем пути.","Один из Олимпос XII, Нептунемон — морской
бог-дигимон, который управляет всеми
дигимонами Водного вида. Чешуйчатая броня,
покрывающая его тело, представляет собой сплав
Хромдигизоида под названием Синий Дигизоид,
который облегчает мобильность и скорость,
позволяя ему двигаться с устрашающей скоростью
под водой. Его замок «Абисс Санктуари» был
построен в глубокой подводной впадине, и
только те, кто может выдержать давление воды
на крайний глубинах, могут войти. Его
особые приёмы включают «Вортекс
Пенетрайшн», которым он наносит удар своим
разумным копьем «Кингс Байт», и «Вейв оф
Дефс», которым он выпускает массивное цунами,
которое поглощает все на своем пути."
2,latin_mixed,app_text01,text/digimon_profile.mbe/000_Sheet1.csv,digimon_0080_profile,70,,XII,"Один из Олимпос XII, этот дигимон — гениальный
бог, хвастающийся величайшей скоростью в
Цифровом Мире. Непревзойденная скорость
Меркуримона не видна невооруженным глазом, и
поэтому любые его записи, как говорят,
являются его остаточными образами. Он ненавидит
оставаться на месте и всегда странствует по
Цифровому Миру, что делает его трудным
существом для встречи. Он использует свое
особый приём «Саузенд Фист», чтобы
приблизиться к врагу с почти мгновенной
скоростью, прежде чем обрушить невероятный
скорострельный залп. Меркуримон также является
искусный шаманом, позволяя ему
использовать «Спиричуал Энчантмент», рассекая
воздух своим любимым клинком «Ацтек» и
призывая демонов из другого измерения.","Один из Олимпос XII, этот дигимон — гениальный
бог, хвастающийся величайшей скоростью в
Цифровом Мире. Непревзойденная скорость
Меркуримона не видна невооруженным глазом, и
поэтому любые его записи, как говорят,
являются его остаточными образами. Он ненавидит
оставаться на месте и всегда странствует по
Цифровому Миру, что делает его трудным
существом для встречи. Он использует свое
особый приём «Саузенд Фист», чтобы
приблизиться к врагу с почти мгновенной
скоростью, прежде чем обрушить невероятный
скорострельный залп. Меркуримон также является
искусный шаманом, позволяя ему
использовать «Спиричуал Энчантмент», рассекая
воздух своим любимым клинком «Ацтек» и
призывая демонов из другого измерения."
2,latin_mixed,app_text01,text/digimon_profile.mbe/000_Sheet1.csv,digimon_0104_profile,92,,ZERO-ARMS,"Сусаноомон известен в восточном фольклоре как
ультиматный бог разрушения и правитель
регенерации. Говорят, что он появляется, когда
в Сети возникают аномалии, аннулируя
существующую систему и строя новую на ее
месте. Особые приёмы Сусаноомона — «Ама
но Хабакири», которое рассекает все и вся под
небом лезвием света, выпущенным из его
ZERO-ARMS: Ороти, и «Якуса но Икадзути»,
ультиматная техника, с помощью которой он
направляет свой ZERO-ARMS: Ороти, лезвие
света, к небесам, превращая лезвие в
разрушительную молнию, которая затем
обрушивается на мир.","Сусаноомон известен в восточном фольклоре как
ультиматный бог разрушения и правитель
регенерации. Говорят, что он появляется, когда
в Сети возникают аномалии, аннулируя
существующую систему и строя новую на ее
месте. Особые приёмы Сусаноомона — «Ама
но Хабакири», которое рассекает все и вся под
небом лезвием света, выпущенным из его
ZERO-ARMS: Ороти, и «Якуса но Икадзути»,
ультиматная техника, с помощью которой он
направляет свой ZERO-ARMS: Ороти, лезвие
света, к небесам, превращая лезвие в
разрушительную молнию, которая затем
обрушивается на мир."
2,latin_mixed,app_text01,text/digimon_profile.mbe/000_Sheet1.csv,digimon_0168_profile,130,,XII,"Член Олимпос XII, бог, властвующий над
небесами, и дигимон, управляющий громом и
погодой. Юпитермон всегда судит добро и зло на
поле боя, карая нечестивых божественным
наказанием. Такой суд вершится беспристрастно,
без эмоций. Те, кто не согласен с решением
Юпитермона, могут бросить ему вызов и отменить
приговор победой, но пока никому это не
удавалось. Он может ударить молотами на обеих
руках друг о друга и призвать небольшие грозовые
тучи. Приёмом «Паниш Джадж» он бьёт противника
молотом, выжигает метку на его теле и откладывает
наказание. Когда Юпитермон решает исполнить
приговор, он обрушивает на врага молнию
чрезвычайно высокого напряжения. Его предельный
особый приём «Вайд Пласмент» превращает тело в
сверхвысоковольтную плазму. Так он карает всё
вокруг себя, испепеляя каждого, кого коснётся.","Член Олимпос XII, бог, председательствующий на
небесах, и дигимон, управляющий громом и
погодой. Юпитермон всегда судит добро и зло на
поле боя, верша божественное наказание над
нечестивыми. Такой суд совершается равнодушно,
без эмоций. Те, кто не согласен с решением
Юпитермона, могут бросить ему вызов и отменить
приговор в случае победы, но на данный момент
никто никогда не совершал этот подвиг. Он
может хлопнуть молотами на обеих руках вместе,
чтобы призвать маленькие грозовые тучи. Он
использует «Паниш Джадж», чтобы ударить
противника своим молотом, выгравировать метку
на его теле и отложить его наказание. Когда
Юпитермон решает привести говорят наказание в
исполнение, приговор приводится в исполнение
ударом по тому врагу чрезвычайно высоковольтной
молнией. Он использует свое ультиматное
особый приём «Вайд Пласмент», чтобы
изменить свое тело на сверхвысоковольтную
плазму. Это наносит божественное наказание на
область вокруг Юпитермона, распадающийся любого
и все, к чему он прикасается."
2,latin_mixed,app_text01,text/digimon_profile.mbe/000_Sheet1.csv,digimon_0170_profile,132,,XII,"Партнер Юпитермона и одна из Олимпос XII.
На поле боя Юномон выступает любящей
защитницей Юпитермона: она постоянно
предсказывает, обнаруживает и уничтожает
мятежников, осмелившихся противиться его
воле. Похоже, благодаря невероятно нежному
характеру и глубокой любви к Юпитермону она
прекрасно знает все его привычки. Особые
приемы Юномон - «Нидл Хайв», пронзающий
врагов катарами на ее руках, и «Грейсфул
Ланс», при котором разумные копья атакуют
врагов вокруг нее.","Партнер Юпитермона и одна из Олимпос XII.
На поле боя Юномон выступает любящей
защитницей Юпитермона: она постоянно
предсказывает, обнаруживает и уничтожает
мятежников, осмелившихся противиться его
воле. Похоже, благодаря невероятно нежному
характеру и глубокой любви к Юпитермону она
прекрасно знает все его привычки. Особые
приемы Юномон - «Нидл Хайв», пронзающий
врагов катарами на ее руках, и «Грейсфул
Ланс», при котором разумные копья атакуют
врагов вокруг нее."
2,latin_mixed,app_text01,text/digimon_profile.mbe/000_Sheet1.csv,digimon_0172_profile,134,,XII,"Этот сострадательный дигимон управляет силой
любви и является одной из Олимпос XII. Даже на
самых бесплодных пустошах, куда бы Венусмон ни
пошла, прекрасный цветы расцветают, и земля
вокруг нее обновляется юной энергией. Многие
дигимоны поклоняются Венусмон из-за ее красоты
и чистоты. Надевая повязку на глаза, она
способна воспринимать мир таким, какой он
есть, своим мысленным взором, видя сквозь
любую ложь или обман. Сокрытие ее глаз также
подавляет ее ауру очарование, удваиваясь как акт
внимательности и уменьшая количество
дигимонов, которые в противном случае падали
бы в обморок в ее облик. У Венусмон есть
два маленьких, но постоянных спутника, птица
Олив и гребешок Хотан, и трое друзей
поддерживают открытый и оживленный разговор.
Поскольку Венусмон — дигимон, управляющий
любовью, каждое ее действие в бою успокаивает
сердца ее противников. С помощью «ЛАВ Ю» она
может заставить врага потерять сознание,
послав ему воздушный поцелуй и заставив его
сердце пропустить удар. Если ее птица Олив
клюнет врага по голове, он попадает под чары
«Пис Фантазия», которые могут успокоить сердце
даже самого свирепого зверя.","Этот сострадательный дигимон управляет силой
любви и является одной из Олимпос XII. Даже на
самых бесплодных пустошах, куда бы Венусмон ни
пошла, прекрасный цветы расцветают, и земля
вокруг нее обновляется юной энергией. Многие
дигимоны поклоняются Венусмон из-за ее красоты
и чистоты. Надевая повязку на глаза, она
способна воспринимать мир таким, какой он
есть, своим мысленным взором, видя сквозь
любую ложь или обман. Сокрытие ее глаз также
подавляет ее ауру очарование, удваиваясь как акт
внимательности и уменьшая количество
дигимонов, которые в противном случае падали
бы в обморок в ее облик. У Венусмон есть
два маленьких, но постоянных спутника, птица
Олив и гребешок Хотан, и трое друзей
поддерживают открытый и оживленный разговор.
Поскольку Венусмон — дигимон, управляющий
любовью, каждое ее действие в бою успокаивает
сердца ее противников. С помощью «ЛАВ Ю» она
может заставить врага потерять сознание,
послав ему воздушный поцелуй и заставив его
сердце пропустить удар. Если ее птица Олив
клюнет врага по голове, он попадает под чары
«Пис Фантазия», которые могут успокоить сердце
даже самого свирепого зверя."
2,latin_mixed,app_text01,text/digimon_profile.mbe/000_Sheet1.csv,digimon_0173_profile,135,,XII,"Одна из Олимпос XII и Божественный дигимон,
обладающий энергией пламени, эквивалент самой
силе солнца. Эта впечатляющий сила, способная
расплавить и очистить любое вещество, такова,
что даже Аполломон — со всем его интенсивный пылом
и гордостью — едва может ее сдерживать.
Особые приёмы Аполломона — «Сол
Бластер», которое выпускает ослепительный
солнечный шар, сформированный из сферы пламени
на его спине, и «Фебус Блоу», которое
концентрирует всю его скрытую силу в один
удар.","Одна из Олимпос XII и Божественный дигимон,
обладающий энергией пламени, эквивалент самой
силе солнца. Эта впечатляющий сила, способная
расплавить и очистить любое вещество, такова,
что даже Аполломон — со всем его интенсивный пылом
и гордостью — едва может ее сдерживать.
Особые приёмы Аполломона — «Сол
Бластер», которое выпускает ослепительный
солнечный шар, сформированный из сферы пламени
на его спине, и «Фебус Блоу», которое
концентрирует всю его скрытую силу в один
удар."
2,latin_mixed,app_text01,text/digimon_profile.mbe/000_Sheet1.csv,digimon_0174_profile,136,,XII,"Этот бог войны-дигимон, напоминающий
человека-леопарда, является одной из
загадочных Олимпос XII, которые обладают
способностями, соперничающими даже с Королевскими
Рыцарей, божеств-хранителей Сети. Каждая из
Олимпос XII защищает свой собственный регион,
действуя в тени и сохраняя нейтральную позицию
во время инцидентов в Цифровом Мире. Марсмон
хорошо понимает все виды рукопашных техник в
мире — включая навыки, использующие нечестную
игру — и обладает абсолютной уверенностью в
любом бою один на один против подобных себе.
Он полагается в основном на приемы рестлинга,
но его сосредоточенность на победе и славу означает, что
он будет выхватывать скрытое оружие, такое как
его «Трая Наклз» или «Метал Котурнус», когда
оказывается в затруднительном положении. И всё же, Марсмон проявляет свою истинную силу,
когда сражается голыми руками и ногами. Его
особый приём «Корона Сэнкшнс» — это
славный техника убийства в воздухе, которая
облачает Марсмон в пламя.","Этот бог войны-дигимон, напоминающий
человека-леопарда, является одной из
загадочных Олимпос XII, которые обладают
способностями, соперничающими даже с Королевскими
Рыцарей, божеств-хранителей Сети. Каждая из
Олимпос XII защищает свой собственный регион,
действуя в тени и сохраняя нейтральную позицию
во время инцидентов в Цифровом Мире. Марсмон
хорошо понимает все виды рукопашных техник в
мире — включая навыки, использующие нечестную
игру — и обладает абсолютной уверенностью в
любом бою один на один против подобных себе.
Он полагается в основном на приемы рестлинга,
но его сосредоточенность на победе и славу означает, что
он будет выхватывать скрытое оружие, такое как
его «Трая Наклз» или «Метал Котурнус», когда
оказывается в затруднительном положении. И всё же, Марсмон проявляет свою истинную силу,
когда сражается голыми руками и ногами. Его
особый приём «Корона Сэнкшнс» — это
славный техника убийства в воздухе, которая
облачает Марсмон в пламя."
2,latin_mixed,app_text01,text/digimon_profile.mbe/000_Sheet1.csv,digimon_0176_profile,137,,XII,"Одна из Олимпос XII, Цересмон — гигантская
птица-дигимон, несущая на спине лес Карпос
Хуле, славившийся своими плодами, известными
как самый сладкий деликатес в Цифровом Мире. С
телом, состоящим из гигантских скал и
плодородной почвы, Цересмон в полете больше
всего напоминает плавучий остров. Истинная форма Цересмон — Цересмон
Медиум — находится во главе острова. Цересмон
Медиум обладает почти никакой боевой
способностью и редко появляется перед другими.
Однако в редких случаях он, по-видимому,
показывает себя тем, кому доверяет, не приводя
с собой гигантскую птицу. Цересмон Медиум
обладает мягким характером и сердцем,
переполненным состраданием. Он предлагает
голодным дигимонам фрукты из Карпос Хуле и
позволяет раненым дигимонам укрыться в лесу,
пока они не восстановятся. Однако, если кто-то
окажется неблагодарным за щедрость природы,
нанесет вред деревьям или осквернит землю ради
забавы, природа Цересмон Медиума меняется, и
он становится по-настоящему ужасным лесным демоном.
Особый приём Цересмон — «Айленд
Фрифол», которым оно врезается своим массивным
телом прямо во врага, посылая мощные толчки и
яростные ветры, бурлящий на широкой область вокруг
места падения. Цересмон также имеет «Бернинг
Блад Шелл», которое выстреливает огромный,
обжигающий шар магмы из его рта.","Одна из Олимпос XII, Цересмон — гигантская
птица-дигимон, несущая на спине лес Карпос
Хуле, славившийся своими плодами, известными
как самый сладкий деликатес в Цифровом Мире. С
телом, состоящим из гигантских скал и
плодородной почвы, Цересмон в полете больше
всего напоминает плавучий остров. Цересмон
Медиум, который является истинной формой
Цересмон, находится во главе острова. Цересмон
Медиум обладает почти никакой боевой
способностью и редко появляется перед другими.
Однако в редких случаях он, по-видимому,
показывает себя тем, кому доверяет, не приводя
с собой гигантскую птицу. Цересмон Медиум
обладает мягким характером и сердцем,
переполненным состраданием. Он предлагает
голодным дигимонам фрукты из Карпос Хуле и
позволяет раненым дигимонам укрыться в лесу,
пока они не восстановятся. Однако, если кто-то
окажется неблагодарным за щедрость природы,
нанесет вред деревьям или осквернит землю ради
забавы, природа Цересмон Медиума меняется, и
он становится по-настоящему ужасным лесным демоном.
Особый приём Цересмон — «Айленд
Фрифол», которым оно врезается своим массивным
телом прямо во врага, посылая мощные толчки и
яростные ветры, бурлящий на широкой область вокруг
места падения. Цересмон также имеет «Бернинг
Блад Шелл», которое выстреливает огромный,
обжигающий шар магмы из его рта."
2,latin_mixed,app_text01,text/digimon_profile.mbe/000_Sheet1.csv,digimon_0178_profile,139,,XII,"Этот бог-кузнец дигимонов является одним из
Олимпос XII. Вулканусмон ответственен за
создание большинства известнейшего оружия
Цифрового мира, включая печально известные
любимые дробовики Бельзебмона «Беренджена».
Вулканусмон обладает духом истинного мастера,
наряду с упрямым характером. Он оценивает всех
своих клиентов, и если считает, что они не
смогут освоить или не будут ценить оружие,
которое они запросили, он отказывает им. Даже
когда Вулканусмон соглашается сделать оружие,
он соотносит качество своей работы со своим
впечатлением о владельце. Тем не менее,
Вулканусмон был настолько впечатлен силой
Бельзебмона, что усердно трудился, чтобы
создать исключительное оружие, когда создавал
Беренджену. Вулканусмон предпочитает, чтобы
его оставили в покое, работая своими восемью
руками, но также может использовать свое
мастерство как ремесленника в бою. Своим
специальным движением «Пинпоинт Уэпон Воркс»
он мастерски использует свой огненный
сварочный аппарат «Бомбер Арт», чтобы
мгновенно создать идеальное оружие для любой
боевой ситуации. Когда он действительно хочет
выложиться по полной, он использует
«Эпроприэйт Воркс», который многократно
использует «Пинпоинт Уэпон Воркс», чтобы
выковать оружие для каждой из своих восьми
рук. Несмотря на все это, собственная боевая
способность Вулканусмона не особенно
высока, и он предпочитает избегать боя
когда бы ни возможно.","Этот бог-кузнец дигимонов является одним из
Олимпос XII. Вулканусмон ответственен за
создание большинства известнейшего оружия
Цифрового мира, включая печально известные
любимые дробовики Бельзебмона «Беренджена».
Вулканусмон обладает духом истинного мастера,
наряду с упрямым характером. Он оценивает всех
своих клиентов, и если считает, что они не
смогут освоить или не будут ценить оружие,
которое они запросили, он отказывает им. Даже
когда Вулканусмон соглашается сделать оружие,
он соотносит качество своей работы со своим
впечатлением о владельце. Тем не менее,
Вулканусмон был настолько впечатлен силой
Бельзебмона, что усердно трудился, чтобы
создать исключительное оружие, когда создавал
Беренджену. Вулканусмон предпочитает, чтобы
его оставили в покое, работая своими восемью
руками, но также может использовать свое
мастерство как ремесленника в бою. Своим
специальным движением «Пинпоинт Уэпон Воркс»
он мастерски использует свой огненный
сварочный аппарат «Бомбер Арт», чтобы
мгновенно создать идеальное оружие для любой
боевой ситуации. Когда он действительно хочет
выложиться по полной, он использует
«Эпроприэйт Воркс», который многократно
использует «Пинпоинт Уэпон Воркс», чтобы
выковать оружие для каждой из своих восьми
рук. Несмотря на все это, собственная боевая
способность Вулканусмона не особенно
высока, и он предпочитает избегать боя
когда бы ни возможно."
2,latin_mixed,app_text01,text/digimon_profile.mbe/000_Sheet1.csv,digimon_0179_profile,140,,XII,"Одна из Олимпос XII, этот дигимон хвастается,
что он самый тяжелый пьяница Цифрового мира.
Бахусмон имеет веселый нрав и хорошо подходит
для заботы о других. Днем или ночью, он всегда
стремится собрать вместе дигимонов уровня
Ребёнок и Чемпион, чтобы устроить вечеринку.
Бахусмон обладает способностью производить
любую форму алкоголя внутри своего тела, и
если ему понравится другой дигимон на одной из
этих вечеринок, известно, что он предложит ему
напиток по его выбору. Сам Бахусмон имеет вкус
к фруктовым винам, его любимый сорт
производится из ферментированных фруктов
Карпос Хуле, леса, который несет на спине
Цересмон. Всякий раз, когда у Бахусмона есть
свободная минута, он умоляет Цересмон сделать
ему немного фруктового вина. Из-за этого пара
находится в очень хороших отношениях, и их
часто видят вместе. Особый приём
Бахусмона — «Кук оф зе Абисс», которым он
обхватывает врага руками, изменяет его
композиционные данные на подходящую закуску и
затем съедает его. Бахусмон также имеет «Парти
оф зе Хевенс», которым он производит форму
алкоголя, содержащего яды, которые могут
вызывать сонливость и паралич, а затем
обстреливает врагов этим зельем, чтобы
ошеломить их. Более того, данные яда, которые
он производит, являются одним из предметов
исследования Команды Раскола. Существует ряд
надежный слухов, которые предполагают, что
данные яда Бахусмона связаны с разработкой
бактериологического оружия и планов громких
убийств.","Одна из Олимпос XII, этот дигимон хвастается,
что он самый тяжелый пьяница Цифрового мира.
Бахусмон имеет веселый нрав и хорошо подходит
для заботы о других. Днем или ночью, он всегда
стремится собрать вместе дигимонов уровня
Ребёнок и Чемпион, чтобы устроить вечеринку.
Бахусмон обладает способностью производить
любую форму алкоголя внутри своего тела, и
если ему понравится другой дигимон на одной из
этих вечеринок, известно, что он предложит ему
напиток по его выбору. Сам Бахусмон имеет вкус
к фруктовым винам, его любимый сорт
производится из ферментированных фруктов
Карпос Хуле, леса, который несет на спине
Цересмон. Всякий раз, когда у Бахусмона есть
свободная минута, он умоляет Цересмон сделать
ему немного фруктового вина. Из-за этого пара
находится в очень хороших отношениях, и их
часто видят вместе. Особый приём
Бахусмона — «Кук оф зе Абисс», которым он
обхватывает врага руками, изменяет его
композиционные данные на подходящую закуску и
затем съедает его. Бахусмон также имеет «Парти
оф зе Хевенс», которым он производит форму
алкоголя, содержащего яды, которые могут
вызывать сонливость и паралич, а затем
обстреливает врагов этим зельем, чтобы
ошеломить их. Более того, данные яда, которые
он производит, являются одним из предметов
исследования Команды Раскола. Существует ряд
надежный слухов, которые предполагают, что
данные яда Бахусмона связаны с разработкой
бактериологического оружия и планов громких
убийств."
2,latin_mixed,app_text01,text/digimon_profile.mbe/000_Sheet1.csv,digimon_0180_profile,141,,XII,"Дигимон, который правит царством мертвых и
использует страх и насилие, чтобы
терроризировать злодеев. Плутомон, окутанный
глубокой тенью, крадется по земле в поисках
злодеев и преступников, которые заслуживают
быть отправленными в царство мертвых. Плутомон
наслаждается, пережевывая злодеев своими
пастями, заполненными рядами острых клыков, и
издает зловещий стрекочущий звук, выслеживая
свою добычу. Сочетание этого и его грозной
внешности пугает даже хороших дигимонов. Все
способности Плутомона обладают тревожной
силой, чтобы швырять злодеев вниз, в царство
мертвых. В одном из этих движений, «Хеллз
Гейт», из тьмы появляется гигантская пасть и
проглатывает врагов целиком, и их данные
разбираются на лоскуты. Ход «Хаггард Кластер»
заставляет клыки на его груди выпустить тьму,
которая поглощает и испаряет любое вещество на
своем пути. Плутомон разделяет цель наказания
зла с Юпитермоном из Олимпос XII. Однако между
ними существует давняя вражда, потому что
Юпитермон не одобряет жестоких методов
Плутомона.","Дигимон, который правит царством мертвых и
использует страх и насилие, чтобы
терроризировать злодеев. Плутомон, окутанный
глубокой тенью, крадется по земле в поисках
злодеев и преступников, которые заслуживают
быть отправленными в царство мертвых. Плутомон
наслаждается, пережевывая злодеев своими
пастями, заполненными рядами острых клыков, и
издает зловещий стрекочущий звук, выслеживая
свою добычу. Сочетание этого и его грозной
внешности пугает даже хороших дигимонов. Все
способности Плутомона обладают тревожной
силой, чтобы швырять злодеев вниз, в царство
мертвых. В одном из этих движений, «Хеллз
Гейт», из тьмы появляется гигантская пасть и
проглатывает врагов целиком, и их данные
разбираются на лоскуты. Ход «Хаггард Кластер»
заставляет клыки на его груди выпустить тьму,
которая поглощает и испаряет любое вещество на
своем пути. Плутомон разделяет цель наказания
зла с Юпитермоном из Олимпос XII. Однако между
ними существует давняя вражда, потому что
Юпитермон не одобряет жестоких методов
Плутомона."
2,latin_mixed,app_text01,text/digimon_profile.mbe/000_Sheet1.csv,digimon_0181_profile,142,,"DX, XII","Божественный дигимон и член Олимпос XII,
напоминающий женщину. Мервамон — это форма
Миневрамона, которая накопила опыт и
достижения с течением времени, и у нее гораздо
более спокойный и зрелый характер по сравнению
с ее предыдущей формой. Она стала стремиться к
элегантности и очарованию — наблюдаемому в
изобилии как в ее манерах, так и в поведении —
и излучает чувственность в свое окружение. Она
даже ищет очарование в битве, исполняя
утонченный, грациозный танец, чтобы очаровать
тех, кто на него смотрит. Вот почему более чем
несколько дигимонов становятся поклонниками
Мервамон, наблюдая этот танец. «Любовный Яд»,
распыляемый из рта Меддулии на ее левой руке,
очаровывает любого, кто его вдохнет, позволяя
Мервамон выжать из них жизнь. «Маднесс
Мерри-Го-Раунд DX» — это вращающийся удар ее
большим мечом «Олимпия Кай» и Меддулией,
создающий торнадо, который мгновенно разрывает
на части любого врага, которого он коснется.","Божественный дигимон и член Олимпос XII,
напоминающий женщину. Мервамон — это форма
Миневрамона, которая накопила опыт и
достижения с течением времени, и у нее гораздо
более спокойный и зрелый характер по сравнению
с ее предыдущей формой. Она стала стремиться к
элегантности и очарованию — наблюдаемому в
изобилии как в ее манерах, так и в поведении —
и излучает чувственность в свое окружение. Она
даже ищет очарование в битве, исполняя
утонченный, грациозный танец, чтобы очаровать
тех, кто на него смотрит. Вот почему более чем
несколько дигимонов становятся поклонниками
Мервамон, наблюдая этот танец. «Любовный Яд»,
распыляемый из рта Меддулии на ее левой руке,
очаровывает любого, кто его вдохнет, позволяя
Мервамон выжать из них жизнь. «Маднесс
Мерри-Го-Раунд DX» — это вращающийся удар ее
большим мечом «Олимпия Кай» и Меддулией,
создающий торнадо, который мгновенно разрывает
на части любого врага, которого он коснется."
2,latin_mixed,app_text01,text/digimon_profile.mbe/000_Sheet1.csv,digimon_0231_profile,180,,REM-,"Дигимон, напоминающий «баку», существо в
японском фольклоре, которое ест сны.
Считается, что он рожден из медицинского
компьютера, который отслеживает мозговые
волны, Тапирмон, по-видимому, питается данными
REM-сна человека. В последнем раунде
исследований также было обнаружено, что он
обладает способностью стирать кошмары и
компьютерные вирусы. Поскольку он также может
возвращать эти кошмары и вирусы в безвредное
состояние, считается, что он является Святым
дигимоном. Святое Кольцо, которое он носит на
одной из своих передних ног, кажется вероятно,
связано как с его особыми способностями, так и
со Святой природой. Особый приём
Тапирмона — «Найтмер Синдром», которое
выпускает все поглощенные им кошмары сразу,
чтобы ужаснуть его противников. Это то же
особый приём, что и у дигимона уровня
Совершенный, Дигитамамона, но то, как они
могут быть связаны, остается загадкой.","Дигимон, напоминающий «баку», существо в
японском фольклоре, которое ест сны.
Считается, что он рожден из медицинского
компьютера, который отслеживает мозговые
волны, Тапирмон, по-видимому, питается данными
REM-сна человека. В последнем раунде
исследований также было обнаружено, что он
обладает способностью стирать кошмары и
компьютерные вирусы. Поскольку он также может
возвращать эти кошмары и вирусы в безвредное
состояние, считается, что он является Святым
дигимоном. Святое Кольцо, которое он носит на
одной из своих передних ног, кажется вероятно,
связано как с его особыми способностями, так и
со Святой природой. Особый приём
Тапирмона — «Найтмер Синдром», которое
выпускает все поглощенные им кошмары сразу,
чтобы ужаснуть его противников. Это то же
особый приём, что и у дигимона уровня
Совершенный, Дигитамамона, но то, как они
могут быть связаны, остается загадкой."
2,latin_mixed,app_text01,text/digimon_profile.mbe/000_Sheet1.csv,digimon_0365_profile,227,,X-,"Мифический Дракон-дигимон, который обрел
первоначальную силу Виимона и
эволюционировал до уровня Чемпион.
ЭкcВиимон — это чистокровная порода
Виидрамона, которая, как говорят, является
производным видом. Атаки с его развитой силой
рук и ног способны разрушить гору валунов без
следа. Его боятся за эту разрушительную силу,
но на самом деле у него сильное чувство
справедливости, и он не использует свою мощь
безрассудно. Особый приём ЭкcВиимона
«Вии Лазер» выпускает энергетический луч из
X-образной метки на его груди.","Мифический Дракон-дигимон, который обрел
первоначальную силу Виимона и
эволюционировал до уровня Чемпион.
ЭкcВиимон — это чистокровная порода
Виидрамона, которая, как говорят, является
производным видом. Атаки с его развитой силой
рук и ног способны разрушить гору валунов без
следа. Его боятся за эту разрушительную силу,
но на самом деле у него сильное чувство
справедливости, и он не использует свою мощь
безрассудно. Особый приём ЭкcВиимона
«Вии Лазер» выпускает энергетический луч из
X-образной метки на его груди."
2,latin_mixed,app_text01,text/digimon_profile.mbe/000_Sheet1.csv,digimon_0397_profile,255,,V-,"Мифический Древний дигимон, который, как
говорят, существовал только на Фолдер
Континенте в обширный просторах Цифрового мира.
Виидрамон чрезвычайно ценен для Объединителей
дигимонов и редко встречается, даже на Фолдер
Континенте. Говорят, что только один
Объединитель когда-либо смог завоевать этого
дигимона. Помимо V-образной метки на его
груди, за которую он назван, о Виидрамоне или
его окружающей экосистеме известно немного.
Его иногда по какой-то причине принимают за
собаку. Он обладает исключительный атакующей
силой для дигимона уровня Чемпион, проявляя
силу, даже превосходящую силу Ультимата, когда
дело доходит до крайности. Он использует свое
особый приём «Ви-Нова Бласт», чтобы
выстрелить высокотемпературным тепловым лучом
из своего рта.","Мифический Древний дигимон, который, как
говорят, существовал только на Фолдер
Континенте в обширный просторах Цифрового мира.
Виидрамон чрезвычайно ценен для Объединителей
дигимонов и редко встречается, даже на Фолдер
Континенте. Говорят, что только один
Объединитель когда-либо смог завоевать этого
дигимона. Помимо V-образной метки на его
груди, за которую он назван, о Виидрамоне или
его окружающей экосистеме известно немного.
Его иногда по какой-то причине принимают за
собаку. Он обладает исключительный атакующей
силой для дигимона уровня Чемпион, проявляя
силу, даже превосходящую силу Ультимата, когда
дело доходит до крайности. Он использует свое
особый приём «Ви-Нова Бласт», чтобы
выстрелить высокотемпературным тепловым лучом
из своего рта."
2,latin_mixed,app_text01,text/digimon_profile.mbe/000_Sheet1.csv,digimon_0417_profile,274,,V-,"УльфорсВиидрамон — легендарный Святой
Рыцарь-дигимон, появляющийся только в
пророчестве, переданном из Древнего Цифрового
Мира. Появление Королевских Рыцарей, святых
защитников Сети, было написано в этом
пророчестве, и говорят, что члены Королевских
Рыцарей все соберутся из-за этого пророчества,
когда Цифровой мир столкнется со своим
величайшим кризисом. Даже среди Королевских
Рыцарей, скорость УльфорсВиидрамона
исключительный, такова, что невозможно следить за
его движениями. У него V-Браслеты на обеих
руках, и он облачен в броню из Синего
Дигизоида, чрезвычайно редкого металла, позволяя
ему стрелять сквозь небо и мчаться по земле.
Его особый приём — «Зе Рэй оф
Виктори», которым он выпускает луч энергии из
V-образной брони на своей груди, чтобы стереть
прочь врагов.","УльфорсВиидрамон — легендарный Святой
Рыцарь-дигимон, появляющийся только в
пророчестве, переданном из Древнего Цифрового
Мира. Появление Королевских Рыцарей, святых
защитников Сети, было написано в этом
пророчестве, и говорят, что члены Королевских
Рыцарей все соберутся из-за этого пророчества,
когда Цифровой мир столкнется со своим
величайшим кризисом. Даже среди Королевских
Рыцарей, скорость УльфорсВиидрамона
исключительный, такова, что невозможно следить за
его движениями. У него V-Браслеты на обеих
руках, и он облачен в броню из Синего
Дигизоида, чрезвычайно редкого металла, позволяя
ему стрелять сквозь небо и мчаться по земле.
Его особый приём — «Зе Рэй оф
Виктори», которым он выпускает луч энергии из
V-образной брони на своей груди, чтобы стереть
прочь врагов."
2,latin_mixed,app_text01,text/digimon_profile.mbe/000_Sheet1.csv,digimon_0440_profile,292,,XII,"Контратакующий Титан, рожденный из обиды
дигимона, побежденного Олимпос XII в борьбе за
превосходство над Цифровым Миром. Также известный
под псевдонимом «Дивизия одного человека»,
Титамон хранит бездонную энергию обиды в своем
могучем теле. Он перебегает с поля боя на поле
боя, все в погоня голов членов Олимпос XII.
Огромные руки Титамона покрыты большим
количеством черепов, каждый из которых
сформирован из данных силы, похищенных у
павших врагов. Его гигантский медный меч
«Дзанзинтоу» вырезан из костей СкаллГреймона,
и злоба, обитающая внутри клинка, издает
низкий рык. Особый приём Титамона
«Соул Кор Атак» рассекает прямой через броню
и тело врага, рассекая его ДигиЯдро напрямую
своим клинком. Урон, полученный от прямого
попадания, никогда не исцеляется.
«Фантом Блейд» пронзает врага Дзанзинтоу,
погружая его в галлюцинацию, что он остается
пронзенным даже после того, как клинок
вытащен. Боль от этого удара стихает только со
смертью духа врага.","Контратакующий Титан, рожденный из обиды
дигимона, побежденного Олимпос XII в борьбе за
превосходство над Цифровым Миром. Также известный
под псевдонимом «Дивизия одного человека»,
Титамон хранит бездонную энергию обиды в своем
могучем теле. Он перебегает с поля боя на поле
боя, все в погоня голов членов Олимпос XII.
Огромные руки Титамона покрыты большим
количеством черепов, каждый из которых
сформирован из данных силы, похищенных у
павших врагов. Его гигантский медный меч
«Дзанзинтоу» вырезан из костей СкаллГреймона,
и злоба, обитающая внутри клинка, издает
низкий рык. Особый приём Титамона
«Соул Кор Атак» рассекает прямой через броню
и тело врага, рассекая его ДигиЯдро напрямую
своим клинком. Урон, полученный от прямого
попадания, никогда не исцеляется.
«Фантом Блейд» пронзает врага Дзанзинтоу,
погружая его в галлюцинацию, что он остается
пронзенным даже после того, как клинок
вытащен. Боль от этого удара стихает только со
смертью духа врага."
2,latin_mixed,app_text01,text/digimon_profile.mbe/000_Sheet1.csv,digimon_0604_profile,344,,XII,"Мифический Дигимон-Галактика, который, как
говорят, появился, когда беспрецедентный
кризис обрушился на Цифровой мир Илиада.
Столкновение противоположных сил солнечной и
лунной энергии заставляет ГрейсНовамон
генерировать энергию уровня Большого Взрыва
внутри своего тела. Он возник, когда Аполломон
и Дианамон из Олимпос XII слились вместе. В
результате, считается, что сам ГрейсНовамон
является галактикой, и полный объем его данных
невозможно точно измерить. Его особые приемы —
Палец Затмения, который концентрирует энергию,
усиленную внутри его тела, в его руках,
заставляя врагов плавиться, когда он касается
их, и Калидонский Лук, который выпускает
восемь лезвий Мелеагроса на его спине, чтобы
найти и уничтожить своих врагов.","Мифический Дигимон-Галактика, который, как
говорят, появился, когда беспрецедентный
кризис обрушился на Цифровой мир Илиада.
Столкновение противоположных сил солнечной и
лунной энергии заставляет ГрейсНовамон
генерировать энергию уровня Большого Взрыва
внутри своего тела. Он возник, когда Аполломон
и Дианамон из Олимпос XII слились вместе. В
результате, считается, что сам ГрейсНовамон
является галактикой, и полный объем его данных
невозможно точно измерить. Его особые приемы —
Палец Затмения, который концентрирует энергию,
усиленную внутри его тела, в его руках,
заставляя врагов плавиться, когда он касается
их, и Калидонский Лук, который выпускает
восемь лезвий Мелеагроса на его спине, чтобы
найти и уничтожить своих врагов."
2,latin_mixed,app_text01,text/digimon_profile.mbe/000_Sheet1.csv,digimon_0710_profile,391,,"D-VI'S, xx","Зверь-человек Дигимон, эволюционировавший из
Терриермона, это особый Дигимон-Охотник.
Быстрее, чем можно предположить по его
внешности, Гальгомон поражает своих врагов с
непревзойдённой точностью и аккуратностью. Его
мощные ноги позволяют ему высоко прыгать в
воздух, в какой момент он расправляет уши,
чтобы планировать. По натуре весёлый, Гальгомон
может выйти из-под контроля, если разозлится.
Он одержим своими любимыми джинсами «D-VI'S
503xx». Он использует свой специальный приём
«Апперкот Гатлинга», чтобы приблизиться к
врагу и нанести удар снизу своей
Рукой-Гатлингом.","Зверь-человек Дигимон, эволюционировавший из
Терриермона, это особый Дигимон-Охотник.
Быстрее, чем можно предположить по его
внешности, Гальгомон поражает своих врагов с
непревзойдённой точностью и аккуратностью. Его
мощные ноги позволяют ему высоко прыгать в
воздух, в какой момент он расправляет уши,
чтобы планировать. По натуре весёлый, Гальгомон
может выйти из-под контроля, если разозлится.
Он одержим своими любимыми джинсами «D-VI'S
503xx». Он использует свой специальный приём
«Апперкот Гатлинга», чтобы приблизиться к
врагу и нанести удар снизу своей
Рукой-Гатлингом."
2,latin_mixed,app_text01,text/digimon_profile.mbe/000_Sheet1.csv,digimon_0733_profile,409,,XII,"Одна из Олимпос XII, Дианамон — Божественный
Дигимон, который контролирует воду и лёд,
позволяя ему сражаться даже в условиях
абсолютного нуля. Его личность двусторонняя,
как светлая и тёмная стороны луны, и его
красота скрывает грозную силу. Дианамон
использует свой специальный приём «Стрела
Артемиды», чтобы натянуть и выстрелить длинной
стрелой из ослепительного льда из выступа на
своей спине. Он также использует «Спокойной
Ночи, Луна», чтобы окутать своего врага лунным
светом, выпущенным из Сестёр Спокойной Ночи на
обеих ногах, усыпляя его.","Одна из Олимпос XII, Дианамон — Божественный
Дигимон, который контролирует воду и лёд,
позволяя ему сражаться даже в условиях
абсолютного нуля. Его личность двусторонняя,
как светлая и тёмная стороны луны, и его
красота скрывает грозную силу. Дианамон
использует свой специальный приём «Стрела
Артемиды», чтобы натянуть и выстрелить длинной
стрелой из ослепительного льда из выступа на
своей спине. Он также использует «Спокойной
Ночи, Луна», чтобы окутать своего врага лунным
светом, выпущенным из Сестёр Спокойной Ночи на
обеих ногах, усыпляя его."
2,latin_mixed,app_text01,text/digimon_profile.mbe/000_Sheet1.csv,digimon_0737_profile,412,,"Accel, Arm, Blitz, Critical","Героический Дигимон в развевающемся красном
шарфе. Горя чувством справедливости, этот
Дигимон никогда не оставляет без внимания
несправедливость или злодеяния, что делает его
любимцем Дигимонов в Стадии Развития.
Джастимон приходит как ветер, обрушивает
железный молот правосудия и затем исчезает так
же быстро. Также, кажется, ему нравится
принимать позу на утёсе, спиной к заходящему
солнцу. Переключение между тремя штекерами
Расширенного Передатчика, оборудованного на
его спине, позволяет ему чередовать силовой
тип Accel Arm, электрический тип Blitz Arm и
режущий тип Critical Arm. Его фирменный приём
«Троичная Рука» позволяет Джастимону
переключаться между своими тремя руками, а
специальный приём «Удар Правосудия» может
похвастаться более чем 45 тоннами
разрушительной силы.","Героический Дигимон в развевающемся красном
шарфе. Горя чувством справедливости, этот
Дигимон никогда не оставляет без внимания
несправедливость или злодеяния, что делает его
любимцем Дигимонов в Стадии Развития.
Джастимон приходит как ветер, обрушивает
железный молот правосудия и затем исчезает так
же быстро. Также, кажется, ему нравится
принимать позу на утёсе, спиной к заходящему
солнцу. Переключение между тремя штекерами
Расширенного Передатчика, оборудованного на
его спине, позволяет ему чередовать силовой
тип Accel Arm, электрический тип Blitz Arm и
режущий тип Critical Arm. Его фирменный приём
«Троичная Рука» позволяет Джастимону
переключаться между своими тремя руками, а
специальный приём «Удар Правосудия» может
похвастаться более чем 45 тоннами
разрушительной силы."
2,latin_mixed,app_text01,text/digimon_profile.mbe/000_Sheet1.csv,digimon_0747_profile,421,,XII,"Божественный Дигимон и член Олимпос XII,
который напоминает молодую девушку. Несмотря
на совсем небольшое телосложение
Минервамона, этот невероятно сильный Дигимон
способен орудовать огромный меч размером с его
собственное тело. Хотя этот Дигимон невинен и
весел, как молодая девушка, его настроение
может дико колебаться. Когда он в плохом
настроении, его поведение быстро становится
расстроенным и своевольным (то есть,
«проблематичным») таким образом, что выходит
из-под контроля. Минервамон использует свой
специальный приём «Ударный Кувырок», чтобы
обрушить накатывающий удар вперёд от своего
огромного меча Олимпия, и «Безумная Карусель»,
чтобы выполнить горизонтальный вращающий удар
быстрее, чем глаз может увидеть. «Ударный
Кувырок» может расколоть землю, в то время как
«Безумная Карусель» генерирует массивный
торнадо.","Божественный Дигимон и член Олимпос XII,
который напоминает молодую девушку. Несмотря
на совсем небольшое телосложение
Минервамона, этот невероятно сильный Дигимон
способен орудовать огромный меч размером с его
собственное тело. Хотя этот Дигимон невинен и
весел, как молодая девушка, его настроение
может дико колебаться. Когда он в плохом
настроении, его поведение быстро становится
расстроенным и своевольным (то есть,
«проблематичным») таким образом, что выходит
из-под контроля. Минервамон использует свой
специальный приём «Ударный Кувырок», чтобы
обрушить накатывающий удар вперёд от своего
огромного меча Олимпия, и «Безумная Карусель»,
чтобы выполнить горизонтальный вращающий удар
быстрее, чем глаз может увидеть. «Ударный
Кувырок» может расколоть землю, в то время как
«Безумная Карусель» генерирует массивный
торнадо."
2,latin_mixed,app_text01,text/digimon_profile.mbe/000_Sheet1.csv,digimon_0767_profile,436,,XII,"Один из Олимпос XII и самопровозглашённый
самый душевный пьяница Цифрового мира. С его
яркой личностью, Бахусмон хорош в заботе о
других. В любое время суток он собирает дигимонов уровней Ребёнок и Чемпион и устраивает грандиозные пиршества. Он может производить различные виды
напитков и счастлив делать это по просьбе
своих любимых Дигимонов, которые пришли на его
пиры. Бахусмон предпочитает фруктовые вина, и
его любимое сделано из ферментированных
фруктов, взятых из леса Карпос Хуле на спине
Цересмона. Всякий раз, когда он свободен, он
просит Цересмона позволить ему варить это
вино. В результате, эти два Дигимона чрезвычайно
близки и часто делают что-то вместе. Когда
Бахусмон слишком много выпил, узор на его теле
становится синим, и он извергает данные в
своём большом желудке в разрушительном луче
света под названием «Разворот Мёртвых». Если
атака попадает в противника, Бахусмон
поглощает данные, чтобы стать более мощным,
так что столкновение с большими группами
врагов может сделать его непостижимо сильным.
Данные, которые Бахусмон очищает в яд,
исследуются Командой Раскола. Существуют
правдоподобные слухи, что данные яда Бахусмона
используются для производства биологического
оружия и в заговорах с целью убийства
высокопоставленных лиц.","Один из Олимпос XII и самопровозглашённый
самый душевный пьяница Цифрового мира. С его
яркой личностью, Бахусмон хорош в заботе о
других. В любое время суток он собирает дигимонов уровней Ребёнок и Чемпион и устраивает грандиозные пиршества. Он может производить различные виды
напитков и счастлив делать это по просьбе
своих любимых Дигимонов, которые пришли на его
пиры. Бахусмон предпочитает фруктовые вина, и
его любимое сделано из ферментированных
фруктов, взятых из леса Карпос Хуле на спине
Цересмона. Всякий раз, когда он свободен, он
просит Цересмона позволить ему варить это
вино. В результате, эти два Дигимона чрезвычайно
близки и часто делают что-то вместе. Когда
Бахусмон слишком много выпил, узор на его теле
становится синим, и он извергает данные в
своём большом желудке в разрушительном луче
света под названием «Разворот Мёртвых». Если
атака попадает в противника, Бахусмон
поглощает данные, чтобы стать более мощным,
так что столкновение с большими группами
врагов может сделать его непостижимо сильным.
Данные, которые Бахусмон очищает в яд,
исследуются Командой Раскола. Существуют
правдоподобные слухи, что данные яда Бахусмона
используются для производства биологического
оружия и в заговорах с целью убийства
высокопоставленных лиц."
2,latin_mixed,app_text01,text/digimon_profile.mbe/000_Sheet1.csv,digimon_0770_profile,437,,D-,"Танкдрамон — Машинный Дигимон, отвечающий за
подавление беспорядков и миссии тяжёлого
штурма для механизированной D-Бригады. Он
превосходен в уничтожении множества целей и может похвастаться
подавляющей огневой мощью. Оснащённый
специальным радаром, способным захватывать 30
целей одновременно, отдельный Танкдрамон также
может синхронизировать цели с другими, и
говорят, что невозможно избежать их всех.
Уровень потерь среди Танкдрамонов также
чрезвычайно низок, и, по сообщениям, только один
когда-либо был потерян в поле. Специальный
приём Танкдрамона «Пушка Стремящегося»
выстреливает снарядом, оснащённым небольшой
ядерной боеголовкой, чтобы полностью уничтожить
всё в радиусе 20 миль.","Танкдрамон — Машинный Дигимон, отвечающий за
подавление беспорядков и миссии тяжёлого
штурма для механизированной D-Бригады. Он
превосходен в уничтожении множества целей и может похвастаться
подавляющей огневой мощью. Оснащённый
специальным радаром, способным захватывать 30
целей одновременно, отдельный Танкдрамон также
может синхронизировать цели с другими, и
говорят, что невозможно избежать их всех.
Уровень потерь среди Танкдрамонов также
чрезвычайно низок, и, по сообщениям, только один
когда-либо был потерян в поле. Специальный
приём Танкдрамона «Пушка Стремящегося»
выстреливает снарядом, оснащённым небольшой
ядерной боеголовкой, чтобы полностью уничтожить
всё в радиусе 20 миль."
2,latin_mixed,app_text01,text/digimon_profile.mbe/000_Sheet1.csv,digimon_0771_profile,438,,"BAN-TYO, D-","Даркдрамон — дигимон-андроид, который, как
полагают, является предельным оружием D-Бригады.
Ходят слухи, что исследователи D-Бригады
создали Даркдрамона, эволюционировав
Танкдрамона, которого они восстановили.
Предположительно, этот Танкдрамон был побеждён
в операции, предназначенной для устранения цели с
кодовым именем BAN-TYO. Однако, никакие из этих сведений не кажутся особенно надёжными. Кажется, что
в этом процессе эволюции было использовано
обширное количество тёмной материи. Возможно, в
результате, Даркдрамон немедленно впал в
берсерк и бежал. Его текущее местонахождение
неизвестно, даже для D-Бригады, хотя ходят
слухи, что он всё ещё ищет Кодовое имя
BAN-TYO. Его специальный приём «Тёмный Рев» —
это запрещённая техника, которая включает
выстрел энергетической бомбы, состоящий из
тёмной материи. Ничто не может выжить после
попадания этой атаки, как гласит молва.
Даркдрамон также имеет оружие под названием
«Гигастик Копьё», встроенное в его правую
руку, которое, как говорят, равно по мощности
святому копью Галлантмона Грам.","Даркдрамон — дигимон-андроид, который, как
полагают, является предельным оружием D-Бригады.
Ходят слухи, что исследователи D-Бригады
создали Даркдрамона, эволюционировав
Танкдрамона, которого они восстановили.
Предположительно, этот Танкдрамон был побеждён
в операции, предназначенной для устранения цели с
кодовым именем BAN-TYO. Однако, никакие из этих сведений не кажутся особенно надёжными. Кажется, что
в этом процессе эволюции было использовано
обширное количество тёмной материи. Возможно, в
результате, Даркдрамон немедленно впал в
берсерк и бежал. Его текущее местонахождение
неизвестно, даже для D-Бригады, хотя ходят
слухи, что он всё ещё ищет Кодовое имя
BAN-TYO. Его специальный приём «Тёмный Рев» —
это запрещённая техника, которая включает
выстрел энергетической бомбы, состоящий из
тёмной материи. Ничто не может выжить после
попадания этой атаки, как гласит молва.
Даркдрамон также имеет оружие под названием
«Гигастик Копьё», встроенное в его правую
руку, которое, как говорят, равно по мощности
святому копью Галлантмона Грам."
2,latin_mixed,app_text01,text/digimon_profile.mbe/000_Sheet1.csv,digimon_0777_profile,444,,BM,"МиражГаогамон BM — это специальная форма,
которая временно достигла пределов
способностей МиражГаогамона с Взрывной
Дигивлюцией, экипируя его оружием и аурой
планетарного класса, высокой энергии. Его
специальный приём «Удар Метеора Полной Луны»
расплющивает врагов сферой, содержащей энергию
планетарного класса. Он также может
использовать «Финальный Миражный Взрыв»,
который выпускает энергию, скрытую в его
оружии, концентрируя всё тело и душу
МиражГаогамона.","МиражГаогамон BM — это специальная форма,
которая временно достигла пределов
способностей МиражГаогамона с Взрывной
Дигивлюцией, экипируя его оружием и аурой
планетарного класса, высокой энергии. Его
специальный приём «Удар Метеора Полной Луны»
расплющивает врагов сферой, содержащей энергию
планетарного класса. Он также может
использовать «Финальный Миражный Взрыв»,
который выпускает энергию, скрытую в его
оружии, концентрируя всё тело и душу
МиражГаогамона."
2,latin_mixed,app_text01,text/digimon_profile.mbe/000_Sheet1.csv,digimon_0912_profile,449,,X-,"ДигиЯдро Плутомона отключилось из-за истечения
срока жизни, но, как ни странно, его тело всё
ещё действует. Он уже не следует своей главной
миссии — поражать зло. Теперь он думает только о
том, как пожирать данные других существ, и
бесконечно странствует в поисках новых ДигиЯдер.
В отличие от прежнего себя, теперь он «ужасный
хищник» совсем в ином смысле: его разлагающееся
тело не знает насыщения, сколько бы ДигиЯдер оно
ни поглотило. Среди его особых приёмов — «Хазард
Холд», которым он хватает противника и высасывает
данные его ДигиЯдра до разложения; «Хелл Слайсер»,
выпускающий X-частицы из левой руки, чтобы
разрезать врага на части; и «Марионеточная
мерзость», укус, заражающий врагов вирусом и
превращающий их в марионеток, вынужденных
исполнять его приказы.","Диги-Ядро Плутомона отключилось из-за
достижения конца своего срока жизни, но,
странно, его тело всё ещё функционирует. Оно
больше не сохраняет свою основную миссию по
поражению зла. Оно не думает ни о чём, кроме
как пожирать данные других существ, и
бесконечно бродит в поисках новых Диги-Ядер. В
отличие от того, когда он был жив, теперь он
«ужасный хищник» в совершенно другом смысле,
так как его разлагающееся тело никогда не
будет знать удовлетворения, независимо от
того, сколько Диги-Ядер оно поглощать. Его
специальные приёмы включают «Рассекатель Ада»,
который выстреливает X-частицами из его левой
руки, чтобы разрезать врага на куски, и
«Марионеточное Мерзость», с помощью которого
он кусает врагов и заражает их вирусом,
который превращает их в марионетку, вынужденный
делать его приказы."
2,latin_mixed,app_text01,text/digitter_message.mbe/000_Sheet1.csv,main_290_020_011,158,,XD,"Безопасность и душевное спокойствие за 100 иен за поездку!
Спасибо, что пользуетесь компанией Палмон Райд XD","Безопасность и душевное спокойствие за 100 иен за поездку!
Спасибо, что пользуетесь компанией Палмон Райд XD"
2,latin_mixed,app_text01,text/digitter_message.mbe/000_Sheet1.csv,main_290_020_020,159,,XD,"Безопасность и душевное спокойствие за 100 иен за поездку!
Спасибо, что пользуетесь компанией Палмон Райд XD","Безопасность и душевное спокойствие за 100 иен за поездку!
Спасибо, что пользуетесь компанией Палмон Райд XD"
2,latin_mixed,app_text01,text/digitter_message.mbe/000_Sheet1.csv,main_300_000_011,168,,XD,"Безопасность и душевное спокойствие за 100 иен за поездку!
Спасибо, что пользуетесь компанией Палмон Райд XD","Безопасность и душевное спокойствие за 100 иен за поездку!
Спасибо, что пользуетесь компанией Палмон Райд XD"
2,latin_mixed,app_text01,text/digitter_message.mbe/000_Sheet1.csv,main_300_000_020,169,,XD,"Безопасность и душевное спокойствие за 100 иен за поездку!
Спасибо, что пользуетесь компанией Палмон Райд XD","Безопасность и душевное спокойствие за 100 иен за поездку!
Спасибо, что пользуетесь компанией Палмон Райд XD"
2,latin_mixed,app_text01,text/digitter_message.mbe/000_Sheet1.csv,sub_010_158_1,333,,TBD,(TBD) sub_010_158_1 Стартовый Дигиттер,(TBD) sub_010_158_1 Стартовый Дигиттер
2,latin_mixed,app_text01,text/digitter_message.mbe/000_Sheet1.csv,sub_100_087_1,290,,VIP-,"Я знаю, что они не привыкли к этому миру, но чтобы нам
понадобилась помощь людей... Ах, ну. Пожалуйста, приходи в
VIP-комнату театра. Просмотреть детали миссии {decision}","Я знаю, что они не привыкли к этому миру, но чтобы нам
понадобилась помощь людей... Ах, ну. Пожалуйста, приходи в
VIP-комнату театра. Просмотреть детали миссии {decision}"
2,latin_mixed,app_text01,text/digitter_message.mbe/000_Sheet1.csv,sub_100_088_1,292,,VIP-,"Загляни в VIP-комнату. Мне нужно попросить тебя
об одолжении. Для тебя это тоже будет выгодно.
Просмотреть детали миссии {decision}","Загляни в VIP-комнату. Мне нужно попросить тебя
об одолжении. Для тебя это тоже будет выгодно.
Просмотреть детали миссии {decision}"
2,latin_mixed,app_text01,text/digitter_message.mbe/000_Sheet1.csv,sub_100_178_1,359,,VIP-,"Трое ведущих хотят передать тебе кое-что. Пожалуйста, приходи в
VIP-комнату Промежуточного Театра.
Просмотреть детали миссии {decision}","Трое ведущих хотят передать тебе кое-что. Пожалуйста, приходи в
VIP-комнату Промежуточного Театра.
Просмотреть детали миссии {decision}"
2,latin_mixed,app_text01,text/generation_name.mbe/000_Sheet1.csv,2,4,,II,Малыш II,Малыш II
2,latin_mixed,app_text01,text/info_message.mbe/000_Sheet1.csv,1015,14,,"PlayStation, Store","Не удалось загрузить дополнительный контент.
Попробуйте ещё раз загрузить его из PlayStation®Store.","Не удалось загрузить дополнительный контент.
Попробуйте ещё раз загрузить его из PlayStation®Store."
2,latin_mixed,app_text01,text/info_message.mbe/000_Sheet1.csv,9001,175,,Esc,"Нажмите кнопку, которую вы хотите назначить выбранному действию. Отмените и вернитесь к предыдущему экрану с помощью клавиши Esc.","Нажмите кнопку, которую вы хотите назначить выбранному действию. Отмените и вернитесь к предыдущему экрану с помощью клавиши Esc."
2,latin_mixed,app_text01,text/info_message.mbe/000_Sheet1.csv,info_message_demo_03,299,,"Digimon, Story, Stranger, Time","Этот режим позволяет вам окунуться в приключение в Центральном городе, расположенном в самом сердце Цифрового мира Илиады. Этот режим доступен после завершения демо-версии Digimon Story: Time Stranger.","Этот режим позволяет вам окунуться в приключение в Центральном городе, расположенном в самом сердце Цифрового мира Илиады. Этот режим доступен после завершения демо-версии Digimon Story: Time Stranger."
2,latin_mixed,app_text01,text/info_message.mbe/000_Sheet1.csv,info_message_dlc_18,293,,"Digimon, Story, Stranger, Time","Бонусный набор за предзаказ Digimon Story Time Stranger:
{fc9костюм «Форма определённой школы»} теперь доступен.

Переодеться в этот костюм можно через меню
Агент > Костюмы на вашем Дигивайсе.","Бонусный набор за предзаказ Digimon Story Time Stranger:
{fc9костюм «Форма определённой школы»} теперь доступен.

Переодеться в этот костюм можно через меню
Агент > Костюмы на вашем Дигивайсе."
2,latin_mixed,app_text01,text/info_message.mbe/000_Sheet1.csv,info_message_dlc_19,294,,"Digimon, Story, Stranger, Time","Бонусный набор за предзаказ Digimon Story Time Stranger:
{fc9набор предметов для приключений} теперь доступен.

Получить эти предметы можно через меню
Предметы > Наборы предметов на вашем Дигивайсе.","Бонусный набор за предзаказ Digimon Story Time Stranger:
{fc9набор предметов для приключений} теперь доступен.

Получить эти предметы можно через меню
Предметы > Наборы предметов на вашем Дигивайсе."
2,latin_mixed,app_text01,text/item_explanation.mbe/000_Sheet1.csv,824,246,,"Cyber, Digimon, Sleuth, Story","Костюм. Наряд, вдохновлённый Digimon Story: Cyber Sleuth.","Костюм. Наряд, вдохновлённый Digimon Story: Cyber Sleuth."
2,latin_mixed,app_text01,text/item_explanation.mbe/000_Sheet1.csv,825,247,,"Adventure, Digimon","Костюм. Наряд, вдохновлённый Digimon Adventure.","Костюм. Наряд, вдохновлённый Digimon Adventure."
2,latin_mixed,app_text01,text/item_explanation.mbe/000_Sheet1.csv,835,257,,"BEATBREAK, DIGIMON",Костюм. Наряд с футболкой DIGIMON BEATBREAK.,Костюм. Наряд с футболкой DIGIMON BEATBREAK.
2,latin_mixed,app_text01,text/item_name.mbe/000_Sheet1.csv,1002,317,,II,Модуль ОЗ II,Модуль ОЗ II
2,latin_mixed,app_text01,text/item_name.mbe/000_Sheet1.csv,1003,318,,III,Модуль ОЗ III,Модуль ОЗ III
2,latin_mixed,app_text01,text/item_name.mbe/000_Sheet1.csv,1005,320,,II,Модуль ОС II,Модуль ОС II
2,latin_mixed,app_text01,text/item_name.mbe/000_Sheet1.csv,1006,321,,III,Модуль ОС III,Модуль ОС III
2,latin_mixed,app_text01,text/item_name.mbe/000_Sheet1.csv,1008,323,,II,Модуль АТК II,Модуль АТК II
2,latin_mixed,app_text01,text/item_name.mbe/000_Sheet1.csv,1009,324,,III,Модуль АТК III,Модуль АТК III
2,latin_mixed,app_text01,text/item_name.mbe/000_Sheet1.csv,1011,326,,II,Модуль ЗАЩ II,Модуль ЗАЩ II
2,latin_mixed,app_text01,text/item_name.mbe/000_Sheet1.csv,1012,327,,III,Модуль ЗАЩ III,Модуль ЗАЩ III
2,latin_mixed,app_text01,text/item_name.mbe/000_Sheet1.csv,1014,329,,II,Модуль ИНТ II,Модуль ИНТ II
2,latin_mixed,app_text01,text/item_name.mbe/000_Sheet1.csv,1015,330,,III,Модуль ИНТ III,Модуль ИНТ III
2,latin_mixed,app_text01,text/item_name.mbe/000_Sheet1.csv,1017,332,,II,Модуль ДУХ II,Модуль ДУХ II
2,latin_mixed,app_text01,text/item_name.mbe/000_Sheet1.csv,1018,333,,III,Модуль ДУХ III,Модуль ДУХ III
2,latin_mixed,app_text01,text/item_name.mbe/000_Sheet1.csv,1020,335,,II,Модуль СКР II,Модуль СКР II
2,latin_mixed,app_text01,text/item_name.mbe/000_Sheet1.csv,1021,336,,III,Модуль СКР III,Модуль СКР III
2,latin_mixed,app_text01,text/item_name.mbe/000_Sheet1.csv,1023,338,,II,Модуль МЕТ II,Модуль МЕТ II
2,latin_mixed,app_text01,text/item_name.mbe/000_Sheet1.csv,1025,340,,II,Модуль УКЛ II,Модуль УКЛ II
2,latin_mixed,app_text01,text/item_name.mbe/000_Sheet1.csv,1027,342,,II,Модуль КРТ II,Модуль КРТ II
2,latin_mixed,app_text01,text/item_name.mbe/000_Sheet1.csv,1029,344,,II,Модуль энергии II,Модуль энергии II
2,latin_mixed,app_text01,text/item_name.mbe/000_Sheet1.csv,1031,346,,II,Физический модуль II,Физический модуль II
2,latin_mixed,app_text01,text/item_name.mbe/000_Sheet1.csv,1033,348,,II,Модуль разрушения II,Модуль разрушения II
2,latin_mixed,app_text01,text/item_name.mbe/000_Sheet1.csv,1035,350,,II,Модуль души II,Модуль души II
2,latin_mixed,app_text01,text/item_name.mbe/000_Sheet1.csv,1037,352,,II,Модуль бодрости II,Модуль бодрости II
2,latin_mixed,app_text01,text/item_name.mbe/000_Sheet1.csv,1039,354,,II,Модуль пера II,Модуль пера II
2,latin_mixed,app_text01,text/item_name.mbe/000_Sheet1.csv,1041,356,,II,Смертельный модуль II,Смертельный модуль II
2,latin_mixed,app_text01,text/item_name.mbe/000_Sheet1.csv,1043,358,,II,Модуль проклятия II,Модуль проклятия II
2,latin_mixed,app_text01,text/item_name.mbe/000_Sheet1.csv,1045,360,,II,Атакующий модуль II,Атакующий модуль II
2,latin_mixed,app_text01,text/item_name.mbe/000_Sheet1.csv,1047,362,,II,Защитный модуль II,Защитный модуль II
2,latin_mixed,app_text01,text/item_name.mbe/000_Sheet1.csv,11,12,,II,Спрей ОС II,Спрей ОС II
2,latin_mixed,app_text01,text/item_name.mbe/000_Sheet1.csv,1171,475,,II,Ядовитая Стена II,Ядовитая Стена II
2,latin_mixed,app_text01,text/item_name.mbe/000_Sheet1.csv,1172,476,,II,Стена Паники II,Стена Паники II
2,latin_mixed,app_text01,text/item_name.mbe/000_Sheet1.csv,1173,477,,II,Парализующая Стена II,Парализующая Стена II
2,latin_mixed,app_text01,text/item_name.mbe/000_Sheet1.csv,1174,478,,II,Стена для сна II,Стена для сна II
2,latin_mixed,app_text01,text/item_name.mbe/000_Sheet1.csv,12,13,,III,Спрей ОС III,Спрей ОС III
2,latin_mixed,app_text01,text/item_name.mbe/000_Sheet1.csv,14,15,,DX,Медицинский спрей DX,Медицинский спрей DX
2,latin_mixed,app_text01,text/item_name.mbe/000_Sheet1.csv,2,3,,II,Капсула ОЗ II,Капсула ОЗ II
2,latin_mixed,app_text01,text/item_name.mbe/000_Sheet1.csv,20613,1027,,amp,Героическая статуя (Кокувамон A &amp,Героическая статуя (Кокувамон A &amp
2,latin_mixed,app_text01,text/item_name.mbe/000_Sheet1.csv,25,26,,DX,Мульти-восстановление DX,Мульти-восстановление DX
2,latin_mixed,app_text01,text/item_name.mbe/000_Sheet1.csv,27,28,,DX,Капсула возрождения DX,Капсула возрождения DX
2,latin_mixed,app_text01,text/item_name.mbe/000_Sheet1.csv,3,4,,III,Капсула ОЗ III,Капсула ОЗ III
2,latin_mixed,app_text01,text/item_name.mbe/000_Sheet1.csv,41,42,,II,Очко мужества II,Очко мужества II
2,latin_mixed,app_text01,text/item_name.mbe/000_Sheet1.csv,42,43,,III,Очко мужества III,Очко мужества III
2,latin_mixed,app_text01,text/item_name.mbe/000_Sheet1.csv,43,44,,IV,Очко мужества IV,Очко мужества IV
2,latin_mixed,app_text01,text/item_name.mbe/000_Sheet1.csv,46,47,,DX,Дружба DX,Дружба DX
2,latin_mixed,app_text01,text/item_name.mbe/000_Sheet1.csv,5,6,,II,Спрей ОЗ II,Спрей ОЗ II
2,latin_mixed,app_text01,text/item_name.mbe/000_Sheet1.csv,6,7,,III,Спрей ОЗ III,Спрей ОЗ III
2,latin_mixed,app_text01,text/item_name.mbe/000_Sheet1.csv,60,61,,DX,Ускоритель пробуждения таланта DX,Ускоритель пробуждения таланта DX
2,latin_mixed,app_text01,text/item_name.mbe/000_Sheet1.csv,62,63,,II,Чип усиления ОЗ II,Чип усиления ОЗ II
2,latin_mixed,app_text01,text/item_name.mbe/000_Sheet1.csv,63,64,,III,Чип усиления ОЗ III,Чип усиления ОЗ III
2,latin_mixed,app_text01,text/item_name.mbe/000_Sheet1.csv,65,66,,II,Чип усиления ОС II,Чип усиления ОС II
2,latin_mixed,app_text01,text/item_name.mbe/000_Sheet1.csv,66,67,,III,Чип усиления ОС III,Чип усиления ОС III
2,latin_mixed,app_text01,text/item_name.mbe/000_Sheet1.csv,68,69,,II,Чип усиления АТК II,Чип усиления АТК II
2,latin_mixed,app_text01,text/item_name.mbe/000_Sheet1.csv,69,70,,III,Чип усиления АТК III,Чип усиления АТК III
2,latin_mixed,app_text01,text/item_name.mbe/000_Sheet1.csv,71,72,,II,Чип усиления ЗАЩ II,Чип усиления ЗАЩ II
2,latin_mixed,app_text01,text/item_name.mbe/000_Sheet1.csv,72,73,,III,Чип усиления ЗАЩ III,Чип усиления ЗАЩ III
2,latin_mixed,app_text01,text/item_name.mbe/000_Sheet1.csv,74,75,,II,Чип усиления ИНТ II,Чип усиления ИНТ II
2,latin_mixed,app_text01,text/item_name.mbe/000_Sheet1.csv,75,76,,III,Чип усиления ИНТ III,Чип усиления ИНТ III
2,latin_mixed,app_text01,text/item_name.mbe/000_Sheet1.csv,77,78,,II,Чип усиления ДУХ II,Чип усиления ДУХ II
2,latin_mixed,app_text01,text/item_name.mbe/000_Sheet1.csv,78,79,,III,Чип усиления ДУХ III,Чип усиления ДУХ III
2,latin_mixed,app_text01,text/item_name.mbe/000_Sheet1.csv,8,9,,II,Капсула ОС II,Капсула ОС II
2,latin_mixed,app_text01,text/item_name.mbe/000_Sheet1.csv,80,81,,II,Чип усиления СКР II,Чип усиления СКР II
2,latin_mixed,app_text01,text/item_name.mbe/000_Sheet1.csv,81,82,,III,Чип усиления СКР III,Чип усиления СКР III
2,latin_mixed,app_text01,text/item_name.mbe/000_Sheet1.csv,814,278,,Ramen,Футболка для персонала ресторана Ramen,Футболка для персонала ресторана Ramen
2,latin_mixed,app_text01,text/item_name.mbe/000_Sheet1.csv,824,288,,"Cyber, Sleuth",Костюм Cyber Sleuth,Костюм Cyber Sleuth
2,latin_mixed,app_text01,text/item_name.mbe/000_Sheet1.csv,828,292,,TEKKEN,Футболка TEKKEN 8,Футболка TEKKEN 8
2,latin_mixed,app_text01,text/item_name.mbe/000_Sheet1.csv,829,293,,TEKKEN,Футболка TEKKEN 8 (Лили),Футболка TEKKEN 8 (Лили)
2,latin_mixed,app_text01,text/item_name.mbe/000_Sheet1.csv,830,294,,PAC-MAN,Футболка к 45-летию PAC-MAN,Футболка к 45-летию PAC-MAN
2,latin_mixed,app_text01,text/item_name.mbe/000_Sheet1.csv,831,295,,"Taiko, Tatsujin, no",Футболка Taiko no Tatsujin,Футболка Taiko no Tatsujin
2,latin_mixed,app_text01,text/item_name.mbe/000_Sheet1.csv,832,296,,"Arise, Hootle, Tales, of",Футболка Tales of Arise (Hootle),Футболка Tales of Arise (Hootle)
2,latin_mixed,app_text01,text/item_name.mbe/000_Sheet1.csv,833,297,,"Idolmaster, The",Футболка The Idolmaster (Харука Амами),Футболка The Idolmaster (Харука Амами)
2,latin_mixed,app_text01,text/item_name.mbe/000_Sheet1.csv,835,299,,"BEATBREAK, DIGIMON",Футболка DIGIMON BEATBREAK,Футболка DIGIMON BEATBREAK
2,latin_mixed,app_text01,text/item_name.mbe/000_Sheet1.csv,9,10,,III,Капсула ОС III,Капсула ОС III
2,latin_mixed,app_text01,text/item_ruby.mbe/000_Sheet1.csv,1002,244,,II,Модуль ОЗ II,Модуль ОЗ II
2,latin_mixed,app_text01,text/item_ruby.mbe/000_Sheet1.csv,1003,245,,III,Модуль ОЗ III,Модуль ОЗ III
2,latin_mixed,app_text01,text/item_ruby.mbe/000_Sheet1.csv,1005,247,,II,Модуль ОС II,Модуль ОС II
2,latin_mixed,app_text01,text/item_ruby.mbe/000_Sheet1.csv,1006,248,,III,Модуль ОС III,Модуль ОС III
2,latin_mixed,app_text01,text/item_ruby.mbe/000_Sheet1.csv,1008,250,,II,Модуль АТК II,Модуль АТК II
2,latin_mixed,app_text01,text/item_ruby.mbe/000_Sheet1.csv,1009,251,,III,Модуль АТК III,Модуль АТК III
2,latin_mixed,app_text01,text/item_ruby.mbe/000_Sheet1.csv,1011,253,,II,Модуль ЗАЩ II,Модуль ЗАЩ II
2,latin_mixed,app_text01,text/item_ruby.mbe/000_Sheet1.csv,1012,254,,III,Модуль ЗАЩ III,Модуль ЗАЩ III
2,latin_mixed,app_text01,text/item_ruby.mbe/000_Sheet1.csv,1014,256,,II,Модуль ИНТ II,Модуль ИНТ II
2,latin_mixed,app_text01,text/item_ruby.mbe/000_Sheet1.csv,1015,257,,III,Модуль ИНТ III,Модуль ИНТ III
2,latin_mixed,app_text01,text/item_ruby.mbe/000_Sheet1.csv,1017,259,,II,Модуль ДУХ II,Модуль ДУХ II
2,latin_mixed,app_text01,text/item_ruby.mbe/000_Sheet1.csv,1018,260,,III,Модуль ДУХ III,Модуль ДУХ III
2,latin_mixed,app_text01,text/item_ruby.mbe/000_Sheet1.csv,1020,262,,II,Модуль СКР II,Модуль СКР II
2,latin_mixed,app_text01,text/item_ruby.mbe/000_Sheet1.csv,1021,263,,III,Модуль СКР III,Модуль СКР III
2,latin_mixed,app_text01,text/item_ruby.mbe/000_Sheet1.csv,1023,265,,II,Модуль МЕТ II,Модуль МЕТ II
2,latin_mixed,app_text01,text/item_ruby.mbe/000_Sheet1.csv,1025,267,,II,Модуль УКЛ II,Модуль УКЛ II
2,latin_mixed,app_text01,text/item_ruby.mbe/000_Sheet1.csv,1027,269,,II,Модуль КРТ II,Модуль КРТ II
2,latin_mixed,app_text01,text/item_ruby.mbe/000_Sheet1.csv,1029,271,,II,Модуль энергии II,Модуль энергии II
2,latin_mixed,app_text01,text/item_ruby.mbe/000_Sheet1.csv,1031,273,,II,Физический модуль II,Физический модуль II
2,latin_mixed,app_text01,text/item_ruby.mbe/000_Sheet1.csv,1033,275,,II,Модуль разрушения II,Модуль разрушения II
2,latin_mixed,app_text01,text/item_ruby.mbe/000_Sheet1.csv,1035,277,,II,Модуль души II,Модуль души II
2,latin_mixed,app_text01,text/item_ruby.mbe/000_Sheet1.csv,1037,279,,II,Модуль бодрости II,Модуль бодрости II
2,latin_mixed,app_text01,text/item_ruby.mbe/000_Sheet1.csv,1039,281,,II,Модуль пера II,Модуль пера II
2,latin_mixed,app_text01,text/item_ruby.mbe/000_Sheet1.csv,1041,283,,II,Смертельный модуль II,Смертельный модуль II
2,latin_mixed,app_text01,text/item_ruby.mbe/000_Sheet1.csv,1043,285,,II,Модуль проклятия II,Модуль проклятия II
2,latin_mixed,app_text01,text/item_ruby.mbe/000_Sheet1.csv,1045,287,,II,Атакующий модуль II,Атакующий модуль II
2,latin_mixed,app_text01,text/item_ruby.mbe/000_Sheet1.csv,1047,289,,II,Защитный модуль II,Защитный модуль II
2,latin_mixed,app_text01,text/item_ruby.mbe/000_Sheet1.csv,11,12,,II,Спрей ОС II,Спрей ОС II
2,latin_mixed,app_text01,text/item_ruby.mbe/000_Sheet1.csv,12,13,,III,Спрей ОС III,Спрей ОС III
2,latin_mixed,app_text01,text/item_ruby.mbe/000_Sheet1.csv,14,15,,DX,Медицинский спрей DX,Медицинский спрей DX
2,latin_mixed,app_text01,text/item_ruby.mbe/000_Sheet1.csv,2,3,,II,Капсула HP II,Капсула HP II
2,latin_mixed,app_text01,text/item_ruby.mbe/000_Sheet1.csv,25,26,,DX,Мульти-восстановление DX,Мульти-восстановление DX
2,latin_mixed,app_text01,text/item_ruby.mbe/000_Sheet1.csv,27,28,,DX,Капсула возрождения DX,Капсула возрождения DX
2,latin_mixed,app_text01,text/item_ruby.mbe/000_Sheet1.csv,3,4,,III,Капсула HP III,Капсула HP III
2,latin_mixed,app_text01,text/item_ruby.mbe/000_Sheet1.csv,41,42,,II,Очко мужества II,Очко мужества II
2,latin_mixed,app_text01,text/item_ruby.mbe/000_Sheet1.csv,42,43,,III,Очко мужества III,Очко мужества III
2,latin_mixed,app_text01,text/item_ruby.mbe/000_Sheet1.csv,43,44,,IV,Очко мужества IV,Очко мужества IV
2,latin_mixed,app_text01,text/item_ruby.mbe/000_Sheet1.csv,46,47,,DX,Дружба DX,Дружба DX
2,latin_mixed,app_text01,text/item_ruby.mbe/000_Sheet1.csv,5,6,,II,Спрей ОЗ II,Спрей ОЗ II
2,latin_mixed,app_text01,text/item_ruby.mbe/000_Sheet1.csv,6,7,,III,Спрей ОЗ III,Спрей ОЗ III
2,latin_mixed,app_text01,text/item_ruby.mbe/000_Sheet1.csv,60,51,,DX,Ускоритель пробуждения таланта DX,Ускоритель пробуждения таланта DX
2,latin_mixed,app_text01,text/item_ruby.mbe/000_Sheet1.csv,62,53,,II,Чип усиления ОЗ II,Чип усиления ОЗ II
2,latin_mixed,app_text01,text/item_ruby.mbe/000_Sheet1.csv,63,54,,III,Чип усиления ОЗ III,Чип усиления ОЗ III
2,latin_mixed,app_text01,text/item_ruby.mbe/000_Sheet1.csv,65,56,,II,Чип усиления ОС II,Чип усиления ОС II
2,latin_mixed,app_text01,text/item_ruby.mbe/000_Sheet1.csv,66,57,,III,Чип усиления ОС III,Чип усиления ОС III
2,latin_mixed,app_text01,text/item_ruby.mbe/000_Sheet1.csv,68,59,,II,Чип усиления АТК II,Чип усиления АТК II
2,latin_mixed,app_text01,text/item_ruby.mbe/000_Sheet1.csv,69,60,,III,Чип усиления АТК III,Чип усиления АТК III
2,latin_mixed,app_text01,text/item_ruby.mbe/000_Sheet1.csv,71,62,,II,Чип усиления ЗАЩ II,Чип усиления ЗАЩ II
2,latin_mixed,app_text01,text/item_ruby.mbe/000_Sheet1.csv,72,63,,III,Чип усиления ЗАЩ III,Чип усиления ЗАЩ III
2,latin_mixed,app_text01,text/item_ruby.mbe/000_Sheet1.csv,74,65,,II,Чип усиления ИНТ II,Чип усиления ИНТ II
2,latin_mixed,app_text01,text/item_ruby.mbe/000_Sheet1.csv,75,66,,III,Чип усиления ИНТ III,Чип усиления ИНТ III
2,latin_mixed,app_text01,text/item_ruby.mbe/000_Sheet1.csv,77,68,,II,Чип усиления ДУХ II,Чип усиления ДУХ II
2,latin_mixed,app_text01,text/item_ruby.mbe/000_Sheet1.csv,78,69,,III,Чип усиления ДУХ III,Чип усиления ДУХ III
2,latin_mixed,app_text01,text/item_ruby.mbe/000_Sheet1.csv,8,9,,II,Капсула SP II,Капсула SP II
2,latin_mixed,app_text01,text/item_ruby.mbe/000_Sheet1.csv,80,71,,II,Чип усиления СКР II,Чип усиления СКР II
2,latin_mixed,app_text01,text/item_ruby.mbe/000_Sheet1.csv,81,72,,III,Чип усиления СКР III,Чип усиления СКР III
2,latin_mixed,app_text01,text/item_ruby.mbe/000_Sheet1.csv,814,205,,Ramen,Футболка для персонала ресторана Ramen,Футболка для персонала ресторана Ramen
2,latin_mixed,app_text01,text/item_ruby.mbe/000_Sheet1.csv,824,215,,"Cyber, Sleuth",Костюм Cyber Sleuth,Костюм Cyber Sleuth
2,latin_mixed,app_text01,text/item_ruby.mbe/000_Sheet1.csv,828,219,,Tekken,Футболка Tekken 8,Футболка Tekken 8
2,latin_mixed,app_text01,text/item_ruby.mbe/000_Sheet1.csv,829,220,,Tekken,Футболка Tekken 8 (Лили),Футболка Tekken 8 (Лили)
2,latin_mixed,app_text01,text/item_ruby.mbe/000_Sheet1.csv,830,221,,PAC-MAN,Футболка к 45-летию PAC-MAN,Футболка к 45-летию PAC-MAN
2,latin_mixed,app_text01,text/item_ruby.mbe/000_Sheet1.csv,831,222,,"Taiko, Tatsujin, no",Футболка Taiko no Tatsujin,Футболка Taiko no Tatsujin
2,latin_mixed,app_text01,text/item_ruby.mbe/000_Sheet1.csv,832,223,,"Arise, Hootle, Tales, of",Футболка Tales of Arise (Hootle),Футболка Tales of Arise (Hootle)
2,latin_mixed,app_text01,text/item_ruby.mbe/000_Sheet1.csv,833,224,,"Idolmaster, The",Футболка The Idolmaster (Харука Амами),Футболка The Idolmaster (Харука Амами)
2,latin_mixed,app_text01,text/item_ruby.mbe/000_Sheet1.csv,835,226,,"BEATBREAK, DIGIMON",Футболка DIGIMON BEATBREAK,Футболка DIGIMON BEATBREAK
2,latin_mixed,app_text01,text/item_ruby.mbe/000_Sheet1.csv,9,10,,III,Капсула SP III,Капсула SP III
2,latin_mixed,app_text01,text/jogress_skill_name.mbe/000_Sheet1.csv,21812,265,,DX,Безумная карусель DX,Безумная карусель DX
2,latin_mixed,app_text01,text/jogress_skill_name.mbe/000_Sheet1.csv,23971,436,,V-,Взрыв V-Новы,Взрыв V-Новы
2,latin_mixed,app_text01,text/jogress_skill_name.mbe/000_Sheet1.csv,28064,781,,A.D.V,Гранатомет A.D.V.,Гранатомет A.D.V.
2,latin_mixed,app_text01,text/jogress_skill_name.mbe/000_Sheet1.csv,30012,825,,II,Напалм II,Напалм II
2,latin_mixed,app_text01,text/jogress_skill_name.mbe/000_Sheet1.csv,30013,826,,III,Напалм III,Напалм III
2,latin_mixed,app_text01,text/jogress_skill_name.mbe/000_Sheet1.csv,30022,828,,II,Вспышка пламени II,Вспышка пламени II
2,latin_mixed,app_text01,text/jogress_skill_name.mbe/000_Sheet1.csv,30023,829,,III,Вспышка пламени III,Вспышка пламени III
2,latin_mixed,app_text01,text/jogress_skill_name.mbe/000_Sheet1.csv,30032,831,,II,Падение Магмы II,Падение Магмы II
2,latin_mixed,app_text01,text/jogress_skill_name.mbe/000_Sheet1.csv,30033,832,,III,Магмопад III,Магмопад III
2,latin_mixed,app_text01,text/jogress_skill_name.mbe/000_Sheet1.csv,30035,834,,II,Пламенный всполох II,Пламенный всполох II
2,latin_mixed,app_text01,text/jogress_skill_name.mbe/000_Sheet1.csv,30036,835,,III,Пламенный всполох III,Пламенный всполох III
2,latin_mixed,app_text01,text/jogress_skill_name.mbe/000_Sheet1.csv,30042,837,,II,Давление воды II,Давление воды II
2,latin_mixed,app_text01,text/jogress_skill_name.mbe/000_Sheet1.csv,30043,838,,III,Водяное давление III,Водяное давление III
2,latin_mixed,app_text01,text/jogress_skill_name.mbe/000_Sheet1.csv,30052,840,,II,Гидро - Вода II,Гидро - Вода II
2,latin_mixed,app_text01,text/jogress_skill_name.mbe/000_Sheet1.csv,30053,841,,III,Гидровода III,Гидровода III
2,latin_mixed,app_text01,text/jogress_skill_name.mbe/000_Sheet1.csv,30062,843,,II,Океанская волна II,Океанская волна II
2,latin_mixed,app_text01,text/jogress_skill_name.mbe/000_Sheet1.csv,30063,844,,III,Океанская волна III,Океанская волна III
2,latin_mixed,app_text01,text/jogress_skill_name.mbe/000_Sheet1.csv,30065,846,,II,Приливный поток II,Приливный поток II
2,latin_mixed,app_text01,text/jogress_skill_name.mbe/000_Sheet1.csv,30066,847,,III,Приливный поток III,Приливный поток III
2,latin_mixed,app_text01,text/jogress_skill_name.mbe/000_Sheet1.csv,30072,849,,II,Серповидный Лист II,Серповидный Лист II
2,latin_mixed,app_text01,text/jogress_skill_name.mbe/000_Sheet1.csv,30073,850,,III,Серповидный лист III,Серповидный лист III
2,latin_mixed,app_text01,text/jogress_skill_name.mbe/000_Sheet1.csv,30082,852,,II,Удар шипом II,Удар шипом II
2,latin_mixed,app_text01,text/jogress_skill_name.mbe/000_Sheet1.csv,30083,853,,III,Удар шипами III,Удар шипами III
2,latin_mixed,app_text01,text/jogress_skill_name.mbe/000_Sheet1.csv,30092,855,,II,Рунический Лес II,Рунический Лес II
2,latin_mixed,app_text01,text/jogress_skill_name.mbe/000_Sheet1.csv,30093,856,,III,Рунический лес III,Рунический лес III
2,latin_mixed,app_text01,text/jogress_skill_name.mbe/000_Sheet1.csv,30095,858,,II,Игольчатый завод II,Игольчатый завод II
2,latin_mixed,app_text01,text/jogress_skill_name.mbe/000_Sheet1.csv,30096,859,,III,Игольчатое растение III,Игольчатое растение III
2,latin_mixed,app_text01,text/jogress_skill_name.mbe/000_Sheet1.csv,30102,861,,II,Край сосульки II,Край сосульки II
2,latin_mixed,app_text01,text/jogress_skill_name.mbe/000_Sheet1.csv,30103,862,,III,Ледяная кромка III,Ледяная кромка III
2,latin_mixed,app_text01,text/jogress_skill_name.mbe/000_Sheet1.csv,30112,864,,II,Замороженная Пуля II,Замороженная Пуля II
2,latin_mixed,app_text01,text/jogress_skill_name.mbe/000_Sheet1.csv,30113,865,,III,Ледяная пуля III,Ледяная пуля III
2,latin_mixed,app_text01,text/jogress_skill_name.mbe/000_Sheet1.csv,30122,867,,II,Смертельная Метель II,Смертельная Метель II
2,latin_mixed,app_text01,text/jogress_skill_name.mbe/000_Sheet1.csv,30123,868,,III,Смертельная метель III,Смертельная метель III
2,latin_mixed,app_text01,text/jogress_skill_name.mbe/000_Sheet1.csv,30125,870,,II,Алмазная Пыль II,Алмазная Пыль II
2,latin_mixed,app_text01,text/jogress_skill_name.mbe/000_Sheet1.csv,30126,871,,III,Алмазная пыль III,Алмазная пыль III
2,latin_mixed,app_text01,text/jogress_skill_name.mbe/000_Sheet1.csv,30132,873,,II,Перерыв в работе наномашины II,Перерыв в работе наномашины II
2,latin_mixed,app_text01,text/jogress_skill_name.mbe/000_Sheet1.csv,30133,874,,III,Сбой наномашин III,Сбой наномашин III
2,latin_mixed,app_text01,text/jogress_skill_name.mbe/000_Sheet1.csv,30142,876,,II,Ударная плазма II,Ударная плазма II
2,latin_mixed,app_text01,text/jogress_skill_name.mbe/000_Sheet1.csv,30143,877,,III,Ударная плазма III,Ударная плазма III
2,latin_mixed,app_text01,text/jogress_skill_name.mbe/000_Sheet1.csv,30152,879,,II,Падение Грома II,Падение Грома II
2,latin_mixed,app_text01,text/jogress_skill_name.mbe/000_Sheet1.csv,30153,880,,III,Громопад III,Громопад III
2,latin_mixed,app_text01,text/jogress_skill_name.mbe/000_Sheet1.csv,30155,882,,II,Молниеносный Коготь II,Молниеносный Коготь II
2,latin_mixed,app_text01,text/jogress_skill_name.mbe/000_Sheet1.csv,30156,883,,III,Молниеносный коготь III,Молниеносный коготь III
2,latin_mixed,app_text01,text/jogress_skill_name.mbe/000_Sheet1.csv,30162,885,,II,Кометный Молот II,Кометный Молот II
2,latin_mixed,app_text01,text/jogress_skill_name.mbe/000_Sheet1.csv,30163,886,,III,Кометный молот III,Кометный молот III
2,latin_mixed,app_text01,text/jogress_skill_name.mbe/000_Sheet1.csv,30172,888,,II,Гея Бластер II,Гея Бластер II
2,latin_mixed,app_text01,text/jogress_skill_name.mbe/000_Sheet1.csv,30173,889,,III,Бластер Геи III,Бластер Геи III
2,latin_mixed,app_text01,text/jogress_skill_name.mbe/000_Sheet1.csv,30182,891,,II,Потрясающее Землетрясение II,Потрясающее Землетрясение II
2,latin_mixed,app_text01,text/jogress_skill_name.mbe/000_Sheet1.csv,30183,892,,III,Сокрушительное землетрясение III,Сокрушительное землетрясение III
2,latin_mixed,app_text01,text/jogress_skill_name.mbe/000_Sheet1.csv,30185,894,,II,Каменный Скол II,Каменный Скол II
2,latin_mixed,app_text01,text/jogress_skill_name.mbe/000_Sheet1.csv,30186,895,,III,Каменный рассекатель III,Каменный рассекатель III
2,latin_mixed,app_text01,text/jogress_skill_name.mbe/000_Sheet1.csv,30192,897,,II,Коготь Ветра II,Коготь Ветра II
2,latin_mixed,app_text01,text/jogress_skill_name.mbe/000_Sheet1.csv,30193,898,,III,Коготь ветра III,Коготь ветра III
2,latin_mixed,app_text01,text/jogress_skill_name.mbe/000_Sheet1.csv,30202,900,,II,Звуковой Выстрел II,Звуковой Выстрел II
2,latin_mixed,app_text01,text/jogress_skill_name.mbe/000_Sheet1.csv,30203,901,,III,Звуковой выстрел III,Звуковой выстрел III
2,latin_mixed,app_text01,text/jogress_skill_name.mbe/000_Sheet1.csv,30212,903,,II,Штормовой ветер II,Штормовой ветер II
2,latin_mixed,app_text01,text/jogress_skill_name.mbe/000_Sheet1.csv,30213,904,,III,Штормовой ветер III,Штормовой ветер III
2,latin_mixed,app_text01,text/jogress_skill_name.mbe/000_Sheet1.csv,30215,906,,II,Буря II,Буря II
2,latin_mixed,app_text01,text/jogress_skill_name.mbe/000_Sheet1.csv,30216,907,,III,Буря III,Буря III
2,latin_mixed,app_text01,text/jogress_skill_name.mbe/000_Sheet1.csv,30222,909,,II,Раздавливающее Лезвие II,Раздавливающее Лезвие II
2,latin_mixed,app_text01,text/jogress_skill_name.mbe/000_Sheet1.csv,30223,910,,III,Сокрушительный клинок III,Сокрушительный клинок III
2,latin_mixed,app_text01,text/jogress_skill_name.mbe/000_Sheet1.csv,30232,912,,II,Двигатель Металлический II,Двигатель Металлический II
2,latin_mixed,app_text01,text/jogress_skill_name.mbe/000_Sheet1.csv,30233,913,,III,Металлический ускоритель III,Металлический ускоритель III
2,latin_mixed,app_text01,text/jogress_skill_name.mbe/000_Sheet1.csv,30242,915,,II,Цельнометаллическая свая II,Цельнометаллическая свая II
2,latin_mixed,app_text01,text/jogress_skill_name.mbe/000_Sheet1.csv,30243,916,,III,Цельнометаллический свайный удар III,Цельнометаллический свайный удар III
2,latin_mixed,app_text01,text/jogress_skill_name.mbe/000_Sheet1.csv,30245,918,,II,Железный Удар II,Железный Удар II
2,latin_mixed,app_text01,text/jogress_skill_name.mbe/000_Sheet1.csv,30246,919,,III,Железный кулак III,Железный кулак III
2,latin_mixed,app_text01,text/jogress_skill_name.mbe/000_Sheet1.csv,30252,921,,II,Святой Кулак II,Святой Кулак II
2,latin_mixed,app_text01,text/jogress_skill_name.mbe/000_Sheet1.csv,30253,922,,III,Святой кулак III,Святой кулак III
2,latin_mixed,app_text01,text/jogress_skill_name.mbe/000_Sheet1.csv,30262,924,,II,Святой свет II,Святой свет II
2,latin_mixed,app_text01,text/jogress_skill_name.mbe/000_Sheet1.csv,30263,925,,III,Святой свет III,Святой свет III
2,latin_mixed,app_text01,text/jogress_skill_name.mbe/000_Sheet1.csv,30272,927,,II,Взрыв Блеска II,Взрыв Блеска II
2,latin_mixed,app_text01,text/jogress_skill_name.mbe/000_Sheet1.csv,30273,928,,III,Сияющий взрыв III,Сияющий взрыв III
2,latin_mixed,app_text01,text/jogress_skill_name.mbe/000_Sheet1.csv,30275,930,,II,Лестница Ангела II,Лестница Ангела II
2,latin_mixed,app_text01,text/jogress_skill_name.mbe/000_Sheet1.csv,30276,931,,III,Ангельская лестница III,Ангельская лестница III
2,latin_mixed,app_text01,text/jogress_skill_name.mbe/000_Sheet1.csv,30282,933,,II,Теневой Клык II,Теневой Клык II
2,latin_mixed,app_text01,text/jogress_skill_name.mbe/000_Sheet1.csv,30283,934,,III,Теневой клык III,Теневой клык III
2,latin_mixed,app_text01,text/jogress_skill_name.mbe/000_Sheet1.csv,30292,936,,II,Кошмар II,Кошмар II
2,latin_mixed,app_text01,text/jogress_skill_name.mbe/000_Sheet1.csv,30293,937,,III,Кошмар III,Кошмар III
2,latin_mixed,app_text01,text/jogress_skill_name.mbe/000_Sheet1.csv,30302,939,,II,Адская Дробилка II,Адская Дробилка II
2,latin_mixed,app_text01,text/jogress_skill_name.mbe/000_Sheet1.csv,30303,940,,III,Адский сокрушитель III,Адский сокрушитель III
2,latin_mixed,app_text01,text/jogress_skill_name.mbe/000_Sheet1.csv,30305,942,,II,Страх Души II,Страх Души II
2,latin_mixed,app_text01,text/jogress_skill_name.mbe/000_Sheet1.csv,30306,943,,III,Страх души III,Страх души III
2,latin_mixed,app_text01,text/jogress_skill_name.mbe/000_Sheet1.csv,30312,945,,II,Тяжелый удар II,Тяжелый удар II
2,latin_mixed,app_text01,text/jogress_skill_name.mbe/000_Sheet1.csv,30313,946,,III,Тяжёлый удар III,Тяжёлый удар III
2,latin_mixed,app_text01,text/jogress_skill_name.mbe/000_Sheet1.csv,30322,948,,II,Мощность Энергия II,Мощность Энергия II
2,latin_mixed,app_text01,text/jogress_skill_name.mbe/000_Sheet1.csv,30323,949,,III,Силовая энергия III,Силовая энергия III
2,latin_mixed,app_text01,text/jogress_skill_name.mbe/000_Sheet1.csv,30332,951,,II,Пустой Луч II,Пустой Луч II
2,latin_mixed,app_text01,text/jogress_skill_name.mbe/000_Sheet1.csv,30333,952,,III,Луч пустоты III,Луч пустоты III
2,latin_mixed,app_text01,text/jogress_skill_name.mbe/000_Sheet1.csv,30335,954,,II,Врата Безумия II,Врата Безумия II
2,latin_mixed,app_text01,text/jogress_skill_name.mbe/000_Sheet1.csv,30336,955,,III,Врата безумия III,Врата безумия III
2,latin_mixed,app_text01,text/jogress_skill_name.mbe/000_Sheet1.csv,31012,957,,X-,X-Исцеление,X-Исцеление
2,latin_mixed,app_text01,text/jogress_skill_name.mbe/000_Sheet1.csv,31022,959,,X-,X-Аура,X-Аура
2,latin_mixed,app_text01,text/jogress_skill_name.mbe/000_Sheet1.csv,31032,961,,X-,X-Оживить,X-Оживить
2,latin_mixed,app_text01,text/jogress_skill_name.mbe/000_Sheet1.csv,39999,1005,,DX,Медицинский спрей DX,Медицинский спрей DX
2,latin_mixed,app_text01,text/main_quest_step.mbe/000_Sheet1.csv,310064,209,,SDGP,"Победите Граплеомона, чемпиона SDGP.","Победите Граплеомона, чемпиона SDGP."
2,latin_mixed,app_text01,text/main_quest_title.mbe/000_Sheet1.csv,370,40,,II,Отсутствие из за Ремонта II,Отсутствие из за Ремонта II
2,latin_mixed,app_text01,text/personality_skill_explanation.mbe/000_Sheet1.csv,2,4,,CP,Немного повышает получаемую шкалу CP.,Немного повышает получаемую шкалу CP.
2,latin_mixed,app_text01,text/quest_client.mbe/000_Sheet1.csv,91,59,,Digimon,Digimon Младенец,Digimon Младенец
2,latin_mixed,app_text01,text/quest_outline.mbe/000_Sheet1.csv,88,55,,VIP-,"Загляни в VIP-зал. Мне нужно попросить тебя
об одолжении. Для тебя это тоже будет выгодно.","Загляни в VIP-зал. Мне нужно попросить тебя
об одолжении. Для тебя это тоже будет выгодно."
2,latin_mixed,app_text01,text/quest_step.mbe/000_Sheet1.csv,168020,360,,TBD,Продайте топаз (TBD) Кокувамону.,Продайте топаз (TBD) Кокувамону.
2,latin_mixed,app_text01,text/quest_step.mbe/000_Sheet1.csv,178010,385,,VIP-,Идите в VIP-зал.,Идите в VIP-зал.
2,latin_mixed,app_text01,text/quest_title.mbe/000_Sheet1.csv,217,123,,XII,Тестовый матч Олимпоса XII,Тестовый матч Олимпоса XII
2,latin_mixed,app_text01,text/quest_title.mbe/000_Sheet1.csv,963,145,,DM,Финальная битва: Империалдрамон DM,Финальная битва: Империалдрамон DM
2,latin_mixed,app_text01,text/skill_name.mbe/000_Sheet1.csv,21812,245,,DX,Безумная карусель DX,Безумная карусель DX
2,latin_mixed,app_text01,text/skill_name.mbe/000_Sheet1.csv,23971,388,,V-,Взрыв V-Новы,Взрыв V-Новы
2,latin_mixed,app_text01,text/skill_name.mbe/000_Sheet1.csv,28064,656,,A.D.V,Гранатомет A.D.V.,Гранатомет A.D.V.
2,latin_mixed,app_text01,text/skill_name.mbe/000_Sheet1.csv,30012,684,,II,Напалм II,Напалм II
2,latin_mixed,app_text01,text/skill_name.mbe/000_Sheet1.csv,30013,685,,III,Напалм III,Напалм III
2,latin_mixed,app_text01,text/skill_name.mbe/000_Sheet1.csv,30022,687,,II,Вспышка пламени II,Вспышка пламени II
2,latin_mixed,app_text01,text/skill_name.mbe/000_Sheet1.csv,30023,688,,III,Вспышка пламени III,Вспышка пламени III
2,latin_mixed,app_text01,text/skill_name.mbe/000_Sheet1.csv,30032,690,,II,Падение Магмы II,Падение Магмы II
2,latin_mixed,app_text01,text/skill_name.mbe/000_Sheet1.csv,30033,691,,III,Магмопад III,Магмопад III
2,latin_mixed,app_text01,text/skill_name.mbe/000_Sheet1.csv,30035,693,,II,Пламенный всполох II,Пламенный всполох II
2,latin_mixed,app_text01,text/skill_name.mbe/000_Sheet1.csv,30036,694,,III,Пламенный всполох III,Пламенный всполох III
2,latin_mixed,app_text01,text/skill_name.mbe/000_Sheet1.csv,30042,696,,II,Давление воды II,Давление воды II
2,latin_mixed,app_text01,text/skill_name.mbe/000_Sheet1.csv,30043,697,,III,Водяное давление III,Водяное давление III
2,latin_mixed,app_text01,text/skill_name.mbe/000_Sheet1.csv,30052,699,,II,Гидро - Вода II,Гидро - Вода II
2,latin_mixed,app_text01,text/skill_name.mbe/000_Sheet1.csv,30053,700,,III,Гидровода III,Гидровода III
2,latin_mixed,app_text01,text/skill_name.mbe/000_Sheet1.csv,30062,702,,II,Океанская волна II,Океанская волна II
2,latin_mixed,app_text01,text/skill_name.mbe/000_Sheet1.csv,30063,703,,III,Океанская волна III,Океанская волна III
2,latin_mixed,app_text01,text/skill_name.mbe/000_Sheet1.csv,30065,705,,II,Приливный поток II,Приливный поток II
2,latin_mixed,app_text01,text/skill_name.mbe/000_Sheet1.csv,30066,706,,III,Приливный поток III,Приливный поток III
2,latin_mixed,app_text01,text/skill_name.mbe/000_Sheet1.csv,30072,708,,II,Серповидный Лист II,Серповидный Лист II
2,latin_mixed,app_text01,text/skill_name.mbe/000_Sheet1.csv,30073,709,,III,Серповидный лист III,Серповидный лист III
2,latin_mixed,app_text01,text/skill_name.mbe/000_Sheet1.csv,30082,711,,II,Удар шипом II,Удар шипом II
2,latin_mixed,app_text01,text/skill_name.mbe/000_Sheet1.csv,30083,712,,III,Удар шипами III,Удар шипами III
2,latin_mixed,app_text01,text/skill_name.mbe/000_Sheet1.csv,30092,714,,II,Рунический Лес II,Рунический Лес II
2,latin_mixed,app_text01,text/skill_name.mbe/000_Sheet1.csv,30093,715,,III,Рунический лес III,Рунический лес III
2,latin_mixed,app_text01,text/skill_name.mbe/000_Sheet1.csv,30095,717,,II,Игольчатый завод II,Игольчатый завод II
2,latin_mixed,app_text01,text/skill_name.mbe/000_Sheet1.csv,30096,718,,III,Игольчатое растение III,Игольчатое растение III
2,latin_mixed,app_text01,text/skill_name.mbe/000_Sheet1.csv,30102,720,,II,Край сосульки II,Край сосульки II
2,latin_mixed,app_text01,text/skill_name.mbe/000_Sheet1.csv,30103,721,,III,Ледяная кромка III,Ледяная кромка III
2,latin_mixed,app_text01,text/skill_name.mbe/000_Sheet1.csv,30112,723,,II,Замороженная Пуля II,Замороженная Пуля II
2,latin_mixed,app_text01,text/skill_name.mbe/000_Sheet1.csv,30113,724,,III,Ледяная пуля III,Ледяная пуля III
2,latin_mixed,app_text01,text/skill_name.mbe/000_Sheet1.csv,30122,726,,II,Смертельная Метель II,Смертельная Метель II
2,latin_mixed,app_text01,text/skill_name.mbe/000_Sheet1.csv,30123,727,,III,Смертельная метель III,Смертельная метель III
2,latin_mixed,app_text01,text/skill_name.mbe/000_Sheet1.csv,30125,729,,II,Алмазная Пыль II,Алмазная Пыль II
2,latin_mixed,app_text01,text/skill_name.mbe/000_Sheet1.csv,30126,730,,III,Алмазная пыль III,Алмазная пыль III
2,latin_mixed,app_text01,text/skill_name.mbe/000_Sheet1.csv,30132,732,,II,Перерыв в работе наномашины II,Перерыв в работе наномашины II
2,latin_mixed,app_text01,text/skill_name.mbe/000_Sheet1.csv,30133,733,,III,Сбой наномашин III,Сбой наномашин III
2,latin_mixed,app_text01,text/skill_name.mbe/000_Sheet1.csv,30142,735,,II,Ударная плазма II,Ударная плазма II
2,latin_mixed,app_text01,text/skill_name.mbe/000_Sheet1.csv,30143,736,,III,Ударная плазма III,Ударная плазма III
2,latin_mixed,app_text01,text/skill_name.mbe/000_Sheet1.csv,30152,738,,II,Падение Грома II,Падение Грома II
2,latin_mixed,app_text01,text/skill_name.mbe/000_Sheet1.csv,30153,739,,III,Громопад III,Громопад III
2,latin_mixed,app_text01,text/skill_name.mbe/000_Sheet1.csv,30155,741,,II,Молниеносный Коготь II,Молниеносный Коготь II
2,latin_mixed,app_text01,text/skill_name.mbe/000_Sheet1.csv,30156,742,,III,Молниеносный коготь III,Молниеносный коготь III
2,latin_mixed,app_text01,text/skill_name.mbe/000_Sheet1.csv,30162,744,,II,Кометный Молот II,Кометный Молот II
2,latin_mixed,app_text01,text/skill_name.mbe/000_Sheet1.csv,30163,745,,III,Кометный молот III,Кометный молот III
2,latin_mixed,app_text01,text/skill_name.mbe/000_Sheet1.csv,30172,747,,II,Гея Бластер II,Гея Бластер II
2,latin_mixed,app_text01,text/skill_name.mbe/000_Sheet1.csv,30173,748,,III,Бластер Геи III,Бластер Геи III
2,latin_mixed,app_text01,text/skill_name.mbe/000_Sheet1.csv,30182,750,,II,Потрясающее Землетрясение II,Потрясающее Землетрясение II
2,latin_mixed,app_text01,text/skill_name.mbe/000_Sheet1.csv,30183,751,,III,Сокрушительное землетрясение III,Сокрушительное землетрясение III
2,latin_mixed,app_text01,text/skill_name.mbe/000_Sheet1.csv,30185,753,,II,Каменный Скол II,Каменный Скол II
2,latin_mixed,app_text01,text/skill_name.mbe/000_Sheet1.csv,30186,754,,III,Каменный рассекатель III,Каменный рассекатель III
2,latin_mixed,app_text01,text/skill_name.mbe/000_Sheet1.csv,30192,756,,II,Коготь Ветра II,Коготь Ветра II
2,latin_mixed,app_text01,text/skill_name.mbe/000_Sheet1.csv,30193,757,,III,Коготь ветра III,Коготь ветра III
2,latin_mixed,app_text01,text/skill_name.mbe/000_Sheet1.csv,30202,759,,II,Звуковой Выстрел II,Звуковой Выстрел II
2,latin_mixed,app_text01,text/skill_name.mbe/000_Sheet1.csv,30203,760,,III,Звуковой выстрел III,Звуковой выстрел III
2,latin_mixed,app_text01,text/skill_name.mbe/000_Sheet1.csv,30212,762,,II,Штормовой ветер II,Штормовой ветер II
2,latin_mixed,app_text01,text/skill_name.mbe/000_Sheet1.csv,30213,763,,III,Штормовой ветер III,Штормовой ветер III
2,latin_mixed,app_text01,text/skill_name.mbe/000_Sheet1.csv,30215,765,,II,Буря II,Буря II
2,latin_mixed,app_text01,text/skill_name.mbe/000_Sheet1.csv,30216,766,,III,Буря III,Буря III
2,latin_mixed,app_text01,text/skill_name.mbe/000_Sheet1.csv,30222,768,,II,Раздавливающее Лезвие II,Раздавливающее Лезвие II
2,latin_mixed,app_text01,text/skill_name.mbe/000_Sheet1.csv,30223,769,,III,Сокрушительный клинок III,Сокрушительный клинок III
2,latin_mixed,app_text01,text/skill_name.mbe/000_Sheet1.csv,30232,771,,II,Двигатель Металлический II,Двигатель Металлический II
2,latin_mixed,app_text01,text/skill_name.mbe/000_Sheet1.csv,30233,772,,III,Металлический ускоритель III,Металлический ускоритель III
2,latin_mixed,app_text01,text/skill_name.mbe/000_Sheet1.csv,30242,774,,II,Цельнометаллическая свая II,Цельнометаллическая свая II
2,latin_mixed,app_text01,text/skill_name.mbe/000_Sheet1.csv,30243,775,,III,Цельнометаллический свайный удар III,Цельнометаллический свайный удар III
2,latin_mixed,app_text01,text/skill_name.mbe/000_Sheet1.csv,30245,777,,II,Железный Удар II,Железный Удар II
2,latin_mixed,app_text01,text/skill_name.mbe/000_Sheet1.csv,30246,778,,III,Железный кулак III,Железный кулак III
2,latin_mixed,app_text01,text/skill_name.mbe/000_Sheet1.csv,30252,780,,II,Святой Кулак II,Святой Кулак II
2,latin_mixed,app_text01,text/skill_name.mbe/000_Sheet1.csv,30253,781,,III,Святой кулак III,Святой кулак III
2,latin_mixed,app_text01,text/skill_name.mbe/000_Sheet1.csv,30262,783,,II,Святой свет II,Святой свет II
2,latin_mixed,app_text01,text/skill_name.mbe/000_Sheet1.csv,30263,784,,III,Святой свет III,Святой свет III
2,latin_mixed,app_text01,text/skill_name.mbe/000_Sheet1.csv,30272,786,,II,Взрыв Блеска II,Взрыв Блеска II
2,latin_mixed,app_text01,text/skill_name.mbe/000_Sheet1.csv,30273,787,,III,Сияющий взрыв III,Сияющий взрыв III
2,latin_mixed,app_text01,text/skill_name.mbe/000_Sheet1.csv,30275,789,,II,Лестница Ангела II,Лестница Ангела II
2,latin_mixed,app_text01,text/skill_name.mbe/000_Sheet1.csv,30276,790,,III,Ангельская лестница III,Ангельская лестница III
2,latin_mixed,app_text01,text/skill_name.mbe/000_Sheet1.csv,30282,792,,II,Теневой Клык II,Теневой Клык II
2,latin_mixed,app_text01,text/skill_name.mbe/000_Sheet1.csv,30283,793,,III,Теневой клык III,Теневой клык III
2,latin_mixed,app_text01,text/skill_name.mbe/000_Sheet1.csv,30292,795,,II,Кошмар II,Кошмар II
2,latin_mixed,app_text01,text/skill_name.mbe/000_Sheet1.csv,30293,796,,III,Кошмар III,Кошмар III
2,latin_mixed,app_text01,text/skill_name.mbe/000_Sheet1.csv,30302,798,,II,Адская Дробилка II,Адская Дробилка II
2,latin_mixed,app_text01,text/skill_name.mbe/000_Sheet1.csv,30303,799,,III,Адский сокрушитель III,Адский сокрушитель III
2,latin_mixed,app_text01,text/skill_name.mbe/000_Sheet1.csv,30305,801,,II,Страх Души II,Страх Души II
2,latin_mixed,app_text01,text/skill_name.mbe/000_Sheet1.csv,30306,802,,III,Страх души III,Страх души III
2,latin_mixed,app_text01,text/skill_name.mbe/000_Sheet1.csv,30312,804,,II,Тяжелый удар II,Тяжелый удар II
2,latin_mixed,app_text01,text/skill_name.mbe/000_Sheet1.csv,30313,805,,III,Тяжёлый удар III,Тяжёлый удар III
2,latin_mixed,app_text01,text/skill_name.mbe/000_Sheet1.csv,30322,807,,II,Мощность Энергия II,Мощность Энергия II
2,latin_mixed,app_text01,text/skill_name.mbe/000_Sheet1.csv,30323,808,,III,Силовая энергия III,Силовая энергия III
2,latin_mixed,app_text01,text/skill_name.mbe/000_Sheet1.csv,30332,810,,II,Пустой Луч II,Пустой Луч II
2,latin_mixed,app_text01,text/skill_name.mbe/000_Sheet1.csv,30333,811,,III,Луч пустоты III,Луч пустоты III
2,latin_mixed,app_text01,text/skill_name.mbe/000_Sheet1.csv,30335,813,,II,Врата Безумия II,Врата Безумия II
2,latin_mixed,app_text01,text/skill_name.mbe/000_Sheet1.csv,30336,814,,III,Врата безумия III,Врата безумия III
2,latin_mixed,app_text01,text/skill_name.mbe/000_Sheet1.csv,31012,816,,X-,X-Исцеление,X-Исцеление
2,latin_mixed,app_text01,text/skill_name.mbe/000_Sheet1.csv,31022,818,,X-,X-Аура,X-Аура
2,latin_mixed,app_text01,text/skill_name.mbe/000_Sheet1.csv,31032,820,,X-,X-Оживить,X-Оживить
2,latin_mixed,app_text01,text/skill_ruby.mbe/000_Sheet1.csv,30012,3,,II,Напалм II,Напалм II
2,latin_mixed,app_text01,text/skill_ruby.mbe/000_Sheet1.csv,30013,4,,III,Напалм III,Напалм III
2,latin_mixed,app_text01,text/skill_ruby.mbe/000_Sheet1.csv,30022,6,,II,Вспышка пламени II,Вспышка пламени II
2,latin_mixed,app_text01,text/skill_ruby.mbe/000_Sheet1.csv,30023,7,,III,Вспышка пламени III,Вспышка пламени III
2,latin_mixed,app_text01,text/skill_ruby.mbe/000_Sheet1.csv,30032,9,,II,Падение Магмы II,Падение Магмы II
2,latin_mixed,app_text01,text/skill_ruby.mbe/000_Sheet1.csv,30033,10,,III,Магмопад III,Магмопад III
2,latin_mixed,app_text01,text/skill_ruby.mbe/000_Sheet1.csv,30035,12,,II,Пламенный всполох II,Пламенный всполох II
2,latin_mixed,app_text01,text/skill_ruby.mbe/000_Sheet1.csv,30036,13,,III,Пламенный всполох III,Пламенный всполох III
2,latin_mixed,app_text01,text/skill_ruby.mbe/000_Sheet1.csv,30042,15,,II,Давление воды II,Давление воды II
2,latin_mixed,app_text01,text/skill_ruby.mbe/000_Sheet1.csv,30043,16,,III,Водяное давление III,Водяное давление III
2,latin_mixed,app_text01,text/skill_ruby.mbe/000_Sheet1.csv,30052,18,,II,Гидро - Вода II,Гидро - Вода II
2,latin_mixed,app_text01,text/skill_ruby.mbe/000_Sheet1.csv,30053,19,,III,Гидровода III,Гидровода III
2,latin_mixed,app_text01,text/skill_ruby.mbe/000_Sheet1.csv,30062,21,,II,Океанская волна II,Океанская волна II
2,latin_mixed,app_text01,text/skill_ruby.mbe/000_Sheet1.csv,30063,22,,III,Океанская волна III,Океанская волна III
2,latin_mixed,app_text01,text/skill_ruby.mbe/000_Sheet1.csv,30065,24,,II,Приливный поток II,Приливный поток II
2,latin_mixed,app_text01,text/skill_ruby.mbe/000_Sheet1.csv,30066,25,,III,Приливный поток III,Приливный поток III
2,latin_mixed,app_text01,text/skill_ruby.mbe/000_Sheet1.csv,30072,27,,II,Серповидный Лист II,Серповидный Лист II
2,latin_mixed,app_text01,text/skill_ruby.mbe/000_Sheet1.csv,30073,28,,III,Серповидный лист III,Серповидный лист III
2,latin_mixed,app_text01,text/skill_ruby.mbe/000_Sheet1.csv,30082,30,,II,Удар шипом II,Удар шипом II
2,latin_mixed,app_text01,text/skill_ruby.mbe/000_Sheet1.csv,30083,31,,III,Удар шипами III,Удар шипами III
2,latin_mixed,app_text01,text/skill_ruby.mbe/000_Sheet1.csv,30092,33,,II,Рунический Лес II,Рунический Лес II
2,latin_mixed,app_text01,text/skill_ruby.mbe/000_Sheet1.csv,30093,34,,III,Рунический лес III,Рунический лес III
2,latin_mixed,app_text01,text/skill_ruby.mbe/000_Sheet1.csv,30095,36,,II,Игольчатый завод II,Игольчатый завод II
2,latin_mixed,app_text01,text/skill_ruby.mbe/000_Sheet1.csv,30096,37,,III,Игольчатое растение III,Игольчатое растение III
2,latin_mixed,app_text01,text/skill_ruby.mbe/000_Sheet1.csv,30102,39,,II,Край сосульки II,Край сосульки II
2,latin_mixed,app_text01,text/skill_ruby.mbe/000_Sheet1.csv,30103,40,,III,Ледяная кромка III,Ледяная кромка III
2,latin_mixed,app_text01,text/skill_ruby.mbe/000_Sheet1.csv,30112,42,,II,Замороженная Пуля II,Замороженная Пуля II
2,latin_mixed,app_text01,text/skill_ruby.mbe/000_Sheet1.csv,30113,43,,III,Ледяная пуля III,Ледяная пуля III
2,latin_mixed,app_text01,text/skill_ruby.mbe/000_Sheet1.csv,30122,45,,II,Смертельная Метель II,Смертельная Метель II
2,latin_mixed,app_text01,text/skill_ruby.mbe/000_Sheet1.csv,30123,46,,III,Смертельная метель III,Смертельная метель III
2,latin_mixed,app_text01,text/skill_ruby.mbe/000_Sheet1.csv,30125,48,,II,Алмазная Пыль II,Алмазная Пыль II
2,latin_mixed,app_text01,text/skill_ruby.mbe/000_Sheet1.csv,30126,49,,III,Алмазная пыль III,Алмазная пыль III
2,latin_mixed,app_text01,text/skill_ruby.mbe/000_Sheet1.csv,30132,51,,II,Перерыв в работе наномашины II,Перерыв в работе наномашины II
2,latin_mixed,app_text01,text/skill_ruby.mbe/000_Sheet1.csv,30133,52,,III,Сбой наномашин III,Сбой наномашин III
2,latin_mixed,app_text01,text/skill_ruby.mbe/000_Sheet1.csv,30142,54,,II,Ударная плазма II,Ударная плазма II
2,latin_mixed,app_text01,text/skill_ruby.mbe/000_Sheet1.csv,30143,55,,III,Ударная плазма III,Ударная плазма III
2,latin_mixed,app_text01,text/skill_ruby.mbe/000_Sheet1.csv,30152,57,,II,Падение Грома II,Падение Грома II
2,latin_mixed,app_text01,text/skill_ruby.mbe/000_Sheet1.csv,30153,58,,III,Громопад III,Громопад III
2,latin_mixed,app_text01,text/skill_ruby.mbe/000_Sheet1.csv,30155,60,,II,Молниеносный Коготь II,Молниеносный Коготь II
2,latin_mixed,app_text01,text/skill_ruby.mbe/000_Sheet1.csv,30156,61,,III,Молниеносный коготь III,Молниеносный коготь III
2,latin_mixed,app_text01,text/skill_ruby.mbe/000_Sheet1.csv,30162,63,,II,Кометный Молот II,Кометный Молот II
2,latin_mixed,app_text01,text/skill_ruby.mbe/000_Sheet1.csv,30163,64,,III,Кометный молот III,Кометный молот III
2,latin_mixed,app_text01,text/skill_ruby.mbe/000_Sheet1.csv,30172,66,,II,Гея Бластер II,Гея Бластер II
2,latin_mixed,app_text01,text/skill_ruby.mbe/000_Sheet1.csv,30173,67,,III,Бластер Геи III,Бластер Геи III
2,latin_mixed,app_text01,text/skill_ruby.mbe/000_Sheet1.csv,30182,69,,II,Потрясающее Землетрясение II,Потрясающее Землетрясение II
2,latin_mixed,app_text01,text/skill_ruby.mbe/000_Sheet1.csv,30183,70,,III,Сокрушительное землетрясение III,Сокрушительное землетрясение III
2,latin_mixed,app_text01,text/skill_ruby.mbe/000_Sheet1.csv,30185,72,,II,Каменный Скол II,Каменный Скол II
2,latin_mixed,app_text01,text/skill_ruby.mbe/000_Sheet1.csv,30186,73,,III,Каменный рассекатель III,Каменный рассекатель III
2,latin_mixed,app_text01,text/skill_ruby.mbe/000_Sheet1.csv,30192,75,,II,Коготь Ветра II,Коготь Ветра II
2,latin_mixed,app_text01,text/skill_ruby.mbe/000_Sheet1.csv,30193,76,,III,Коготь ветра III,Коготь ветра III
2,latin_mixed,app_text01,text/skill_ruby.mbe/000_Sheet1.csv,30202,78,,II,Звуковой Выстрел II,Звуковой Выстрел II
2,latin_mixed,app_text01,text/skill_ruby.mbe/000_Sheet1.csv,30203,79,,III,Звуковой выстрел III,Звуковой выстрел III
2,latin_mixed,app_text01,text/skill_ruby.mbe/000_Sheet1.csv,30212,81,,II,Штормовой ветер II,Штормовой ветер II
2,latin_mixed,app_text01,text/skill_ruby.mbe/000_Sheet1.csv,30213,82,,III,Штормовой ветер III,Штормовой ветер III
2,latin_mixed,app_text01,text/skill_ruby.mbe/000_Sheet1.csv,30215,84,,II,Буря II,Буря II
2,latin_mixed,app_text01,text/skill_ruby.mbe/000_Sheet1.csv,30216,85,,III,Буря III,Буря III
2,latin_mixed,app_text01,text/skill_ruby.mbe/000_Sheet1.csv,30222,87,,II,Раздавливающее Лезвие II,Раздавливающее Лезвие II
2,latin_mixed,app_text01,text/skill_ruby.mbe/000_Sheet1.csv,30223,88,,III,Сокрушительный клинок III,Сокрушительный клинок III
2,latin_mixed,app_text01,text/skill_ruby.mbe/000_Sheet1.csv,30232,90,,II,Двигатель Металлический II,Двигатель Металлический II
2,latin_mixed,app_text01,text/skill_ruby.mbe/000_Sheet1.csv,30233,91,,III,Металлический ускоритель III,Металлический ускоритель III
2,latin_mixed,app_text01,text/skill_ruby.mbe/000_Sheet1.csv,30242,93,,II,Цельнометаллическая свая II,Цельнометаллическая свая II
2,latin_mixed,app_text01,text/skill_ruby.mbe/000_Sheet1.csv,30243,94,,III,Цельнометаллический свайный удар III,Цельнометаллический свайный удар III
2,latin_mixed,app_text01,text/skill_ruby.mbe/000_Sheet1.csv,30245,96,,II,Железный Удар II,Железный Удар II
2,latin_mixed,app_text01,text/skill_ruby.mbe/000_Sheet1.csv,30246,97,,III,Железный кулак III,Железный кулак III
2,latin_mixed,app_text01,text/skill_ruby.mbe/000_Sheet1.csv,30252,99,,II,Святой Кулак II,Святой Кулак II
2,latin_mixed,app_text01,text/skill_ruby.mbe/000_Sheet1.csv,30253,100,,III,Святой кулак III,Святой кулак III
2,latin_mixed,app_text01,text/skill_ruby.mbe/000_Sheet1.csv,30262,102,,II,Святой свет II,Святой свет II
2,latin_mixed,app_text01,text/skill_ruby.mbe/000_Sheet1.csv,30263,103,,III,Святой свет III,Святой свет III
2,latin_mixed,app_text01,text/skill_ruby.mbe/000_Sheet1.csv,30272,105,,II,Взрыв Блеска II,Взрыв Блеска II
2,latin_mixed,app_text01,text/skill_ruby.mbe/000_Sheet1.csv,30273,106,,III,Сияющий взрыв III,Сияющий взрыв III
2,latin_mixed,app_text01,text/skill_ruby.mbe/000_Sheet1.csv,30275,108,,II,Лестница Ангела II,Лестница Ангела II
2,latin_mixed,app_text01,text/skill_ruby.mbe/000_Sheet1.csv,30276,109,,III,Ангельская лестница III,Ангельская лестница III
2,latin_mixed,app_text01,text/skill_ruby.mbe/000_Sheet1.csv,30282,111,,II,Теневой Клык II,Теневой Клык II
2,latin_mixed,app_text01,text/skill_ruby.mbe/000_Sheet1.csv,30283,112,,III,Теневой клык III,Теневой клык III
2,latin_mixed,app_text01,text/skill_ruby.mbe/000_Sheet1.csv,30292,114,,II,Кошмар II,Кошмар II
2,latin_mixed,app_text01,text/skill_ruby.mbe/000_Sheet1.csv,30293,115,,III,Кошмар III,Кошмар III
2,latin_mixed,app_text01,text/skill_ruby.mbe/000_Sheet1.csv,30302,117,,II,Адская Дробилка II,Адская Дробилка II
2,latin_mixed,app_text01,text/skill_ruby.mbe/000_Sheet1.csv,30303,118,,III,Адский сокрушитель III,Адский сокрушитель III
2,latin_mixed,app_text01,text/skill_ruby.mbe/000_Sheet1.csv,30305,120,,II,Страх Души II,Страх Души II
2,latin_mixed,app_text01,text/skill_ruby.mbe/000_Sheet1.csv,30306,121,,III,Страх души III,Страх души III
2,latin_mixed,app_text01,text/skill_ruby.mbe/000_Sheet1.csv,30312,123,,II,Тяжелый удар II,Тяжелый удар II
2,latin_mixed,app_text01,text/skill_ruby.mbe/000_Sheet1.csv,30313,124,,III,Тяжёлый удар III,Тяжёлый удар III
2,latin_mixed,app_text01,text/skill_ruby.mbe/000_Sheet1.csv,30322,126,,II,Мощность Энергия II,Мощность Энергия II
2,latin_mixed,app_text01,text/skill_ruby.mbe/000_Sheet1.csv,30323,127,,III,Силовая энергия III,Силовая энергия III
2,latin_mixed,app_text01,text/skill_ruby.mbe/000_Sheet1.csv,30332,129,,II,Пустой Луч II,Пустой Луч II
2,latin_mixed,app_text01,text/skill_ruby.mbe/000_Sheet1.csv,30333,130,,III,Луч пустоты III,Луч пустоты III
2,latin_mixed,app_text01,text/skill_ruby.mbe/000_Sheet1.csv,30335,132,,II,Врата Безумия II,Врата Безумия II
2,latin_mixed,app_text01,text/skill_ruby.mbe/000_Sheet1.csv,30336,133,,III,Врата безумия III,Врата безумия III
2,latin_mixed,app_text01,text/skill_ruby.mbe/000_Sheet1.csv,31012,135,,X-,X-Исцеление,X-Исцеление
2,latin_mixed,app_text01,text/skill_ruby.mbe/000_Sheet1.csv,31022,137,,X-,X-Аура,X-Аура
2,latin_mixed,app_text01,text/skill_ruby.mbe/000_Sheet1.csv,31032,139,,X-,X-Оживить,X-Оживить
2,latin_mixed,app_text01,text/steam_input.mbe/000_Sheet1.csv,steam_input_name_014,17,,D-,D-накладка Вверх,D-накладка Вверх
2,latin_mixed,app_text01,text/steam_input.mbe/000_Sheet1.csv,steam_input_name_015,18,,D-,D-образная накладка Опущена,D-образная накладка Опущена
2,latin_mixed,app_text01,text/steam_input.mbe/000_Sheet1.csv,steam_input_name_016,19,,D-,D-образная накладка Слева,D-образная накладка Слева
2,latin_mixed,app_text01,text/steam_input.mbe/000_Sheet1.csv,steam_input_name_017,20,,D-,D-образная накладка Справа,D-образная накладка Справа
2,latin_mixed,app_text01,text/trophy.mbe/000_Sheet1.csv,trophy_explanation_017,64,,SDGP,Станьте чемпионом SDGP.,Станьте чемпионом SDGP.
2,latin_mixed,app_text01,text/trophy.mbe/000_Sheet1.csv,trophy_explanation_018,65,,HRCGT,Станьте чемпионом HRCGT.,Станьте чемпионом HRCGT.
2,latin_mixed,app_text01,text/trophy.mbe/000_Sheet1.csv,trophy_explanation_038,85,,OMNI-,Станьте чемпионом Величайшего OMNI-карнавала.,Станьте чемпионом Величайшего OMNI-карнавала.
2,latin_mixed,app_text01,text/trophy.mbe/000_Sheet1.csv,trophy_name_017,18,,SDGP,Чемпион SDGP,Чемпион SDGP
2,latin_mixed,app_text01,text/trophy.mbe/000_Sheet1.csv,trophy_name_018,19,,HRCGT,Чемпион HRCGT,Чемпион HRCGT
2,latin_mixed,app_text01,text/tutorial_explanation.mbe/000_Sheet1.csv,tutorial_exp_AdditionalAttack_01_002,6,,HUD,"Когда активируются Дополнительные удары, на HUD появится круг.

{fc9Нажмите {decision}, когда круг достигнет центра, чтобы вызвать
«Эффект Удара»}.","Когда активируются Дополнительные удары, на HUD появится круг.

{fc9Нажмите {decision}, когда круг достигнет центра, чтобы вызвать
«Эффект Удара»}."
2,latin_mixed,app_text01,text/tutorial_explanation.mbe/000_Sheet1.csv,tutorial_exp_CardsRule_01_004,116,,JUCG,"[Таинственное Дублирование после Битв JUCG]
{fc9После карточной битвы использованные карты, которых у тебя
ещё нет, дублируются для вашего выбора.}

Чем больше раундов вы выиграете, тем больше карт вы можете
получить.
5 побед = 3 карты
3–4 победы = 2 карты
1–2 победы = 1 карта
0 побед = 0 карт","[Таинственное Дублирование после Битв JUCG]
{fc9После карточной битвы использованные карты, которых у тебя
ещё нет, дублируются для вашего выбора.}

Чем больше раундов вы выиграете, тем больше карт вы можете
получить.
5 побед = 3 карты
3–4 победы = 2 карты
1–2 победы = 1 карта
0 побед = 0 карт"
2,latin_mixed,app_text01,text/tutorial_explanation.mbe/000_Sheet1.csv,tutorial_exp_Status_03_001,33,,II,"{fc9{is28}{image(ui_icon_type_000)} Вакцина}
{fc9{is28}{image(ui_icon_type_020)} Данные}
{fc9{is28}{image(ui_icon_type_040)} Вирус}
{fc9{is28}{image(ui_icon_type_060)} Свободный}
{fc9{is28}{image(ui_icon_type_080)} Переменный}
{fc9{is28}{image(ui_icon_type_100)} Неизвестно}
Дигимоны стадий «Малыш I» и «Малыш II» имеют {fc9{is28}{image(ui_icon_type_120)} Без атрибута}.

Атрибут дигимона можно проверить на экране характеристик.","{fc9{is28}{image(ui_icon_type_000)} Вакцина}
{fc9{is28}{image(ui_icon_type_020)} Данные}
{fc9{is28}{image(ui_icon_type_040)} Вирус}
{fc9{is28}{image(ui_icon_type_060)} Свободный}
{fc9{is28}{image(ui_icon_type_080)} Переменный}
{fc9{is28}{image(ui_icon_type_100)} Неизвестно}
Дигимоны стадий «Малыш I» и «Малыш II» имеют {fc9{is28}{image(ui_icon_type_120)} Без атрибута}.

Атрибут дигимона можно проверить на экране характеристик."
2,latin_mixed,app_text01,text/tutorial_title.mbe/000_Sheet1.csv,tutorial_title_CpAdd_01,13,,CP,Критические очки (CP),Критические очки (CP)
2,latin_mixed,app_text01,text/tutorial_title.mbe/000_Sheet1.csv,tutorial_title_CpFluctuation_01,14,,CP,Получение CP,Получение CP
2,latin_mixed,app_text01,text/yes_no_message.mbe/000_Sheet1.csv,yesno_dlc_0010,113,,"Microsoft, Nintendo, PlayStation, Store, eShop","{pf(Чтобы сыграть во Внешнее подземелье, необходимо {fc9приобрести дополнение}.

Перейти в PlayStation®Store?

{fc9Примечание: приобретённые дополнения будут активированы
только после возврата на титульный экран.}/Чтобы сыграть во Внешнее подземелье, необходимо {fc9приобрести дополнение}.

Перейти в Microsoft Store?

{fc9Примечание: приобретённые дополнения будут активированы
только после возврата на титульный экран.}/Чтобы сыграть во Внешнее подземелье, требуется {fc9загружаемый контент}.

Перейти в Nintendo eShop?

{fc9Примечание: приобретённый загружаемый контент будет активирован
только после возврата на титульный экран.}/Чтобы сыграть во Внешнее подземелье, требуется {fc9загружаемый контент}.

Перейти в интернет-магазин?

{fc9Примечание: приобретённый загружаемый контент будет активирован
только после возврата на титульный экран.})}","{pf(Чтобы сыграть во Внешнее подземелье, необходимо {fc9приобрести дополнение}.

Перейти в PlayStation®Store?

{fc9Примечание: приобретённые дополнения будут активированы
только после возврата на титульный экран.}/Чтобы сыграть во Внешнее подземелье, необходимо {fc9приобрести дополнение}.

Перейти в Microsoft Store?

{fc9Примечание: приобретённые дополнения будут активированы
только после возврата на титульный экран.}/Чтобы сыграть во Внешнее подземелье, требуется {fc9загружаемый контент}.

Перейти в Nintendo eShop?

{fc9Примечание: приобретённый загружаемый контент будет активирован
только после возврата на титульный экран.}/Чтобы сыграть во Внешнее подземелье, требуется {fc9загружаемый контент}.

Перейти в интернет-магазин?

{fc9Примечание: приобретённый загружаемый контент будет активирован
только после возврата на титульный экран.})}"
2,latin_mixed,app_text01,text/yes_no_message.mbe/000_Sheet1.csv,yesno_dlc_0020,114,,"Microsoft, Nintendo, PlayStation, Store, eShop","{pf(Чтобы надеть этот костюм, необходимо {fc9приобрести дополнение}.

Перейти в PlayStation®Store?

{fc9Примечание: приобретённые дополнения будут активированы
только после возврата на титульный экран.}/Чтобы надеть этот костюм, необходимо {fc9приобрести дополнение}.

Перейти в Microsoft Store?

{fc9Примечание: приобретённые дополнения будут активированы
только после возврата на титульный экран.}/Чтобы надеть этот костюм, требуется {fc9загружаемый контент}.

Перейти в Nintendo eShop?

{fc9Примечание: приобретённый загружаемый контент будет активирован
только после возврата на титульный экран.}/Чтобы надеть этот костюм, требуется {fc9загружаемый контент}.

Перейти в интернет-магазин?

{fc9Примечание: приобретённый загружаемый контент будет активирован
только после возврата на титульный экран.})}","{pf(Чтобы надеть этот костюм, необходимо {fc9приобрести дополнение}.

Перейти в PlayStation®Store?

{fc9Примечание: приобретённые дополнения будут активированы
только после возврата на титульный экран.}/Чтобы надеть этот костюм, необходимо {fc9приобрести дополнение}.

Перейти в Microsoft Store?

{fc9Примечание: приобретённые дополнения будут активированы
только после возврата на титульный экран.}/Чтобы надеть этот костюм, требуется {fc9загружаемый контент}.

Перейти в Nintendo eShop?

{fc9Примечание: приобретённый загружаемый контент будет активирован
только после возврата на титульный экран.}/Чтобы надеть этот костюм, требуется {fc9загружаемый контент}.

Перейти в интернет-магазин?

{fc9Примечание: приобретённый загружаемый контент будет активирован
только после возврата на титульный экран.})}"
2,latin_mixed,app_text01,text/yes_no_message.mbe/000_Sheet1.csv,yesno_dlc_0030,115,,"Microsoft, Nintendo, PlayStation, Store, eShop","{pf(Чтобы выбрать эту музыку, необходимо {fc9приобрести дополнение}.

Перейти в PlayStation®Store?

{fc9Примечание: приобретённые дополнения будут активированы
только после возврата на титульный экран.}/Чтобы выбрать эту музыку, необходимо {fc9приобрести дополнение}.

Перейти в Microsoft Store?

{fc9Примечание: приобретённые дополнения будут активированы
только после возврата на титульный экран.}/Чтобы выбрать эту музыку, требуется {fc9загружаемый контент}.

Перейти в Nintendo eShop?

{fc9Примечание: приобретённый загружаемый контент будет активирован
только после возврата на титульный экран.}/Чтобы выбрать эту музыку, требуется {fc9загружаемый контент}.

Перейти в интернет-магазин?

{fc9Примечание: приобретённый загружаемый контент будет активирован
только после возврата на титульный экран.})}","{pf(Чтобы выбрать эту музыку, необходимо {fc9приобрести дополнение}.

Перейти в PlayStation®Store?

{fc9Примечание: приобретённые дополнения будут активированы
только после возврата на титульный экран.}/Чтобы выбрать эту музыку, необходимо {fc9приобрести дополнение}.

Перейти в Microsoft Store?

{fc9Примечание: приобретённые дополнения будут активированы
только после возврата на титульный экран.}/Чтобы выбрать эту музыку, требуется {fc9загружаемый контент}.

Перейти в Nintendo eShop?

{fc9Примечание: приобретённый загружаемый контент будет активирован
только после возврата на титульный экран.}/Чтобы выбрать эту музыку, требуется {fc9загружаемый контент}.

Перейти в интернет-магазин?

{fc9Примечание: приобретённый загружаемый контент будет активирован
только после возврата на титульный экран.})}"
2,latin_mixed,app_text01,text/yes_no_message.mbe/000_Sheet1.csv,yesno_dlc_0040,116,,"Microsoft, Nintendo, Store, eShop","{pf(Перейти в PlayStation®Store?

{fc9Примечание: приобретённые дополнения будут активированы
только после возврата на титульный экран.}/Перейти в Microsoft Store?

{fc9Примечание: приобретённые дополнения будут активированы
только после возврата на титульный экран.}/Перейти в Nintendo eShop?

{fc9Примечание: приобретённый загружаемый контент будет активирован
только после возврата на титульный экран.}/Перейти в интернет-магазин?

{fc9Примечание: приобретённый загружаемый контент будет активирован
только после возврата на титульный экран.})}","{pf(Перейти в PlayStation®Store?

{fc9Примечание: приобретённые дополнения будут активированы
только после возврата на титульный экран.}/Перейти в Microsoft Store?

{fc9Примечание: приобретённые дополнения будут активированы
только после возврата на титульный экран.}/Перейти в Nintendo eShop?

{fc9Примечание: приобретённый загружаемый контент будет активирован
только после возврата на титульный экран.}/Перейти в интернет-магазин?

{fc9Примечание: приобретённый загружаемый контент будет активирован
только после возврата на титульный экран.})}"
2,latin_mixed,patch_text01,message/arena01.mbe/000_Sheet1.csv,arena01_m320_010_020,228,char_ETEMON,SDGP,"Потрясающе! Это первое появление чемпиона из Материального мира!
Как продержится чемпион SDGP?!","Потрясающе! Это первое появление чемпиона из Материального мира!
Как продержится чемпион SDGP?!"
2,latin_mixed,patch_text01,message/arena01.mbe/000_Sheet1.csv,arena01_m320_010_060,234,char_ETEMON,SDGP,Победителем становится... команда-чемпион SDGP!,Победителем становится... команда-чемпион SDGP!
2,latin_mixed,patch_text01,message/arena01.mbe/000_Sheet1.csv,arena01_m320_020_020,236,char_ETEMON,SDGP,Наконец-то чемпион SDGP здесь! Приготовьтесь удивляться!,Наконец-то чемпион SDGP здесь! Приготовьтесь удивляться!
2,latin_mixed,patch_text01,message/arena01.mbe/000_Sheet1.csv,arena01_m320_020_060,242,char_ETEMON,SDGP,Победителем становится... команда-чемпион SDGP!,Победителем становится... команда-чемпион SDGP!
2,latin_mixed,patch_text01,message/arena01.mbe/000_Sheet1.csv,arena01_m320_030_060,250,char_ETEMON,SDGP,Победителем становится... команда-чемпион SDGP!,Победителем становится... команда-чемпион SDGP!
2,latin_mixed,patch_text01,message/arena01.mbe/000_Sheet1.csv,arena01_m320_040_060,257,char_ETEMON,SDGP,Победителем становится... команда-чемпион SDGP!,Победителем становится... команда-чемпион SDGP!
2,latin_mixed,patch_text01,message/d06.mbe/000_Sheet1.csv,f_d0604_0300_0020,213,char_MINERVAMON,VIP-,Серьёзно? Что это за VIP-сервис?,Серьёзно? Что это за VIP-сервис?
2,latin_mixed,patch_text01,message/d09.mbe/000_Sheet1.csv,f_d0904_0220_0020,386,char_KAMEMON,Kamedical,"Теперь я лидер команды Kamedical — медотряда,
который поддерживает леди Венусмон!","Теперь я лидер команды Kamedical — медотряда,
который поддерживает леди Венусмон!"
2,latin_mixed,patch_text01,message/d13.mbe/000_Sheet1.csv,f_d1301_0050_0050,17,char_SIMMONS,ID,"Вы займитесь ID руководителя. А я пока
поищу кое-что ещё.","Вы займитесь ID руководителя. А я пока
поищу кое-что ещё."
2,latin_mixed,patch_text01,message/d13.mbe/000_Sheet1.csv,f_d1301_0060_0010,22,,ID,"На экране сообщение.
«Как пользоваться аварийным ID → памятка на доске»","На экране сообщение.
«Как пользоваться аварийным ID → памятка на доске»"
2,latin_mixed,patch_text01,message/d13.mbe/000_Sheet1.csv,f_d1301_0060_0050,26,,ID,Впредь не возись с ID. Просто смотри на доску.,Впредь не возись с ID. Просто смотри на доску.
2,latin_mixed,patch_text01,message/dlc000.mbe/000_Sheet1.csv,dlc000_060_040,38,char_BUTLER,II,"Войти в Акашический бэкдор II?
{fc9*Сложность соответствует финалу основной истории.}","Войти в Акашический бэкдор II?
{fc9*Сложность соответствует финалу основной истории.}"
2,latin_mixed,patch_text01,message/dlc000.mbe/000_Sheet1.csv,dlc000_070_040,49,char_BUTLER,III,"Войти в Акашический бэкдор III?
{fc9*Сложность соответствует финалу основной истории.}","Войти в Акашический бэкдор III?
{fc9*Сложность соответствует финалу основной истории.}"
2,latin_mixed,patch_text01,message/field_text.mbe/000_Sheet1.csv,dummy_dlc000_0010,311,char_PLAYER_M,EP,Предварительный Текст Начала DLC EP1?,Предварительный Текст Начала DLC EP1?
2,latin_mixed,patch_text01,message/field_text.mbe/000_Sheet1.csv,dummy_dlc000_0030,314,char_PLAYER_M,EP,Предварительный текст для начала DLC EP2?,Предварительный текст для начала DLC EP2?
2,latin_mixed,patch_text01,message/field_text.mbe/000_Sheet1.csv,dummy_dlc000_0050,317,char_PLAYER_M,EP,Предварительный текст для начала DLC EP3?,Предварительный текст для начала DLC EP3?
2,latin_mixed,patch_text01,message/field_text.mbe/000_Sheet1.csv,dummy_dlc010_0080,332,char_PLAYER_M,EP,"Идентификатор события: d110_080 ""Первая битва в EP1"" (Ранг C+)","Идентификатор события: d110_080 ""Первая битва в EP1"" (Ранг C+)"
2,latin_mixed,patch_text01,message/field_text.mbe/000_Sheet1.csv,dummy_dlc010_0090,333,char_PLAYER_M,EP,"Идентификатор события: d110_090 ""После победы в Первом сражении
в EP1"" (ранг C+)","Идентификатор события: d110_090 ""После победы в Первом сражении
в EP1"" (ранг C+)"
2,latin_mixed,patch_text01,message/field_text.mbe/000_Sheet1.csv,dummy_dlc010_0340,369,char_PLAYER_M,"Alter-B, VS","Идентификатор события: d140_020 ""VS Омегамон Alter-B (Сцена
эволюции B) - Часть 1"" (Ранг B)","Идентификатор события: d140_020 ""VS Омегамон Alter-B (Сцена
эволюции B) - Часть 1"" (Ранг B)"
2,latin_mixed,patch_text01,message/field_text.mbe/000_Sheet1.csv,dummy_dlc010_0350,370,char_PLAYER_M,Alter-B,"Идентификатор события: d140_020 ""ПРОТИВ Омегамон Alter-B (сцена
эволюции) - часть 2"" (Ранг A)","Идентификатор события: d140_020 ""ПРОТИВ Омегамон Alter-B (сцена
эволюции) - часть 2"" (Ранг A)"
2,latin_mixed,patch_text01,message/field_text.mbe/000_Sheet1.csv,dummy_dlc010_0390,374,char_PLAYER_M,VS,"Идентификатор события: d150_010 ""VS Параллельмон - Часть 1"" (ранг
C+)","Идентификатор события: d150_010 ""VS Параллельмон - Часть 1"" (ранг
C+)"
2,latin_mixed,patch_text01,message/field_text.mbe/000_Sheet1.csv,dummy_dlc010_0400,375,char_PLAYER_M,VS,"Идентификатор события: d150_020 ""VS Параллельмон - Часть 2"" (ранг
B)","Идентификатор события: d150_020 ""VS Параллельмон - Часть 2"" (ранг
B)"
2,latin_mixed,patch_text01,message/field_text.mbe/000_Sheet1.csv,dummy_dlc010_0410,376,char_PLAYER_M,"Alter-B, Alter-S","Идентификатор события: d150_030 ""Возвращение Омегамон Alter-S и
Омегамон Alter-B"" (ранг C+)","Идентификатор события: d150_030 ""Возвращение Омегамон Alter-S и
Омегамон Alter-B"" (ранг C+)"
2,latin_mixed,patch_text01,message/field_text.mbe/000_Sheet1.csv,dummy_dlc020_0010,392,char_PLAYER_M,dl,"Идентификатор события: dlc020_010_010 ""Эгиомон и Инори Мисоно
присоединяются"" (ранг B)","Идентификатор события: dlc020_010_010 ""Эгиомон и Инори Мисоно
присоединяются"" (ранг B)"
2,latin_mixed,patch_text01,message/field_text.mbe/000_Sheet1.csv,dummy_dlc020_0020,393,char_PLAYER_M,dl,"Идентификатор события: dlc020_010_020 ""Странный коридор"" (ранг
C)","Идентификатор события: dlc020_010_020 ""Странный коридор"" (ранг
C)"
2,latin_mixed,patch_text01,message/field_text.mbe/000_Sheet1.csv,dummy_dlc020_0030,394,char_PLAYER_M,dl,"Идентификатор события: dlc020_010_030 ""Побежден Параллельмон""
(ранг B)","Идентификатор события: dlc020_010_030 ""Побежден Параллельмон""
(ранг B)"
2,latin_mixed,patch_text01,message/field_text.mbe/000_Sheet1.csv,dummy_dlc020_0040,395,char_PLAYER_M,dl,"Идентификатор события: dlc020_010_040 ""Воссоединение с Банчо в
Белой комнате"" (ранг C)","Идентификатор события: dlc020_010_040 ""Воссоединение с Банчо в
Белой комнате"" (ранг C)"
2,latin_mixed,patch_text01,message/field_text.mbe/000_Sheet1.csv,dummy_dlc020_0050,396,char_PLAYER_M,dl,"Идентификатор события: dlc020_010_050 ""Воссоединение с Хироко
Сагисакой в Белой комнате"" (ранг C)","Идентификатор события: dlc020_010_050 ""Воссоединение с Хироко
Сагисакой в Белой комнате"" (ранг C)"
2,latin_mixed,patch_text01,message/field_text.mbe/000_Sheet1.csv,dummy_dlc020_0370,428,char_PLAYER_M,VS,"Идентификатор события: d2_050_010 ""VS Параллельмон"" (ранг C)","Идентификатор события: d2_050_010 ""VS Параллельмон"" (ранг C)"
2,latin_mixed,patch_text01,message/field_text.mbe/000_Sheet1.csv,dummy_m210_0050,75,char_PLAYER_M,NPC,"Идентификатор события: m210_020 ""Помощь с барьером"" беседа с
NPC.","Идентификатор события: m210_020 ""Помощь с барьером"" беседа с
NPC."
2,latin_mixed,patch_text01,message/field_text.mbe/000_Sheet1.csv,dummy_m220_0020,83,char_PLAYER_M,VIP-,"Идентификатор мероприятия: m220_010 ""VIP-зал в Промежуточном
кинотеатре"" (ранг B)","Идентификатор мероприятия: m220_010 ""VIP-зал в Промежуточном
кинотеатре"" (ранг B)"
2,latin_mixed,patch_text01,message/field_text.mbe/000_Sheet1.csv,dummy_m310_0030,167,char_PLAYER_M,"Bearmon, Little, NPC","Идентификатор события: m310_020 Беседа NPC ""Little Bearmon"".","Идентификатор события: m310_020 Беседа NPC ""Little Bearmon""."
2,latin_mixed,patch_text01,message/field_text.mbe/000_Sheet1.csv,dummy_m320_0080,182,char_PLAYER_M,"Makino, Marsmon's",Идентификатор события: m320_060 Видео Marsmon's Makino,Идентификатор события: m320_060 Видео Marsmon's Makino
2,latin_mixed,patch_text01,message/field_text.mbe/000_Sheet1.csv,dummy_m440_0027,297,char_PLAYER_M,XII,"Идентификатор события: m440_030 ""Олимпос XII встречается с
финальным боссом"" (ранг A)","Идентификатор события: m440_030 ""Олимпос XII встречается с
финальным боссом"" (ранг A)"
2,latin_mixed,patch_text01,message/field_text.mbe/000_Sheet1.csv,dummy_m440_0037,305,char_PLAYER_M,"Olympus, XII","Идентификатор события: m440_??? ""Активация креста искусств
Olympus XII"" (ранг A)","Идентификатор события: m440_??? ""Активация креста искусств
Olympus XII"" (ранг A)"
2,latin_mixed,patch_text01,message/field_text.mbe/000_Sheet1.csv,dummy_m440_0060,308,char_PLAYER_M,XII,"Идентификатор события: m440_??? ""Объединение Олимпа XII
(рождение)"" (ранг A)","Идентификатор события: m440_??? ""Объединение Олимпа XII
(рождение)"" (ранг A)"
2,latin_mixed,patch_text01,message/field_text.mbe/000_Sheet1.csv,g_closet_0010_0010,517,,Access,"(Заглушка) {pf(дополнение/дополнения/загружаемый контент/загружаемый контент)}
костюмы и прочее, распространяемые через Access.","(Заглушка) {pf(дополнение/дополнения/загружаемый контент/загружаемый контент)}
костюмы и прочее, распространяемые через Access."
2,latin_mixed,patch_text01,message/m270.mbe/000_Sheet1.csv,m270_010_050,6,char_MIREI,VIP-,"Обычно это сила, граничащая с табу, но на этот раз, кажется, исключение.
Направляйтесь в VIP-комнату, там вас ждут ответы, которые вы ищете.","Обычно это сила, граничащая с табу, но на этот раз, кажется, исключение.
Направляйтесь в VIP-комнату, там вас ждут ответы, которые вы ищете."
2,latin_mixed,patch_text01,message/m440.mbe/000_Sheet1.csv,m440_150_140,182,char_NARRATION,XII,"Однако даже его гибель от рук Олимпос XII была частью
грандиозного замысла Хрономона.","Однако даже его гибель от рук Олимпос XII была частью
грандиозного замысла Хрономона."
2,latin_mixed,patch_text01,message/m450.mbe/000_Sheet1.csv,m450_010_030,7,char_JUPITERMON,XII,"И пусть имена тех, кто поддерживает меня в моей клятве, Олимпос
XII...","И пусть имена тех, кто поддерживает меня в моей клятве, Олимпос
XII..."
2,latin_mixed,patch_text01,message/s090_072.mbe/000_Sheet1.csv,s090_072_660,78,char_MAN,"Expo, Home","Привет, милашка! Хочешь спланировать свое будущее в выставочном
центре Home Expo вместе со мной?","Привет, милашка! Хочешь спланировать свое будущее в выставочном
центре Home Expo вместе со мной?"
2,latin_mixed,patch_text01,message/s200_149.mbe/000_Sheet1.csv,s200_149_330,42,char_HIROKO,USB-,"""Я считаю тебя достойным. Поблизости ты найдешь удостоверение
личности и USB-накопитель. Иди и возьми их"".","""Я считаю тебя достойным. Поблизости ты найдешь удостоверение
личности и USB-накопитель. Иди и возьми их""."
2,latin_mixed,patch_text01,message/s200_149.mbe/000_Sheet1.csv,s200_149_390,50,char_HIROKO,USB-,"О! Эй, должно быть, это оно. Здесь удостоверение личности и
USB-накопитель!","О! Эй, должно быть, это оно. Здесь удостоверение личности и
USB-накопитель!"
2,latin_mixed,patch_text01,message/s200_149.mbe/000_Sheet1.csv,s200_149_730,86,char_HIROKO,USB-,"Появилось еще одно сообщение. ""Вставьте накопитель в USB-порт
перед собой"".","Появилось еще одно сообщение. ""Вставьте накопитель в USB-порт
перед собой""."
2,latin_mixed,patch_text01,message/s200_149.mbe/000_Sheet1.csv,s200_149_760,88,char_HIROKO,USB-,"Эй, похоже, компьютер автоматически загружает данные с
USB-накопителя.","Эй, похоже, компьютер автоматически загружает данные с
USB-накопителя."
2,latin_mixed,patch_text01,message/s200_149.mbe/000_Sheet1.csv,s200_149_800,94,char_HIROKO,Edion,"Так удобно, что здесь также продаются продукты питания и
канцелярские принадлежности. Но мы говорим не об Edion!","Так удобно, что здесь также продаются продукты питания и
канцелярские принадлежности. Но мы говорим не об Edion!"
2,latin_mixed,patch_text01,message/s200_149.mbe/000_Sheet1.csv,s200_149_890,105,char_HIROKO,IQ,"""Несмотря на мои результаты теста на IQ, я не могу смириться с
мыслью о Юе как о преемнике"".","""Несмотря на мои результаты теста на IQ, я не могу смириться с
мыслью о Юе как о преемнике""."
2,latin_mixed,patch_text01,message/s200_149.mbe/000_Sheet1.csv,s200_149_930,109,char_HIROKO,USB-,"О, похоже, дело сделано. Давайте возьмем с собой USB-накопитель,
на всякий случай.","О, похоже, дело сделано. Давайте возьмем с собой USB-накопитель,
на всякий случай."
2,latin_mixed,patch_text01,message/s910_170.mbe/000_Sheet1.csv,s910_170_580,65,char_NORIO,IT-,"Да. Моё будущее я был мега успешным. Я жил в шикарной квартире и
управлял IT-компанией.","Да. Моё будущее я был мега успешным. Я жил в шикарной квартире и
управлял IT-компанией."
2,latin_mixed,patch_text01,message/s910_170.mbe/000_Sheet1.csv,s910_170_920,101,char_NORIO_HIGHSCHOOL,IT-,"Вау! Я генеральный директор IT-компании и живу в высотном
кондоминиуме?! И еще женюсь на Ханае?!","Вау! Я генеральный директор IT-компании и живу в высотном
кондоминиуме?! И еще женюсь на Ханае?!"
2,latin_mixed,patch_text01,message/s910_171.mbe/000_Sheet1.csv,s910_171_400,49,char_KINSHIRO,IQ,"Я убедил институт разрешить мне посещать среднюю школу, чтобы я
мог изучать людей с низким IQ.","Я убедил институт разрешить мне посещать среднюю школу, чтобы я
мог изучать людей с низким IQ."
2,latin_mixed,patch_text01,text/bgm_name.mbe/000_Sheet1.csv,508,61,,"Adventure, Digimon",Цель～Акаи Шугеки～ (Из Digimon Adventure 02),Цель～Акаи Шугеки～ (Из Digimon Adventure 02)
2,latin_mixed,patch_text01,text/bgm_name.mbe/000_Sheet1.csv,509,62,,"Adventure, Digimon",Расстаемся! (Из Digimon Adventure 02),Расстаемся! (Из Digimon Adventure 02)
2,latin_mixed,patch_text01,text/bgm_name.mbe/000_Sheet1.csv,510,63,,"Digimon, Tamers",Самый Большой мечтатель (От Digimon Tamers),Самый Большой мечтатель (От Digimon Tamers)
2,latin_mixed,patch_text01,text/bgm_name.mbe/000_Sheet1.csv,511,64,,"Digimon, Tamers",УДАР!! (От Digimon Tamers),УДАР!! (От Digimon Tamers)
2,latin_mixed,patch_text01,text/bgm_name.mbe/000_Sheet1.csv,513,66,,"Digimon, Frontier",С Завещанием (Из Digimon Frontier),С Завещанием (Из Digimon Frontier)
2,latin_mixed,patch_text01,text/bgm_name.mbe/000_Sheet1.csv,514,67,,"Data, Digimon, Going, Gouing, My, Savers, Squad, soul",Gouing! Going! My soul!! (из Digimon Savers / Digimon Data Squad),Гоуинг! Ухожу! Душа моя!! (От Digimon Savers - Digimon Savers)
2,latin_mixed,patch_text01,text/bgm_name.mbe/000_Sheet1.csv,515,68,,"Believer, Data, Digimon, Savers, Squad",Believer (из Digimon Savers / Digimon Data Squad),Верующий (От Digimon Savers - Digimon Savers)
2,latin_mixed,patch_text01,text/bgm_name.mbe/000_Sheet1.csv,516,69,,"Battles, Digimon, Fusion, Nebagiba, Wars, Xros",Nebagiba! (из Digimon Xros Wars / Digimon Fusion Battles),Небагиба! (Из Digimon Xros Wars - Битв Digimon Xros Wars Battles)
2,latin_mixed,patch_text01,text/bgm_name.mbe/000_Sheet1.csv,517,70,,"ARE, Battles, Digimon, Fusion, Heart, WE, Wars, Xros",WE ARE Xros Heart! (из Digimon Xros Wars / Digimon Fusion Battles),МЫ - сердце Xros! (Из Digimon Xros Wars - Digimon Xros Wars Battles)
2,latin_mixed,patch_text01,text/bgm_name.mbe/000_Sheet1.csv,519,72,,"Adventure, Digimon",Разорвать цепь (Из Digimon Adventure:),Разорвать цепь (Из Digimon Adventure:)
2,latin_mixed,patch_text01,text/bgm_name.mbe/000_Sheet1.csv,520,73,,"Digimon, Ghost",ФРАКЦИЯ (Из игры Digimon Ghost),ФРАКЦИЯ (Из игры Digimon Ghost)
2,latin_mixed,patch_text01,text/bgm_name.mbe/000_Sheet1.csv,521,74,,"Digimon, Ghost",Первые всадники (Из игры Digimon Ghost),Первые всадники (Из игры Digimon Ghost)
2,latin_mixed,patch_text01,text/bgm_name.mbe/000_Sheet1.csv,523,76,,"Cyber, Sleuth",Мчащийся через Коулун (От Cyber Sleuth),Мчащийся через Коулун (От Cyber Sleuth)
2,latin_mixed,patch_text01,text/bgm_name.mbe/000_Sheet1.csv,524,77,,"Cyber, Sleuth",ЦИФРОВАЯ ЛАБОРАТОРИЯ (От Cyber Sleuth),ЦИФРОВАЯ ЛАБОРАТОРИЯ (От Cyber Sleuth)
2,latin_mixed,patch_text01,text/bgm_name.mbe/000_Sheet1.csv,528,81,,"Cyber, Sleuth",ЦИФРОВЫЕ ВОЙНЫ (От Cyber Sleuth),ЦИФРОВЫЕ ВОЙНЫ (От Cyber Sleuth)
2,latin_mixed,patch_text01,text/bgm_name.mbe/000_Sheet1.csv,529,82,,"Cyber, Sleuth",Песня Победителя (из Cyber Sleuth),Песня Победителя (из Cyber Sleuth)
2,latin_mixed,patch_text01,text/bgm_name.mbe/000_Sheet1.csv,530,83,,"Cyber, Sleuth","Подключайся, прыгай! (От Cyber Sleuth)","Подключайся, прыгай! (От Cyber Sleuth)"
2,latin_mixed,patch_text01,text/bgm_name.mbe/000_Sheet1.csv,531,84,,"Cyber, Sleuth",День в определенном детективном агентстве (От Cyber Sleuth),День в определенном детективном агентстве (От Cyber Sleuth)
2,latin_mixed,patch_text01,text/bgm_name.mbe/000_Sheet1.csv,533,86,,"Cyber, Sleuth",ХОУП СТЕР (Из Cyber Sleuth),ХОУП СТЕР (Из Cyber Sleuth)
2,latin_mixed,patch_text01,text/bgm_name.mbe/000_Sheet1.csv,534,87,,"Cyber, Sleuth",Блуждающий в Майохиге (Из Cyber Sleuth),Блуждающий в Майохиге (Из Cyber Sleuth)
2,latin_mixed,patch_text01,text/bgm_name.mbe/000_Sheet1.csv,540,93,,"Cyber, Sleuth",Избавление от грусти (От Cyber Sleuth),Избавление от грусти (От Cyber Sleuth)
2,latin_mixed,patch_text01,text/bgm_name.mbe/000_Sheet1.csv,543,96,,"Cyber, DIGIFARM, Digimon, Sleuth, Story",DIGIFARM (из Digimon Story: Cyber Sleuth),DIGIFARM (от Cyber Sleuth)
2,latin_mixed,patch_text01,text/bgm_name.mbe/000_Sheet1.csv,544,97,,"Cyber, Sleuth",Добро пожаловать в это Замечательное пространство (От Cyber Sleuth),Добро пожаловать в это Замечательное пространство (От Cyber Sleuth)
2,latin_mixed,patch_text01,text/bgm_name.mbe/000_Sheet1.csv,548,101,,"Cyber, Sleuth",Что-то разрушающее (От Cyber Sleuth),Что-то разрушающее (От Cyber Sleuth)
2,latin_mixed,patch_text01,text/bgm_name.mbe/000_Sheet1.csv,551,104,,"Cyber, Sleuth",ЗАКЛЮЧИТЕЛЬНАЯ ФАЗА (От Cyber Sleuth),ЗАКЛЮЧИТЕЛЬНАЯ ФАЗА (От Cyber Sleuth)
2,latin_mixed,patch_text01,text/bgm_name.mbe/000_Sheet1.csv,555,108,,"Cyber, Sleuth",ПРОТИВОСТОЯТЬ ВРАГУ (Из Cyber Sleuth),ПРОТИВОСТОЯТЬ ВРАГУ (Из Cyber Sleuth)
2,latin_mixed,patch_text01,text/bgm_name.mbe/000_Sheet1.csv,560,113,,"Cyber, Sleuth",ДУХОВНЫЙ МАЛЬЧИК (Из Cyber Sleuth),ДУХОВНЫЙ МАЛЬЧИК (Из Cyber Sleuth)
2,latin_mixed,patch_text01,text/bgm_name.mbe/000_Sheet1.csv,564,117,,"Cyber, Sleuth",По-НАСТОЯЩЕМУ Популярная девушка (Из Cyber Sleuth),По-НАСТОЯЩЕМУ Популярная девушка (Из Cyber Sleuth)
2,latin_mixed,patch_text01,text/bgm_name.mbe/000_Sheet1.csv,567,120,,"Cyber, Sleuth",ГЛУБОКАЯ ЭМОЦИЯ (От Cyber Sleuth),ГЛУБОКАЯ ЭМОЦИЯ (От Cyber Sleuth)
2,latin_mixed,patch_text01,text/bgm_name.mbe/000_Sheet1.csv,568,121,,"Cyber, Sleuth",ХАКЕРСКАЯ ГОРДОСТЬ (От Cyber Sleuth),ХАКЕРСКАЯ ГОРДОСТЬ (От Cyber Sleuth)
2,latin_mixed,patch_text01,text/bgm_name.mbe/000_Sheet1.csv,570,123,,"Cyber, Sleuth",Эфемерная Колибри (от Cyber Sleuth),Эфемерная Колибри (от Cyber Sleuth)
2,latin_mixed,patch_text01,text/bgm_name.mbe/000_Sheet1.csv,576,129,,"Cyber, Sleuth",КОРОЛЕВСКИЕ РЫЦАРИ (Из Cyber Sleuth),КОРОЛЕВСКИЕ РЫЦАРИ (Из Cyber Sleuth)
2,latin_mixed,patch_text01,text/bgm_name.mbe/000_Sheet1.csv,579,132,,"Cyber, Sleuth",Ожидаемый Новый мир (От Cyber Sleuth),Ожидаемый Новый мир (От Cyber Sleuth)
2,latin_mixed,patch_text01,text/bgm_name.mbe/000_Sheet1.csv,581,134,,"Cyber, Sleuth",Переустановка (от Cyber Sleuth),Переустановка (от Cyber Sleuth)
2,latin_mixed,patch_text01,text/bgm_name.mbe/000_Sheet1.csv,598,151,,"Cyber, Sleuth",КИБЕР-СЫЩИК (от Cyber Sleuth),КИБЕР-СЫЩИК (от Cyber Sleuth)
2,latin_mixed,patch_text01,text/buff_message.mbe/000_Sheet1.csv,100133,261,,CP,CP больше нельзя получить!,CP больше нельзя получить!
2,latin_mixed,patch_text01,text/buff_message.mbe/000_Sheet1.csv,133,125,,CP,CP больше нельзя получить!,CP больше нельзя получить!
2,latin_mixed,patch_text01,text/char_name.mbe/000_Sheet1.csv,char_KOKUWAMON_AUN,701,,amp,Кокувамон А &amp,Кокувамон А &amp
2,latin_mixed,patch_text01,text/common_message.mbe/000_Sheet1.csv,11306,381,,TP,Полезный TP,Полезный TP
2,latin_mixed,patch_text01,text/common_message.mbe/000_Sheet1.csv,dlc_name_03,1114,,Anti-ParadoX,Дополнительный набор дигимонов и эпизодов 3: Anti-ParadoX,Дополнительный набор дигимонов и эпизодов 3: Anti-ParadoX
2,latin_mixed,patch_text01,text/common_message.mbe/000_Sheet1.csv,dlc_name_08,1118,,"Cyber, Sleuth",Набор фоновой музыки Cyber Sleuth,Набор фоновой музыки Cyber Sleuth
2,latin_mixed,patch_text01,text/common_message.mbe/000_Sheet1.csv,dlc_name_09,1119,,Digimon,Набор песен аниме Digimon,Набор песен аниме Digimon
2,latin_mixed,patch_text01,text/common_message.mbe/000_Sheet1.csv,dlc_name_12,1121,,"Cyber, Sleuth",Набор костюмов Cyber Sleuth,Набор костюмов Cyber Sleuth
2,latin_no_cyrillic,patch_text01,text/common_message_dx11.mbe/000_Sheet1.csv,1900036,83,,Esc,Esc,Esc
2,latin_no_cyrillic,patch_text01,text/common_message_dx11.mbe/000_Sheet1.csv,1900067,114,,Home,Home,Home
2,latin_no_cyrillic,patch_text01,text/common_message_dx11.mbe/000_Sheet1.csv,1900068,115,,End,End,End
2,latin_no_cyrillic,patch_text01,text/common_message_dx11.mbe/000_Sheet1.csv,1900069,116,,PgUp,PgUp,PgUp
2,latin_no_cyrillic,patch_text01,text/common_message_dx11.mbe/000_Sheet1.csv,1900070,117,,PgDn,PgDn,PgDn
2,latin_no_cyrillic,patch_text01,text/common_message_dx11.mbe/000_Sheet1.csv,1900071,118,,Ins,Ins,Ins
2,latin_no_cyrillic,patch_text01,text/common_message_dx11.mbe/000_Sheet1.csv,1900072,119,,Del,Del,Del
2,latin_no_cyrillic,patch_text01,text/common_message_dx11.mbe/000_Sheet1.csv,1900073,120,,Num,Num  1,Num  1
2,latin_no_cyrillic,patch_text01,text/common_message_dx11.mbe/000_Sheet1.csv,1900074,121,,Num,Num   2,Num   2
2,latin_no_cyrillic,patch_text01,text/common_message_dx11.mbe/000_Sheet1.csv,1900075,122,,Num,Num   3,Num   3
2,latin_no_cyrillic,patch_text01,text/common_message_dx11.mbe/000_Sheet1.csv,1900076,123,,Num,Num   4,Num   4
2,latin_no_cyrillic,patch_text01,text/common_message_dx11.mbe/000_Sheet1.csv,1900077,124,,Num,Num   5,Num   5
2,latin_no_cyrillic,patch_text01,text/common_message_dx11.mbe/000_Sheet1.csv,1900078,125,,Num,Num   6,Num   6
2,latin_no_cyrillic,patch_text01,text/common_message_dx11.mbe/000_Sheet1.csv,1900079,126,,Num,Num   7,Num   7
2,latin_no_cyrillic,patch_text01,text/common_message_dx11.mbe/000_Sheet1.csv,1900080,127,,Num,Num   8,Num   8
2,latin_no_cyrillic,patch_text01,text/common_message_dx11.mbe/000_Sheet1.csv,1900081,128,,Num,Num   9,Num   9
2,latin_no_cyrillic,patch_text01,text/common_message_dx11.mbe/000_Sheet1.csv,1900082,129,,Num,Num  0,Num  0
2,latin_no_cyrillic,patch_text01,text/common_message_dx11.mbe/000_Sheet1.csv,1900083,130,,Num,Num  /,Num  /
2,latin_no_cyrillic,patch_text01,text/common_message_dx11.mbe/000_Sheet1.csv,1900084,131,,Num,Num   *,Num   *
2,latin_no_cyrillic,patch_text01,text/common_message_dx11.mbe/000_Sheet1.csv,1900085,132,,Num,Num  -,Num  -
2,latin_no_cyrillic,patch_text01,text/common_message_dx11.mbe/000_Sheet1.csv,1900086,133,,Num,Num   +,Num   +
2,latin_no_cyrillic,patch_text01,text/common_message_dx11.mbe/000_Sheet1.csv,1900088,135,,Num,Num.,Num   .
2,latin_no_cyrillic,patch_text01,text/common_message_dx11.mbe/000_Sheet1.csv,1900089,136,,Ctrl,Ctrl.,Ctrl.
2,latin_no_cyrillic,patch_text01,text/common_message_dx11.mbe/000_Sheet1.csv,1900090,137,,Ctrl,.Ctrl,.Ctrl
2,latin_no_cyrillic,patch_text01,text/common_message_dx11.mbe/000_Sheet1.csv,1900099,146,,Alt,Alt.,Alt.
2,latin_no_cyrillic,patch_text01,text/common_message_dx11.mbe/000_Sheet1.csv,1900100,147,,Alt,.Alt,.Alt
2,latin_no_cyrillic,patch_text01,text/common_message_dx11.mbe/000_Sheet1.csv,1901004,185,,FXAA,FXAA,FXAA
2,latin_no_cyrillic,patch_text01,text/common_message_dx11.mbe/000_Sheet1.csv,1901005,186,,MSAA,MSAA,MSAA
2,latin_no_cyrillic,patch_text01,text/common_message_dx11.mbe/000_Sheet1.csv,1901006,187,,TAA,TAA,TAA
2,same_as_original,patch_text01,text/common_message_dx11.mbe/000_Sheet1.csv,1901307,224,,Translation is identical to game text01 source,(Debug) 1720 x 720 (21:9),(Debug) 1720 x 720 (21:9)
2,latin_mixed,patch_text01,text/common_message_dx11.mbe/000_Sheet1.csv,1901319,236,,"Debug, Deck",(Debug) Симуляция Steam Deck,(Debug) Steam Deck Simulation
2,latin_mixed,patch_text01,text/digimon_profile.mbe/000_Sheet1.csv,digimon_0019_profile,17,,DORU-Din,"Воображаемый дигимон, рожденный из мечты
ДигиЯдра. Интерфейс на лбу Доругорамона
чудесным образом разблокировал творческую силу
его собственного ДигиЯдра, заставив его
эволюционировать в эту форму. Возможно,
потому что это ДигиЯдро уже содержало мощные
данные дракона, форма, которую оно выдумало,
была воплощением мощного разрушения и самого
воплощения «заклятого врага». Доругорамон
использует свое особый приём «Брэйв
Метал», чтобы обрушить ужасную атаку всей мощью
тела и души, и «DORU-Din», чтобы выпустить
разрушительную ударную волну.","Воображаемый дигимон, рожденный из мечты
ДигиЯдра. Интерфейс на лбу Доругорамона
чудесным образом разблокировал творческую силу
его собственного ДигиЯдра, заставив его
эволюционировать в эту форму. Возможно,
потому что это ДигиЯдро уже содержало мощные
данные дракона, форма, которую оно выдумало,
была воплощением мощного разрушения и самого
воплощения «заклятого врага». Доругорамон
использует свое особый приём «Брэйв
Метал», чтобы обрушить ужасную атаку всей мощью
тела и души, и «DORU-Din», чтобы выпустить
разрушительную ударную волну."
2,latin_mixed,patch_text01,text/digimon_profile.mbe/000_Sheet1.csv,digimon_0075_profile,65,,XII,"Один из Олимпос XII, Нептунемон — морской
бог-дигимон, который управляет всеми
дигимонами Водного вида. Чешуйчатая броня,
покрывающая его тело, представляет собой сплав
Хромдигизоида под названием Синий Дигизоид,
который облегчает мобильность и скорость,
позволяя ему двигаться с устрашающей скоростью
под водой. Его замок «Абисс Санктуари» был
построен в глубокой подводной впадине, и
только те, кто может выдержать давление воды
на крайний глубинах, могут войти. Его
особые приёмы включают «Вортекс
Пенетрайшн», которым он наносит удар своим
разумным копьем «Кингс Байт», и «Вейв оф
Дефс», которым он выпускает массивное цунами,
которое поглощает все на своем пути.","Один из Олимпос XII, Нептунемон — морской
бог-дигимон, который управляет всеми
дигимонами Водного вида. Чешуйчатая броня,
покрывающая его тело, представляет собой сплав
Хромдигизоида под названием Синий Дигизоид,
который облегчает мобильность и скорость,
позволяя ему двигаться с устрашающей скоростью
под водой. Его замок «Абисс Санктуари» был
построен в глубокой подводной впадине, и
только те, кто может выдержать давление воды
на крайний глубинах, могут войти. Его
особые приёмы включают «Вортекс
Пенетрайшн», которым он наносит удар своим
разумным копьем «Кингс Байт», и «Вейв оф
Дефс», которым он выпускает массивное цунами,
которое поглощает все на своем пути."
2,latin_mixed,patch_text01,text/digimon_profile.mbe/000_Sheet1.csv,digimon_0080_profile,70,,XII,"Один из Олимпос XII, этот дигимон — гениальный
бог, хвастающийся величайшей скоростью в
Цифровом Мире. Непревзойденная скорость
Меркуримона не видна невооруженным глазом, и
поэтому любые его записи, как говорят,
являются его остаточными образами. Он ненавидит
оставаться на месте и всегда странствует по
Цифровому Миру, что делает его трудным
существом для встречи. Он использует свое
особый приём «Саузенд Фист», чтобы
приблизиться к врагу с почти мгновенной
скоростью, прежде чем обрушить невероятный
скорострельный залп. Меркуримон также является
искусный шаманом, позволяя ему
использовать «Спиричуал Энчантмент», рассекая
воздух своим любимым клинком «Ацтек» и
призывая демонов из другого измерения.","Один из Олимпос XII, этот дигимон — гениальный
бог, хвастающийся величайшей скоростью в
Цифровом Мире. Непревзойденная скорость
Меркуримона не видна невооруженным глазом, и
поэтому любые его записи, как говорят,
являются его остаточными образами. Он ненавидит
оставаться на месте и всегда странствует по
Цифровому Миру, что делает его трудным
существом для встречи. Он использует свое
особый приём «Саузенд Фист», чтобы
приблизиться к врагу с почти мгновенной
скоростью, прежде чем обрушить невероятный
скорострельный залп. Меркуримон также является
искусный шаманом, позволяя ему
использовать «Спиричуал Энчантмент», рассекая
воздух своим любимым клинком «Ацтек» и
призывая демонов из другого измерения."
2,latin_mixed,patch_text01,text/digimon_profile.mbe/000_Sheet1.csv,digimon_0104_profile,92,,ZERO-ARMS,"Сусаноомон известен в восточном фольклоре как
ультиматный бог разрушения и правитель
регенерации. Говорят, что он появляется, когда
в Сети возникают аномалии, аннулируя
существующую систему и строя новую на ее
месте. Особые приёмы Сусаноомона — «Ама
но Хабакири», которое рассекает все и вся под
небом лезвием света, выпущенным из его
ZERO-ARMS: Ороти, и «Якуса но Икадзути»,
ультиматная техника, с помощью которой он
направляет свой ZERO-ARMS: Ороти, лезвие
света, к небесам, превращая лезвие в
разрушительную молнию, которая затем
обрушивается на мир.","Сусаноомон известен в восточном фольклоре как
ультиматный бог разрушения и правитель
регенерации. Говорят, что он появляется, когда
в Сети возникают аномалии, аннулируя
существующую систему и строя новую на ее
месте. Особые приёмы Сусаноомона — «Ама
но Хабакири», которое рассекает все и вся под
небом лезвием света, выпущенным из его
ZERO-ARMS: Ороти, и «Якуса но Икадзути»,
ультиматная техника, с помощью которой он
направляет свой ZERO-ARMS: Ороти, лезвие
света, к небесам, превращая лезвие в
разрушительную молнию, которая затем
обрушивается на мир."
2,latin_mixed,patch_text01,text/digimon_profile.mbe/000_Sheet1.csv,digimon_0168_profile,130,,XII,"Член Олимпос XII, бог, властвующий над
небесами, и дигимон, управляющий громом и
погодой. Юпитермон всегда судит добро и зло на
поле боя, карая нечестивых божественным
наказанием. Такой суд вершится беспристрастно,
без эмоций. Те, кто не согласен с решением
Юпитермона, могут бросить ему вызов и отменить
приговор победой, но пока никому это не
удавалось. Он может ударить молотами на обеих
руках друг о друга и призвать небольшие грозовые
тучи. Приёмом «Паниш Джадж» он бьёт противника
молотом, выжигает метку на его теле и откладывает
наказание. Когда Юпитермон решает исполнить
приговор, он обрушивает на врага молнию
чрезвычайно высокого напряжения. Его предельный
особый приём «Вайд Пласмент» превращает тело в
сверхвысоковольтную плазму. Так он карает всё
вокруг себя, испепеляя каждого, кого коснётся.","Член Олимпос XII, бог, председательствующий на
небесах, и дигимон, управляющий громом и
погодой. Юпитермон всегда судит добро и зло на
поле боя, верша божественное наказание над
нечестивыми. Такой суд совершается равнодушно,
без эмоций. Те, кто не согласен с решением
Юпитермона, могут бросить ему вызов и отменить
приговор в случае победы, но на данный момент
никто никогда не совершал этот подвиг. Он
может хлопнуть молотами на обеих руках вместе,
чтобы призвать маленькие грозовые тучи. Он
использует «Паниш Джадж», чтобы ударить
противника своим молотом, выгравировать метку
на его теле и отложить его наказание. Когда
Юпитермон решает привести говорят наказание в
исполнение, приговор приводится в исполнение
ударом по тому врагу чрезвычайно высоковольтной
молнией. Он использует свое ультиматное
особый приём «Вайд Пласмент», чтобы
изменить свое тело на сверхвысоковольтную
плазму. Это наносит божественное наказание на
область вокруг Юпитермона, распадающийся любого
и все, к чему он прикасается."
2,latin_mixed,patch_text01,text/digimon_profile.mbe/000_Sheet1.csv,digimon_0170_profile,132,,XII,"Партнер Юпитермона и одна из Олимпос XII.
На поле боя Юномон выступает любящей
защитницей Юпитермона: она постоянно
предсказывает, обнаруживает и уничтожает
мятежников, осмелившихся противиться его
воле. Похоже, благодаря невероятно нежному
характеру и глубокой любви к Юпитермону она
прекрасно знает все его привычки. Особые
приемы Юномон - «Нидл Хайв», пронзающий
врагов катарами на ее руках, и «Грейсфул
Ланс», при котором разумные копья атакуют
врагов вокруг нее.","Партнер Юпитермона и одна из Олимпос XII.
На поле боя Юномон выступает любящей
защитницей Юпитермона: она постоянно
предсказывает, обнаруживает и уничтожает
мятежников, осмелившихся противиться его
воле. Похоже, благодаря невероятно нежному
характеру и глубокой любви к Юпитермону она
прекрасно знает все его привычки. Особые
приемы Юномон - «Нидл Хайв», пронзающий
врагов катарами на ее руках, и «Грейсфул
Ланс», при котором разумные копья атакуют
врагов вокруг нее."
2,latin_mixed,patch_text01,text/digimon_profile.mbe/000_Sheet1.csv,digimon_0172_profile,134,,XII,"Этот сострадательный дигимон управляет силой
любви и является одной из Олимпос XII. Даже на
самых бесплодных пустошах, куда бы Венусмон ни
пошла, прекрасный цветы расцветают, и земля
вокруг нее обновляется юной энергией. Многие
дигимоны поклоняются Венусмон из-за ее красоты
и чистоты. Надевая повязку на глаза, она
способна воспринимать мир таким, какой он
есть, своим мысленным взором, видя сквозь
любую ложь или обман. Сокрытие ее глаз также
подавляет ее ауру очарование, удваиваясь как акт
внимательности и уменьшая количество
дигимонов, которые в противном случае падали
бы в обморок в ее облик. У Венусмон есть
два маленьких, но постоянных спутника, птица
Олив и гребешок Хотан, и трое друзей
поддерживают открытый и оживленный разговор.
Поскольку Венусмон — дигимон, управляющий
любовью, каждое ее действие в бою успокаивает
сердца ее противников. С помощью «ЛАВ Ю» она
может заставить врага потерять сознание,
послав ему воздушный поцелуй и заставив его
сердце пропустить удар. Если ее птица Олив
клюнет врага по голове, он попадает под чары
«Пис Фантазия», которые могут успокоить сердце
даже самого свирепого зверя.","Этот сострадательный дигимон управляет силой
любви и является одной из Олимпос XII. Даже на
самых бесплодных пустошах, куда бы Венусмон ни
пошла, прекрасный цветы расцветают, и земля
вокруг нее обновляется юной энергией. Многие
дигимоны поклоняются Венусмон из-за ее красоты
и чистоты. Надевая повязку на глаза, она
способна воспринимать мир таким, какой он
есть, своим мысленным взором, видя сквозь
любую ложь или обман. Сокрытие ее глаз также
подавляет ее ауру очарование, удваиваясь как акт
внимательности и уменьшая количество
дигимонов, которые в противном случае падали
бы в обморок в ее облик. У Венусмон есть
два маленьких, но постоянных спутника, птица
Олив и гребешок Хотан, и трое друзей
поддерживают открытый и оживленный разговор.
Поскольку Венусмон — дигимон, управляющий
любовью, каждое ее действие в бою успокаивает
сердца ее противников. С помощью «ЛАВ Ю» она
может заставить врага потерять сознание,
послав ему воздушный поцелуй и заставив его
сердце пропустить удар. Если ее птица Олив
клюнет врага по голове, он попадает под чары
«Пис Фантазия», которые могут успокоить сердце
даже самого свирепого зверя."
2,latin_mixed,patch_text01,text/digimon_profile.mbe/000_Sheet1.csv,digimon_0173_profile,135,,XII,"Одна из Олимпос XII и Божественный дигимон,
обладающий энергией пламени, эквивалент самой
силе солнца. Эта впечатляющий сила, способная
расплавить и очистить любое вещество, такова,
что даже Аполломон — со всем его интенсивный пылом
и гордостью — едва может ее сдерживать.
Особые приёмы Аполломона — «Сол
Бластер», которое выпускает ослепительный
солнечный шар, сформированный из сферы пламени
на его спине, и «Фебус Блоу», которое
концентрирует всю его скрытую силу в один
удар.","Одна из Олимпос XII и Божественный дигимон,
обладающий энергией пламени, эквивалент самой
силе солнца. Эта впечатляющий сила, способная
расплавить и очистить любое вещество, такова,
что даже Аполломон — со всем его интенсивный пылом
и гордостью — едва может ее сдерживать.
Особые приёмы Аполломона — «Сол
Бластер», которое выпускает ослепительный
солнечный шар, сформированный из сферы пламени
на его спине, и «Фебус Блоу», которое
концентрирует всю его скрытую силу в один
удар."
2,latin_mixed,patch_text01,text/digimon_profile.mbe/000_Sheet1.csv,digimon_0174_profile,136,,XII,"Этот бог войны-дигимон, напоминающий
человека-леопарда, является одной из
загадочных Олимпос XII, которые обладают
способностями, соперничающими даже с Королевскими
Рыцарей, божеств-хранителей Сети. Каждая из
Олимпос XII защищает свой собственный регион,
действуя в тени и сохраняя нейтральную позицию
во время инцидентов в Цифровом Мире. Марсмон
хорошо понимает все виды рукопашных техник в
мире — включая навыки, использующие нечестную
игру — и обладает абсолютной уверенностью в
любом бою один на один против подобных себе.
Он полагается в основном на приемы рестлинга,
но его сосредоточенность на победе и славу означает, что
он будет выхватывать скрытое оружие, такое как
его «Трая Наклз» или «Метал Котурнус», когда
оказывается в затруднительном положении. И всё же, Марсмон проявляет свою истинную силу,
когда сражается голыми руками и ногами. Его
особый приём «Корона Сэнкшнс» — это
славный техника убийства в воздухе, которая
облачает Марсмон в пламя.","Этот бог войны-дигимон, напоминающий
человека-леопарда, является одной из
загадочных Олимпос XII, которые обладают
способностями, соперничающими даже с Королевскими
Рыцарей, божеств-хранителей Сети. Каждая из
Олимпос XII защищает свой собственный регион,
действуя в тени и сохраняя нейтральную позицию
во время инцидентов в Цифровом Мире. Марсмон
хорошо понимает все виды рукопашных техник в
мире — включая навыки, использующие нечестную
игру — и обладает абсолютной уверенностью в
любом бою один на один против подобных себе.
Он полагается в основном на приемы рестлинга,
но его сосредоточенность на победе и славу означает, что
он будет выхватывать скрытое оружие, такое как
его «Трая Наклз» или «Метал Котурнус», когда
оказывается в затруднительном положении. И всё же, Марсмон проявляет свою истинную силу,
когда сражается голыми руками и ногами. Его
особый приём «Корона Сэнкшнс» — это
славный техника убийства в воздухе, которая
облачает Марсмон в пламя."
2,latin_mixed,patch_text01,text/digimon_profile.mbe/000_Sheet1.csv,digimon_0176_profile,137,,XII,"Одна из Олимпос XII, Цересмон — гигантская
птица-дигимон, несущая на спине лес Карпос
Хуле, славившийся своими плодами, известными
как самый сладкий деликатес в Цифровом Мире. С
телом, состоящим из гигантских скал и
плодородной почвы, Цересмон в полете больше
всего напоминает плавучий остров. Истинная форма Цересмон — Цересмон
Медиум — находится во главе острова. Цересмон
Медиум обладает почти никакой боевой
способностью и редко появляется перед другими.
Однако в редких случаях он, по-видимому,
показывает себя тем, кому доверяет, не приводя
с собой гигантскую птицу. Цересмон Медиум
обладает мягким характером и сердцем,
переполненным состраданием. Он предлагает
голодным дигимонам фрукты из Карпос Хуле и
позволяет раненым дигимонам укрыться в лесу,
пока они не восстановятся. Однако, если кто-то
окажется неблагодарным за щедрость природы,
нанесет вред деревьям или осквернит землю ради
забавы, природа Цересмон Медиума меняется, и
он становится по-настоящему ужасным лесным демоном.
Особый приём Цересмон — «Айленд
Фрифол», которым оно врезается своим массивным
телом прямо во врага, посылая мощные толчки и
яростные ветры, бурлящий на широкой область вокруг
места падения. Цересмон также имеет «Бернинг
Блад Шелл», которое выстреливает огромный,
обжигающий шар магмы из его рта.","Одна из Олимпос XII, Цересмон — гигантская
птица-дигимон, несущая на спине лес Карпос
Хуле, славившийся своими плодами, известными
как самый сладкий деликатес в Цифровом Мире. С
телом, состоящим из гигантских скал и
плодородной почвы, Цересмон в полете больше
всего напоминает плавучий остров. Цересмон
Медиум, который является истинной формой
Цересмон, находится во главе острова. Цересмон
Медиум обладает почти никакой боевой
способностью и редко появляется перед другими.
Однако в редких случаях он, по-видимому,
показывает себя тем, кому доверяет, не приводя
с собой гигантскую птицу. Цересмон Медиум
обладает мягким характером и сердцем,
переполненным состраданием. Он предлагает
голодным дигимонам фрукты из Карпос Хуле и
позволяет раненым дигимонам укрыться в лесу,
пока они не восстановятся. Однако, если кто-то
окажется неблагодарным за щедрость природы,
нанесет вред деревьям или осквернит землю ради
забавы, природа Цересмон Медиума меняется, и
он становится по-настоящему ужасным лесным демоном.
Особый приём Цересмон — «Айленд
Фрифол», которым оно врезается своим массивным
телом прямо во врага, посылая мощные толчки и
яростные ветры, бурлящий на широкой область вокруг
места падения. Цересмон также имеет «Бернинг
Блад Шелл», которое выстреливает огромный,
обжигающий шар магмы из его рта."
2,latin_mixed,patch_text01,text/digimon_profile.mbe/000_Sheet1.csv,digimon_0178_profile,139,,XII,"Этот бог-кузнец дигимонов является одним из
Олимпос XII. Вулканусмон ответственен за
создание большинства известнейшего оружия
Цифрового мира, включая печально известные
любимые дробовики Бельзебмона «Беренджена».
Вулканусмон обладает духом истинного мастера,
наряду с упрямым характером. Он оценивает всех
своих клиентов, и если считает, что они не
смогут освоить или не будут ценить оружие,
которое они запросили, он отказывает им. Даже
когда Вулканусмон соглашается сделать оружие,
он соотносит качество своей работы со своим
впечатлением о владельце. Тем не менее,
Вулканусмон был настолько впечатлен силой
Бельзебмона, что усердно трудился, чтобы
создать исключительное оружие, когда создавал
Беренджену. Вулканусмон предпочитает, чтобы
его оставили в покое, работая своими восемью
руками, но также может использовать свое
мастерство как ремесленника в бою. Своим
специальным движением «Пинпоинт Уэпон Воркс»
он мастерски использует свой огненный
сварочный аппарат «Бомбер Арт», чтобы
мгновенно создать идеальное оружие для любой
боевой ситуации. Когда он действительно хочет
выложиться по полной, он использует
«Эпроприэйт Воркс», который многократно
использует «Пинпоинт Уэпон Воркс», чтобы
выковать оружие для каждой из своих восьми
рук. Несмотря на все это, собственная боевая
способность Вулканусмона не особенно
высока, и он предпочитает избегать боя
когда бы ни возможно.","Этот бог-кузнец дигимонов является одним из
Олимпос XII. Вулканусмон ответственен за
создание большинства известнейшего оружия
Цифрового мира, включая печально известные
любимые дробовики Бельзебмона «Беренджена».
Вулканусмон обладает духом истинного мастера,
наряду с упрямым характером. Он оценивает всех
своих клиентов, и если считает, что они не
смогут освоить или не будут ценить оружие,
которое они запросили, он отказывает им. Даже
когда Вулканусмон соглашается сделать оружие,
он соотносит качество своей работы со своим
впечатлением о владельце. Тем не менее,
Вулканусмон был настолько впечатлен силой
Бельзебмона, что усердно трудился, чтобы
создать исключительное оружие, когда создавал
Беренджену. Вулканусмон предпочитает, чтобы
его оставили в покое, работая своими восемью
руками, но также может использовать свое
мастерство как ремесленника в бою. Своим
специальным движением «Пинпоинт Уэпон Воркс»
он мастерски использует свой огненный
сварочный аппарат «Бомбер Арт», чтобы
мгновенно создать идеальное оружие для любой
боевой ситуации. Когда он действительно хочет
выложиться по полной, он использует
«Эпроприэйт Воркс», который многократно
использует «Пинпоинт Уэпон Воркс», чтобы
выковать оружие для каждой из своих восьми
рук. Несмотря на все это, собственная боевая
способность Вулканусмона не особенно
высока, и он предпочитает избегать боя
когда бы ни возможно."
2,latin_mixed,patch_text01,text/digimon_profile.mbe/000_Sheet1.csv,digimon_0179_profile,140,,XII,"Одна из Олимпос XII, этот дигимон хвастается,
что он самый тяжелый пьяница Цифрового мира.
Бахусмон имеет веселый нрав и хорошо подходит
для заботы о других. Днем или ночью, он всегда
стремится собрать вместе дигимонов уровня
Ребёнок и Чемпион, чтобы устроить вечеринку.
Бахусмон обладает способностью производить
любую форму алкоголя внутри своего тела, и
если ему понравится другой дигимон на одной из
этих вечеринок, известно, что он предложит ему
напиток по его выбору. Сам Бахусмон имеет вкус
к фруктовым винам, его любимый сорт
производится из ферментированных фруктов
Карпос Хуле, леса, который несет на спине
Цересмон. Всякий раз, когда у Бахусмона есть
свободная минута, он умоляет Цересмон сделать
ему немного фруктового вина. Из-за этого пара
находится в очень хороших отношениях, и их
часто видят вместе. Особый приём
Бахусмона — «Кук оф зе Абисс», которым он
обхватывает врага руками, изменяет его
композиционные данные на подходящую закуску и
затем съедает его. Бахусмон также имеет «Парти
оф зе Хевенс», которым он производит форму
алкоголя, содержащего яды, которые могут
вызывать сонливость и паралич, а затем
обстреливает врагов этим зельем, чтобы
ошеломить их. Более того, данные яда, которые
он производит, являются одним из предметов
исследования Команды Раскола. Существует ряд
надежный слухов, которые предполагают, что
данные яда Бахусмона связаны с разработкой
бактериологического оружия и планов громких
убийств.","Одна из Олимпос XII, этот дигимон хвастается,
что он самый тяжелый пьяница Цифрового мира.
Бахусмон имеет веселый нрав и хорошо подходит
для заботы о других. Днем или ночью, он всегда
стремится собрать вместе дигимонов уровня
Ребёнок и Чемпион, чтобы устроить вечеринку.
Бахусмон обладает способностью производить
любую форму алкоголя внутри своего тела, и
если ему понравится другой дигимон на одной из
этих вечеринок, известно, что он предложит ему
напиток по его выбору. Сам Бахусмон имеет вкус
к фруктовым винам, его любимый сорт
производится из ферментированных фруктов
Карпос Хуле, леса, который несет на спине
Цересмон. Всякий раз, когда у Бахусмона есть
свободная минута, он умоляет Цересмон сделать
ему немного фруктового вина. Из-за этого пара
находится в очень хороших отношениях, и их
часто видят вместе. Особый приём
Бахусмона — «Кук оф зе Абисс», которым он
обхватывает врага руками, изменяет его
композиционные данные на подходящую закуску и
затем съедает его. Бахусмон также имеет «Парти
оф зе Хевенс», которым он производит форму
алкоголя, содержащего яды, которые могут
вызывать сонливость и паралич, а затем
обстреливает врагов этим зельем, чтобы
ошеломить их. Более того, данные яда, которые
он производит, являются одним из предметов
исследования Команды Раскола. Существует ряд
надежный слухов, которые предполагают, что
данные яда Бахусмона связаны с разработкой
бактериологического оружия и планов громких
убийств."
2,latin_mixed,patch_text01,text/digimon_profile.mbe/000_Sheet1.csv,digimon_0180_profile,141,,XII,"Дигимон, который правит царством мертвых и
использует страх и насилие, чтобы
терроризировать злодеев. Плутомон, окутанный
глубокой тенью, крадется по земле в поисках
злодеев и преступников, которые заслуживают
быть отправленными в царство мертвых. Плутомон
наслаждается, пережевывая злодеев своими
пастями, заполненными рядами острых клыков, и
издает зловещий стрекочущий звук, выслеживая
свою добычу. Сочетание этого и его грозной
внешности пугает даже хороших дигимонов. Все
способности Плутомона обладают тревожной
силой, чтобы швырять злодеев вниз, в царство
мертвых. В одном из этих движений, «Хеллз
Гейт», из тьмы появляется гигантская пасть и
проглатывает врагов целиком, и их данные
разбираются на лоскуты. Ход «Хаггард Кластер»
заставляет клыки на его груди выпустить тьму,
которая поглощает и испаряет любое вещество на
своем пути. Плутомон разделяет цель наказания
зла с Юпитермоном из Олимпос XII. Однако между
ними существует давняя вражда, потому что
Юпитермон не одобряет жестоких методов
Плутомона.","Дигимон, который правит царством мертвых и
использует страх и насилие, чтобы
терроризировать злодеев. Плутомон, окутанный
глубокой тенью, крадется по земле в поисках
злодеев и преступников, которые заслуживают
быть отправленными в царство мертвых. Плутомон
наслаждается, пережевывая злодеев своими
пастями, заполненными рядами острых клыков, и
издает зловещий стрекочущий звук, выслеживая
свою добычу. Сочетание этого и его грозной
внешности пугает даже хороших дигимонов. Все
способности Плутомона обладают тревожной
силой, чтобы швырять злодеев вниз, в царство
мертвых. В одном из этих движений, «Хеллз
Гейт», из тьмы появляется гигантская пасть и
проглатывает врагов целиком, и их данные
разбираются на лоскуты. Ход «Хаггард Кластер»
заставляет клыки на его груди выпустить тьму,
которая поглощает и испаряет любое вещество на
своем пути. Плутомон разделяет цель наказания
зла с Юпитермоном из Олимпос XII. Однако между
ними существует давняя вражда, потому что
Юпитермон не одобряет жестоких методов
Плутомона."
2,latin_mixed,patch_text01,text/digimon_profile.mbe/000_Sheet1.csv,digimon_0181_profile,142,,"DX, XII","Божественный дигимон и член Олимпос XII,
напоминающий женщину. Мервамон — это форма
Миневрамона, которая накопила опыт и
достижения с течением времени, и у нее гораздо
более спокойный и зрелый характер по сравнению
с ее предыдущей формой. Она стала стремиться к
элегантности и очарованию — наблюдаемому в
изобилии как в ее манерах, так и в поведении —
и излучает чувственность в свое окружение. Она
даже ищет очарование в битве, исполняя
утонченный, грациозный танец, чтобы очаровать
тех, кто на него смотрит. Вот почему более чем
несколько дигимонов становятся поклонниками
Мервамон, наблюдая этот танец. «Любовный Яд»,
распыляемый из рта Меддулии на ее левой руке,
очаровывает любого, кто его вдохнет, позволяя
Мервамон выжать из них жизнь. «Маднесс
Мерри-Го-Раунд DX» — это вращающийся удар ее
большим мечом «Олимпия Кай» и Меддулией,
создающий торнадо, который мгновенно разрывает
на части любого врага, которого он коснется.","Божественный дигимон и член Олимпос XII,
напоминающий женщину. Мервамон — это форма
Миневрамона, которая накопила опыт и
достижения с течением времени, и у нее гораздо
более спокойный и зрелый характер по сравнению
с ее предыдущей формой. Она стала стремиться к
элегантности и очарованию — наблюдаемому в
изобилии как в ее манерах, так и в поведении —
и излучает чувственность в свое окружение. Она
даже ищет очарование в битве, исполняя
утонченный, грациозный танец, чтобы очаровать
тех, кто на него смотрит. Вот почему более чем
несколько дигимонов становятся поклонниками
Мервамон, наблюдая этот танец. «Любовный Яд»,
распыляемый из рта Меддулии на ее левой руке,
очаровывает любого, кто его вдохнет, позволяя
Мервамон выжать из них жизнь. «Маднесс
Мерри-Го-Раунд DX» — это вращающийся удар ее
большим мечом «Олимпия Кай» и Меддулией,
создающий торнадо, который мгновенно разрывает
на части любого врага, которого он коснется."
2,latin_mixed,patch_text01,text/digimon_profile.mbe/000_Sheet1.csv,digimon_0231_profile,180,,REM-,"Дигимон, напоминающий «баку», существо в
японском фольклоре, которое ест сны.
Считается, что он рожден из медицинского
компьютера, который отслеживает мозговые
волны, Тапирмон, по-видимому, питается данными
REM-сна человека. В последнем раунде
исследований также было обнаружено, что он
обладает способностью стирать кошмары и
компьютерные вирусы. Поскольку он также может
возвращать эти кошмары и вирусы в безвредное
состояние, считается, что он является Святым
дигимоном. Святое Кольцо, которое он носит на
одной из своих передних ног, кажется вероятно,
связано как с его особыми способностями, так и
со Святой природой. Особый приём
Тапирмона — «Найтмер Синдром», которое
выпускает все поглощенные им кошмары сразу,
чтобы ужаснуть его противников. Это то же
особый приём, что и у дигимона уровня
Совершенный, Дигитамамона, но то, как они
могут быть связаны, остается загадкой.","Дигимон, напоминающий «баку», существо в
японском фольклоре, которое ест сны.
Считается, что он рожден из медицинского
компьютера, который отслеживает мозговые
волны, Тапирмон, по-видимому, питается данными
REM-сна человека. В последнем раунде
исследований также было обнаружено, что он
обладает способностью стирать кошмары и
компьютерные вирусы. Поскольку он также может
возвращать эти кошмары и вирусы в безвредное
состояние, считается, что он является Святым
дигимоном. Святое Кольцо, которое он носит на
одной из своих передних ног, кажется вероятно,
связано как с его особыми способностями, так и
со Святой природой. Особый приём
Тапирмона — «Найтмер Синдром», которое
выпускает все поглощенные им кошмары сразу,
чтобы ужаснуть его противников. Это то же
особый приём, что и у дигимона уровня
Совершенный, Дигитамамона, но то, как они
могут быть связаны, остается загадкой."
2,latin_mixed,patch_text01,text/digimon_profile.mbe/000_Sheet1.csv,digimon_0365_profile,227,,X-,"Мифический Дракон-дигимон, который обрел
первоначальную силу Виимона и
эволюционировал до уровня Чемпион.
ЭкcВиимон — это чистокровная порода
Виидрамона, которая, как говорят, является
производным видом. Атаки с его развитой силой
рук и ног способны разрушить гору валунов без
следа. Его боятся за эту разрушительную силу,
но на самом деле у него сильное чувство
справедливости, и он не использует свою мощь
безрассудно. Особый приём ЭкcВиимона
«Вии Лазер» выпускает энергетический луч из
X-образной метки на его груди.","Мифический Дракон-дигимон, который обрел
первоначальную силу Виимона и
эволюционировал до уровня Чемпион.
ЭкcВиимон — это чистокровная порода
Виидрамона, которая, как говорят, является
производным видом. Атаки с его развитой силой
рук и ног способны разрушить гору валунов без
следа. Его боятся за эту разрушительную силу,
но на самом деле у него сильное чувство
справедливости, и он не использует свою мощь
безрассудно. Особый приём ЭкcВиимона
«Вии Лазер» выпускает энергетический луч из
X-образной метки на его груди."
2,latin_mixed,patch_text01,text/digimon_profile.mbe/000_Sheet1.csv,digimon_0397_profile,255,,V-,"Мифический Древний дигимон, который, как
говорят, существовал только на Фолдер
Континенте в обширный просторах Цифрового мира.
Виидрамон чрезвычайно ценен для Объединителей
дигимонов и редко встречается, даже на Фолдер
Континенте. Говорят, что только один
Объединитель когда-либо смог завоевать этого
дигимона. Помимо V-образной метки на его
груди, за которую он назван, о Виидрамоне или
его окружающей экосистеме известно немного.
Его иногда по какой-то причине принимают за
собаку. Он обладает исключительный атакующей
силой для дигимона уровня Чемпион, проявляя
силу, даже превосходящую силу Ультимата, когда
дело доходит до крайности. Он использует свое
особый приём «Ви-Нова Бласт», чтобы
выстрелить высокотемпературным тепловым лучом
из своего рта.","Мифический Древний дигимон, который, как
говорят, существовал только на Фолдер
Континенте в обширный просторах Цифрового мира.
Виидрамон чрезвычайно ценен для Объединителей
дигимонов и редко встречается, даже на Фолдер
Континенте. Говорят, что только один
Объединитель когда-либо смог завоевать этого
дигимона. Помимо V-образной метки на его
груди, за которую он назван, о Виидрамоне или
его окружающей экосистеме известно немного.
Его иногда по какой-то причине принимают за
собаку. Он обладает исключительный атакующей
силой для дигимона уровня Чемпион, проявляя
силу, даже превосходящую силу Ультимата, когда
дело доходит до крайности. Он использует свое
особый приём «Ви-Нова Бласт», чтобы
выстрелить высокотемпературным тепловым лучом
из своего рта."
2,latin_mixed,patch_text01,text/digimon_profile.mbe/000_Sheet1.csv,digimon_0417_profile,274,,V-,"УльфорсВиидрамон — легендарный Святой
Рыцарь-дигимон, появляющийся только в
пророчестве, переданном из Древнего Цифрового
Мира. Появление Королевских Рыцарей, святых
защитников Сети, было написано в этом
пророчестве, и говорят, что члены Королевских
Рыцарей все соберутся из-за этого пророчества,
когда Цифровой мир столкнется со своим
величайшим кризисом. Даже среди Королевских
Рыцарей, скорость УльфорсВиидрамона
исключительный, такова, что невозможно следить за
его движениями. У него V-Браслеты на обеих
руках, и он облачен в броню из Синего
Дигизоида, чрезвычайно редкого металла, позволяя
ему стрелять сквозь небо и мчаться по земле.
Его особый приём — «Зе Рэй оф
Виктори», которым он выпускает луч энергии из
V-образной брони на своей груди, чтобы стереть
прочь врагов.","УльфорсВиидрамон — легендарный Святой
Рыцарь-дигимон, появляющийся только в
пророчестве, переданном из Древнего Цифрового
Мира. Появление Королевских Рыцарей, святых
защитников Сети, было написано в этом
пророчестве, и говорят, что члены Королевских
Рыцарей все соберутся из-за этого пророчества,
когда Цифровой мир столкнется со своим
величайшим кризисом. Даже среди Королевских
Рыцарей, скорость УльфорсВиидрамона
исключительный, такова, что невозможно следить за
его движениями. У него V-Браслеты на обеих
руках, и он облачен в броню из Синего
Дигизоида, чрезвычайно редкого металла, позволяя
ему стрелять сквозь небо и мчаться по земле.
Его особый приём — «Зе Рэй оф
Виктори», которым он выпускает луч энергии из
V-образной брони на своей груди, чтобы стереть
прочь врагов."
2,latin_mixed,patch_text01,text/digimon_profile.mbe/000_Sheet1.csv,digimon_0440_profile,292,,XII,"Контратакующий Титан, рожденный из обиды
дигимона, побежденного Олимпос XII в борьбе за
превосходство над Цифровым Миром. Также известный
под псевдонимом «Дивизия одного человека»,
Титамон хранит бездонную энергию обиды в своем
могучем теле. Он перебегает с поля боя на поле
боя, все в погоня голов членов Олимпос XII.
Огромные руки Титамона покрыты большим
количеством черепов, каждый из которых
сформирован из данных силы, похищенных у
павших врагов. Его гигантский медный меч
«Дзанзинтоу» вырезан из костей СкаллГреймона,
и злоба, обитающая внутри клинка, издает
низкий рык. Особый приём Титамона
«Соул Кор Атак» рассекает прямой через броню
и тело врага, рассекая его ДигиЯдро напрямую
своим клинком. Урон, полученный от прямого
попадания, никогда не исцеляется.
«Фантом Блейд» пронзает врага Дзанзинтоу,
погружая его в галлюцинацию, что он остается
пронзенным даже после того, как клинок
вытащен. Боль от этого удара стихает только со
смертью духа врага.","Контратакующий Титан, рожденный из обиды
дигимона, побежденного Олимпос XII в борьбе за
превосходство над Цифровым Миром. Также известный
под псевдонимом «Дивизия одного человека»,
Титамон хранит бездонную энергию обиды в своем
могучем теле. Он перебегает с поля боя на поле
боя, все в погоня голов членов Олимпос XII.
Огромные руки Титамона покрыты большим
количеством черепов, каждый из которых
сформирован из данных силы, похищенных у
павших врагов. Его гигантский медный меч
«Дзанзинтоу» вырезан из костей СкаллГреймона,
и злоба, обитающая внутри клинка, издает
низкий рык. Особый приём Титамона
«Соул Кор Атак» рассекает прямой через броню
и тело врага, рассекая его ДигиЯдро напрямую
своим клинком. Урон, полученный от прямого
попадания, никогда не исцеляется.
«Фантом Блейд» пронзает врага Дзанзинтоу,
погружая его в галлюцинацию, что он остается
пронзенным даже после того, как клинок
вытащен. Боль от этого удара стихает только со
смертью духа врага."
2,latin_mixed,patch_text01,text/digimon_profile.mbe/000_Sheet1.csv,digimon_0604_profile,344,,XII,"Мифический Дигимон-Галактика, который, как
говорят, появился, когда беспрецедентный
кризис обрушился на Цифровой мир Илиада.
Столкновение противоположных сил солнечной и
лунной энергии заставляет ГрейсНовамон
генерировать энергию уровня Большого Взрыва
внутри своего тела. Он возник, когда Аполломон
и Дианамон из Олимпос XII слились вместе. В
результате, считается, что сам ГрейсНовамон
является галактикой, и полный объем его данных
невозможно точно измерить. Его особые приемы —
Палец Затмения, который концентрирует энергию,
усиленную внутри его тела, в его руках,
заставляя врагов плавиться, когда он касается
их, и Калидонский Лук, который выпускает
восемь лезвий Мелеагроса на его спине, чтобы
найти и уничтожить своих врагов.","Мифический Дигимон-Галактика, который, как
говорят, появился, когда беспрецедентный
кризис обрушился на Цифровой мир Илиада.
Столкновение противоположных сил солнечной и
лунной энергии заставляет ГрейсНовамон
генерировать энергию уровня Большого Взрыва
внутри своего тела. Он возник, когда Аполломон
и Дианамон из Олимпос XII слились вместе. В
результате, считается, что сам ГрейсНовамон
является галактикой, и полный объем его данных
невозможно точно измерить. Его особые приемы —
Палец Затмения, который концентрирует энергию,
усиленную внутри его тела, в его руках,
заставляя врагов плавиться, когда он касается
их, и Калидонский Лук, который выпускает
восемь лезвий Мелеагроса на его спине, чтобы
найти и уничтожить своих врагов."
2,latin_mixed,patch_text01,text/digimon_profile.mbe/000_Sheet1.csv,digimon_0710_profile,391,,"D-VI'S, xx","Зверь-человек Дигимон, эволюционировавший из
Терриермона, это особый Дигимон-Охотник.
Быстрее, чем можно предположить по его
внешности, Гальгомон поражает своих врагов с
непревзойдённой точностью и аккуратностью. Его
мощные ноги позволяют ему высоко прыгать в
воздух, в какой момент он расправляет уши,
чтобы планировать. По натуре весёлый, Гальгомон
может выйти из-под контроля, если разозлится.
Он одержим своими любимыми джинсами «D-VI'S
503xx». Он использует свой специальный приём
«Апперкот Гатлинга», чтобы приблизиться к
врагу и нанести удар снизу своей
Рукой-Гатлингом.","Зверь-человек Дигимон, эволюционировавший из
Терриермона, это особый Дигимон-Охотник.
Быстрее, чем можно предположить по его
внешности, Гальгомон поражает своих врагов с
непревзойдённой точностью и аккуратностью. Его
мощные ноги позволяют ему высоко прыгать в
воздух, в какой момент он расправляет уши,
чтобы планировать. По натуре весёлый, Гальгомон
может выйти из-под контроля, если разозлится.
Он одержим своими любимыми джинсами «D-VI'S
503xx». Он использует свой специальный приём
«Апперкот Гатлинга», чтобы приблизиться к
врагу и нанести удар снизу своей
Рукой-Гатлингом."
2,latin_mixed,patch_text01,text/digimon_profile.mbe/000_Sheet1.csv,digimon_0733_profile,409,,XII,"Одна из Олимпос XII, Дианамон — Божественный
Дигимон, который контролирует воду и лёд,
позволяя ему сражаться даже в условиях
абсолютного нуля. Его личность двусторонняя,
как светлая и тёмная стороны луны, и его
красота скрывает грозную силу. Дианамон
использует свой специальный приём «Стрела
Артемиды», чтобы натянуть и выстрелить длинной
стрелой из ослепительного льда из выступа на
своей спине. Он также использует «Спокойной
Ночи, Луна», чтобы окутать своего врага лунным
светом, выпущенным из Сестёр Спокойной Ночи на
обеих ногах, усыпляя его.","Одна из Олимпос XII, Дианамон — Божественный
Дигимон, который контролирует воду и лёд,
позволяя ему сражаться даже в условиях
абсолютного нуля. Его личность двусторонняя,
как светлая и тёмная стороны луны, и его
красота скрывает грозную силу. Дианамон
использует свой специальный приём «Стрела
Артемиды», чтобы натянуть и выстрелить длинной
стрелой из ослепительного льда из выступа на
своей спине. Он также использует «Спокойной
Ночи, Луна», чтобы окутать своего врага лунным
светом, выпущенным из Сестёр Спокойной Ночи на
обеих ногах, усыпляя его."
2,latin_mixed,patch_text01,text/digimon_profile.mbe/000_Sheet1.csv,digimon_0737_profile,412,,"Accel, Arm, Blitz, Critical","Героический Дигимон в развевающемся красном
шарфе. Горя чувством справедливости, этот
Дигимон никогда не оставляет без внимания
несправедливость или злодеяния, что делает его
любимцем Дигимонов в Стадии Развития.
Джастимон приходит как ветер, обрушивает
железный молот правосудия и затем исчезает так
же быстро. Также, кажется, ему нравится
принимать позу на утёсе, спиной к заходящему
солнцу. Переключение между тремя штекерами
Расширенного Передатчика, оборудованного на
его спине, позволяет ему чередовать силовой
тип Accel Arm, электрический тип Blitz Arm и
режущий тип Critical Arm. Его фирменный приём
«Троичная Рука» позволяет Джастимону
переключаться между своими тремя руками, а
специальный приём «Удар Правосудия» может
похвастаться более чем 45 тоннами
разрушительной силы.","Героический Дигимон в развевающемся красном
шарфе. Горя чувством справедливости, этот
Дигимон никогда не оставляет без внимания
несправедливость или злодеяния, что делает его
любимцем Дигимонов в Стадии Развития.
Джастимон приходит как ветер, обрушивает
железный молот правосудия и затем исчезает так
же быстро. Также, кажется, ему нравится
принимать позу на утёсе, спиной к заходящему
солнцу. Переключение между тремя штекерами
Расширенного Передатчика, оборудованного на
его спине, позволяет ему чередовать силовой
тип Accel Arm, электрический тип Blitz Arm и
режущий тип Critical Arm. Его фирменный приём
«Троичная Рука» позволяет Джастимону
переключаться между своими тремя руками, а
специальный приём «Удар Правосудия» может
похвастаться более чем 45 тоннами
разрушительной силы."
2,latin_mixed,patch_text01,text/digimon_profile.mbe/000_Sheet1.csv,digimon_0747_profile,421,,XII,"Божественный Дигимон и член Олимпос XII,
который напоминает молодую девушку. Несмотря
на совсем небольшое телосложение
Минервамона, этот невероятно сильный Дигимон
способен орудовать огромный меч размером с его
собственное тело. Хотя этот Дигимон невинен и
весел, как молодая девушка, его настроение
может дико колебаться. Когда он в плохом
настроении, его поведение быстро становится
расстроенным и своевольным (то есть,
«проблематичным») таким образом, что выходит
из-под контроля. Минервамон использует свой
специальный приём «Ударный Кувырок», чтобы
обрушить накатывающий удар вперёд от своего
огромного меча Олимпия, и «Безумная Карусель»,
чтобы выполнить горизонтальный вращающий удар
быстрее, чем глаз может увидеть. «Ударный
Кувырок» может расколоть землю, в то время как
«Безумная Карусель» генерирует массивный
торнадо.","Божественный Дигимон и член Олимпос XII,
который напоминает молодую девушку. Несмотря
на совсем небольшое телосложение
Минервамона, этот невероятно сильный Дигимон
способен орудовать огромный меч размером с его
собственное тело. Хотя этот Дигимон невинен и
весел, как молодая девушка, его настроение
может дико колебаться. Когда он в плохом
настроении, его поведение быстро становится
расстроенным и своевольным (то есть,
«проблематичным») таким образом, что выходит
из-под контроля. Минервамон использует свой
специальный приём «Ударный Кувырок», чтобы
обрушить накатывающий удар вперёд от своего
огромного меча Олимпия, и «Безумная Карусель»,
чтобы выполнить горизонтальный вращающий удар
быстрее, чем глаз может увидеть. «Ударный
Кувырок» может расколоть землю, в то время как
«Безумная Карусель» генерирует массивный
торнадо."
2,latin_mixed,patch_text01,text/digimon_profile.mbe/000_Sheet1.csv,digimon_0767_profile,436,,XII,"Один из Олимпос XII и самопровозглашённый
самый душевный пьяница Цифрового мира. С его
яркой личностью, Бахусмон хорош в заботе о
других. В любое время суток он собирает дигимонов уровней Ребёнок и Чемпион и устраивает грандиозные пиршества. Он может производить различные виды
напитков и счастлив делать это по просьбе
своих любимых Дигимонов, которые пришли на его
пиры. Бахусмон предпочитает фруктовые вина, и
его любимое сделано из ферментированных
фруктов, взятых из леса Карпос Хуле на спине
Цересмона. Всякий раз, когда он свободен, он
просит Цересмона позволить ему варить это
вино. В результате, эти два Дигимона чрезвычайно
близки и часто делают что-то вместе. Когда
Бахусмон слишком много выпил, узор на его теле
становится синим, и он извергает данные в
своём большом желудке в разрушительном луче
света под названием «Разворот Мёртвых». Если
атака попадает в противника, Бахусмон
поглощает данные, чтобы стать более мощным,
так что столкновение с большими группами
врагов может сделать его непостижимо сильным.
Данные, которые Бахусмон очищает в яд,
исследуются Командой Раскола. Существуют
правдоподобные слухи, что данные яда Бахусмона
используются для производства биологического
оружия и в заговорах с целью убийства
высокопоставленных лиц.","Один из Олимпос XII и самопровозглашённый
самый душевный пьяница Цифрового мира. С его
яркой личностью, Бахусмон хорош в заботе о
других. В любое время суток он собирает дигимонов уровней Ребёнок и Чемпион и устраивает грандиозные пиршества. Он может производить различные виды
напитков и счастлив делать это по просьбе
своих любимых Дигимонов, которые пришли на его
пиры. Бахусмон предпочитает фруктовые вина, и
его любимое сделано из ферментированных
фруктов, взятых из леса Карпос Хуле на спине
Цересмона. Всякий раз, когда он свободен, он
просит Цересмона позволить ему варить это
вино. В результате, эти два Дигимона чрезвычайно
близки и часто делают что-то вместе. Когда
Бахусмон слишком много выпил, узор на его теле
становится синим, и он извергает данные в
своём большом желудке в разрушительном луче
света под названием «Разворот Мёртвых». Если
атака попадает в противника, Бахусмон
поглощает данные, чтобы стать более мощным,
так что столкновение с большими группами
врагов может сделать его непостижимо сильным.
Данные, которые Бахусмон очищает в яд,
исследуются Командой Раскола. Существуют
правдоподобные слухи, что данные яда Бахусмона
используются для производства биологического
оружия и в заговорах с целью убийства
высокопоставленных лиц."
2,latin_mixed,patch_text01,text/digimon_profile.mbe/000_Sheet1.csv,digimon_0770_profile,437,,D-,"Танкдрамон — Машинный Дигимон, отвечающий за
подавление беспорядков и миссии тяжёлого
штурма для механизированной D-Бригады. Он
превосходен в уничтожении множества целей и может похвастаться
подавляющей огневой мощью. Оснащённый
специальным радаром, способным захватывать 30
целей одновременно, отдельный Танкдрамон также
может синхронизировать цели с другими, и
говорят, что невозможно избежать их всех.
Уровень потерь среди Танкдрамонов также
чрезвычайно низок, и, по сообщениям, только один
когда-либо был потерян в поле. Специальный
приём Танкдрамона «Пушка Стремящегося»
выстреливает снарядом, оснащённым небольшой
ядерной боеголовкой, чтобы полностью уничтожить
всё в радиусе 20 миль.","Танкдрамон — Машинный Дигимон, отвечающий за
подавление беспорядков и миссии тяжёлого
штурма для механизированной D-Бригады. Он
превосходен в уничтожении множества целей и может похвастаться
подавляющей огневой мощью. Оснащённый
специальным радаром, способным захватывать 30
целей одновременно, отдельный Танкдрамон также
может синхронизировать цели с другими, и
говорят, что невозможно избежать их всех.
Уровень потерь среди Танкдрамонов также
чрезвычайно низок, и, по сообщениям, только один
когда-либо был потерян в поле. Специальный
приём Танкдрамона «Пушка Стремящегося»
выстреливает снарядом, оснащённым небольшой
ядерной боеголовкой, чтобы полностью уничтожить
всё в радиусе 20 миль."
2,latin_mixed,patch_text01,text/digimon_profile.mbe/000_Sheet1.csv,digimon_0771_profile,438,,"BAN-TYO, D-","Даркдрамон — дигимон-андроид, который, как
полагают, является предельным оружием D-Бригады.
Ходят слухи, что исследователи D-Бригады
создали Даркдрамона, эволюционировав
Танкдрамона, которого они восстановили.
Предположительно, этот Танкдрамон был побеждён
в операции, предназначенной для устранения цели с
кодовым именем BAN-TYO. Однако, никакие из этих сведений не кажутся особенно надёжными. Кажется, что
в этом процессе эволюции было использовано
обширное количество тёмной материи. Возможно, в
результате, Даркдрамон немедленно впал в
берсерк и бежал. Его текущее местонахождение
неизвестно, даже для D-Бригады, хотя ходят
слухи, что он всё ещё ищет Кодовое имя
BAN-TYO. Его специальный приём «Тёмный Рев» —
это запрещённая техника, которая включает
выстрел энергетической бомбы, состоящий из
тёмной материи. Ничто не может выжить после
попадания этой атаки, как гласит молва.
Даркдрамон также имеет оружие под названием
«Гигастик Копьё», встроенное в его правую
руку, которое, как говорят, равно по мощности
святому копью Галлантмона Грам.","Даркдрамон — дигимон-андроид, который, как
полагают, является предельным оружием D-Бригады.
Ходят слухи, что исследователи D-Бригады
создали Даркдрамона, эволюционировав
Танкдрамона, которого они восстановили.
Предположительно, этот Танкдрамон был побеждён
в операции, предназначенной для устранения цели с
кодовым именем BAN-TYO. Однако, никакие из этих сведений не кажутся особенно надёжными. Кажется, что
в этом процессе эволюции было использовано
обширное количество тёмной материи. Возможно, в
результате, Даркдрамон немедленно впал в
берсерк и бежал. Его текущее местонахождение
неизвестно, даже для D-Бригады, хотя ходят
слухи, что он всё ещё ищет Кодовое имя
BAN-TYO. Его специальный приём «Тёмный Рев» —
это запрещённая техника, которая включает
выстрел энергетической бомбы, состоящий из
тёмной материи. Ничто не может выжить после
попадания этой атаки, как гласит молва.
Даркдрамон также имеет оружие под названием
«Гигастик Копьё», встроенное в его правую
руку, которое, как говорят, равно по мощности
святому копью Галлантмона Грам."
2,latin_mixed,patch_text01,text/digimon_profile.mbe/000_Sheet1.csv,digimon_0777_profile,444,,BM,"МиражГаогамон BM — это специальная форма,
которая временно достигла пределов
способностей МиражГаогамона с Взрывной
Дигивлюцией, экипируя его оружием и аурой
планетарного класса, высокой энергии. Его
специальный приём «Удар Метеора Полной Луны»
расплющивает врагов сферой, содержащей энергию
планетарного класса. Он также может
использовать «Финальный Миражный Взрыв»,
который выпускает энергию, скрытую в его
оружии, концентрируя всё тело и душу
МиражГаогамона.","МиражГаогамон BM — это специальная форма,
которая временно достигла пределов
способностей МиражГаогамона с Взрывной
Дигивлюцией, экипируя его оружием и аурой
планетарного класса, высокой энергии. Его
специальный приём «Удар Метеора Полной Луны»
расплющивает врагов сферой, содержащей энергию
планетарного класса. Он также может
использовать «Финальный Миражный Взрыв»,
который выпускает энергию, скрытую в его
оружии, концентрируя всё тело и душу
МиражГаогамона."
2,latin_mixed,patch_text01,text/digimon_profile.mbe/000_Sheet1.csv,digimon_0912_profile,449,,X-,"ДигиЯдро Плутомона отключилось из-за истечения
срока жизни, но, как ни странно, его тело всё
ещё действует. Он уже не следует своей главной
миссии — поражать зло. Теперь он думает только о
том, как пожирать данные других существ, и
бесконечно странствует в поисках новых ДигиЯдер.
В отличие от прежнего себя, теперь он «ужасный
хищник» совсем в ином смысле: его разлагающееся
тело не знает насыщения, сколько бы ДигиЯдер оно
ни поглотило. Среди его особых приёмов — «Хазард
Холд», которым он хватает противника и высасывает
данные его ДигиЯдра до разложения; «Хелл Слайсер»,
выпускающий X-частицы из левой руки, чтобы
разрезать врага на части; и «Марионеточная
мерзость», укус, заражающий врагов вирусом и
превращающий их в марионеток, вынужденных
исполнять его приказы.","Диги-Ядро Плутомона отключилось из-за
достижения конца своего срока жизни, но,
странно, его тело всё ещё функционирует. Оно
больше не сохраняет свою основную миссию по
поражению зла. Оно не думает ни о чём, кроме
как пожирать данные других существ, и
бесконечно бродит в поисках новых Диги-Ядер. В
отличие от того, когда он был жив, теперь он
«ужасный хищник» в совершенно другом смысле,
так как его разлагающееся тело никогда не
будет знать удовлетворения, независимо от
того, сколько Диги-Ядер оно поглощать. Его
специальные приёмы включают «Рассекатель Ада»,
который выстреливает X-частицами из его левой
руки, чтобы разрезать врага на куски, и
«Марионеточное Мерзость», с помощью которого
он кусает врагов и заражает их вирусом,
который превращает их в марионетку, вынужденный
делать его приказы."
2,latin_mixed,patch_text01,text/digitter_message.mbe/000_Sheet1.csv,main_290_020_011,158,,XD,"Безопасность и душевное спокойствие за 100 иен за поездку!
Спасибо, что пользуетесь компанией Палмон Райд XD","Безопасность и душевное спокойствие за 100 иен за поездку!
Спасибо, что пользуетесь компанией Палмон Райд XD"
2,latin_mixed,patch_text01,text/digitter_message.mbe/000_Sheet1.csv,main_290_020_020,159,,XD,"Безопасность и душевное спокойствие за 100 иен за поездку!
Спасибо, что пользуетесь компанией Палмон Райд XD","Безопасность и душевное спокойствие за 100 иен за поездку!
Спасибо, что пользуетесь компанией Палмон Райд XD"
2,latin_mixed,patch_text01,text/digitter_message.mbe/000_Sheet1.csv,main_300_000_011,168,,XD,"Безопасность и душевное спокойствие за 100 иен за поездку!
Спасибо, что пользуетесь компанией Палмон Райд XD","Безопасность и душевное спокойствие за 100 иен за поездку!
Спасибо, что пользуетесь компанией Палмон Райд XD"
2,latin_mixed,patch_text01,text/digitter_message.mbe/000_Sheet1.csv,main_300_000_020,169,,XD,"Безопасность и душевное спокойствие за 100 иен за поездку!
Спасибо, что пользуетесь компанией Палмон Райд XD","Безопасность и душевное спокойствие за 100 иен за поездку!
Спасибо, что пользуетесь компанией Палмон Райд XD"
2,latin_mixed,patch_text01,text/digitter_message.mbe/000_Sheet1.csv,sub_010_158_1,333,,TBD,(TBD) sub_010_158_1 Стартовый Дигиттер,(TBD) sub_010_158_1 Стартовый Дигиттер
2,latin_mixed,patch_text01,text/digitter_message.mbe/000_Sheet1.csv,sub_100_087_1,290,,VIP-,"Я знаю, что они не привыкли к этому миру, но чтобы нам
понадобилась помощь людей... Ах, ну. Пожалуйста, приходи в
VIP-комнату театра. Просмотреть детали миссии {decision}","Я знаю, что они не привыкли к этому миру, но чтобы нам
понадобилась помощь людей... Ах, ну. Пожалуйста, приходи в
VIP-комнату театра. Просмотреть детали миссии {decision}"
2,latin_mixed,patch_text01,text/digitter_message.mbe/000_Sheet1.csv,sub_100_088_1,292,,VIP-,"Загляни в VIP-комнату. Мне нужно попросить тебя
об одолжении. Для тебя это тоже будет выгодно.
Просмотреть детали миссии {decision}","Загляни в VIP-комнату. Мне нужно попросить тебя
об одолжении. Для тебя это тоже будет выгодно.
Просмотреть детали миссии {decision}"
2,latin_mixed,patch_text01,text/digitter_message.mbe/000_Sheet1.csv,sub_100_178_1,359,,VIP-,"Трое ведущих хотят передать тебе кое-что. Пожалуйста, приходи в
VIP-комнату Промежуточного Театра.
Просмотреть детали миссии {decision}","Трое ведущих хотят передать тебе кое-что. Пожалуйста, приходи в
VIP-комнату Промежуточного Театра.
Просмотреть детали миссии {decision}"
2,latin_mixed,patch_text01,text/info_message.mbe/000_Sheet1.csv,1015,14,,"PlayStation, Store","Не удалось загрузить дополнительный контент.
Попробуйте ещё раз загрузить его из PlayStation®Store.","Не удалось загрузить дополнительный контент.
Попробуйте ещё раз загрузить его из PlayStation®Store."
2,latin_mixed,patch_text01,text/info_message.mbe/000_Sheet1.csv,9001,175,,Esc,"Нажмите кнопку, которую вы хотите назначить выбранному действию. Отмените и вернитесь к предыдущему экрану с помощью клавиши Esc.","Нажмите кнопку, которую вы хотите назначить выбранному действию. Отмените и вернитесь к предыдущему экрану с помощью клавиши Esc."
2,latin_mixed,patch_text01,text/info_message.mbe/000_Sheet1.csv,info_message_demo_03,302,,"Digimon, Story, Stranger, Time","Этот режим позволяет вам окунуться в приключение в Центральном городе, расположенном в самом сердце Цифрового мира Илиады. Этот режим доступен после завершения демо-версии Digimon Story: Time Stranger.","Этот режим позволяет вам окунуться в приключение в Центральном городе, расположенном в самом сердце Цифрового мира Илиады. Этот режим доступен после завершения демо-версии Digimon Story: Time Stranger."
2,latin_mixed,patch_text01,text/info_message.mbe/000_Sheet1.csv,info_message_dlc_18,293,,"Digimon, Story, Stranger, Time","Бонусный набор за предзаказ Digimon Story Time Stranger:
{fc9костюм «Форма определённой школы»} теперь доступен.

Переодеться в этот костюм можно через меню
Агент > Костюмы на вашем Дигивайсе.","Бонусный набор за предзаказ Digimon Story Time Stranger:
{fc9костюм «Форма определённой школы»} теперь доступен.

Переодеться в этот костюм можно через меню
Агент > Костюмы на вашем Дигивайсе."
2,latin_mixed,patch_text01,text/info_message.mbe/000_Sheet1.csv,info_message_dlc_19,294,,"Digimon, Story, Stranger, Time","Бонусный набор за предзаказ Digimon Story Time Stranger:
{fc9набор предметов для приключений} теперь доступен.

Получить эти предметы можно через меню
Предметы > Наборы предметов на вашем Дигивайсе.","Бонусный набор за предзаказ Digimon Story Time Stranger:
{fc9набор предметов для приключений} теперь доступен.

Получить эти предметы можно через меню
Предметы > Наборы предметов на вашем Дигивайсе."
2,latin_mixed,patch_text01,text/item_explanation.mbe/000_Sheet1.csv,824,246,,"Cyber, Digimon, Sleuth, Story","Костюм. Наряд, вдохновлённый Digimon Story: Cyber Sleuth.","Костюм. Наряд, вдохновлённый Digimon Story: Cyber Sleuth."
2,latin_mixed,patch_text01,text/item_explanation.mbe/000_Sheet1.csv,825,247,,"Adventure, Digimon","Костюм. Наряд, вдохновлённый Digimon Adventure.","Костюм. Наряд, вдохновлённый Digimon Adventure."
2,latin_mixed,patch_text01,text/item_explanation.mbe/000_Sheet1.csv,835,257,,"BEATBREAK, DIGIMON",Костюм. Наряд с футболкой DIGIMON BEATBREAK.,Костюм. Наряд с футболкой DIGIMON BEATBREAK.
2,latin_mixed,patch_text01,text/item_name.mbe/000_Sheet1.csv,1002,317,,II,Модуль ОЗ II,Модуль ОЗ II
2,latin_mixed,patch_text01,text/item_name.mbe/000_Sheet1.csv,1003,318,,III,Модуль ОЗ III,Модуль ОЗ III
2,latin_mixed,patch_text01,text/item_name.mbe/000_Sheet1.csv,1005,320,,II,Модуль ОС II,Модуль ОС II
2,latin_mixed,patch_text01,text/item_name.mbe/000_Sheet1.csv,1006,321,,III,Модуль ОС III,Модуль ОС III
2,latin_mixed,patch_text01,text/item_name.mbe/000_Sheet1.csv,1008,323,,II,Модуль АТК II,Модуль АТК II
2,latin_mixed,patch_text01,text/item_name.mbe/000_Sheet1.csv,1009,324,,III,Модуль АТК III,Модуль АТК III
2,latin_mixed,patch_text01,text/item_name.mbe/000_Sheet1.csv,1011,326,,II,Модуль ЗАЩ II,Модуль ЗАЩ II
2,latin_mixed,patch_text01,text/item_name.mbe/000_Sheet1.csv,1012,327,,III,Модуль ЗАЩ III,Модуль ЗАЩ III
2,latin_mixed,patch_text01,text/item_name.mbe/000_Sheet1.csv,1014,329,,II,Модуль ИНТ II,Модуль ИНТ II
2,latin_mixed,patch_text01,text/item_name.mbe/000_Sheet1.csv,1015,330,,III,Модуль ИНТ III,Модуль ИНТ III
2,latin_mixed,patch_text01,text/item_name.mbe/000_Sheet1.csv,1017,332,,II,Модуль ДУХ II,Модуль ДУХ II
2,latin_mixed,patch_text01,text/item_name.mbe/000_Sheet1.csv,1018,333,,III,Модуль ДУХ III,Модуль ДУХ III
2,latin_mixed,patch_text01,text/item_name.mbe/000_Sheet1.csv,1020,335,,II,Модуль СКР II,Модуль СКР II
2,latin_mixed,patch_text01,text/item_name.mbe/000_Sheet1.csv,1021,336,,III,Модуль СКР III,Модуль СКР III
2,latin_mixed,patch_text01,text/item_name.mbe/000_Sheet1.csv,1023,338,,II,Модуль МЕТ II,Модуль МЕТ II
2,latin_mixed,patch_text01,text/item_name.mbe/000_Sheet1.csv,1025,340,,II,Модуль УКЛ II,Модуль УКЛ II
2,latin_mixed,patch_text01,text/item_name.mbe/000_Sheet1.csv,1027,342,,II,Модуль КРТ II,Модуль КРТ II
2,latin_mixed,patch_text01,text/item_name.mbe/000_Sheet1.csv,1029,344,,II,Модуль энергии II,Модуль энергии II
2,latin_mixed,patch_text01,text/item_name.mbe/000_Sheet1.csv,1031,346,,II,Физический модуль II,Физический модуль II
2,latin_mixed,patch_text01,text/item_name.mbe/000_Sheet1.csv,1033,348,,II,Модуль разрушения II,Модуль разрушения II
2,latin_mixed,patch_text01,text/item_name.mbe/000_Sheet1.csv,1035,350,,II,Модуль души II,Модуль души II
2,latin_mixed,patch_text01,text/item_name.mbe/000_Sheet1.csv,1037,352,,II,Модуль бодрости II,Модуль бодрости II
2,latin_mixed,patch_text01,text/item_name.mbe/000_Sheet1.csv,1039,354,,II,Модуль пера II,Модуль пера II
2,latin_mixed,patch_text01,text/item_name.mbe/000_Sheet1.csv,1041,356,,II,Смертельный модуль II,Смертельный модуль II
2,latin_mixed,patch_text01,text/item_name.mbe/000_Sheet1.csv,1043,358,,II,Модуль проклятия II,Модуль проклятия II
2,latin_mixed,patch_text01,text/item_name.mbe/000_Sheet1.csv,1045,360,,II,Атакующий модуль II,Атакующий модуль II
2,latin_mixed,patch_text01,text/item_name.mbe/000_Sheet1.csv,1047,362,,II,Защитный модуль II,Защитный модуль II
2,latin_mixed,patch_text01,text/item_name.mbe/000_Sheet1.csv,11,12,,II,Спрей ОС II,Спрей ОС II
2,latin_mixed,patch_text01,text/item_name.mbe/000_Sheet1.csv,1171,475,,II,Ядовитая Стена II,Ядовитая Стена II
2,latin_mixed,patch_text01,text/item_name.mbe/000_Sheet1.csv,1172,476,,II,Стена Паники II,Стена Паники II
2,latin_mixed,patch_text01,text/item_name.mbe/000_Sheet1.csv,1173,477,,II,Парализующая Стена II,Парализующая Стена II
2,latin_mixed,patch_text01,text/item_name.mbe/000_Sheet1.csv,1174,478,,II,Стена для сна II,Стена для сна II
2,latin_mixed,patch_text01,text/item_name.mbe/000_Sheet1.csv,12,13,,III,Спрей ОС III,Спрей ОС III
2,latin_mixed,patch_text01,text/item_name.mbe/000_Sheet1.csv,14,15,,DX,Медицинский спрей DX,Медицинский спрей DX
2,latin_mixed,patch_text01,text/item_name.mbe/000_Sheet1.csv,2,3,,II,Капсула ОЗ II,Капсула ОЗ II
2,latin_mixed,patch_text01,text/item_name.mbe/000_Sheet1.csv,20613,1027,,amp,Героическая статуя (Кокувамон A &amp,Героическая статуя (Кокувамон A &amp
2,latin_mixed,patch_text01,text/item_name.mbe/000_Sheet1.csv,25,26,,DX,Мульти-восстановление DX,Мульти-восстановление DX
2,latin_mixed,patch_text01,text/item_name.mbe/000_Sheet1.csv,27,28,,DX,Капсула возрождения DX,Капсула возрождения DX
2,latin_mixed,patch_text01,text/item_name.mbe/000_Sheet1.csv,3,4,,III,Капсула ОЗ III,Капсула ОЗ III
2,latin_mixed,patch_text01,text/item_name.mbe/000_Sheet1.csv,41,42,,II,Очко мужества II,Очко мужества II
2,latin_mixed,patch_text01,text/item_name.mbe/000_Sheet1.csv,42,43,,III,Очко мужества III,Очко мужества III
2,latin_mixed,patch_text01,text/item_name.mbe/000_Sheet1.csv,43,44,,IV,Очко мужества IV,Очко мужества IV
2,latin_mixed,patch_text01,text/item_name.mbe/000_Sheet1.csv,46,47,,DX,Дружба DX,Дружба DX
2,latin_mixed,patch_text01,text/item_name.mbe/000_Sheet1.csv,5,6,,II,Спрей ОЗ II,Спрей ОЗ II
2,latin_mixed,patch_text01,text/item_name.mbe/000_Sheet1.csv,6,7,,III,Спрей ОЗ III,Спрей ОЗ III
2,latin_mixed,patch_text01,text/item_name.mbe/000_Sheet1.csv,60,61,,DX,Ускоритель пробуждения таланта DX,Ускоритель пробуждения таланта DX
2,latin_mixed,patch_text01,text/item_name.mbe/000_Sheet1.csv,62,63,,II,Чип усиления ОЗ II,Чип усиления ОЗ II
2,latin_mixed,patch_text01,text/item_name.mbe/000_Sheet1.csv,63,64,,III,Чип усиления ОЗ III,Чип усиления ОЗ III
2,latin_mixed,patch_text01,text/item_name.mbe/000_Sheet1.csv,65,66,,II,Чип усиления ОС II,Чип усиления ОС II
2,latin_mixed,patch_text01,text/item_name.mbe/000_Sheet1.csv,66,67,,III,Чип усиления ОС III,Чип усиления ОС III
2,latin_mixed,patch_text01,text/item_name.mbe/000_Sheet1.csv,68,69,,II,Чип усиления АТК II,Чип усиления АТК II
2,latin_mixed,patch_text01,text/item_name.mbe/000_Sheet1.csv,69,70,,III,Чип усиления АТК III,Чип усиления АТК III
2,latin_mixed,patch_text01,text/item_name.mbe/000_Sheet1.csv,71,72,,II,Чип усиления ЗАЩ II,Чип усиления ЗАЩ II
2,latin_mixed,patch_text01,text/item_name.mbe/000_Sheet1.csv,72,73,,III,Чип усиления ЗАЩ III,Чип усиления ЗАЩ III
2,latin_mixed,patch_text01,text/item_name.mbe/000_Sheet1.csv,74,75,,II,Чип усиления ИНТ II,Чип усиления ИНТ II
2,latin_mixed,patch_text01,text/item_name.mbe/000_Sheet1.csv,75,76,,III,Чип усиления ИНТ III,Чип усиления ИНТ III
2,latin_mixed,patch_text01,text/item_name.mbe/000_Sheet1.csv,77,78,,II,Чип усиления ДУХ II,Чип усиления ДУХ II
2,latin_mixed,patch_text01,text/item_name.mbe/000_Sheet1.csv,78,79,,III,Чип усиления ДУХ III,Чип усиления ДУХ III
2,latin_mixed,patch_text01,text/item_name.mbe/000_Sheet1.csv,8,9,,II,Капсула ОС II,Капсула ОС II
2,latin_mixed,patch_text01,text/item_name.mbe/000_Sheet1.csv,80,81,,II,Чип усиления СКР II,Чип усиления СКР II
2,latin_mixed,patch_text01,text/item_name.mbe/000_Sheet1.csv,81,82,,III,Чип усиления СКР III,Чип усиления СКР III
2,latin_mixed,patch_text01,text/item_name.mbe/000_Sheet1.csv,814,278,,Ramen,Футболка для персонала ресторана Ramen,Футболка для персонала ресторана Ramen
2,latin_mixed,patch_text01,text/item_name.mbe/000_Sheet1.csv,824,288,,"Cyber, Sleuth",Костюм Cyber Sleuth,Костюм Cyber Sleuth
2,latin_mixed,patch_text01,text/item_name.mbe/000_Sheet1.csv,828,292,,TEKKEN,Футболка TEKKEN 8,Футболка TEKKEN 8
2,latin_mixed,patch_text01,text/item_name.mbe/000_Sheet1.csv,829,293,,TEKKEN,Футболка TEKKEN 8 (Лили),Футболка TEKKEN 8 (Лили)
2,latin_mixed,patch_text01,text/item_name.mbe/000_Sheet1.csv,830,294,,PAC-MAN,Футболка к 45-летию PAC-MAN,Футболка к 45-летию PAC-MAN
2,latin_mixed,patch_text01,text/item_name.mbe/000_Sheet1.csv,831,295,,"Taiko, Tatsujin, no",Футболка Taiko no Tatsujin,Футболка Taiko no Tatsujin
2,latin_mixed,patch_text01,text/item_name.mbe/000_Sheet1.csv,832,296,,"Arise, Hootle, Tales, of",Футболка Tales of Arise (Hootle),Футболка Tales of Arise (Hootle)
2,latin_mixed,patch_text01,text/item_name.mbe/000_Sheet1.csv,833,297,,"Idolmaster, The",Футболка The Idolmaster (Харука Амами),Футболка The Idolmaster (Харука Амами)
2,latin_mixed,patch_text01,text/item_name.mbe/000_Sheet1.csv,835,299,,"BEATBREAK, DIGIMON",Футболка DIGIMON BEATBREAK,Футболка DIGIMON BEATBREAK
2,latin_mixed,patch_text01,text/item_name.mbe/000_Sheet1.csv,9,10,,III,Капсула ОС III,Капсула ОС III
2,latin_mixed,patch_text01,text/item_ruby.mbe/000_Sheet1.csv,1002,244,,II,Модуль ОЗ II,Модуль ОЗ II
2,latin_mixed,patch_text01,text/item_ruby.mbe/000_Sheet1.csv,1003,245,,III,Модуль ОЗ III,Модуль ОЗ III
2,latin_mixed,patch_text01,text/item_ruby.mbe/000_Sheet1.csv,1005,247,,II,Модуль ОС II,Модуль ОС II
2,latin_mixed,patch_text01,text/item_ruby.mbe/000_Sheet1.csv,1006,248,,III,Модуль ОС III,Модуль ОС III
2,latin_mixed,patch_text01,text/item_ruby.mbe/000_Sheet1.csv,1008,250,,II,Модуль АТК II,Модуль АТК II
2,latin_mixed,patch_text01,text/item_ruby.mbe/000_Sheet1.csv,1009,251,,III,Модуль АТК III,Модуль АТК III
2,latin_mixed,patch_text01,text/item_ruby.mbe/000_Sheet1.csv,1011,253,,II,Модуль ЗАЩ II,Модуль ЗАЩ II
2,latin_mixed,patch_text01,text/item_ruby.mbe/000_Sheet1.csv,1012,254,,III,Модуль ЗАЩ III,Модуль ЗАЩ III
2,latin_mixed,patch_text01,text/item_ruby.mbe/000_Sheet1.csv,1014,256,,II,Модуль ИНТ II,Модуль ИНТ II
2,latin_mixed,patch_text01,text/item_ruby.mbe/000_Sheet1.csv,1015,257,,III,Модуль ИНТ III,Модуль ИНТ III
2,latin_mixed,patch_text01,text/item_ruby.mbe/000_Sheet1.csv,1017,259,,II,Модуль ДУХ II,Модуль ДУХ II
2,latin_mixed,patch_text01,text/item_ruby.mbe/000_Sheet1.csv,1018,260,,III,Модуль ДУХ III,Модуль ДУХ III
2,latin_mixed,patch_text01,text/item_ruby.mbe/000_Sheet1.csv,1020,262,,II,Модуль СКР II,Модуль СКР II
2,latin_mixed,patch_text01,text/item_ruby.mbe/000_Sheet1.csv,1021,263,,III,Модуль СКР III,Модуль СКР III
2,latin_mixed,patch_text01,text/item_ruby.mbe/000_Sheet1.csv,1023,265,,II,Модуль МЕТ II,Модуль МЕТ II
2,latin_mixed,patch_text01,text/item_ruby.mbe/000_Sheet1.csv,1025,267,,II,Модуль УКЛ II,Модуль УКЛ II
2,latin_mixed,patch_text01,text/item_ruby.mbe/000_Sheet1.csv,1027,269,,II,Модуль КРТ II,Модуль КРТ II
2,latin_mixed,patch_text01,text/item_ruby.mbe/000_Sheet1.csv,1029,271,,II,Модуль энергии II,Модуль энергии II
2,latin_mixed,patch_text01,text/item_ruby.mbe/000_Sheet1.csv,1031,273,,II,Физический модуль II,Физический модуль II
2,latin_mixed,patch_text01,text/item_ruby.mbe/000_Sheet1.csv,1033,275,,II,Модуль разрушения II,Модуль разрушения II
2,latin_mixed,patch_text01,text/item_ruby.mbe/000_Sheet1.csv,1035,277,,II,Модуль души II,Модуль души II
2,latin_mixed,patch_text01,text/item_ruby.mbe/000_Sheet1.csv,1037,279,,II,Модуль бодрости II,Модуль бодрости II
2,latin_mixed,patch_text01,text/item_ruby.mbe/000_Sheet1.csv,1039,281,,II,Модуль пера II,Модуль пера II
2,latin_mixed,patch_text01,text/item_ruby.mbe/000_Sheet1.csv,1041,283,,II,Смертельный модуль II,Смертельный модуль II
2,latin_mixed,patch_text01,text/item_ruby.mbe/000_Sheet1.csv,1043,285,,II,Модуль проклятия II,Модуль проклятия II
2,latin_mixed,patch_text01,text/item_ruby.mbe/000_Sheet1.csv,1045,287,,II,Атакующий модуль II,Атакующий модуль II
2,latin_mixed,patch_text01,text/item_ruby.mbe/000_Sheet1.csv,1047,289,,II,Защитный модуль II,Защитный модуль II
2,latin_mixed,patch_text01,text/item_ruby.mbe/000_Sheet1.csv,11,12,,II,Спрей ОС II,Спрей ОС II
2,latin_mixed,patch_text01,text/item_ruby.mbe/000_Sheet1.csv,12,13,,III,Спрей ОС III,Спрей ОС III
2,latin_mixed,patch_text01,text/item_ruby.mbe/000_Sheet1.csv,14,15,,DX,Медицинский спрей DX,Медицинский спрей DX
2,latin_mixed,patch_text01,text/item_ruby.mbe/000_Sheet1.csv,2,3,,II,Капсула HP II,Капсула HP II
2,latin_mixed,patch_text01,text/item_ruby.mbe/000_Sheet1.csv,25,26,,DX,Мульти-восстановление DX,Мульти-восстановление DX
2,latin_mixed,patch_text01,text/item_ruby.mbe/000_Sheet1.csv,27,28,,DX,Капсула возрождения DX,Капсула возрождения DX
2,latin_mixed,patch_text01,text/item_ruby.mbe/000_Sheet1.csv,3,4,,III,Капсула HP III,Капсула HP III
2,latin_mixed,patch_text01,text/item_ruby.mbe/000_Sheet1.csv,41,42,,II,Очко мужества II,Очко мужества II
2,latin_mixed,patch_text01,text/item_ruby.mbe/000_Sheet1.csv,42,43,,III,Очко мужества III,Очко мужества III
2,latin_mixed,patch_text01,text/item_ruby.mbe/000_Sheet1.csv,43,44,,IV,Очко мужества IV,Очко мужества IV
2,latin_mixed,patch_text01,text/item_ruby.mbe/000_Sheet1.csv,46,47,,DX,Дружба DX,Дружба DX
2,latin_mixed,patch_text01,text/item_ruby.mbe/000_Sheet1.csv,5,6,,II,Спрей ОЗ II,Спрей ОЗ II
2,latin_mixed,patch_text01,text/item_ruby.mbe/000_Sheet1.csv,6,7,,III,Спрей ОЗ III,Спрей ОЗ III
2,latin_mixed,patch_text01,text/item_ruby.mbe/000_Sheet1.csv,60,51,,DX,Ускоритель пробуждения таланта DX,Ускоритель пробуждения таланта DX
2,latin_mixed,patch_text01,text/item_ruby.mbe/000_Sheet1.csv,62,53,,II,Чип усиления ОЗ II,Чип усиления ОЗ II
2,latin_mixed,patch_text01,text/item_ruby.mbe/000_Sheet1.csv,63,54,,III,Чип усиления ОЗ III,Чип усиления ОЗ III
2,latin_mixed,patch_text01,text/item_ruby.mbe/000_Sheet1.csv,65,56,,II,Чип усиления ОС II,Чип усиления ОС II
2,latin_mixed,patch_text01,text/item_ruby.mbe/000_Sheet1.csv,66,57,,III,Чип усиления ОС III,Чип усиления ОС III
2,latin_mixed,patch_text01,text/item_ruby.mbe/000_Sheet1.csv,68,59,,II,Чип усиления АТК II,Чип усиления АТК II
2,latin_mixed,patch_text01,text/item_ruby.mbe/000_Sheet1.csv,69,60,,III,Чип усиления АТК III,Чип усиления АТК III
2,latin_mixed,patch_text01,text/item_ruby.mbe/000_Sheet1.csv,71,62,,II,Чип усиления ЗАЩ II,Чип усиления ЗАЩ II
2,latin_mixed,patch_text01,text/item_ruby.mbe/000_Sheet1.csv,72,63,,III,Чип усиления ЗАЩ III,Чип усиления ЗАЩ III
2,latin_mixed,patch_text01,text/item_ruby.mbe/000_Sheet1.csv,74,65,,II,Чип усиления ИНТ II,Чип усиления ИНТ II
2,latin_mixed,patch_text01,text/item_ruby.mbe/000_Sheet1.csv,75,66,,III,Чип усиления ИНТ III,Чип усиления ИНТ III
2,latin_mixed,patch_text01,text/item_ruby.mbe/000_Sheet1.csv,77,68,,II,Чип усиления ДУХ II,Чип усиления ДУХ II
2,latin_mixed,patch_text01,text/item_ruby.mbe/000_Sheet1.csv,78,69,,III,Чип усиления ДУХ III,Чип усиления ДУХ III
2,latin_mixed,patch_text01,text/item_ruby.mbe/000_Sheet1.csv,8,9,,II,Капсула SP II,Капсула SP II
2,latin_mixed,patch_text01,text/item_ruby.mbe/000_Sheet1.csv,80,71,,II,Чип усиления СКР II,Чип усиления СКР II
2,latin_mixed,patch_text01,text/item_ruby.mbe/000_Sheet1.csv,81,72,,III,Чип усиления СКР III,Чип усиления СКР III
2,latin_mixed,patch_text01,text/item_ruby.mbe/000_Sheet1.csv,814,205,,Ramen,Футболка для персонала ресторана Ramen,Футболка для персонала ресторана Ramen
2,latin_mixed,patch_text01,text/item_ruby.mbe/000_Sheet1.csv,824,215,,"Cyber, Sleuth",Костюм Cyber Sleuth,Костюм Cyber Sleuth
2,latin_mixed,patch_text01,text/item_ruby.mbe/000_Sheet1.csv,828,219,,Tekken,Футболка Tekken 8,Футболка Tekken 8
2,latin_mixed,patch_text01,text/item_ruby.mbe/000_Sheet1.csv,829,220,,Tekken,Футболка Tekken 8 (Лили),Футболка Tekken 8 (Лили)
2,latin_mixed,patch_text01,text/item_ruby.mbe/000_Sheet1.csv,830,221,,PAC-MAN,Футболка к 45-летию PAC-MAN,Футболка к 45-летию PAC-MAN
2,latin_mixed,patch_text01,text/item_ruby.mbe/000_Sheet1.csv,831,222,,"Taiko, Tatsujin, no",Футболка Taiko no Tatsujin,Футболка Taiko no Tatsujin
2,latin_mixed,patch_text01,text/item_ruby.mbe/000_Sheet1.csv,832,223,,"Arise, Hootle, Tales, of",Футболка Tales of Arise (Hootle),Футболка Tales of Arise (Hootle)
2,latin_mixed,patch_text01,text/item_ruby.mbe/000_Sheet1.csv,833,224,,"Idolmaster, The",Футболка The Idolmaster (Харука Амами),Футболка The Idolmaster (Харука Амами)
2,latin_mixed,patch_text01,text/item_ruby.mbe/000_Sheet1.csv,835,226,,"BEATBREAK, DIGIMON",Футболка DIGIMON BEATBREAK,Футболка DIGIMON BEATBREAK
2,latin_mixed,patch_text01,text/item_ruby.mbe/000_Sheet1.csv,9,10,,III,Капсула SP III,Капсула SP III
2,latin_mixed,patch_text01,text/jogress_skill_name.mbe/000_Sheet1.csv,21812,265,,DX,Безумная карусель DX,Безумная карусель DX
2,latin_mixed,patch_text01,text/jogress_skill_name.mbe/000_Sheet1.csv,23971,433,,V-,Взрыв V-Новы,Взрыв V-Новы
2,latin_mixed,patch_text01,text/jogress_skill_name.mbe/000_Sheet1.csv,28064,777,,A.D.V,Гранатомет A.D.V.,Гранатомет A.D.V.
2,latin_mixed,patch_text01,text/jogress_skill_name.mbe/000_Sheet1.csv,30012,820,,II,Напалм II,Напалм II
2,latin_mixed,patch_text01,text/jogress_skill_name.mbe/000_Sheet1.csv,30013,821,,III,Напалм III,Напалм III
2,latin_mixed,patch_text01,text/jogress_skill_name.mbe/000_Sheet1.csv,30022,823,,II,Вспышка пламени II,Вспышка пламени II
2,latin_mixed,patch_text01,text/jogress_skill_name.mbe/000_Sheet1.csv,30023,824,,III,Вспышка пламени III,Вспышка пламени III
2,latin_mixed,patch_text01,text/jogress_skill_name.mbe/000_Sheet1.csv,30032,826,,II,Падение Магмы II,Падение Магмы II
2,latin_mixed,patch_text01,text/jogress_skill_name.mbe/000_Sheet1.csv,30033,827,,III,Магмопад III,Магмопад III
2,latin_mixed,patch_text01,text/jogress_skill_name.mbe/000_Sheet1.csv,30035,829,,II,Пламенный всполох II,Пламенный всполох II
2,latin_mixed,patch_text01,text/jogress_skill_name.mbe/000_Sheet1.csv,30036,830,,III,Пламенный всполох III,Пламенный всполох III
2,latin_mixed,patch_text01,text/jogress_skill_name.mbe/000_Sheet1.csv,30042,832,,II,Давление воды II,Давление воды II
2,latin_mixed,patch_text01,text/jogress_skill_name.mbe/000_Sheet1.csv,30043,833,,III,Водяное давление III,Водяное давление III
2,latin_mixed,patch_text01,text/jogress_skill_name.mbe/000_Sheet1.csv,30052,835,,II,Гидро - Вода II,Гидро - Вода II
2,latin_mixed,patch_text01,text/jogress_skill_name.mbe/000_Sheet1.csv,30053,836,,III,Гидровода III,Гидровода III
2,latin_mixed,patch_text01,text/jogress_skill_name.mbe/000_Sheet1.csv,30062,838,,II,Океанская волна II,Океанская волна II
2,latin_mixed,patch_text01,text/jogress_skill_name.mbe/000_Sheet1.csv,30063,839,,III,Океанская волна III,Океанская волна III
2,latin_mixed,patch_text01,text/jogress_skill_name.mbe/000_Sheet1.csv,30065,841,,II,Приливный поток II,Приливный поток II
2,latin_mixed,patch_text01,text/jogress_skill_name.mbe/000_Sheet1.csv,30066,842,,III,Приливный поток III,Приливный поток III
2,latin_mixed,patch_text01,text/jogress_skill_name.mbe/000_Sheet1.csv,30072,844,,II,Серповидный Лист II,Серповидный Лист II
2,latin_mixed,patch_text01,text/jogress_skill_name.mbe/000_Sheet1.csv,30073,845,,III,Серповидный лист III,Серповидный лист III
2,latin_mixed,patch_text01,text/jogress_skill_name.mbe/000_Sheet1.csv,30082,847,,II,Удар шипом II,Удар шипом II
2,latin_mixed,patch_text01,text/jogress_skill_name.mbe/000_Sheet1.csv,30083,848,,III,Удар шипами III,Удар шипами III
2,latin_mixed,patch_text01,text/jogress_skill_name.mbe/000_Sheet1.csv,30092,850,,II,Рунический Лес II,Рунический Лес II
2,latin_mixed,patch_text01,text/jogress_skill_name.mbe/000_Sheet1.csv,30093,851,,III,Рунический лес III,Рунический лес III
2,latin_mixed,patch_text01,text/jogress_skill_name.mbe/000_Sheet1.csv,30095,853,,II,Игольчатый завод II,Игольчатый завод II
2,latin_mixed,patch_text01,text/jogress_skill_name.mbe/000_Sheet1.csv,30096,854,,III,Игольчатое растение III,Игольчатое растение III
2,latin_mixed,patch_text01,text/jogress_skill_name.mbe/000_Sheet1.csv,30102,856,,II,Край сосульки II,Край сосульки II
2,latin_mixed,patch_text01,text/jogress_skill_name.mbe/000_Sheet1.csv,30103,857,,III,Ледяная кромка III,Ледяная кромка III
2,latin_mixed,patch_text01,text/jogress_skill_name.mbe/000_Sheet1.csv,30112,859,,II,Замороженная Пуля II,Замороженная Пуля II
2,latin_mixed,patch_text01,text/jogress_skill_name.mbe/000_Sheet1.csv,30113,860,,III,Ледяная пуля III,Ледяная пуля III
2,latin_mixed,patch_text01,text/jogress_skill_name.mbe/000_Sheet1.csv,30122,862,,II,Смертельная Метель II,Смертельная Метель II
2,latin_mixed,patch_text01,text/jogress_skill_name.mbe/000_Sheet1.csv,30123,863,,III,Смертельная метель III,Смертельная метель III
2,latin_mixed,patch_text01,text/jogress_skill_name.mbe/000_Sheet1.csv,30125,865,,II,Алмазная Пыль II,Алмазная Пыль II
2,latin_mixed,patch_text01,text/jogress_skill_name.mbe/000_Sheet1.csv,30126,866,,III,Алмазная пыль III,Алмазная пыль III
2,latin_mixed,patch_text01,text/jogress_skill_name.mbe/000_Sheet1.csv,30132,868,,II,Перерыв в работе наномашины II,Перерыв в работе наномашины II
2,latin_mixed,patch_text01,text/jogress_skill_name.mbe/000_Sheet1.csv,30133,869,,III,Сбой наномашин III,Сбой наномашин III
2,latin_mixed,patch_text01,text/jogress_skill_name.mbe/000_Sheet1.csv,30142,871,,II,Ударная плазма II,Ударная плазма II
2,latin_mixed,patch_text01,text/jogress_skill_name.mbe/000_Sheet1.csv,30143,872,,III,Ударная плазма III,Ударная плазма III
2,latin_mixed,patch_text01,text/jogress_skill_name.mbe/000_Sheet1.csv,30152,874,,II,Падение Грома II,Падение Грома II
2,latin_mixed,patch_text01,text/jogress_skill_name.mbe/000_Sheet1.csv,30153,875,,III,Громопад III,Громопад III
2,latin_mixed,patch_text01,text/jogress_skill_name.mbe/000_Sheet1.csv,30155,877,,II,Молниеносный Коготь II,Молниеносный Коготь II
2,latin_mixed,patch_text01,text/jogress_skill_name.mbe/000_Sheet1.csv,30156,878,,III,Молниеносный коготь III,Молниеносный коготь III
2,latin_mixed,patch_text01,text/jogress_skill_name.mbe/000_Sheet1.csv,30162,880,,II,Кометный Молот II,Кометный Молот II
2,latin_mixed,patch_text01,text/jogress_skill_name.mbe/000_Sheet1.csv,30163,881,,III,Кометный молот III,Кометный молот III
2,latin_mixed,patch_text01,text/jogress_skill_name.mbe/000_Sheet1.csv,30172,883,,II,Гея Бластер II,Гея Бластер II
2,latin_mixed,patch_text01,text/jogress_skill_name.mbe/000_Sheet1.csv,30173,884,,III,Бластер Геи III,Бластер Геи III
2,latin_mixed,patch_text01,text/jogress_skill_name.mbe/000_Sheet1.csv,30182,886,,II,Потрясающее Землетрясение II,Потрясающее Землетрясение II
2,latin_mixed,patch_text01,text/jogress_skill_name.mbe/000_Sheet1.csv,30183,887,,III,Сокрушительное землетрясение III,Сокрушительное землетрясение III
2,latin_mixed,patch_text01,text/jogress_skill_name.mbe/000_Sheet1.csv,30185,889,,II,Каменный Скол II,Каменный Скол II
2,latin_mixed,patch_text01,text/jogress_skill_name.mbe/000_Sheet1.csv,30186,890,,III,Каменный рассекатель III,Каменный рассекатель III
2,latin_mixed,patch_text01,text/jogress_skill_name.mbe/000_Sheet1.csv,30192,892,,II,Коготь Ветра II,Коготь Ветра II
2,latin_mixed,patch_text01,text/jogress_skill_name.mbe/000_Sheet1.csv,30193,893,,III,Коготь ветра III,Коготь ветра III
2,latin_mixed,patch_text01,text/jogress_skill_name.mbe/000_Sheet1.csv,30202,895,,II,Звуковой Выстрел II,Звуковой Выстрел II
2,latin_mixed,patch_text01,text/jogress_skill_name.mbe/000_Sheet1.csv,30203,896,,III,Звуковой выстрел III,Звуковой выстрел III
2,latin_mixed,patch_text01,text/jogress_skill_name.mbe/000_Sheet1.csv,30212,898,,II,Штормовой ветер II,Штормовой ветер II
2,latin_mixed,patch_text01,text/jogress_skill_name.mbe/000_Sheet1.csv,30213,899,,III,Штормовой ветер III,Штормовой ветер III
2,latin_mixed,patch_text01,text/jogress_skill_name.mbe/000_Sheet1.csv,30215,901,,II,Буря II,Буря II
2,latin_mixed,patch_text01,text/jogress_skill_name.mbe/000_Sheet1.csv,30216,902,,III,Буря III,Буря III
2,latin_mixed,patch_text01,text/jogress_skill_name.mbe/000_Sheet1.csv,30222,904,,II,Раздавливающее Лезвие II,Раздавливающее Лезвие II
2,latin_mixed,patch_text01,text/jogress_skill_name.mbe/000_Sheet1.csv,30223,905,,III,Сокрушительный клинок III,Сокрушительный клинок III
2,latin_mixed,patch_text01,text/jogress_skill_name.mbe/000_Sheet1.csv,30232,907,,II,Двигатель Металлический II,Двигатель Металлический II
2,latin_mixed,patch_text01,text/jogress_skill_name.mbe/000_Sheet1.csv,30233,908,,III,Металлический ускоритель III,Металлический ускоритель III
2,latin_mixed,patch_text01,text/jogress_skill_name.mbe/000_Sheet1.csv,30242,910,,II,Цельнометаллическая свая II,Цельнометаллическая свая II
2,latin_mixed,patch_text01,text/jogress_skill_name.mbe/000_Sheet1.csv,30243,911,,III,Цельнометаллический свайный удар III,Цельнометаллический свайный удар III
2,latin_mixed,patch_text01,text/jogress_skill_name.mbe/000_Sheet1.csv,30245,913,,II,Железный Удар II,Железный Удар II
2,latin_mixed,patch_text01,text/jogress_skill_name.mbe/000_Sheet1.csv,30246,914,,III,Железный кулак III,Железный кулак III
2,latin_mixed,patch_text01,text/jogress_skill_name.mbe/000_Sheet1.csv,30252,916,,II,Святой Кулак II,Святой Кулак II
2,latin_mixed,patch_text01,text/jogress_skill_name.mbe/000_Sheet1.csv,30253,917,,III,Святой кулак III,Святой кулак III
2,latin_mixed,patch_text01,text/jogress_skill_name.mbe/000_Sheet1.csv,30262,919,,II,Святой свет II,Святой свет II
2,latin_mixed,patch_text01,text/jogress_skill_name.mbe/000_Sheet1.csv,30263,920,,III,Святой свет III,Святой свет III
2,latin_mixed,patch_text01,text/jogress_skill_name.mbe/000_Sheet1.csv,30272,922,,II,Взрыв Блеска II,Взрыв Блеска II
2,latin_mixed,patch_text01,text/jogress_skill_name.mbe/000_Sheet1.csv,30273,923,,III,Сияющий взрыв III,Сияющий взрыв III
2,latin_mixed,patch_text01,text/jogress_skill_name.mbe/000_Sheet1.csv,30275,925,,II,Лестница Ангела II,Лестница Ангела II
2,latin_mixed,patch_text01,text/jogress_skill_name.mbe/000_Sheet1.csv,30276,926,,III,Ангельская лестница III,Ангельская лестница III
2,latin_mixed,patch_text01,text/jogress_skill_name.mbe/000_Sheet1.csv,30282,928,,II,Теневой Клык II,Теневой Клык II
2,latin_mixed,patch_text01,text/jogress_skill_name.mbe/000_Sheet1.csv,30283,929,,III,Теневой клык III,Теневой клык III
2,latin_mixed,patch_text01,text/jogress_skill_name.mbe/000_Sheet1.csv,30292,931,,II,Кошмар II,Кошмар II
2,latin_mixed,patch_text01,text/jogress_skill_name.mbe/000_Sheet1.csv,30293,932,,III,Кошмар III,Кошмар III
2,latin_mixed,patch_text01,text/jogress_skill_name.mbe/000_Sheet1.csv,30302,934,,II,Адская Дробилка II,Адская Дробилка II
2,latin_mixed,patch_text01,text/jogress_skill_name.mbe/000_Sheet1.csv,30303,935,,III,Адский сокрушитель III,Адский сокрушитель III
2,latin_mixed,patch_text01,text/jogress_skill_name.mbe/000_Sheet1.csv,30305,937,,II,Страх Души II,Страх Души II
2,latin_mixed,patch_text01,text/jogress_skill_name.mbe/000_Sheet1.csv,30306,938,,III,Страх души III,Страх души III
2,latin_mixed,patch_text01,text/jogress_skill_name.mbe/000_Sheet1.csv,30312,940,,II,Тяжелый удар II,Тяжелый удар II
2,latin_mixed,patch_text01,text/jogress_skill_name.mbe/000_Sheet1.csv,30313,941,,III,Тяжёлый удар III,Тяжёлый удар III
2,latin_mixed,patch_text01,text/jogress_skill_name.mbe/000_Sheet1.csv,30322,943,,II,Мощность Энергия II,Мощность Энергия II
2,latin_mixed,patch_text01,text/jogress_skill_name.mbe/000_Sheet1.csv,30323,944,,III,Силовая энергия III,Силовая энергия III
2,latin_mixed,patch_text01,text/jogress_skill_name.mbe/000_Sheet1.csv,30332,946,,II,Пустой Луч II,Пустой Луч II
2,latin_mixed,patch_text01,text/jogress_skill_name.mbe/000_Sheet1.csv,30333,947,,III,Луч пустоты III,Луч пустоты III
2,latin_mixed,patch_text01,text/jogress_skill_name.mbe/000_Sheet1.csv,30335,949,,II,Врата Безумия II,Врата Безумия II
2,latin_mixed,patch_text01,text/jogress_skill_name.mbe/000_Sheet1.csv,30336,950,,III,Врата безумия III,Врата безумия III
2,latin_mixed,patch_text01,text/jogress_skill_name.mbe/000_Sheet1.csv,31012,952,,X-,X-Исцеление,X-Исцеление
2,latin_mixed,patch_text01,text/jogress_skill_name.mbe/000_Sheet1.csv,31022,954,,X-,X-Аура,X-Аура
2,latin_mixed,patch_text01,text/jogress_skill_name.mbe/000_Sheet1.csv,31032,956,,X-,X-Оживить,X-Оживить
2,latin_mixed,patch_text01,text/jogress_skill_name.mbe/000_Sheet1.csv,39999,1000,,DX,Медицинский спрей DX,Медицинский спрей DX
2,latin_mixed,patch_text01,text/main_quest_step.mbe/000_Sheet1.csv,310064,209,,SDGP,"Победите Граплеомона, чемпиона SDGP.","Победите Граплеомона, чемпиона SDGP."
2,latin_mixed,patch_text01,text/main_quest_title.mbe/000_Sheet1.csv,370,40,,II,Закрыто на ремонт II,Закрыто на ремонт II
2,latin_mixed,patch_text01,text/personality_skill_explanation.mbe/000_Sheet1.csv,2,4,,CP,Немного повышает получаемую шкалу CP.,Немного повышает получаемую шкалу CP.
2,latin_mixed,patch_text01,text/quest_outline.mbe/000_Sheet1.csv,88,55,,VIP-,"Загляни в VIP-зал. Мне нужно попросить тебя
об одолжении. Для тебя это тоже будет выгодно.","Загляни в VIP-зал. Мне нужно попросить тебя
об одолжении. Для тебя это тоже будет выгодно."
2,latin_mixed,patch_text01,text/quest_step.mbe/000_Sheet1.csv,168020,360,,TBD,Продайте топаз (TBD) Кокувамону.,Продайте топаз (TBD) Кокувамону.
2,latin_mixed,patch_text01,text/quest_step.mbe/000_Sheet1.csv,178010,385,,VIP-,Идите в VIP-зал.,Идите в VIP-зал.
2,latin_mixed,patch_text01,text/quest_title.mbe/000_Sheet1.csv,217,123,,XII,Тестовый матч Олимпоса XII,Тестовый матч Олимпоса XII
2,latin_mixed,patch_text01,text/quest_title.mbe/000_Sheet1.csv,963,145,,DM,Финальная битва: Империалдрамон DM,Финальная битва: Империалдрамон DM
2,latin_mixed,patch_text01,text/skill_name.mbe/000_Sheet1.csv,21812,245,,DX,Безумная карусель DX,Безумная карусель DX
2,latin_mixed,patch_text01,text/skill_name.mbe/000_Sheet1.csv,23971,388,,V-,Взрыв V-Новы,Взрыв V-Новы
2,latin_mixed,patch_text01,text/skill_name.mbe/000_Sheet1.csv,28064,656,,A.D.V,Гранатомет A.D.V.,Гранатомет A.D.V.
2,latin_mixed,patch_text01,text/skill_name.mbe/000_Sheet1.csv,30012,684,,II,Напалм II,Напалм II
2,latin_mixed,patch_text01,text/skill_name.mbe/000_Sheet1.csv,30013,685,,III,Напалм III,Напалм III
2,latin_mixed,patch_text01,text/skill_name.mbe/000_Sheet1.csv,30022,687,,II,Вспышка пламени II,Вспышка пламени II
2,latin_mixed,patch_text01,text/skill_name.mbe/000_Sheet1.csv,30023,688,,III,Вспышка пламени III,Вспышка пламени III
2,latin_mixed,patch_text01,text/skill_name.mbe/000_Sheet1.csv,30032,690,,II,Падение Магмы II,Падение Магмы II
2,latin_mixed,patch_text01,text/skill_name.mbe/000_Sheet1.csv,30033,691,,III,Магмопад III,Магмопад III
2,latin_mixed,patch_text01,text/skill_name.mbe/000_Sheet1.csv,30035,693,,II,Пламенный всполох II,Пламенный всполох II
2,latin_mixed,patch_text01,text/skill_name.mbe/000_Sheet1.csv,30036,694,,III,Пламенный всполох III,Пламенный всполох III
2,latin_mixed,patch_text01,text/skill_name.mbe/000_Sheet1.csv,30042,696,,II,Давление воды II,Давление воды II
2,latin_mixed,patch_text01,text/skill_name.mbe/000_Sheet1.csv,30043,697,,III,Водяное давление III,Водяное давление III
2,latin_mixed,patch_text01,text/skill_name.mbe/000_Sheet1.csv,30052,699,,II,Гидро - Вода II,Гидро - Вода II
2,latin_mixed,patch_text01,text/skill_name.mbe/000_Sheet1.csv,30053,700,,III,Гидровода III,Гидровода III
2,latin_mixed,patch_text01,text/skill_name.mbe/000_Sheet1.csv,30062,702,,II,Океанская волна II,Океанская волна II
2,latin_mixed,patch_text01,text/skill_name.mbe/000_Sheet1.csv,30063,703,,III,Океанская волна III,Океанская волна III
2,latin_mixed,patch_text01,text/skill_name.mbe/000_Sheet1.csv,30065,705,,II,Приливный поток II,Приливный поток II
2,latin_mixed,patch_text01,text/skill_name.mbe/000_Sheet1.csv,30066,706,,III,Приливный поток III,Приливный поток III
2,latin_mixed,patch_text01,text/skill_name.mbe/000_Sheet1.csv,30072,708,,II,Серповидный Лист II,Серповидный Лист II
2,latin_mixed,patch_text01,text/skill_name.mbe/000_Sheet1.csv,30073,709,,III,Серповидный лист III,Серповидный лист III
2,latin_mixed,patch_text01,text/skill_name.mbe/000_Sheet1.csv,30082,711,,II,Удар шипом II,Удар шипом II
2,latin_mixed,patch_text01,text/skill_name.mbe/000_Sheet1.csv,30083,712,,III,Удар шипами III,Удар шипами III
2,latin_mixed,patch_text01,text/skill_name.mbe/000_Sheet1.csv,30092,714,,II,Рунический Лес II,Рунический Лес II
2,latin_mixed,patch_text01,text/skill_name.mbe/000_Sheet1.csv,30093,715,,III,Рунический лес III,Рунический лес III
2,latin_mixed,patch_text01,text/skill_name.mbe/000_Sheet1.csv,30095,717,,II,Игольчатый завод II,Игольчатый завод II
2,latin_mixed,patch_text01,text/skill_name.mbe/000_Sheet1.csv,30096,718,,III,Игольчатое растение III,Игольчатое растение III
2,latin_mixed,patch_text01,text/skill_name.mbe/000_Sheet1.csv,30102,720,,II,Край сосульки II,Край сосульки II
2,latin_mixed,patch_text01,text/skill_name.mbe/000_Sheet1.csv,30103,721,,III,Ледяная кромка III,Ледяная кромка III
2,latin_mixed,patch_text01,text/skill_name.mbe/000_Sheet1.csv,30112,723,,II,Замороженная Пуля II,Замороженная Пуля II
2,latin_mixed,patch_text01,text/skill_name.mbe/000_Sheet1.csv,30113,724,,III,Ледяная пуля III,Ледяная пуля III
2,latin_mixed,patch_text01,text/skill_name.mbe/000_Sheet1.csv,30122,726,,II,Смертельная Метель II,Смертельная Метель II
2,latin_mixed,patch_text01,text/skill_name.mbe/000_Sheet1.csv,30123,727,,III,Смертельная метель III,Смертельная метель III
2,latin_mixed,patch_text01,text/skill_name.mbe/000_Sheet1.csv,30125,729,,II,Алмазная Пыль II,Алмазная Пыль II
2,latin_mixed,patch_text01,text/skill_name.mbe/000_Sheet1.csv,30126,730,,III,Алмазная пыль III,Алмазная пыль III
2,latin_mixed,patch_text01,text/skill_name.mbe/000_Sheet1.csv,30132,732,,II,Перерыв в работе наномашины II,Перерыв в работе наномашины II
2,latin_mixed,patch_text01,text/skill_name.mbe/000_Sheet1.csv,30133,733,,III,Сбой наномашин III,Сбой наномашин III
2,latin_mixed,patch_text01,text/skill_name.mbe/000_Sheet1.csv,30142,735,,II,Ударная плазма II,Ударная плазма II
2,latin_mixed,patch_text01,text/skill_name.mbe/000_Sheet1.csv,30143,736,,III,Ударная плазма III,Ударная плазма III
2,latin_mixed,patch_text01,text/skill_name.mbe/000_Sheet1.csv,30152,738,,II,Падение Грома II,Падение Грома II
2,latin_mixed,patch_text01,text/skill_name.mbe/000_Sheet1.csv,30153,739,,III,Громопад III,Громопад III
2,latin_mixed,patch_text01,text/skill_name.mbe/000_Sheet1.csv,30155,741,,II,Молниеносный Коготь II,Молниеносный Коготь II
2,latin_mixed,patch_text01,text/skill_name.mbe/000_Sheet1.csv,30156,742,,III,Молниеносный коготь III,Молниеносный коготь III
2,latin_mixed,patch_text01,text/skill_name.mbe/000_Sheet1.csv,30162,744,,II,Кометный Молот II,Кометный Молот II
2,latin_mixed,patch_text01,text/skill_name.mbe/000_Sheet1.csv,30163,745,,III,Кометный молот III,Кометный молот III
2,latin_mixed,patch_text01,text/skill_name.mbe/000_Sheet1.csv,30172,747,,II,Гея Бластер II,Гея Бластер II
2,latin_mixed,patch_text01,text/skill_name.mbe/000_Sheet1.csv,30173,748,,III,Бластер Геи III,Бластер Геи III
2,latin_mixed,patch_text01,text/skill_name.mbe/000_Sheet1.csv,30182,750,,II,Потрясающее Землетрясение II,Потрясающее Землетрясение II
2,latin_mixed,patch_text01,text/skill_name.mbe/000_Sheet1.csv,30183,751,,III,Сокрушительное землетрясение III,Сокрушительное землетрясение III
2,latin_mixed,patch_text01,text/skill_name.mbe/000_Sheet1.csv,30185,753,,II,Каменный Скол II,Каменный Скол II
2,latin_mixed,patch_text01,text/skill_name.mbe/000_Sheet1.csv,30186,754,,III,Каменный рассекатель III,Каменный рассекатель III
2,latin_mixed,patch_text01,text/skill_name.mbe/000_Sheet1.csv,30192,756,,II,Коготь Ветра II,Коготь Ветра II
2,latin_mixed,patch_text01,text/skill_name.mbe/000_Sheet1.csv,30193,757,,III,Коготь ветра III,Коготь ветра III
2,latin_mixed,patch_text01,text/skill_name.mbe/000_Sheet1.csv,30202,759,,II,Звуковой Выстрел II,Звуковой Выстрел II
2,latin_mixed,patch_text01,text/skill_name.mbe/000_Sheet1.csv,30203,760,,III,Звуковой выстрел III,Звуковой выстрел III
2,latin_mixed,patch_text01,text/skill_name.mbe/000_Sheet1.csv,30212,762,,II,Штормовой ветер II,Штормовой ветер II
2,latin_mixed,patch_text01,text/skill_name.mbe/000_Sheet1.csv,30213,763,,III,Штормовой ветер III,Штормовой ветер III
2,latin_mixed,patch_text01,text/skill_name.mbe/000_Sheet1.csv,30215,765,,II,Буря II,Буря II
2,latin_mixed,patch_text01,text/skill_name.mbe/000_Sheet1.csv,30216,766,,III,Буря III,Буря III
2,latin_mixed,patch_text01,text/skill_name.mbe/000_Sheet1.csv,30222,768,,II,Раздавливающее Лезвие II,Раздавливающее Лезвие II
2,latin_mixed,patch_text01,text/skill_name.mbe/000_Sheet1.csv,30223,769,,III,Сокрушительный клинок III,Сокрушительный клинок III
2,latin_mixed,patch_text01,text/skill_name.mbe/000_Sheet1.csv,30232,771,,II,Двигатель Металлический II,Двигатель Металлический II
2,latin_mixed,patch_text01,text/skill_name.mbe/000_Sheet1.csv,30233,772,,III,Металлический ускоритель III,Металлический ускоритель III
2,latin_mixed,patch_text01,text/skill_name.mbe/000_Sheet1.csv,30242,774,,II,Цельнометаллическая свая II,Цельнометаллическая свая II
2,latin_mixed,patch_text01,text/skill_name.mbe/000_Sheet1.csv,30243,775,,III,Цельнометаллический свайный удар III,Цельнометаллический свайный удар III
2,latin_mixed,patch_text01,text/skill_name.mbe/000_Sheet1.csv,30245,777,,II,Железный Удар II,Железный Удар II
2,latin_mixed,patch_text01,text/skill_name.mbe/000_Sheet1.csv,30246,778,,III,Железный кулак III,Железный кулак III
2,latin_mixed,patch_text01,text/skill_name.mbe/000_Sheet1.csv,30252,780,,II,Святой Кулак II,Святой Кулак II
2,latin_mixed,patch_text01,text/skill_name.mbe/000_Sheet1.csv,30253,781,,III,Святой кулак III,Святой кулак III
2,latin_mixed,patch_text01,text/skill_name.mbe/000_Sheet1.csv,30262,783,,II,Святой свет II,Святой свет II
2,latin_mixed,patch_text01,text/skill_name.mbe/000_Sheet1.csv,30263,784,,III,Святой свет III,Святой свет III
2,latin_mixed,patch_text01,text/skill_name.mbe/000_Sheet1.csv,30272,786,,II,Взрыв Блеска II,Взрыв Блеска II
2,latin_mixed,patch_text01,text/skill_name.mbe/000_Sheet1.csv,30273,787,,III,Сияющий взрыв III,Сияющий взрыв III
2,latin_mixed,patch_text01,text/skill_name.mbe/000_Sheet1.csv,30275,789,,II,Лестница Ангела II,Лестница Ангела II
2,latin_mixed,patch_text01,text/skill_name.mbe/000_Sheet1.csv,30276,790,,III,Ангельская лестница III,Ангельская лестница III
2,latin_mixed,patch_text01,text/skill_name.mbe/000_Sheet1.csv,30282,792,,II,Теневой Клык II,Теневой Клык II
2,latin_mixed,patch_text01,text/skill_name.mbe/000_Sheet1.csv,30283,793,,III,Теневой клык III,Теневой клык III
2,latin_mixed,patch_text01,text/skill_name.mbe/000_Sheet1.csv,30292,795,,II,Кошмар II,Кошмар II
2,latin_mixed,patch_text01,text/skill_name.mbe/000_Sheet1.csv,30293,796,,III,Кошмар III,Кошмар III
2,latin_mixed,patch_text01,text/skill_name.mbe/000_Sheet1.csv,30302,798,,II,Адская Дробилка II,Адская Дробилка II
2,latin_mixed,patch_text01,text/skill_name.mbe/000_Sheet1.csv,30303,799,,III,Адский сокрушитель III,Адский сокрушитель III
2,latin_mixed,patch_text01,text/skill_name.mbe/000_Sheet1.csv,30305,801,,II,Страх Души II,Страх Души II
2,latin_mixed,patch_text01,text/skill_name.mbe/000_Sheet1.csv,30306,802,,III,Страх души III,Страх души III
2,latin_mixed,patch_text01,text/skill_name.mbe/000_Sheet1.csv,30312,804,,II,Тяжелый удар II,Тяжелый удар II
2,latin_mixed,patch_text01,text/skill_name.mbe/000_Sheet1.csv,30313,805,,III,Тяжёлый удар III,Тяжёлый удар III
2,latin_mixed,patch_text01,text/skill_name.mbe/000_Sheet1.csv,30322,807,,II,Мощность Энергия II,Мощность Энергия II
2,latin_mixed,patch_text01,text/skill_name.mbe/000_Sheet1.csv,30323,808,,III,Силовая энергия III,Силовая энергия III
2,latin_mixed,patch_text01,text/skill_name.mbe/000_Sheet1.csv,30332,810,,II,Пустой Луч II,Пустой Луч II
2,latin_mixed,patch_text01,text/skill_name.mbe/000_Sheet1.csv,30333,811,,III,Луч пустоты III,Луч пустоты III
2,latin_mixed,patch_text01,text/skill_name.mbe/000_Sheet1.csv,30335,813,,II,Врата Безумия II,Врата Безумия II
2,latin_mixed,patch_text01,text/skill_name.mbe/000_Sheet1.csv,30336,814,,III,Врата безумия III,Врата безумия III
2,latin_mixed,patch_text01,text/skill_name.mbe/000_Sheet1.csv,31012,816,,X-,X-Исцеление,X-Исцеление
2,latin_mixed,patch_text01,text/skill_name.mbe/000_Sheet1.csv,31022,818,,X-,X-Аура,X-Аура
2,latin_mixed,patch_text01,text/skill_name.mbe/000_Sheet1.csv,31032,820,,X-,X-Оживить,X-Оживить
2,latin_mixed,patch_text01,text/skill_ruby.mbe/000_Sheet1.csv,30012,3,,II,Напалм II,Напалм II
2,latin_mixed,patch_text01,text/skill_ruby.mbe/000_Sheet1.csv,30013,4,,III,Напалм III,Напалм III
2,latin_mixed,patch_text01,text/skill_ruby.mbe/000_Sheet1.csv,30022,6,,II,Вспышка пламени II,Вспышка пламени II
2,latin_mixed,patch_text01,text/skill_ruby.mbe/000_Sheet1.csv,30023,7,,III,Вспышка пламени III,Вспышка пламени III
2,latin_mixed,patch_text01,text/skill_ruby.mbe/000_Sheet1.csv,30032,9,,II,Падение Магмы II,Падение Магмы II
2,latin_mixed,patch_text01,text/skill_ruby.mbe/000_Sheet1.csv,30033,10,,III,Магмопад III,Магмопад III
2,latin_mixed,patch_text01,text/skill_ruby.mbe/000_Sheet1.csv,30035,12,,II,Пламенный всполох II,Пламенный всполох II
2,latin_mixed,patch_text01,text/skill_ruby.mbe/000_Sheet1.csv,30036,13,,III,Пламенный всполох III,Пламенный всполох III
2,latin_mixed,patch_text01,text/skill_ruby.mbe/000_Sheet1.csv,30042,15,,II,Давление воды II,Давление воды II
2,latin_mixed,patch_text01,text/skill_ruby.mbe/000_Sheet1.csv,30043,16,,III,Водяное давление III,Водяное давление III
2,latin_mixed,patch_text01,text/skill_ruby.mbe/000_Sheet1.csv,30052,18,,II,Гидро - Вода II,Гидро - Вода II
2,latin_mixed,patch_text01,text/skill_ruby.mbe/000_Sheet1.csv,30053,19,,III,Гидровода III,Гидровода III
2,latin_mixed,patch_text01,text/skill_ruby.mbe/000_Sheet1.csv,30062,21,,II,Океанская волна II,Океанская волна II
2,latin_mixed,patch_text01,text/skill_ruby.mbe/000_Sheet1.csv,30063,22,,III,Океанская волна III,Океанская волна III
2,latin_mixed,patch_text01,text/skill_ruby.mbe/000_Sheet1.csv,30065,24,,II,Приливный поток II,Приливный поток II
2,latin_mixed,patch_text01,text/skill_ruby.mbe/000_Sheet1.csv,30066,25,,III,Приливный поток III,Приливный поток III
2,latin_mixed,patch_text01,text/skill_ruby.mbe/000_Sheet1.csv,30072,27,,II,Серповидный Лист II,Серповидный Лист II
2,latin_mixed,patch_text01,text/skill_ruby.mbe/000_Sheet1.csv,30073,28,,III,Серповидный лист III,Серповидный лист III
2,latin_mixed,patch_text01,text/skill_ruby.mbe/000_Sheet1.csv,30082,30,,II,Удар шипом II,Удар шипом II
2,latin_mixed,patch_text01,text/skill_ruby.mbe/000_Sheet1.csv,30083,31,,III,Удар шипами III,Удар шипами III
2,latin_mixed,patch_text01,text/skill_ruby.mbe/000_Sheet1.csv,30092,33,,II,Рунический Лес II,Рунический Лес II
2,latin_mixed,patch_text01,text/skill_ruby.mbe/000_Sheet1.csv,30093,34,,III,Рунический лес III,Рунический лес III
2,latin_mixed,patch_text01,text/skill_ruby.mbe/000_Sheet1.csv,30095,36,,II,Игольчатый завод II,Игольчатый завод II
2,latin_mixed,patch_text01,text/skill_ruby.mbe/000_Sheet1.csv,30096,37,,III,Игольчатое растение III,Игольчатое растение III
2,latin_mixed,patch_text01,text/skill_ruby.mbe/000_Sheet1.csv,30102,39,,II,Край сосульки II,Край сосульки II
2,latin_mixed,patch_text01,text/skill_ruby.mbe/000_Sheet1.csv,30103,40,,III,Ледяная кромка III,Ледяная кромка III
2,latin_mixed,patch_text01,text/skill_ruby.mbe/000_Sheet1.csv,30112,42,,II,Замороженная Пуля II,Замороженная Пуля II
2,latin_mixed,patch_text01,text/skill_ruby.mbe/000_Sheet1.csv,30113,43,,III,Ледяная пуля III,Ледяная пуля III
2,latin_mixed,patch_text01,text/skill_ruby.mbe/000_Sheet1.csv,30122,45,,II,Смертельная Метель II,Смертельная Метель II
2,latin_mixed,patch_text01,text/skill_ruby.mbe/000_Sheet1.csv,30123,46,,III,Смертельная метель III,Смертельная метель III
2,latin_mixed,patch_text01,text/skill_ruby.mbe/000_Sheet1.csv,30125,48,,II,Алмазная Пыль II,Алмазная Пыль II
2,latin_mixed,patch_text01,text/skill_ruby.mbe/000_Sheet1.csv,30126,49,,III,Алмазная пыль III,Алмазная пыль III
2,latin_mixed,patch_text01,text/skill_ruby.mbe/000_Sheet1.csv,30132,51,,II,Перерыв в работе наномашины II,Перерыв в работе наномашины II
2,latin_mixed,patch_text01,text/skill_ruby.mbe/000_Sheet1.csv,30133,52,,III,Сбой наномашин III,Сбой наномашин III
2,latin_mixed,patch_text01,text/skill_ruby.mbe/000_Sheet1.csv,30142,54,,II,Ударная плазма II,Ударная плазма II
2,latin_mixed,patch_text01,text/skill_ruby.mbe/000_Sheet1.csv,30143,55,,III,Ударная плазма III,Ударная плазма III
2,latin_mixed,patch_text01,text/skill_ruby.mbe/000_Sheet1.csv,30152,57,,II,Падение Грома II,Падение Грома II
2,latin_mixed,patch_text01,text/skill_ruby.mbe/000_Sheet1.csv,30153,58,,III,Громопад III,Громопад III
2,latin_mixed,patch_text01,text/skill_ruby.mbe/000_Sheet1.csv,30155,60,,II,Молниеносный Коготь II,Молниеносный Коготь II
2,latin_mixed,patch_text01,text/skill_ruby.mbe/000_Sheet1.csv,30156,61,,III,Молниеносный коготь III,Молниеносный коготь III
2,latin_mixed,patch_text01,text/skill_ruby.mbe/000_Sheet1.csv,30162,63,,II,Кометный Молот II,Кометный Молот II
2,latin_mixed,patch_text01,text/skill_ruby.mbe/000_Sheet1.csv,30163,64,,III,Кометный молот III,Кометный молот III
2,latin_mixed,patch_text01,text/skill_ruby.mbe/000_Sheet1.csv,30172,66,,II,Гея Бластер II,Гея Бластер II
2,latin_mixed,patch_text01,text/skill_ruby.mbe/000_Sheet1.csv,30173,67,,III,Бластер Геи III,Бластер Геи III
2,latin_mixed,patch_text01,text/skill_ruby.mbe/000_Sheet1.csv,30182,69,,II,Потрясающее Землетрясение II,Потрясающее Землетрясение II
2,latin_mixed,patch_text01,text/skill_ruby.mbe/000_Sheet1.csv,30183,70,,III,Сокрушительное землетрясение III,Сокрушительное землетрясение III
2,latin_mixed,patch_text01,text/skill_ruby.mbe/000_Sheet1.csv,30185,72,,II,Каменный Скол II,Каменный Скол II
2,latin_mixed,patch_text01,text/skill_ruby.mbe/000_Sheet1.csv,30186,73,,III,Каменный рассекатель III,Каменный рассекатель III
2,latin_mixed,patch_text01,text/skill_ruby.mbe/000_Sheet1.csv,30192,75,,II,Коготь Ветра II,Коготь Ветра II
2,latin_mixed,patch_text01,text/skill_ruby.mbe/000_Sheet1.csv,30193,76,,III,Коготь ветра III,Коготь ветра III
2,latin_mixed,patch_text01,text/skill_ruby.mbe/000_Sheet1.csv,30202,78,,II,Звуковой Выстрел II,Звуковой Выстрел II
2,latin_mixed,patch_text01,text/skill_ruby.mbe/000_Sheet1.csv,30203,79,,III,Звуковой выстрел III,Звуковой выстрел III
2,latin_mixed,patch_text01,text/skill_ruby.mbe/000_Sheet1.csv,30212,81,,II,Штормовой ветер II,Штормовой ветер II
2,latin_mixed,patch_text01,text/skill_ruby.mbe/000_Sheet1.csv,30213,82,,III,Штормовой ветер III,Штормовой ветер III
2,latin_mixed,patch_text01,text/skill_ruby.mbe/000_Sheet1.csv,30215,84,,II,Буря II,Буря II
2,latin_mixed,patch_text01,text/skill_ruby.mbe/000_Sheet1.csv,30216,85,,III,Буря III,Буря III
2,latin_mixed,patch_text01,text/skill_ruby.mbe/000_Sheet1.csv,30222,87,,II,Раздавливающее Лезвие II,Раздавливающее Лезвие II
2,latin_mixed,patch_text01,text/skill_ruby.mbe/000_Sheet1.csv,30223,88,,III,Сокрушительный клинок III,Сокрушительный клинок III
2,latin_mixed,patch_text01,text/skill_ruby.mbe/000_Sheet1.csv,30232,90,,II,Двигатель Металлический II,Двигатель Металлический II
2,latin_mixed,patch_text01,text/skill_ruby.mbe/000_Sheet1.csv,30233,91,,III,Металлический ускоритель III,Металлический ускоритель III
2,latin_mixed,patch_text01,text/skill_ruby.mbe/000_Sheet1.csv,30242,93,,II,Цельнометаллическая свая II,Цельнометаллическая свая II
2,latin_mixed,patch_text01,text/skill_ruby.mbe/000_Sheet1.csv,30243,94,,III,Цельнометаллический свайный удар III,Цельнометаллический свайный удар III
2,latin_mixed,patch_text01,text/skill_ruby.mbe/000_Sheet1.csv,30245,96,,II,Железный Удар II,Железный Удар II
2,latin_mixed,patch_text01,text/skill_ruby.mbe/000_Sheet1.csv,30246,97,,III,Железный кулак III,Железный кулак III
2,latin_mixed,patch_text01,text/skill_ruby.mbe/000_Sheet1.csv,30252,99,,II,Святой Кулак II,Святой Кулак II
2,latin_mixed,patch_text01,text/skill_ruby.mbe/000_Sheet1.csv,30253,100,,III,Святой кулак III,Святой кулак III
2,latin_mixed,patch_text01,text/skill_ruby.mbe/000_Sheet1.csv,30262,102,,II,Святой свет II,Святой свет II
2,latin_mixed,patch_text01,text/skill_ruby.mbe/000_Sheet1.csv,30263,103,,III,Святой свет III,Святой свет III
2,latin_mixed,patch_text01,text/skill_ruby.mbe/000_Sheet1.csv,30272,105,,II,Взрыв Блеска II,Взрыв Блеска II
2,latin_mixed,patch_text01,text/skill_ruby.mbe/000_Sheet1.csv,30273,106,,III,Сияющий взрыв III,Сияющий взрыв III
2,latin_mixed,patch_text01,text/skill_ruby.mbe/000_Sheet1.csv,30275,108,,II,Лестница Ангела II,Лестница Ангела II
2,latin_mixed,patch_text01,text/skill_ruby.mbe/000_Sheet1.csv,30276,109,,III,Ангельская лестница III,Ангельская лестница III
2,latin_mixed,patch_text01,text/skill_ruby.mbe/000_Sheet1.csv,30282,111,,II,Теневой Клык II,Теневой Клык II
2,latin_mixed,patch_text01,text/skill_ruby.mbe/000_Sheet1.csv,30283,112,,III,Теневой клык III,Теневой клык III
2,latin_mixed,patch_text01,text/skill_ruby.mbe/000_Sheet1.csv,30292,114,,II,Кошмар II,Кошмар II
2,latin_mixed,patch_text01,text/skill_ruby.mbe/000_Sheet1.csv,30293,115,,III,Кошмар III,Кошмар III
2,latin_mixed,patch_text01,text/skill_ruby.mbe/000_Sheet1.csv,30302,117,,II,Адская Дробилка II,Адская Дробилка II
2,latin_mixed,patch_text01,text/skill_ruby.mbe/000_Sheet1.csv,30303,118,,III,Адский сокрушитель III,Адский сокрушитель III
2,latin_mixed,patch_text01,text/skill_ruby.mbe/000_Sheet1.csv,30305,120,,II,Страх Души II,Страх Души II
2,latin_mixed,patch_text01,text/skill_ruby.mbe/000_Sheet1.csv,30306,121,,III,Страх души III,Страх души III
2,latin_mixed,patch_text01,text/skill_ruby.mbe/000_Sheet1.csv,30312,123,,II,Тяжелый удар II,Тяжелый удар II
2,latin_mixed,patch_text01,text/skill_ruby.mbe/000_Sheet1.csv,30313,124,,III,Тяжёлый удар III,Тяжёлый удар III
2,latin_mixed,patch_text01,text/skill_ruby.mbe/000_Sheet1.csv,30322,126,,II,Мощность Энергия II,Мощность Энергия II
2,latin_mixed,patch_text01,text/skill_ruby.mbe/000_Sheet1.csv,30323,127,,III,Силовая энергия III,Силовая энергия III
2,latin_mixed,patch_text01,text/skill_ruby.mbe/000_Sheet1.csv,30332,129,,II,Пустой Луч II,Пустой Луч II
2,latin_mixed,patch_text01,text/skill_ruby.mbe/000_Sheet1.csv,30333,130,,III,Луч пустоты III,Луч пустоты III
2,latin_mixed,patch_text01,text/skill_ruby.mbe/000_Sheet1.csv,30335,132,,II,Врата Безумия II,Врата Безумия II
2,latin_mixed,patch_text01,text/skill_ruby.mbe/000_Sheet1.csv,30336,133,,III,Врата безумия III,Врата безумия III
2,latin_mixed,patch_text01,text/skill_ruby.mbe/000_Sheet1.csv,31012,135,,X-,X-Исцеление,X-Исцеление
2,latin_mixed,patch_text01,text/skill_ruby.mbe/000_Sheet1.csv,31022,137,,X-,X-Аура,X-Аура
2,latin_mixed,patch_text01,text/skill_ruby.mbe/000_Sheet1.csv,31032,139,,X-,X-Оживить,X-Оживить
2,latin_mixed,patch_text01,text/steam_input.mbe/000_Sheet1.csv,steam_input_name_014,17,,D-,D-накладка Вверх,D-накладка Вверх
2,latin_mixed,patch_text01,text/steam_input.mbe/000_Sheet1.csv,steam_input_name_015,18,,D-,D-образная накладка Опущена,D-образная накладка Опущена
2,latin_mixed,patch_text01,text/steam_input.mbe/000_Sheet1.csv,steam_input_name_016,19,,D-,D-образная накладка Слева,D-образная накладка Слева
2,latin_mixed,patch_text01,text/steam_input.mbe/000_Sheet1.csv,steam_input_name_017,20,,D-,D-образная накладка Справа,D-образная накладка Справа
2,latin_mixed,patch_text01,text/tutorial_explanation.mbe/000_Sheet1.csv,tutorial_exp_AdditionalAttack_01_002,6,,HUD,"Когда активируются Дополнительные удары, на HUD появится круг.

{fc9Нажмите {decision}, когда круг достигнет центра, чтобы вызвать
«Эффект Удара»}.","Когда активируются Дополнительные удары, на HUD появится круг.

{fc9Нажмите {decision}, когда круг достигнет центра, чтобы вызвать
«Эффект Удара»}."
2,latin_mixed,patch_text01,text/tutorial_explanation.mbe/000_Sheet1.csv,tutorial_exp_CardsRule_01_004,125,,JUCG,"[Таинственное Дублирование после Битв JUCG]
{fc9После карточной битвы использованные карты, которых у тебя
ещё нет, дублируются для вашего выбора.}

Чем больше раундов вы выиграете, тем больше карт вы можете
получить.
5 побед = 3 карты
3–4 победы = 2 карты
1–2 победы = 1 карта
0 побед = 0 карт","[Таинственное Дублирование после Битв JUCG]
{fc9После карточной битвы использованные карты, которых у тебя
ещё нет, дублируются для вашего выбора.}

Чем больше раундов вы выиграете, тем больше карт вы можете
получить.
5 побед = 3 карты
3–4 победы = 2 карты
1–2 победы = 1 карта
0 побед = 0 карт"
2,latin_mixed,patch_text01,text/tutorial_explanation.mbe/000_Sheet1.csv,tutorial_exp_Status_03_001,35,,II,"{fc9{is28}{image(ui_icon_type_000)} Вакцина}
{fc9{is28}{image(ui_icon_type_020)} Данные}
{fc9{is28}{image(ui_icon_type_040)} Вирус}
{fc9{is28}{image(ui_icon_type_060)} Свободный}
{fc9{is28}{image(ui_icon_type_080)} Переменный}
{fc9{is28}{image(ui_icon_type_100)} Неизвестно}
Дигимоны стадий «Малыш I» и «Малыш II» имеют {fc9{is28}{image(ui_icon_type_120)} Без атрибута}.

Атрибут дигимона можно проверить на экране характеристик.","{fc9{is28}{image(ui_icon_type_000)} Вакцина}
{fc9{is28}{image(ui_icon_type_020)} Данные}
{fc9{is28}{image(ui_icon_type_040)} Вирус}
{fc9{is28}{image(ui_icon_type_060)} Свободный}
{fc9{is28}{image(ui_icon_type_080)} Переменный}
{fc9{is28}{image(ui_icon_type_100)} Неизвестно}
Дигимоны стадий «Малыш I» и «Малыш II» имеют {fc9{is28}{image(ui_icon_type_120)} Без атрибута}.

Атрибут дигимона можно проверить на экране характеристик."
2,latin_mixed,patch_text01,text/tutorial_title.mbe/000_Sheet1.csv,tutorial_title_CpAdd_01,13,,CP,Критические очки (CP),Критические очки (CP)
2,latin_mixed,patch_text01,text/tutorial_title.mbe/000_Sheet1.csv,tutorial_title_CpFluctuation_01,14,,CP,Получение CP,Получение CP
2,latin_mixed,patch_text01,text/yes_no_message.mbe/000_Sheet1.csv,yesno_dlc_0010,113,,"Microsoft, Nintendo, PlayStation, Store, eShop","{pf(Чтобы сыграть во Внешнее подземелье, необходимо {fc9приобрести дополнение}.

Перейти в PlayStation®Store?

{fc9Примечание: приобретённые дополнения будут активированы
только после возврата на титульный экран.}/Чтобы сыграть во Внешнее подземелье, необходимо {fc9приобрести дополнение}.

Перейти в Microsoft Store?

{fc9Примечание: приобретённые дополнения будут активированы
только после возврата на титульный экран.}/Чтобы сыграть во Внешнее подземелье, требуется {fc9загружаемый контент}.

Перейти в Nintendo eShop?

{fc9Примечание: приобретённый загружаемый контент будет активирован
только после возврата на титульный экран.}/Чтобы сыграть во Внешнее подземелье, требуется {fc9загружаемый контент}.

Перейти в интернет-магазин?

{fc9Примечание: приобретённый загружаемый контент будет активирован
только после возврата на титульный экран.})}","{pf(Чтобы сыграть во Внешнее подземелье, необходимо {fc9приобрести дополнение}.

Перейти в PlayStation®Store?

{fc9Примечание: приобретённые дополнения будут активированы
только после возврата на титульный экран.}/Чтобы сыграть во Внешнее подземелье, необходимо {fc9приобрести дополнение}.

Перейти в Microsoft Store?

{fc9Примечание: приобретённые дополнения будут активированы
только после возврата на титульный экран.}/Чтобы сыграть во Внешнее подземелье, требуется {fc9загружаемый контент}.

Перейти в Nintendo eShop?

{fc9Примечание: приобретённый загружаемый контент будет активирован
только после возврата на титульный экран.}/Чтобы сыграть во Внешнее подземелье, требуется {fc9загружаемый контент}.

Перейти в интернет-магазин?

{fc9Примечание: приобретённый загружаемый контент будет активирован
только после возврата на титульный экран.})}"
2,latin_mixed,patch_text01,text/yes_no_message.mbe/000_Sheet1.csv,yesno_dlc_0020,114,,"Microsoft, Nintendo, PlayStation, Store, eShop","{pf(Чтобы надеть этот костюм, необходимо {fc9приобрести дополнение}.

Перейти в PlayStation®Store?

{fc9Примечание: приобретённые дополнения будут активированы
только после возврата на титульный экран.}/Чтобы надеть этот костюм, необходимо {fc9приобрести дополнение}.

Перейти в Microsoft Store?

{fc9Примечание: приобретённые дополнения будут активированы
только после возврата на титульный экран.}/Чтобы надеть этот костюм, требуется {fc9загружаемый контент}.

Перейти в Nintendo eShop?

{fc9Примечание: приобретённый загружаемый контент будет активирован
только после возврата на титульный экран.}/Чтобы надеть этот костюм, требуется {fc9загружаемый контент}.

Перейти в интернет-магазин?

{fc9Примечание: приобретённый загружаемый контент будет активирован
только после возврата на титульный экран.})}","{pf(Чтобы надеть этот костюм, необходимо {fc9приобрести дополнение}.

Перейти в PlayStation®Store?

{fc9Примечание: приобретённые дополнения будут активированы
только после возврата на титульный экран.}/Чтобы надеть этот костюм, необходимо {fc9приобрести дополнение}.

Перейти в Microsoft Store?

{fc9Примечание: приобретённые дополнения будут активированы
только после возврата на титульный экран.}/Чтобы надеть этот костюм, требуется {fc9загружаемый контент}.

Перейти в Nintendo eShop?

{fc9Примечание: приобретённый загружаемый контент будет активирован
только после возврата на титульный экран.}/Чтобы надеть этот костюм, требуется {fc9загружаемый контент}.

Перейти в интернет-магазин?

{fc9Примечание: приобретённый загружаемый контент будет активирован
только после возврата на титульный экран.})}"
2,latin_mixed,patch_text01,text/yes_no_message.mbe/000_Sheet1.csv,yesno_dlc_0030,115,,"Microsoft, Nintendo, PlayStation, Store, eShop","{pf(Чтобы выбрать эту музыку, необходимо {fc9приобрести дополнение}.

Перейти в PlayStation®Store?

{fc9Примечание: приобретённые дополнения будут активированы
только после возврата на титульный экран.}/Чтобы выбрать эту музыку, необходимо {fc9приобрести дополнение}.

Перейти в Microsoft Store?

{fc9Примечание: приобретённые дополнения будут активированы
только после возврата на титульный экран.}/Чтобы выбрать эту музыку, требуется {fc9загружаемый контент}.

Перейти в Nintendo eShop?

{fc9Примечание: приобретённый загружаемый контент будет активирован
только после возврата на титульный экран.}/Чтобы выбрать эту музыку, требуется {fc9загружаемый контент}.

Перейти в интернет-магазин?

{fc9Примечание: приобретённый загружаемый контент будет активирован
только после возврата на титульный экран.})}","{pf(Чтобы выбрать эту музыку, необходимо {fc9приобрести дополнение}.

Перейти в PlayStation®Store?

{fc9Примечание: приобретённые дополнения будут активированы
только после возврата на титульный экран.}/Чтобы выбрать эту музыку, необходимо {fc9приобрести дополнение}.

Перейти в Microsoft Store?

{fc9Примечание: приобретённые дополнения будут активированы
только после возврата на титульный экран.}/Чтобы выбрать эту музыку, требуется {fc9загружаемый контент}.

Перейти в Nintendo eShop?

{fc9Примечание: приобретённый загружаемый контент будет активирован
только после возврата на титульный экран.}/Чтобы выбрать эту музыку, требуется {fc9загружаемый контент}.

Перейти в интернет-магазин?

{fc9Примечание: приобретённый загружаемый контент будет активирован
только после возврата на титульный экран.})}"
2,latin_mixed,patch_text01,text/yes_no_message.mbe/000_Sheet1.csv,yesno_dlc_0040,116,,"Microsoft, Nintendo, Store, eShop","{pf(Перейти в PlayStation®Store?

{fc9Примечание: приобретённые дополнения будут активированы
только после возврата на титульный экран.}/Перейти в Microsoft Store?

{fc9Примечание: приобретённые дополнения будут активированы
только после возврата на титульный экран.}/Перейти в Nintendo eShop?

{fc9Примечание: приобретённый загружаемый контент будет активирован
только после возврата на титульный экран.}/Перейти в интернет-магазин?

{fc9Примечание: приобретённый загружаемый контент будет активирован
только после возврата на титульный экран.})}","{pf(Перейти в PlayStation®Store?

{fc9Примечание: приобретённые дополнения будут активированы
только после возврата на титульный экран.}/Перейти в Microsoft Store?

{fc9Примечание: приобретённые дополнения будут активированы
только после возврата на титульный экран.}/Перейти в Nintendo eShop?

{fc9Примечание: приобретённый загружаемый контент будет активирован
только после возврата на титульный экран.}/Перейти в интернет-магазин?

{fc9Примечание: приобретённый загружаемый контент будет активирован
только после возврата на титульный экран.})}"
1,extra_payload_package,addcont_17_text01,,,,,Installer payload has no matching game text01 package in this install,D:\Digimon Story Time Stranger\installer\payload\addcont_17_text01.dx11.mvgl,
