severity,category,package,file,row_id,line,speaker,detail,current_translation,source_game_text01
2,latin_mixed,addcont_01_text01,text/char_name_dlc01.mbe/000_Sheet1.csv,char_OMEGAMONZWART_D,12,,Defeat,Омегамон Зварт Defeat,Omnimon Zwart Defeat
2,latin_mixed,addcont_01_text01,text/char_name_dlc01.mbe/000_Sheet1.csv,char_OMEGAMONZWART_D_BIG,13,,Defeat,Омегамон Зварт Defeat,Omnimon Zwart Defeat
2,latin_mixed,addcont_01_text01,text/char_name_dlc01.mbe/000_Sheet1.csv,char_OMEGAMON_ALTER-B,14,,Alter-B,Омегамон Alter-B,Omnimon Alter-B
2,latin_mixed,addcont_01_text01,text/char_name_dlc01.mbe/000_Sheet1.csv,char_OMEGAMON_ALTER-B_BIG,15,,Alter-B,Омегамон Alter-B,Omnimon Alter-B
2,latin_mixed,addcont_01_text01,text/char_name_dlc01.mbe/000_Sheet1.csv,char_OMEGAMON_ALTER-S,10,,Alter-S,Омегамон Alter-S,Omnimon Alter-S
2,latin_mixed,addcont_01_text01,text/char_name_dlc01.mbe/000_Sheet1.csv,char_OMEGAMON_ALTER-S_BIG,11,,Alter-S,Омегамон Alter-S,Omnimon Alter-S
2,latin_mixed,addcont_01_text01,text/digimon_profile_dlc01.mbe/000_Sheet1.csv,digimon_0691_profile,5,,Alter-S,"Новая форма Омегамона, рождённая слиянием подвида
ВарГреймона БлицГреймона и подвида МеталГарурумона
КресГарурумона. Омегамон Alter-S отличается от
Омегамона, связанного с Королевскими рыцарями, но
сохраняет ту же универсальность: объединяет особые
способности двух дигимонов и обладает сопоставимой
силой. Как именно эти двое слились, неизвестно. Было
ли это чьей-то волей? Или слияние существует только
благодаря чьему-то желанию? Истина остаётся неясной.

Особым приёмом «Трансцендентная пушка» Омегамон Alter-S
стреляет плазмой из пушки в форме БлицГреймона.
А сила рассечения приёма «Высший меч» зависит от
энергии, накопленной в клинке. Полностью заряженный
Гаруру-меч способен рассечь что угодно.","A new form of Omnimon, born from a fusion between
the WarGreymon subspecies BlitzGreymon and the
MetalGarurumon subspecies CresGarurumon.
Omnimon Alter-S is a different being from the
Omnimon affiliated with the Royal Knights, but the
multi-capable performance combining the special
abilities of two Digimon remains the same, as does
its strength. How the pair came to fuse is a mystery.
Did someone will it into being? Or does this fusion
exist solely because of someone's wish? The truth
of the matter is unclear.

Omnimon Alter-S uses its special move Transcendent
Cannon to shoot plasma from its BlitzGreymon-
shaped cannon. In addition, the slashing power of its
move Supreme Sword varies depending on the energy
accumulated in the blade. Nothing exists that cannot
be cut by a fully charged Supreme Sword."
2,latin_mixed,addcont_01_text01,text/digimon_profile_dlc01.mbe/000_Sheet1.csv,digimon_0692_profile,6,,"Defeat, Zwart","Форма Омегамона Цварта, превращённая неизвестной
сущностью в берсерка через вирусную программу.
Любой дигимон, пересёкший путь Омегамона Zwart Defeat,
воспринимается им как зловещий враг, а приблизившихся
ждёт беспощадный натиск. Борьба между буйным вирусом
и остаточной вакцинной программой в его теле сделала
его нестабильным: он то изнемогает, то впадает в ярость
и не способен залечить раны. В один из редких мигов,
когда вакцинная программа позволила ему вернуть
самосознание, он связал оба оружия, чтобы ограничить
ущерб, который может причинить.","The form of Omnimon Zwart transformed into a
berserker after being infected with a virus program
by some entity. Any Digimon that crosses Omnimon
Zwart Defeat's path is viewed as a sinister foe, and
any who get close face a merciless onslaught. The
clash between the raging virus and the remnant
vaccine program inside its body has rendered it
unstable, causing it to cycle between exhaustion
and rampage while unable to heal its wounds. In
one of the rare moments the vaccine program was
able to push back enough for Omnimon Zwart
Defeat to regain its sense of self, it bound both
weapons to limit the damage it could do."
2,latin_mixed,addcont_01_text01,text/digimon_profile_dlc01.mbe/000_Sheet1.csv,digimon_0693_profile,7,,"Alter-B, Alter-S","Омегамон Alter-B — временная форма Омегамона Alter-S,
возникающая после того, как некая сущность намеренно
ввела в него Чёрный Дигитрон — вязкую субстанцию,
окрашивающую дигимонов в чёрный цвет. В этой форме
Омегамон становится сильнее, но теряет себя в
бессмысленной ярости, пока не вернётся обратно.","Omnimon Alter-B is a temporary form taken on by
Omnimon Alter-S after some entity had intentionally
introduced Black Digitron, a sort of ooze that turns
Digimon black, into its being. Omnimon is more
powerful in this form, but it loses itself in a mindless
rage until it changes back."
2,latin_mixed,addcont_01_text01,text/item_name_dlc01.mbe/000_Sheet1.csv,40002,3,,EX,Бустер пробуждения таланта EX: 01,Talent Awakening Booster EX: 01
2,latin_mixed,addcont_01_text01,text/item_ruby_dlc01.mbe/000_Sheet1.csv,40002,3,,EX,Бустер пробуждения таланта EX: 01,Talent Awakening Booster EX: 01
2,latin_mixed,addcont_02_text01,message/d220.mbe/000_Sheet1.csv,d220_080_050,87,char_BANCHOLEOMON,GAKU-RAN,"Понятно... Значит, куртка GAKU-RAN
и у тебя на плечах...","I see... So you also have a GAKU-RAN jacket
over your shoulders..."
2,latin_mixed,addcont_02_text01,text/char_name_dlc02.mbe/000_Sheet1.csv,char_OMEGAMON:MERCIFUL MODE,4,,MM,Омегамон MM,Omnimon MM
2,latin_mixed,addcont_02_text01,text/char_name_dlc02.mbe/000_Sheet1.csv,char_OMEGAMON:MERCIFUL MODE_BIG,5,,MM,Омегамон MM,Omnimon MM
2,latin_mixed,addcont_02_text01,text/digimon_profile_dlc02.mbe/000_Sheet1.csv,digimon_0448_profile,2,,"Photon, Spreads","Ангельская форма Омегамона с белыми крыльями,
развевающимися словно шарф. Осознав, что некоторых
можно спасти лишь через бой и поражение, Омегамон
преобразовал свою печаль и решимость в форму
Омегамон: Милосердный режим. Светло-голубые линии
Photon Spreads, похожие на слёзы на щеках, струятся
по всему телу и на короткое время резко усиливают его.
Это существо вершит суд над дигимонами, безвозвратно
сошедшими со своего пути, и тем самым спасает их.
Целями атак Омегамона: Милосердный режим всегда
становятся те, кто изначально обладал добрым сердцем.

«Трансцендентный меч» Омегамона преобразился в катану
«Грозный клинок», которой Милосердный режим одним
неохотным взмахом обезглавливает цель. «Высшая пушка»
превратилась в «Изящную пушку», стреляющую лазером
абсолютного нуля.","An angelic form of Omnimon with white wings that
flutter like a scarf. Upon realizing that some can only
be saved by fighting and defeating them, Omnimon's
sadness and resolve transformed it into Omnimon:
Merciful Mode. Photon Spread—pale blue lines of
light that resemble tears rolling down cheeks—flows
over its entire body, drastically boosting its power
for a short time. This being renders judgment upon
Digimon who have irrevocably strayed from their
path, saving them in the process. The targets of
Omnimon: Merciful Mode's attacks are always
those who originally possessed hearts of virtue.

Omnimon's Transcendent Sword has transformed
into a katana-like shape known as ""Fearsome Blade,""
with which Omnimon: Merciful Mode beheads its
target with a single, reluctant stroke. Omnimon's
special move Supreme Cannon has also transformed
into Graceful Cannon, which fires a laser of absolute
zero cold."
2,latin_mixed,addcont_02_text01,text/digimon_profile_dlc02.mbe/000_Sheet1.csv,digimon_0485_profile,4,,GAKU-RAN,"Крайне заносчивый дигимон-насекомое, привыкший жить,
подавляя окружающих. БанчоСтингмона называют самым
высокомерным среди дигимонов: свою гордость он ставит
превыше всего. Любая попытка её задеть встречает
безжалостное возмездие, кто бы ни был виновником.
Именно эта непримиримая гордость принесла ему титул
«Банчо». Панцири разных насекомых тщательно вплетены
в его символический GAKU-RAN, делая одежду прочной
как броня. Его особые приёмы — «Кровавый финал»,
пронзающий врагов бурами на руках, и «Небесная глубинная бомба»,
выпускающая минных жуков, взрывающихся при контакте.","An absolutely conceited Insectoid Digimon that
lives by overpowering those around it. Said to be
the most arrogant of all Digimon, BanchoStingmon
holds its pride above all else. Any act that threatens
to even mar its pride will be met with ruthless
retaliation, no matter who the perpetrator. This
uncompromising pridefulness has earned it the
title of ""Bancho."" The carapaces of various insects
are meticulously woven into BanchoStingmon's
emblematic GAKU-RAN, giving it a sturdy
construction. Its special moves are Bloody Finish,
skewering foes with the drills on its arms, and
Depth Charge Sky, releasing mine bugs that self-
destruct on contact with the enemy."
2,latin_mixed,addcont_02_text01,text/digimon_profile_dlc02.mbe/000_Sheet1.csv,digimon_0486_profile,5,,"Assemble, Nightmare","Фея-дигимон в тёмно-багровой куртке токко-фуку.
Яркие лепестки, оставшиеся со времён Лилимона,
потемнели, и прежняя мягкая прелесть уступила место
суровому облику. БанчоЛилимон убеждённо сражается
за слабых в беспощадном Цифровом мире и спас
бесчисленные жизни от нападений злобных дигимонов.
Куртка токко-фуку и титул «Банчо» служат доказательством
этой решимости. Его йо-йо становятся оружием в особых
приёмах: «Абсолютная территория» рассеивает врага вместе
с пространством вокруг него, «Nightmare Assemble» бросает
йо-йо во врага и поглощает его, а «Двойной лепесток»
обрушивает молниеносные удары ногами.","A Pixie Digimon draped in a deep crimson tokko-fuku
jacket. The florid petals from when it was Lillymon
have been dyed a dark color, shedding the sweet
impression it once had. BanchoLillymon has the
conviction to fight for the weak in the dog-eat-dog
Digital World, and has saved countless lives from
assault by fiendish Digimon. Its tokko-fuku jacket
and the title of ""Bancho"" are proof of this conviction.
BanchoLillymon has several special moves that
utilize its yo-yos as weapons. Absolute Territory cuts
up the enemy along with the very space around them,
Nightmare Assemble thrusts the yo-yos at its foe and
absorbs it, and Twin Petal unleashes flash kicks from
BanchoLillymon's gorgeous legs."
2,latin_mixed,addcont_02_text01,text/digimon_profile_dlc02.mbe/000_Sheet1.csv,digimon_0488_profile,7,,"Bats, Black, GAKU-RAN, Golden, Hickeys","Один из немногих носителей титула «Банчо», этот
рыцарственный и сострадательный дигимон отлично дерётся,
несмотря на малый рост. БанчоМамемон живёт независимо,
игнорируя законы Цифрового мира. Он помогает дигимонам,
которые, как и он сам, оказались отрезаны от мира, и даже
создал объединение «Маме-мон Рэнго», где они живут вместе.
Но идти против мирового порядка непросто: под предлогом
реорганизации ему бесчисленное число раз приходилось
сражаться с дигимонами, следующими правилам. И всё же он
посвящает Маме-мон Рэнго все силы. Титул «Банчо» он получил
за то, что отражал врагов, не потеряв ни одного товарища,
какой бы тяжёлой ни была ситуация. Как БанчоЛеомон, он
носит GAKU-RAN, защищающий от физических ударов, но почти
всегда отдаёт эту защиту товарищам. Его особые приёмы —
«Золотой натиск» с любимыми дубинками Golden Bats,
«Сэнбон Доккан», выбивающий братские Black Hickeys из
этих дубинок, и «Буккоми Отокодама», рывок вперёд на
тюремных цепях, свисающих с тела.","One of the few bearing the title of ""Bancho,"" this
deeply chivalrous and compassionate Digimon is great
in a scrap despite its small stature. BanchoMamemon
lives a self-reliant existence, ignoring the laws of the
Digital World. It extends a helping hand to Digimon
isolated from the world like itself, going so far as to
form an organization dubbed the ""Mamemon Alliance""
in which such Digimon live together. But going against
the order of the world is no easy task. It has fought
against Digimon that conform to rules under the
pretense of reorganization on countless occasions.
Even so, it devotes all of its energies toward the
Mamemon Alliance. BanchoMamemon received
the title of ""Bancho"" by repelling enemies without
losing a single comrade, no matter what dilemma came
along. Like BanchoLeomon, it wears a GAKU-RAN that
guards against impacts from physical attacks. That
being said, it almost always dedicates this defensive
ability to its comrades. BanchoMamemon uses its
special move Golden Rush to strike with its favorite
cudgels, the Golden Bats, and beat foes to a pulp, and
Senbon Dokkan to slam out its subordinates, the Black
Hickeys, with the same Golden Bats. It also uses
Bukkomi Otokodama to charge forward using the
prison chains hanging from its body."
2,latin_mixed,addcont_02_text01,text/item_name_dlc02.mbe/000_Sheet1.csv,41002,3,,EX,Бустер пробуждения таланта EX: 02,Talent Awakening Booster EX: 02
2,latin_mixed,addcont_02_text01,text/item_ruby_dlc02.mbe/000_Sheet1.csv,41002,3,,EX,Бустер пробуждения таланта EX: 02,Talent Awakening Booster EX: 02
2,latin_mixed,addcont_03_text01,message/d310.mbe/000_Sheet1.csv,d310_050_070,61,char_OMEGAMON-X,X-,"Нас с остальными четырьмя объединяет одно: в наших телах
содержится вещество, известное как «X-антитело».","What we and the other four have in common is that we
harbor a substance in our bodies known as ""the X Antibody."""
2,latin_mixed,addcont_03_text01,message/d310.mbe/000_Sheet1.csv,d310_060_130,77,char_DORUMON,X-,Омегамон и я — двое из этих Дигимонов с X-антителами.,Omnimon and I are two of these X Antibody Digimon.
2,latin_mixed,addcont_03_text01,message/d310.mbe/000_Sheet1.csv,d310_060_170,81,char_SIMMONS,X-,"Понятно. Выходит, разногласия вокруг X-программы —
и практические, и идеологические — раскололи вас.","I see. So, basically, you've been divided by practical and
ideological differences concerning this X Program."
2,latin_mixed,addcont_03_text01,message/d320.mbe/000_Sheet1.csv,d320_010_050,6,char_DUKEMON_X,X-,"X-антитело — не орудие божественной воли.
Это всего лишь программа.","The X Antibody is no instrument of divine will.
It is a program, no more and no less."
2,latin_mixed,addcont_03_text01,message/d320.mbe/000_Sheet1.csv,d320_030_070,57,char_KUZUHAMON,X-,"Д-Ты, там! Сдайте свои X-антитела!","Y-You, there! Hand over your X Antibodies!"
2,latin_mixed,addcont_03_text01,message/d320.mbe/000_Sheet1.csv,d320_030_080,58,char_JESMON_X,X-,"Из-за X-антитела решается вопрос жизни и смерти,
поэтому многие пытаются отнять его силой.","Since possessing the X Antibody is a matter of life
and death, there are many who try to take it by force."
2,latin_mixed,addcont_03_text01,message/d320.mbe/000_Sheet1.csv,d320_040_020,62,char_KUZUHAMON,X-,"Мы больше не будем их красть.
Пожалуйста, позвольте нам оставить свои X-антитела!","We won't try to steal them anymore,
so please, just let us keep our antibodies!"
2,latin_mixed,addcont_03_text01,message/d320.mbe/000_Sheet1.csv,d320_040_030,63,char_MAGNAMON_X,X-,"Похоже, у них X-антитела внешние, а не внутренние.",It seems their X Antibodies are extrinsic rather than intrinsic.
2,latin_mixed,addcont_03_text01,message/d320.mbe/000_Sheet1.csv,d320_040_040,64,char_SIMMONS,X-,"Внешний? Итак, существуют разные типы X-антител?",Extrinsic? So there are different types of X Antibodies?
2,latin_mixed,addcont_03_text01,message/d320.mbe/000_Sheet1.csv,d320_040_080,68,char_JESMON_X,X-,"X-антитело полностью нейтрализует Программу X,
но его действие не вечно.","The X Antibody completely nullifies the X Program,
but it does not last forever."
2,latin_mixed,addcont_03_text01,message/d320.mbe/000_Sheet1.csv,d320_040_200,80,char_OMEGAMON-X,X-,"Хм... Я чувствую чужое присутствие. Похоже, поблизости есть
и другие дигимоны, охотящиеся за X-антителом.","Hm... I am sensing the presence of others. Most likely, there are
more Digimon who are after the X Antibody lurking nearby."
2,latin_mixed,addcont_03_text01,message/digimon_chat_dlc03.mbe/000_Sheet1.csv,omex_001_2_reaction_char_OMEGAMON-X,6,,"Omega, inForce","Невероятная сила Omega inForce
позволяет мне мгновенно предсказывать будущее.","With the ultimate power, Omni inForce.
It allows me to read the future in an instant."
2,latin_mixed,addcont_03_text01,message/digimon_chat_dlc03.mbe/000_Sheet1.csv,omex_001_3_reaction_char_OMEGAMON-X,8,,"Omega, inForce","Omega inForce принадлежит мне и только мне.
Человек никогда не сможет владеть такой силой.","Omni inForce is mine, and mine alone.
It is not something a human could ever wield."
2,latin_mixed,addcont_03_text01,message/dlcep003_field.mbe/000_Sheet1.csv,dlc003_0090_0020,36,char_JESMON_X,X-,{next}[Сделать Джесмона (X-антитело) (Данные) союзником.],{next}[Make Jesmon (X Antibody) (Data) your ally.]
2,latin_mixed,addcont_03_text01,message/dlcep003_field.mbe/000_Sheet1.csv,dlc003_0100_0020,41,char_DUKEMON_X,X-,{next}[Сделать Дюкмон (X-антитело) (Вирус) союзником.],{next}[Make Gallantmon (X Antibody) (Virus) your ally.]
2,latin_mixed,addcont_03_text01,message/dlcep003_field.mbe/000_Sheet1.csv,dlc003_0110_0020,46,char_ULFORCEVDRAMON_X,"V-, X-",{next}[Сделать УльфорсV-драмон (X-антитело) (Вакцина) союзником.],{next}[Make UlforceVeedramon (X Antibody) (Vaccine) your ally.]
2,latin_mixed,addcont_03_text01,message/dlcep003_field.mbe/000_Sheet1.csv,dlc003_0120_0020,51,char_MAGNAMON_X,X-,{next}[Сделать Магнамона (X-антитело) (Вакцина) союзником.],{next}[Make Magnamon (X Antibody) (Vaccine) your ally.]
2,latin_mixed,addcont_03_text01,text/char_name_dlc03.mbe/000_Sheet1.csv,char_DUKEMON_X,4,,X-,Дюкмон (X-антитело),Gallantmon (X Antibody)
2,latin_mixed,addcont_03_text01,text/char_name_dlc03.mbe/000_Sheet1.csv,char_DUKEMON_X_BIG,5,,X-,Дюкмон (X-антитело),Gallantmon (X Antibody)
2,latin_mixed,addcont_03_text01,text/char_name_dlc03.mbe/000_Sheet1.csv,char_JESMON_X,12,,X-,Джесмон (X-антитело),Jesmon (X Antibody)
2,latin_mixed,addcont_03_text01,text/char_name_dlc03.mbe/000_Sheet1.csv,char_JESMON_X_BIG,13,,X-,Джесмон (X-антитело),Jesmon (X Antibody)
2,latin_mixed,addcont_03_text01,text/char_name_dlc03.mbe/000_Sheet1.csv,char_MAGNAMON_X,8,,X-,Магнамон (X-антитело),Magnamon (X Antibody)
2,latin_mixed,addcont_03_text01,text/char_name_dlc03.mbe/000_Sheet1.csv,char_MAGNAMON_X_BIG,9,,X-,Магнамон (X-антитело),Magnamon (X Antibody)
2,latin_mixed,addcont_03_text01,text/char_name_dlc03.mbe/000_Sheet1.csv,char_OMEGAMON-X,2,,X-,Омегамон (X-антитело),Omnimon (X Antibody)
2,latin_mixed,addcont_03_text01,text/char_name_dlc03.mbe/000_Sheet1.csv,char_OMEGAMON-X_BIG,3,,X-,Омегамон (X-антитело),Omnimon (X Antibody)
2,latin_mixed,addcont_03_text01,text/char_name_dlc03.mbe/000_Sheet1.csv,char_ULFORCEVDRAMON_X,6,,"V-, X-",УльфорсV-драмон (X-антитело),UlforceVeedramon (X Antibody)
2,latin_mixed,addcont_03_text01,text/char_name_dlc03.mbe/000_Sheet1.csv,char_ULFORCEVDRAMON_X_BIG,7,,"V-, X-",УльфорсV-драмон (X-антитело),UlforceVeedramon (X Antibody)
2,latin_mixed,addcont_03_text01,text/digimon_profile_dlc03.mbe/000_Sheet1.csv,digimon_0357_profile,2,,"Omega, X-, inForce","Этот дигимон возник из слияния Уничтожителей вирусов,
ВарГреймона и МеталГарурумона, благодаря воле тех, кто
желает добра. Омегамон способен в любой ситуации
полностью раскрывать качества обоих дигимонов, поэтому
он универсален и силён в бою. Его левая рука имеет
форму ВарГреймона и оснащена мечом и щитом, а правая
рука — форму МеталГарурумона, оснащённую пушкой и
ракетами. Плащ на спине раскрывается автоматически,
когда нужно уклониться от атаки или взлететь. Особый
приём «Высшая пушка» выпускает из пушки в форме
МеталГарурумона поток воздуха абсолютного нуля и
замораживает врага. А меч на левой руке — невидимый
клинок «Трансцендентный меч».

■Влияние X-антитела на ДигиЯдро Омегамона: Теоретически
ни один другой дигимон не должен быть способен победить
Омегамона. Причина в абсолютной силе Omega inForce, что
позволяет мгновенно видеть грядущее в бою и реагировать
на него. Это доводит боевое чутьё и потенциал Омегамона
до предела. Если угроза сетевой безопасности так
велика, что Омегамон не может позволить себе проиграть,
он применяет «Полное удаление» через Трансцендентный
меч. Пока приём активен, всё, чего касается клинок, не
разрезается, а стирается.","This Digimon was fused from the Virus Busters
WarGreymon and MetalGarurumon through the will
of those who wish for good. Omnimon is able to
draw on the qualities of both Digimon to the fullest
extent under any circumstance, making it a capable
and versatile fighter. Its left arm is in the shape of
WarGreymon and is equipped with a sword and
shield, and its right arm takes the shape of
MetalGarurumon and is equipped with a cannon
and missiles. The cloak on its back deploys
automatically when it needs to avoid enemy attacks
or to fly. Its special move is Supreme Cannon, which
fires a blast of air at absolute zero from its
MetalGarurumon-shaped cannon to freeze the
enemy. Additionally, the sword it bears on its left
arm is the invisible blade, Transcendent Sword.

■Effects of the X Antibody on Omnimon's DigiCore:
Theoretically, it should be impossible for any other
Digimon to defeat Omnimon. This is due to its
acquisition of the ultimate power known as Omni
inForce (a term coined from the words ""Omni,""
""Gain,"" and ""Force"") which grants it the ability to
instantly see and react to what is about to happen
in battle. This increases Omnimon's combat sense
and potential to the absolute maximum at all times.
Also, in battles where the threat to network
security is so severe that Omnimon cannot afford
to lose, it can unleash the special move All Delete
using the Transcendent Sword. While All Delete is
active, anything touched by the blade is not cut,
but erased."
2,latin_mixed,addcont_03_text01,text/digimon_profile_dlc03.mbe/000_Sheet1.csv,digimon_0358_profile,3,,X-,"Дюкмон — дигимон-Святой Рыцарь, состоящий в рядах
Королевских рыцарей вместе с Омегамоном и Магнамоном.
Королевские рыцари занимают высшее место в сетевой
безопасности, и ни один дигимон ещё не смог пробить их
стойкую оборону. Однако вирусный атрибут Дюкмона
противоречит роли одного из главных защитников Сети,
поэтому существует ничтожная вероятность, что
равновесие нарушится и он сам станет угрозой. Дюкмон
облачён в священные доспехи из хрондигизоида чистотой
99,9%, в правой руке держит святое копьё Грам, а в
левой — священный щит Эгида. Рыцарственный по природе,
он верно служит своему повелителю. Его особые приёмы —
«Молниеносный выпад» копьём Грам и «Щит праведника»,
очищающий луч из Эгиды.

■Влияние X-антитела на ДигиЯдро Дюкмона: Рискуя жизнью
в бесчисленных священных битвах и сохраняя рыцарскую
верность, Дюкмон наконец был благословлён священными
доспехами, копьём и щитом высочайшего качества. Это
оружие и броня состоят из священного сплава редких
металлов: красного, синего и золотого дигизоида, а
также чистейшего известного хрондигизоида. Дюкмон
преобразился, чтобы лучше соответствовать этой святой
силе, и получил новый приём «Зиг-сабля», усиливающий и
увеличивающий копьё света, выпущенное из святого копья
Грам. Говорят также, что красный плащ, который Дюкмон
носил до обретения силы X-антитела, он отдал герою
Леомону.","Gallantmon is a Holy Knight Digimon counted
among the Royal Knights alongside Omnimon and
Magnamon. The Royal Knights are the highest-
ranking Digimon in terms of network security,
and no Digimon has ever been able to crack their
stalwart defenses. But given Gallantmon's Virus
attribute, its role as one of the chief protectors of
the Net inherently conflicts with its nature. This
means there is a minute chance that this balance
could break and it becomes a threat instead.
Gallantmon is clad in holy armor made of 99.9%
pure Chrondigizoid, and it wields the holy lance
Gram in its right hand while bearing the holy shield
Aegis in its left. Chivalrous by nature, Gallantmon
is a faithful servant of its liege. Its special moves
are Lightning Joust, which unleashes a powerful
thrust from Gram, and Shield of the Just, which
fires a purifying beam from Aegis.

■Effects of the X Antibody on Gallantmon's DigiCore:
After risking its life in countless holy battles while
maintaining its fidelity as a knight, Gallantmon has
at last been blessed with holy armor, a holy lance,
and a holy shield of the highest quality. These arms
and armor consist of a sacred hybrid of the rare
metals Red Digizoid, Blue Digizoid, Gold Digizoid
and the purest Chrondigizoid known to exist.
Gallantmon has also transformed to better suit this
holy power and acquired a new special move named
Zeig Saber, which uses its newfound sacred might to
amplify and greatly enlarge the spear of light that it
fires from the holy lance Gram. What's more, it is
said that Gallantmon gave the red cape it had before
obtaining the power of the X Antibody to the hero
Leomon."
2,latin_mixed,addcont_03_text01,text/digimon_profile_dlc03.mbe/000_Sheet1.csv,digimon_0418_profile,4,,"Ulforce, V-, X-","УльфорсV-драмон — легендарный дигимон-Святой Рыцарь,
упомянутый лишь в пророчестве древнего Цифрового мира.
В этом пророчестве сказано о появлении Королевских
рыцарей, святых защитников Сети, и о том, что все они
соберутся, когда Цифровой мир столкнётся с величайшим
кризисом. Даже среди Королевских рыцарей скорость
УльфорсV-драмона исключительна: за его движениями
невозможно уследить. Его броня из синего хрондигизоита —
крайне редкого и самого лёгкого вида этого металла —
позволяет ему рассекать небо и мчаться по земле. При
необходимости он разворачивает «Меч победы» или
«Тенсегрити-щит» из V-браслетов на руках. Особый
приём «Луч победы» выпускает луч энергии из
V-образной брони на груди и уничтожает врагов.

■Влияние X-антитела на ДигиЯдро УльфорсV-драмона:
Помимо богоподобной скорости, ещё сильнее раскрылась
его предельная сила Ulforce. Она также обладает
поразительным фактором исцеления, позволяя УльфорсV-
драмону мгновенно восстанавливать любой полученный урон.
Даже если его застать врасплох и атаковать, он, скорее
всего, сразу ответит со всей мощью.","UlforceVeedramon is a legendary Holy Knight Digimon
appearing only in a prophecy passed down from the
ancient Digital World. The appearance of the Royal
Knights, the holy defenders of the Network, was
written of in this prophecy, and it is said the members
of the Royal Knights will all gather under the prophecy
when the Digital World faces its greatest crisis. Even
among the Royal Knights, UlforceVeedramon's speed
is exceptional, such that it is impossible to follow its
movements. Clad in armor of Blue Chrondigizoit—an
extremely rare metal, and the lightest form of any
Chrondigizoit—UlforceVeedramon shoots through
the sky and blasts across the earth. Should it ever
require a weapon or shield, it can deploy its Victory
Sword or Tense-Great Shield from the V-Bracelets on
its arms. Its special move is The Ray of Victory, which
fires a beam of energy from the V-shaped armor on
its chest to wipe out foes.

■Effects of the X Antibody on UlforceVeedramon's
DigiCore: In addition to its godlike speed, its ultimate
Ulforce power has also been drawn out further.
Ulforce also has an astounding healing factor,
allowing UlforceVeedramon to heal any damage it
receives immediately. Even if it were to be caught
and attacked, it would likely counter instantly with
one hundred percent of its power."
2,latin_mixed,addcont_03_text01,text/digimon_profile_dlc03.mbe/000_Sheet1.csv,digimon_0432_profile,5,,X-,"Бронированный дигимон-Святой Рыцарь, эволюционировавший
силой Дигиментала Чудес. Этот Дигиментал наделён
атрибутом Металла и состоит из сверхметалла хрондигизоита,
поэтому его оборонительный потенциал и наступательная
мощь не уступают, а возможно и превосходят, дигимонов
уровня Абсолютный. В соответствии с названием сила
Дигиментала Чудес позволяет преодолеть любой кризис.
Магнамон использует «Плазменный выстрел», выпуская шар
чистой плазмы, и «Сияющую золотую солнечную бурю»,
превращающую сжатый воздух в золотые лазерные лучи,
которые сметают окружающих врагов.

■Влияние X-антитела на ДигиЯдро Магнамона:
Его единственный в своём роде хрондигизоид становится
тем прочнее, чем сильнее закаляется. Виртуальный
сверхметалл полностью встроен в тело дигимона и растёт
или атрофируется подобно обычной мышечной ткани. Считается,
что эта чудесная эволюция стала возможна благодаря
хрондигизоиду, созданному древними техниками почти в
естественном состоянии (Дигиментал Чудес), что позволило
ему соединиться с живым существом вместе с собственной
силой Магнамона. Напрягая хрондигизоидные мышцы, он
временно переходит в мерцающее состояние золотого дигизоида
и получает абсолютную защиту, способную выдерживать как
физическое разрушение, так и атаки, распадающие данные.
Это состояние обладает свойствами, подобными руде Хуанлун,
особому минералу, из которого образуется хрондигизоид с
непревзойдённой твёрдостью. Такая идеальная защита слишком
тяжела для дигимона, но Магнамон преодолевает это полной
закалкой своего хрондигизоида.","An Armor Holy Knight Digimon that has Digivolved
through the power of the Digi-Egg of Miracles.
Imbued with the attribute of Metal and made of
the super-metal Chrondigizoit, this Digi-Egg holds
immense defensive capability and offensive might
on par with, if not exceeding, that of Mega
Digimon. True to its name, gaining the wondrous
power of the Digi-Egg of Miracles would allow
one to overcome any crisis. Magnamon uses its
special move Plasma Shot to fire a ball of pure
plasma, and Shining Gold Solar Storm to explode
condensed air into golden laser beams that
sweep away surrounding foes.

■Effects of the X Antibody on Magnamon's DigiCore:
Its one-of-a-kind Chrondigizoid grows stronger the
more it is tempered. Magnamon's virtual super-
metal is fully integrated into the Digimon's body,
growing and atrophying just like ordinary muscle
tissue. This miraculous Digivolution is thought to
have been achieved through the unique properties
of Chrondigizoid created close to its natural state
using ancient techniques (the Digi-Egg of Miracles)
which allows it to integrate with living creatures, in
combination with Magnamon's own power. By
tensing its Chrondigizoid muscles, it can temporarily
transform into a glimmering Gold Digizoid state,
offering absolute defensive power capable of
withstanding physical and even data-disintegrating
attacks. Furthermore, this Gold Digizoid state bears
properties akin to Huanglong Ore, the special
mineral Chrondigizoid is formed from that boasts
unparalleled, absolute hardness. Its perfect
defense is accompanied by a specific gravity
unsuited to Digimon, but Magnamon is able to
overcome this by thoroughly tempering its
Chrondigizoid."
2,latin_mixed,addcont_03_text01,text/digimon_profile_dlc03.mbe/000_Sheet1.csv,digimon_0468_profile,7,,X-,"Когда кристалл на груди СейвиорХакмона засиял, он
эволюционировал в свою предельную, трансцендентную
форму. Джесмон — дигимон-Святой Рыцарь, заслуживший
место среди Королевских рыцарей, высшего ранга сетевой
безопасности. Он способен распознавать признаки
грядущего хаоса и других нарушений по всему Цифровому
миру, поэтому добирается до места быстрее любого
другого Королевского рыцаря. Джесмон доверяет
окружающим и предпочитает действовать вместе с сёстрами
Систермон и другими близкими дигимонами, а не в
одиночку; отчасти это удерживает его от
самоуверенности. Такая склонность к сотрудничеству
редка среди Королевских рыцарей. Наблюдая за Хинукамуй
своего наставника Ганкумона, Джесмон во время обучения
обрёл Ато, Рене и Пор. Это трио невероятно
универсально: оно действует по приказу Джесмона или
самостоятельно, напрямую атакует врагов, поддерживает
Джесмона и помогает другим дигимонам.

■Влияние X-антитела на ДигиЯдро Джесмона: X-антитело
превратило всю броню Джесмона в клинки, сделав его
форму ещё более наступательной. Каждый из множества
мечей способен двигаться самостоятельно, что позволяет
Джесмону непрерывно подавлять противника в бою один на
один шквалом атак. Кроме того, три программы Ато, Рене
и Пор слились и пробудились как единое существо,
Тактическое оружие. Благодаря этому Джесмон использует
новый боевой стиль: атакует во всех направлениях и не
оставляет уязвимых мест. Среди его особых приёмов —
«Железный кулак: Суд», где новое Тактическое оружие
обрушивает на врага железные кулаки, достойные гордости
Ганкумона, и «Вельтфлюгель», запускающий все мечи на
теле во врага вместе со шквалом ударов большими
клинками в руках. Наконец, у него есть несмертельный
козырь: он извлекает из ДигиЯдра в груди «Высший
Сэйбакен» и рассекает врагов. Тот, кого задел этот меч,
теряет только боевой инстинкт и больше не способен
сражаться.","When the crystal on SaviorHuckmon's chest began
to glow, it Digivolved into its ultimate, transcendent
form. Jesmon is a Holy Knight Digimon that has
earned its place among the Royal Knights, the
highest-ranking Digimon in network security. With
the ability to detect signs of impending chaos and
other disturbances throughout the Digital World,
it is able to rush to the scene faster than any other
Royal Knights. Trusting of others, it prefers to
coordinate its efforts with the Sistermon siblings
and other nearby Digimon rather than acting
alone, in part to keep itself from growing
overconfident. Such cooperative nature is a rarity
among the Royal Knights. Learning by watching
the Hinukamuy of its master Gankoomon, Jesmon
acquired Atho, René and Por during its training.
This trio boasts formidable versatility, capable of
operating both under Jesmon's command as well
as autonomously to attack foes directly, support
Jesmon, or render aid upon other Digimon.

■Effects of the X Antibody on Jesmon's DigiCore:
The X Antibody has transformed all of Jesmon's
armor into blades, granting it a form even more
focused on offense. Each of the many swords
Jesmon is now equipped with is also capable of
autonomous movement, allowing this Digimon
to continually overwhelm opponents when
fighting one-on-one with a constant barrage of
attacks. Furthermore, the three programs Atho,
René, and Por have now fused and awakened as
a single being, the Tactical Arms. This allows
Jesmon to make use of an entirely new combat
style with which it attacks in all directions
without ever leaving itself vulnerable. This
Digimon's special moves include Iron-Fist
Judgment, which uses its new Tactical Arms to
bludgeon foes with iron fists that would do
Gankoomon proud, and Weltflügel, which involves
launching all the swords on its body toward the
enemy while unleashing a flurry of attacks with the
greatswords in its hands. Finally, it has a nonlethal
ace in the hole, drawing the Ultimate Seibaken out
of the DigiCore in its chest and slicing through foes.
Those cut by this sword lose only their fighting
instinct, rendering them unable to battle any
longer."
2,latin_mixed,addcont_03_text01,text/info_message_dlc03.mbe/000_Sheet1.csv,9003009,10,,Anti-ParadoX,"Даже после завершения «Anti-ParadoX» вы можете поговорить
с дворецким в лифтовом зале и снова принять вызов.

Награды за прохождение также можно получить повторно.","Even after you complete ""Anti-ParadoX,"" you can
speak to the butler in the Elevator Hall to take on
the challenge again.

You can also obtain the completion rewards again."
2,latin_mixed,addcont_03_text01,text/item_name_dlc03.mbe/000_Sheet1.csv,42002,3,,EX,Бустер пробуждения таланта EX: 03,Talent Awakening Booster EX: 03
2,latin_mixed,addcont_03_text01,text/item_ruby_dlc03.mbe/000_Sheet1.csv,42002,3,,EX,Бустер пробуждения таланта EX: 03,Talent Awakening Booster EX: 03
2,latin_mixed,addcont_03_text01,text/quest_step_dlc03.mbe/000_Sheet1.csv,530030,4,,X-,Найдите другого дигимона вместе с Омегамоном (X-антитело).,Search for the other Digimon with Omnimon (X Antibody).
2,latin_mixed,addcont_03_text01,text/quest_step_dlc03.mbe/000_Sheet1.csv,530040,6,,X-,Ищите другого дигимона с X-антителом.,Look for the other X Antibody Digimon.
2,latin_mixed,addcont_03_text01,text/quest_step_dlc03.mbe/000_Sheet1.csv,530050,7,,X-,Следуйте за дигимоном с X-антителом.,Follow the X Antibody Digimon.
2,latin_mixed,addcont_03_text01,text/quest_step_dlc03.mbe/000_Sheet1.csv,530160,18,,X-,Заручитесь поддержкой Джесмона (X-антитело).,Make Jesmon (X Antibody) your ally.
2,latin_mixed,addcont_03_text01,text/quest_step_dlc03.mbe/000_Sheet1.csv,530170,19,,X-,Заручитесь поддержкой Дюкмона (X-антитело).,Make Gallantmon (X Antibody) your ally.
2,latin_mixed,addcont_03_text01,text/quest_step_dlc03.mbe/000_Sheet1.csv,530180,20,,"V-, X-",Заручитесь поддержкой УльфорсV-драмона (X-антитело).,Make UlforceVeedramon (X Antibody) your ally.
2,latin_mixed,addcont_03_text01,text/quest_step_dlc03.mbe/000_Sheet1.csv,530190,21,,X-,Заручитесь поддержкой Магнамона (X-антитело).,Make Magnamon (X Antibody) your ally.
2,same_as_original,addcont_03_text01,text/quest_title_dlc03.mbe/000_Sheet1.csv,530,2,,Translation is identical to game text01 source,Anti-ParadoX,Anti-ParadoX
2,latin_mixed,addcont_07_text01,text/item_name_dlc07.mbe/000_Sheet1.csv,1176,2,,USB-,USB-накопитель коллекционера,Collector's USB Stick
2,latin_mixed,addcont_07_text01,text/item_name_dlc07.mbe/000_Sheet1.csv,1177,3,,USB-,USB-накопитель стратега,Strategist's USB Stick
2,latin_mixed,addcont_07_text01,text/item_name_dlc07.mbe/000_Sheet1.csv,1178,4,,USB-,USB-накопитель миллионера,Millionaire's USB Stick
2,latin_mixed,addcont_07_text01,text/item_ruby_dlc07.mbe/000_Sheet1.csv,1176,2,,USB-,USB-накопитель коллекционера,Collector's USB Stick
2,latin_mixed,addcont_07_text01,text/item_ruby_dlc07.mbe/000_Sheet1.csv,1177,3,,USB-,USB-накопитель стратега,Strategist's USB Stick
2,latin_mixed,addcont_07_text01,text/item_ruby_dlc07.mbe/000_Sheet1.csv,1178,4,,USB-,USB-накопитель миллионера,Millionaire's USB Stick
2,latin_mixed,addcont_12_text01,text/item_explanation_dlc12.mbe/000_Sheet1.csv,824,2,,"Cyber, Digimon, Sleuth, Story","Костюм.
Наряд, вдохновлённый Digimon Story: Cyber Sleuth.","Costume.
An outfit taking inspiration from Digimon Story: Cyber Sleuth."
2,latin_mixed,addcont_12_text01,text/item_name_dlc12.mbe/000_Sheet1.csv,824,2,,"Cyber, Sleuth",Костюм Cyber Sleuth,Cyber Sleuth Outfit
2,latin_mixed,addcont_12_text01,text/item_ruby_dlc12.mbe/000_Sheet1.csv,824,2,,"Cyber, Sleuth",Костюм Cyber Sleuth,Cyber Sleuth Outfit
2,latin_mixed,app_text01,message/arena01.mbe/000_Sheet1.csv,arena01_m320_010_020,228,char_ETEMON,SDGP,"Потрясающе! Это первое появление чемпиона из Материального мира!
Как продержится чемпион SDGP?!","Amazing! It's the first appearance of the champion from the
Material World! How will the SDGP Champ hold up?!"
2,latin_mixed,app_text01,message/arena01.mbe/000_Sheet1.csv,arena01_m320_010_060,234,char_ETEMON,SDGP,Победителем становится... команда-чемпион SDGP!,The winner is... the SDGP Champion team!
2,latin_mixed,app_text01,message/arena01.mbe/000_Sheet1.csv,arena01_m320_020_020,236,char_ETEMON,SDGP,Наконец-то чемпион SDGP здесь! Приготовьтесь удивляться!,"At last, the SDGP Champ is here! Get ready to be amazed!"
2,latin_mixed,app_text01,message/arena01.mbe/000_Sheet1.csv,arena01_m320_020_060,242,char_ETEMON,SDGP,Победителем становится... команда-чемпион SDGP!,"The winner is... the Shinjuku Dungeon Grand Prix Champion
team!"
2,latin_mixed,app_text01,message/arena01.mbe/000_Sheet1.csv,arena01_m320_030_060,250,char_ETEMON,SDGP,Победителем становится... команда-чемпион SDGP!,"The winner is... the Shinjuku Dungeon Grand Prix Champion
team!"
2,latin_mixed,app_text01,message/arena01.mbe/000_Sheet1.csv,arena01_m320_040_060,257,char_ETEMON,SDGP,Победителем становится... команда-чемпион SDGP!,"The winner is... the Shinjuku Dungeon Grand Prix Champion
team!"
2,latin_mixed,app_text01,message/d06.mbe/000_Sheet1.csv,f_d0604_0300_0020,213,char_MINERVAMON,VIP-,Серьёзно? Что это за VIP-сервис?,"Seriously, what's with the VIP treatment? "
2,latin_mixed,app_text01,message/d09.mbe/000_Sheet1.csv,f_d0904_0220_0020,386,char_KAMEMON,Kamedical,"Теперь я лидер команды Kamedical — медотряда,
который поддерживает леди Венусмон!","I'm now the leader of team Ka-medical! A medical team that
supports Lady Venusmon!"
2,latin_mixed,app_text01,message/d13.mbe/000_Sheet1.csv,f_d1301_0050_0050,17,char_SIMMONS,ID,"Вы займитесь ID руководителя. А я пока
поищу кое-что ещё.","You work on getting ahold of a supervisor's ID. There's
something else I want to look for in the meantime."
2,latin_mixed,app_text01,message/d13.mbe/000_Sheet1.csv,f_d1301_0060_0010,22,,ID,"На экране сообщение.
«Как пользоваться аварийным ID → памятка на доске»","There's a message on the screen.
""How to Use an Emergency ID → Whiteboard Memo"""
2,latin_mixed,app_text01,message/d13.mbe/000_Sheet1.csv,f_d1301_0060_0050,26,,ID,Впредь не возись с ID. Просто смотри на доску.,"From now on, don't bother with the ID. Just check the
whiteboard."
2,latin_mixed,app_text01,message/dlc000.mbe/000_Sheet1.csv,dlc000_060_040,38,char_BUTLER,II,"Войти в Акашический бэкдор II?
{fc9*Сложность соответствует финалу основной истории.}",Enter Akashic Backdoor II?
2,latin_mixed,app_text01,message/dlc000.mbe/000_Sheet1.csv,dlc000_070_040,49,char_BUTLER,III,"Войти в Акашический бэкдор III?
{fc9*Сложность соответствует финалу основной истории.}",Enter Akashic Backdoor III?
2,latin_mixed,app_text01,message/field_text.mbe/000_Sheet1.csv,dummy_dlc000_0010,311,char_PLAYER_M,EP,Предварительный Текст Начала DLC EP1?,
2,latin_mixed,app_text01,message/field_text.mbe/000_Sheet1.csv,dummy_dlc000_0030,314,char_PLAYER_M,EP,Предварительный текст для начала DLC EP2?,
2,latin_mixed,app_text01,message/field_text.mbe/000_Sheet1.csv,dummy_dlc000_0050,317,char_PLAYER_M,EP,Предварительный текст для начала DLC EP3?,
2,latin_mixed,app_text01,message/field_text.mbe/000_Sheet1.csv,dummy_dlc010_0080,332,char_PLAYER_M,EP,"Идентификатор события: d110_080 ""Первая битва в EP1"" (Ранг C+)",
2,latin_mixed,app_text01,message/field_text.mbe/000_Sheet1.csv,dummy_dlc010_0090,333,char_PLAYER_M,EP,"Идентификатор события: d110_090 ""После победы в Первом сражении
в EP1"" (ранг C+)",
2,latin_mixed,app_text01,message/field_text.mbe/000_Sheet1.csv,dummy_dlc010_0340,369,char_PLAYER_M,"Alter-B, VS","Идентификатор события: d140_020 ""VS Омегамон Alter-B (Сцена
эволюции B) - Часть 1"" (Ранг B)",
2,latin_mixed,app_text01,message/field_text.mbe/000_Sheet1.csv,dummy_dlc010_0350,370,char_PLAYER_M,Alter-B,"Идентификатор события: d140_020 ""ПРОТИВ Омегамон Alter-B (сцена
эволюции) - часть 2"" (Ранг A)",
2,latin_mixed,app_text01,message/field_text.mbe/000_Sheet1.csv,dummy_dlc010_0390,374,char_PLAYER_M,VS,"Идентификатор события: d150_010 ""VS Параллельмон - Часть 1"" (ранг
C+)",
2,latin_mixed,app_text01,message/field_text.mbe/000_Sheet1.csv,dummy_dlc010_0400,375,char_PLAYER_M,VS,"Идентификатор события: d150_020 ""VS Параллельмон - Часть 2"" (ранг
B)",
2,latin_mixed,app_text01,message/field_text.mbe/000_Sheet1.csv,dummy_dlc010_0410,376,char_PLAYER_M,"Alter-B, Alter-S","Идентификатор события: d150_030 ""Возвращение Омегамон Alter-S и
Омегамон Alter-B"" (ранг C+)",
2,latin_mixed,app_text01,message/field_text.mbe/000_Sheet1.csv,dummy_dlc020_0010,392,char_PLAYER_M,dl,"Идентификатор события: dlc020_010_010 ""Эгиомон и Инори Мисоно
присоединяются"" (ранг B)",
2,latin_mixed,app_text01,message/field_text.mbe/000_Sheet1.csv,dummy_dlc020_0020,393,char_PLAYER_M,dl,"Идентификатор события: dlc020_010_020 ""Странный коридор"" (ранг
C)",
2,latin_mixed,app_text01,message/field_text.mbe/000_Sheet1.csv,dummy_dlc020_0030,394,char_PLAYER_M,dl,"Идентификатор события: dlc020_010_030 ""Побежден Параллельмон""
(ранг B)",
2,latin_mixed,app_text01,message/field_text.mbe/000_Sheet1.csv,dummy_dlc020_0040,395,char_PLAYER_M,dl,"Идентификатор события: dlc020_010_040 ""Воссоединение с Банчо в
Белой комнате"" (ранг C)",
2,latin_mixed,app_text01,message/field_text.mbe/000_Sheet1.csv,dummy_dlc020_0050,396,char_PLAYER_M,dl,"Идентификатор события: dlc020_010_050 ""Воссоединение с Хироко
Сагисакой в Белой комнате"" (ранг C)",
2,latin_mixed,app_text01,message/field_text.mbe/000_Sheet1.csv,dummy_dlc020_0370,428,char_PLAYER_M,VS,"Идентификатор события: d2_050_010 ""VS Параллельмон"" (ранг C)",
2,latin_mixed,app_text01,message/field_text.mbe/000_Sheet1.csv,dummy_m210_0050,75,char_PLAYER_M,NPC,"Идентификатор события: m210_020 ""Помощь с барьером"" беседа с
NPC.",
2,latin_mixed,app_text01,message/field_text.mbe/000_Sheet1.csv,dummy_m220_0020,83,char_PLAYER_M,VIP-,"Идентификатор мероприятия: m220_010 ""VIP-зал в Промежуточном
кинотеатре"" (ранг B)",
2,latin_mixed,app_text01,message/field_text.mbe/000_Sheet1.csv,dummy_m310_0030,167,char_PLAYER_M,"Bearmon, Little, NPC","Идентификатор события: m310_020 Беседа NPC ""Little Bearmon"".",
2,latin_mixed,app_text01,message/field_text.mbe/000_Sheet1.csv,dummy_m320_0080,182,char_PLAYER_M,"Makino, Marsmon's",Идентификатор события: m320_060 Видео Marsmon's Makino,
2,latin_mixed,app_text01,message/field_text.mbe/000_Sheet1.csv,dummy_m440_0027,297,char_PLAYER_M,XII,"Идентификатор события: m440_030 ""Олимпос XII встречается с
финальным боссом"" (ранг A)",
2,latin_mixed,app_text01,message/field_text.mbe/000_Sheet1.csv,dummy_m440_0037,305,char_PLAYER_M,"Olympus, XII","Идентификатор события: m440_??? ""Активация креста искусств
Olympus XII"" (ранг A)",
2,latin_mixed,app_text01,message/field_text.mbe/000_Sheet1.csv,dummy_m440_0060,308,char_PLAYER_M,XII,"Идентификатор события: m440_??? ""Объединение Олимпа XII
(рождение)"" (ранг A)",
2,latin_mixed,app_text01,message/field_text.mbe/000_Sheet1.csv,g_closet_0010_0010,517,,Access,"(Заглушка) {pf(дополнение/дополнения/загружаемый контент/загружаемый контент)}
костюмы и прочее, распространяемые через Access.","(TBD) {pf(Add-on/Add-ons/Downloadable Content/Downloadable Content)} costumes, etc., to be distributed via Access."
2,latin_mixed,app_text01,message/m270.mbe/000_Sheet1.csv,m270_010_050,6,char_MIREI,VIP-,"Обычно это сила, граничащая с табу, но на этот раз, кажется, исключение.
Направляйтесь в VIP-комнату, там вас ждут ответы, которые вы ищете.","Normally that's a power bordering on taboo, but this time seems to be
an exception. Head to the VIP room, the answers you seek await you."
2,latin_mixed,app_text01,message/m440.mbe/000_Sheet1.csv,m440_150_140,182,char_NARRATION,XII,"Однако даже его гибель от рук Олимпос XII была частью
грандиозного замысла Хрономона.","However, even his demise at the hands of the Olympos XII
was part of Chronomon's grand design."
2,latin_mixed,app_text01,message/m450.mbe/000_Sheet1.csv,m450_010_030,7,char_JUPITERMON,XII,"И пусть имена тех, кто поддерживает меня в моей клятве, Олимпос
XII...","And let the names of those who support me in my oath,
the Olympos XII..."
2,latin_mixed,app_text01,message/s090_072.mbe/000_Sheet1.csv,s090_072_640,76,char_FORTUNE_TELLER,AltaVision,"Следующий заблудившийся дигимон у экрана AltaVision в Синдзюку. С ним
кто-то разговаривает... Хм, заигрывает...?!","The next is near Shinjuku AltaVision. Someone is speaking to
them... Hmm, flirting...?!"
2,latin_mixed,app_text01,message/s090_072.mbe/000_Sheet1.csv,s090_072_660,78,char_MAN,"Expo, Home","Привет, милашка! Хочешь спланировать свое будущее в выставочном
центре Home Expo вместе со мной?","Hey, cutie! Wanna plan your future at the home expo center
with me?"
2,latin_mixed,app_text01,message/s200_149.mbe/000_Sheet1.csv,s200_149_330,42,char_HIROKO,USB-,"""Я считаю тебя достойным. Поблизости ты найдешь удостоверение
личности и USB-накопитель. Иди и возьми их"".","""I deem you worthy. On a nearby bench, you'll find an ID
card and USB drive. Go get them."""
2,latin_mixed,app_text01,message/s200_149.mbe/000_Sheet1.csv,s200_149_390,50,char_HIROKO,USB-,"О! Эй, должно быть, это оно. Здесь удостоверение личности и
USB-накопитель!","Oh! Hey, this must be it. There's an ID card and USB drive!"
2,latin_mixed,app_text01,message/s200_149.mbe/000_Sheet1.csv,s200_149_730,86,char_HIROKO,USB-,"Появилось еще одно сообщение. ""Вставьте накопитель в USB-порт
перед собой"".","There's another message. ""Insert the drive into the USB port
in front of you."""
2,latin_mixed,app_text01,message/s200_149.mbe/000_Sheet1.csv,s200_149_760,88,char_HIROKO,USB-,"Эй, похоже, компьютер автоматически загружает данные с
USB-накопителя.","Hey, looks like the computer is automatically loading data
from the USB drive."
2,latin_mixed,app_text01,message/s200_149.mbe/000_Sheet1.csv,s200_149_800,94,char_HIROKO,Edion,"Так удобно, что здесь также продаются продукты питания и
канцелярские принадлежности. Но мы говорим не об Edion!","So handy how it also sells food and office supplies. But we
aren't talking about Edion!"
2,latin_mixed,app_text01,message/s200_149.mbe/000_Sheet1.csv,s200_149_890,105,char_HIROKO,IQ,"""Несмотря на мои результаты теста на IQ, я не могу смириться с
мыслью о Юе как о преемнике"".","""Despite my results on the IQ test, I can't accept
the thought of Yuya as the successor."""
2,latin_mixed,app_text01,message/s200_149.mbe/000_Sheet1.csv,s200_149_930,109,char_HIROKO,USB-,"О, похоже, дело сделано. Давайте возьмем с собой USB-накопитель,
на всякий случай.","Oh, looks like it's done. Let's take the USB drive with us,
just in case."
2,latin_mixed,app_text01,message/s900_217.mbe/000_Sheet1.csv,s900_217_070,10,char_MINERVAMON,XII,"Я пришла испытать свою силу. Со мной здесь
и остальные из Олимпос XII.","The reason I've come is to test my strength. I'm here with
the rest of the Olympos XII."
2,latin_mixed,app_text01,message/s900_217.mbe/000_Sheet1.csv,s900_217_480,64,char_MINERVAMON,XII,"Я признаю твою силу. Поздравляю с победой
над всеми Олимпос XII!","I offer you my praise. Congratulations on
defeating all of the Olympos XII!"
2,latin_mixed,app_text01,message/s910_170.mbe/000_Sheet1.csv,s910_170_580,65,char_NORIO,IT-,"Да. Моё будущее я был мега успешным. Я жил в шикарной квартире и
управлял IT-компанией.","Yep. Future me was mega successful. I lived in a fancy condo
and ran an IT company."
2,latin_mixed,app_text01,message/s910_170.mbe/000_Sheet1.csv,s910_170_920,101,char_NORIO_HIGHSCHOOL,IT-,"Вау! Я генеральный директор IT-компании и живу в высотном
кондоминиуме?! И еще женюсь на Ханае?!","Wow! I'm the CEO of an IT company AND live in a high-rise
condo?! And I marry Hanae, too?!"
2,latin_mixed,app_text01,message/s910_171.mbe/000_Sheet1.csv,s910_171_400,49,char_KINSHIRO,IQ,"Я убедил институт разрешить мне посещать среднюю школу, чтобы я
мог изучать людей с низким IQ.","I convinced the institute to let me attend high school so I
could study those of low IQ."
2,latin_mixed,app_text01,text/bgm_name.mbe/000_Sheet1.csv,508,61,,"Adventure, Digimon",Цель～Акаи Шугеки～ (Из Digimon Adventure 02),Target～Akai Shougeki～ (From Digimon Adventure 02)
2,latin_mixed,app_text01,text/bgm_name.mbe/000_Sheet1.csv,509,62,,"Adventure, Digimon",Расстаемся! (Из Digimon Adventure 02),Break Up! (From Digimon Adventure 02)
2,latin_mixed,app_text01,text/bgm_name.mbe/000_Sheet1.csv,510,63,,"Digimon, Tamers",Самый Большой мечтатель (От Digimon Tamers),The Biggest Dreamer (From Digimon Tamers)
2,latin_mixed,app_text01,text/bgm_name.mbe/000_Sheet1.csv,511,64,,"Digimon, Tamers",УДАР!! (От Digimon Tamers),SLASH!! (From Digimon Tamers)
2,latin_mixed,app_text01,text/bgm_name.mbe/000_Sheet1.csv,513,66,,"Digimon, Frontier",С Завещанием (Из Digimon Frontier),With The Will (From Digimon Frontier)
2,latin_mixed,app_text01,text/bgm_name.mbe/000_Sheet1.csv,514,67,,"Data, Digimon, Going, Gouing, My, Savers, Squad, soul",Gouing! Going! My soul!! (из Digimon Savers / Digimon Data Squad),Gouing! Going! My soul!! (From Digimon Savers)
2,latin_mixed,app_text01,text/bgm_name.mbe/000_Sheet1.csv,515,68,,"Believer, Data, Digimon, Savers, Squad",Believer (из Digimon Savers / Digimon Data Squad),Believer (From Digimon Savers)
2,latin_mixed,app_text01,text/bgm_name.mbe/000_Sheet1.csv,516,69,,"Battles, Digimon, Fusion, Nebagiba, Wars, Xros",Nebagiba! (из Digimon Xros Wars / Digimon Fusion Battles),Nebagiba (From Digimon Xros Wars)
2,latin_mixed,app_text01,text/bgm_name.mbe/000_Sheet1.csv,517,70,,"ARE, Battles, Digimon, Fusion, Heart, WE, Wars, Xros",WE ARE Xros Heart! (из Digimon Xros Wars / Digimon Fusion Battles),WE ARE Xros Heart! (From Digimon Xros Wars)
2,latin_mixed,app_text01,text/bgm_name.mbe/000_Sheet1.csv,519,72,,"Adventure, Digimon",Разорвать цепь (Из Digimon Adventure:),Break the chain (From Digimon Adventure:)
2,latin_mixed,app_text01,text/bgm_name.mbe/000_Sheet1.csv,520,73,,"Digimon, Ghost",ФРАКЦИЯ (Из игры Digimon Ghost),FACTION (From Digimon Ghost Game)
2,latin_mixed,app_text01,text/bgm_name.mbe/000_Sheet1.csv,521,74,,"Digimon, Ghost",Первые всадники (Из игры Digimon Ghost),First Riders (From Digimon Ghost Game)
2,latin_mixed,app_text01,text/bgm_name.mbe/000_Sheet1.csv,523,76,,"Cyber, Sleuth",Мчащийся через Коулун (От Cyber Sleuth),Dashing Through Kowloon (From Cyber Sleuth)
2,latin_mixed,app_text01,text/bgm_name.mbe/000_Sheet1.csv,524,77,,"Cyber, Sleuth",ЦИФРОВАЯ ЛАБОРАТОРИЯ (От Cyber Sleuth),DIGITAL LABORATORY (From Cyber Sleuth)
2,latin_mixed,app_text01,text/bgm_name.mbe/000_Sheet1.csv,528,81,,"Cyber, Sleuth",ЦИФРОВЫЕ ВОЙНЫ (От Cyber Sleuth),DIGITAL WARS (From Cyber Sleuth)
2,latin_mixed,app_text01,text/bgm_name.mbe/000_Sheet1.csv,529,82,,"Cyber, Sleuth",Песня Победителя (из Cyber Sleuth),The Victor's Song (From Cyber Sleuth)
2,latin_mixed,app_text01,text/bgm_name.mbe/000_Sheet1.csv,530,83,,"Cyber, Sleuth","Подключайся, прыгай! (От Cyber Sleuth)",Connect Jump! (From Cyber Sleuth)
2,latin_mixed,app_text01,text/bgm_name.mbe/000_Sheet1.csv,531,84,,"Cyber, Sleuth",День в определенном детективном агентстве (От Cyber Sleuth),A Day in a Certain Detective Agency (From Cyber Sleuth)
2,latin_mixed,app_text01,text/bgm_name.mbe/000_Sheet1.csv,533,86,,"Cyber, Sleuth",ХОУП СТЕР (Из Cyber Sleuth),HOPE STER (From Cyber Sleuth)
2,latin_mixed,app_text01,text/bgm_name.mbe/000_Sheet1.csv,534,87,,"Cyber, Sleuth",Блуждающий в Майохиге (Из Cyber Sleuth),Wandering in a Mayohiga (From Cyber Sleuth)
2,latin_mixed,app_text01,text/bgm_name.mbe/000_Sheet1.csv,540,93,,"Cyber, Sleuth",Избавление от грусти (От Cyber Sleuth),Cutting Away Sadness (From Cyber Sleuth)
2,latin_mixed,app_text01,text/bgm_name.mbe/000_Sheet1.csv,543,96,,"Cyber, DIGIFARM, Digimon, Sleuth, Story",DIGIFARM (из Digimon Story: Cyber Sleuth),DIGIFARM (From Cyber Sleuth)
2,latin_mixed,app_text01,text/bgm_name.mbe/000_Sheet1.csv,544,97,,"Cyber, Sleuth",Добро пожаловать в это Замечательное пространство (От Cyber Sleuth),Welcome to This Wonderful Space (From Cyber Sleuth)
2,latin_mixed,app_text01,text/bgm_name.mbe/000_Sheet1.csv,548,101,,"Cyber, Sleuth",Что-то разрушающее (От Cyber Sleuth),Something Eroding (From Cyber Sleuth)
2,latin_mixed,app_text01,text/bgm_name.mbe/000_Sheet1.csv,551,104,,"Cyber, Sleuth",ЗАКЛЮЧИТЕЛЬНАЯ ФАЗА (От Cyber Sleuth),FINAL PHASE (From Cyber Sleuth)
2,latin_mixed,app_text01,text/bgm_name.mbe/000_Sheet1.csv,555,108,,"Cyber, Sleuth",ПРОТИВОСТОЯТЬ ВРАГУ (Из Cyber Sleuth),CONFRONT THE ENEMY (From Cyber Sleuth)
2,latin_mixed,app_text01,text/bgm_name.mbe/000_Sheet1.csv,560,113,,"Cyber, Sleuth",ДУХОВНЫЙ МАЛЬЧИК (Из Cyber Sleuth),SPIRITUAL BOY (From Cyber Sleuth)
2,latin_mixed,app_text01,text/bgm_name.mbe/000_Sheet1.csv,564,117,,"Cyber, Sleuth",По-НАСТОЯЩЕМУ Популярная девушка (Из Cyber Sleuth),PO-SI-TIVE Pop Girl (From Cyber Sleuth)
2,latin_mixed,app_text01,text/bgm_name.mbe/000_Sheet1.csv,567,120,,"Cyber, Sleuth",ГЛУБОКАЯ ЭМОЦИЯ (От Cyber Sleuth),DEEP EMOTION (From Cyber Sleuth)
2,latin_mixed,app_text01,text/bgm_name.mbe/000_Sheet1.csv,568,121,,"Cyber, Sleuth",ХАКЕРСКАЯ ГОРДОСТЬ (От Cyber Sleuth),HACKING PRIDE (From Cyber Sleuth)
2,latin_mixed,app_text01,text/bgm_name.mbe/000_Sheet1.csv,570,123,,"Cyber, Sleuth",Эфемерная Колибри (от Cyber Sleuth),Ephemeral Humming Bird (From Cyber Sleuth)
2,latin_mixed,app_text01,text/bgm_name.mbe/000_Sheet1.csv,576,129,,"Cyber, Sleuth",КОРОЛЕВСКИЕ РЫЦАРИ (Из Cyber Sleuth),ROYAL KNIGHTS (From Cyber Sleuth)
2,latin_mixed,app_text01,text/bgm_name.mbe/000_Sheet1.csv,579,132,,"Cyber, Sleuth",Ожидаемый Новый мир (От Cyber Sleuth),The Anticipated New World (From Cyber Sleuth)
2,latin_mixed,app_text01,text/bgm_name.mbe/000_Sheet1.csv,581,134,,"Cyber, Sleuth",Переустановка (от Cyber Sleuth),Re-INSTALL (From Cyber Sleuth)
2,latin_mixed,app_text01,text/bgm_name.mbe/000_Sheet1.csv,598,151,,"Cyber, Sleuth",КИБЕР-СЫЩИК (от Cyber Sleuth),THE CYBER SLEUTH (From Cyber Sleuth)
2,latin_mixed,app_text01,text/buff_message.mbe/000_Sheet1.csv,100133,261,,CP,CP больше нельзя получить!,CP no longer increases!
2,latin_mixed,app_text01,text/buff_message.mbe/000_Sheet1.csv,133,125,,CP,CP больше нельзя получить!,CP no longer increases!
2,latin_mixed,app_text01,text/char_name.mbe/000_Sheet1.csv,char_KOKUWAMON_AUN,702,,amp,Кокувамон А &amp,Kokuwamon A & B
2,latin_mixed,app_text01,text/common_message.mbe/000_Sheet1.csv,11306,381,,TP,Полезный TP,Usable TP
2,latin_mixed,app_text01,text/common_message.mbe/000_Sheet1.csv,dlc_name_03,1114,,Anti-ParadoX,Дополнительный набор дигимонов и эпизодов 3: Anti-ParadoX,Additional Digimon & Episode Pack 3
2,latin_mixed,app_text01,text/common_message.mbe/000_Sheet1.csv,dlc_name_08,1118,,"Cyber, Sleuth",Набор фоновой музыки Cyber Sleuth,Cyber Sleuth BGM Pack
2,latin_mixed,app_text01,text/common_message.mbe/000_Sheet1.csv,dlc_name_09,1119,,Digimon,Набор песен аниме Digimon,Digimon Anime Song Pack
2,latin_mixed,app_text01,text/common_message.mbe/000_Sheet1.csv,dlc_name_12,1121,,"Cyber, Sleuth",Набор костюмов Cyber Sleuth,"Costume Set ""Cyber Sleuth"""
2,latin_no_cyrillic,app_text01,text/common_message_dx11.mbe/000_Sheet1.csv,1900036,83,,Esc,Esc,Esc
2,latin_no_cyrillic,app_text01,text/common_message_dx11.mbe/000_Sheet1.csv,1900067,114,,Home,Home,Home
2,latin_no_cyrillic,app_text01,text/common_message_dx11.mbe/000_Sheet1.csv,1900068,115,,End,End,End
2,latin_no_cyrillic,app_text01,text/common_message_dx11.mbe/000_Sheet1.csv,1900071,118,,Insert,Insert,Insert
2,latin_no_cyrillic,app_text01,text/common_message_dx11.mbe/000_Sheet1.csv,1900072,119,,Delete,Delete,Delete
2,latin_no_cyrillic,app_text01,text/common_message_dx11.mbe/000_Sheet1.csv,1900073,120,,Num,"Num
1","Num
1"
2,latin_no_cyrillic,app_text01,text/common_message_dx11.mbe/000_Sheet1.csv,1900074,121,,Num,"Num
2","Num
2"
2,latin_no_cyrillic,app_text01,text/common_message_dx11.mbe/000_Sheet1.csv,1900075,122,,Num,"Num
3","Num
3"
2,latin_no_cyrillic,app_text01,text/common_message_dx11.mbe/000_Sheet1.csv,1900076,123,,Num,"Num
4","Num
4"
2,latin_no_cyrillic,app_text01,text/common_message_dx11.mbe/000_Sheet1.csv,1900077,124,,Num,"Num
5","Num
5"
2,latin_no_cyrillic,app_text01,text/common_message_dx11.mbe/000_Sheet1.csv,1900078,125,,Num,"Num
6","Num
6"
2,latin_no_cyrillic,app_text01,text/common_message_dx11.mbe/000_Sheet1.csv,1900079,126,,Num,"Num
7","Num
7"
2,latin_no_cyrillic,app_text01,text/common_message_dx11.mbe/000_Sheet1.csv,1900080,127,,Num,"Num
8","Num
8"
2,latin_no_cyrillic,app_text01,text/common_message_dx11.mbe/000_Sheet1.csv,1900081,128,,Num,"Num
9","Num
9"
2,latin_no_cyrillic,app_text01,text/common_message_dx11.mbe/000_Sheet1.csv,1900082,129,,Num,"Num
0","Num
0"
2,latin_no_cyrillic,app_text01,text/common_message_dx11.mbe/000_Sheet1.csv,1900083,130,,Num,"Num
/","Num
/"
2,latin_no_cyrillic,app_text01,text/common_message_dx11.mbe/000_Sheet1.csv,1900084,131,,Num,"Num
*","Num
*"
2,latin_no_cyrillic,app_text01,text/common_message_dx11.mbe/000_Sheet1.csv,1900085,132,,Num,"Num
-","Num
-"
2,latin_no_cyrillic,app_text01,text/common_message_dx11.mbe/000_Sheet1.csv,1900086,133,,Num,"Num
+","Num
+"
2,latin_no_cyrillic,app_text01,text/common_message_dx11.mbe/000_Sheet1.csv,1900088,135,,Num,Num.,"Num
."
2,latin_no_cyrillic,app_text01,text/common_message_dx11.mbe/000_Sheet1.csv,1900089,136,,Ctrl,Ctrl.,Ctrl.
2,latin_no_cyrillic,app_text01,text/common_message_dx11.mbe/000_Sheet1.csv,1900090,137,,Ctrl,.Ctrl,.Ctrl
2,latin_no_cyrillic,app_text01,text/common_message_dx11.mbe/000_Sheet1.csv,1900099,146,,Alt,Alt.,Alt.
2,latin_no_cyrillic,app_text01,text/common_message_dx11.mbe/000_Sheet1.csv,1900100,147,,Alt,.Alt,.Alt
2,latin_no_cyrillic,app_text01,text/common_message_dx11.mbe/000_Sheet1.csv,1901004,185,,FXAA,FXAA,FXAA
2,latin_no_cyrillic,app_text01,text/common_message_dx11.mbe/000_Sheet1.csv,1901005,186,,MSAA,MSAA,MSAA
2,latin_no_cyrillic,app_text01,text/common_message_dx11.mbe/000_Sheet1.csv,1901006,187,,TAA,TAA,TAA
2,same_as_original,app_text01,text/common_message_dx11.mbe/000_Sheet1.csv,1901307,224,,Translation is identical to game text01 source,(Debug) 1720 x 720 (21:9),(Debug) 1720 x 720 (21:9)
2,latin_mixed,app_text01,text/common_message_dx11.mbe/000_Sheet1.csv,1901319,236,,"Debug, Deck",(Debug) Симуляция Steam Deck,(Debug) Steam Deck Simulation
2,latin_mixed,app_text01,text/digimon_class_name.mbe/000_Sheet1.csv,1,3,,XII,Олимп XII,Olympos XII
2,latin_mixed,app_text01,text/digimon_profile.mbe/000_Sheet1.csv,digimon_0019_profile,17,,DORU-Din,"Воображаемый дигимон, рожденный из мечты
ДигиЯдра. Интерфейс на лбу Доругорамона
чудесным образом разблокировал творческую силу
его собственного ДигиЯдра, заставив его
эволюционировать в эту форму. Возможно,
потому что это ДигиЯдро уже содержало мощные
данные дракона, форма, которую оно выдумало,
была воплощением мощного разрушения и самого
воплощения «заклятого врага». Доругорамон
использует свое особый приём «Брэйв
Метал», чтобы обрушить ужасную атаку всей мощью
тела и души, и «DORU-Din», чтобы выпустить
разрушительную ударную волну.","An imaginary Digimon born from the daydream of
a DigiCore. The interface on Dorugoramon's
forehead miraculously unlocked the creative
power of its own DigiCore, causing it to Digivolve
into this form. Perhaps because this DigiCore
already contained powerful draconic data, the
form it dreamed up was that of an avatar of
powerful destruction and the very incarnation of
the ""ultimate enemy."" Dorugoramon uses its
special move Brave Metal to unleash a dreadful
charge with all the power of body and soul, and
DORU-Din to release a shockwave of destruction."
2,latin_mixed,app_text01,text/digimon_profile.mbe/000_Sheet1.csv,digimon_0075_profile,65,,XII,"Один из Олимпос XII, Нептунемон — морской
бог-дигимон, который управляет всеми
дигимонами Водного вида. Чешуйчатая броня,
покрывающая его тело, представляет собой сплав
Хромдигизоида под названием Синий Дигизоид,
который облегчает мобильность и скорость,
позволяя ему двигаться с устрашающей скоростью
под водой. Его замок «Абисс Санктуари» был
построен в глубокой подводной впадине, и
только те, кто может выдержать давление воды
на крайний глубинах, могут войти. Его
особые приёмы включают «Вортекс
Пенетрайшн», которым он наносит удар своим
разумным копьем «Кингс Байт», и «Вейв оф
Дефс», которым он выпускает массивное цунами,
которое поглощает все на своем пути.","One of the Olympos XII, Neptunemon is a marine
god Digimon that governs all aquatic-species
Digimon. The scale mail covering its body is a
Chrondigizoid alloy called Blue Digizoid that
facilitates mobility and speed, allowing it to move
at a fearsome pace underwater. Its castle Abyss
Sanctuary was built in a deep underwater trench,
and only those who can withstand the water
pressure of the extreme depths can enter. Its
special moves include Vortex Penetration, with
which it strikes with King's Bite, its sentient
spear, and Wave of Depth, with which it
unleashes a massive tsunami that swallows up
everything in its path."
2,latin_mixed,app_text01,text/digimon_profile.mbe/000_Sheet1.csv,digimon_0080_profile,70,,XII,"Один из Олимпос XII, этот дигимон — гениальный
бог, хвастающийся величайшей скоростью в
Цифровом Мире. Непревзойденная скорость
Меркуримона не видна невооруженным глазом, и
поэтому любые его записи, как говорят,
являются его остаточными образами. Он ненавидит
оставаться на месте и всегда странствует по
Цифровому Миру, что делает его трудным
существом для встречи. Он использует свое
особый приём «Саузенд Фист», чтобы
приблизиться к врагу с почти мгновенной
скоростью, прежде чем обрушить невероятный
скорострельный залп. Меркуримон также является
искусный шаманом, позволяя ему
использовать «Спиричуал Энчантмент», рассекая
воздух своим любимым клинком «Ацтек» и
призывая демонов из другого измерения.","One of the Olympos XII, this Digimon is a genius god
boasting the greatest speed in the Digital World.
Merukimon's unrivaled speed cannot be seen with
the naked eye, and so any recordings of it are said to
be of its afterimages. It hates staying still and is
always wandering the Digital World, making it a
difficult creature to encounter. It uses its special
move Thousand Fists to approach the enemy at an
almost instantaneous speed before unleashing an
incredible rapid-fire barrage. Merukimon is also an
accomplished shaman, allowing it to use Spiritual
Enchantment, cleaving the air with its beloved blade
Aztec and summoning demons from another
dimension."
2,latin_mixed,app_text01,text/digimon_profile.mbe/000_Sheet1.csv,digimon_0104_profile,92,,ZERO-ARMS,"Сусаноомон известен в восточном фольклоре как
ультиматный бог разрушения и правитель
регенерации. Говорят, что он появляется, когда
в Сети возникают аномалии, аннулируя
существующую систему и строя новую на ее
месте. Особые приёмы Сусаноомона — «Ама
но Хабакири», которое рассекает все и вся под
небом лезвием света, выпущенным из его
ZERO-ARMS: Ороти, и «Якуса но Икадзути»,
ультиматная техника, с помощью которой он
направляет свой ZERO-ARMS: Ороти, лезвие
света, к небесам, превращая лезвие в
разрушительную молнию, которая затем
обрушивается на мир.","Susanomon is renowned in eastern folklore as the
ultimate god of destruction and the ruler of
regeneration. It's said to appear when the Net
experiences abnormalities, nullifying the existing
system and building a new one in its place.
Susanomon's special moves are Ama no Habakiri,
which cleaves anything and everything under
heaven with the blade of light released from its
ZERO-ARMS: Orochi, and Yakusa no Ikazuchi, the
ultimate technique by which it points its
ZERO-ARMS: Orochi blade of light toward the
heavens, transforming the blade into destructive
lightning that then rains down upon the world."
2,latin_mixed,app_text01,text/digimon_profile.mbe/000_Sheet1.csv,digimon_0168_profile,130,,XII,"Член Олимпос XII, бог, властвующий над
небесами, и дигимон, управляющий громом и
погодой. Юпитермон всегда судит добро и зло на
поле боя, карая нечестивых божественным
наказанием. Такой суд вершится беспристрастно,
без эмоций. Те, кто не согласен с решением
Юпитермона, могут бросить ему вызов и отменить
приговор победой, но пока никому это не
удавалось. Он может ударить молотами на обеих
руках друг о друга и призвать небольшие грозовые
тучи. Приёмом «Паниш Джадж» он бьёт противника
молотом, выжигает метку на его теле и откладывает
наказание. Когда Юпитермон решает исполнить
приговор, он обрушивает на врага молнию
чрезвычайно высокого напряжения. Его предельный
особый приём «Вайд Пласмент» превращает тело в
сверхвысоковольтную плазму. Так он карает всё
вокруг себя, испепеляя каждого, кого коснётся.","A member of the Olympos XII, a god that presides
over the heavens, and a Digimon that governs
thunder and weather. Jupitermon always judges
good and evil on the battlefield, delivering divine
punishment to the wicked. Such judgment is handed
down indifferently, without emotion. Those who
disagree with Jupitermon's decision can challenge
it and overturn the judgment upon victory, but, as of
now, no one has ever accomplished this feat. It can
clap the hammers on both arms together to summon
small thunderclouds. It uses Punish Judge to strike
an opponent with its hammer, engraving a mark on
its body and postponing its punishment. When
Jupitermon decides to execute said punishment,
the sentence is carried out by striking that foe with
extremely high-voltage lightning. It uses its ultimate
special move Wide Plasment to change its body
into ultra-high-voltage plasma. This inflicts divine
punishment in the area around Jupitermon,
disintegrating any and all it touches."
2,latin_mixed,app_text01,text/digimon_profile.mbe/000_Sheet1.csv,digimon_0170_profile,132,,XII,"Партнер Юпитермона и одна из Олимпос XII.
На поле боя Юномон выступает любящей
защитницей Юпитермона: она постоянно
предсказывает, обнаруживает и уничтожает
мятежников, осмелившихся противиться его
воле. Похоже, благодаря невероятно нежному
характеру и глубокой любви к Юпитермону она
прекрасно знает все его привычки. Особые
приемы Юномон - «Нидл Хайв», пронзающий
врагов катарами на ее руках, и «Грейсфул
Ланс», при котором разумные копья атакуют
врагов вокруг нее.","Jupitermon's partner, and one of the Olympos XII.
Junomon takes its place on the battlefield as
Jupitermon's loving protector, and is constantly
seeking to predict, detect and root out insurgents
who would defy Jupitermon's will. It has a solid grasp
on all of Jupitermon's tendencies, perhaps due to its
overwhelmingly affectionate nature and deep love
of Jupitermon. Junomon's special moves are Needle
Hive, which skewers foes with the katars on its arms,
and Graceful Lance, which automatically attacks
foes around it with its sentient lances."
2,latin_mixed,app_text01,text/digimon_profile.mbe/000_Sheet1.csv,digimon_0172_profile,134,,XII,"Этот сострадательный дигимон управляет силой
любви и является одной из Олимпос XII. Даже на
самых бесплодных пустошах, куда бы Венусмон ни
пошла, прекрасный цветы расцветают, и земля
вокруг нее обновляется юной энергией. Многие
дигимоны поклоняются Венусмон из-за ее красоты
и чистоты. Надевая повязку на глаза, она
способна воспринимать мир таким, какой он
есть, своим мысленным взором, видя сквозь
любую ложь или обман. Сокрытие ее глаз также
подавляет ее ауру очарование, удваиваясь как акт
внимательности и уменьшая количество
дигимонов, которые в противном случае падали
бы в обморок в ее облик. У Венусмон есть
два маленьких, но постоянных спутника, птица
Олив и гребешок Хотан, и трое друзей
поддерживают открытый и оживленный разговор.
Поскольку Венусмон — дигимон, управляющий
любовью, каждое ее действие в бою успокаивает
сердца ее противников. С помощью «ЛАВ Ю» она
может заставить врага потерять сознание,
послав ему воздушный поцелуй и заставив его
сердце пропустить удар. Если ее птица Олив
клюнет врага по голове, он попадает под чары
«Пис Фантазия», которые могут успокоить сердце
даже самого свирепого зверя.","This compassionate Digimon governs the power of
love, and is one of the Olympos XII. Even in the most
desolate wastelands, wherever Venusmon goes,
beautiful flowers bloom and the earth around it is
renewed with youthful vigor. Many Digimon worship
Venusmon because of its beauty and purity. By
wearing a blindfold, it's able to perceive the world
as it truly is with its mind's eye, seeing through any
falsehood or deceit. Hiding its eyes also suppresses
its aura of glamor, doubling as an act of consideration
and reducing the number of Digimon that would
otherwise swoon in its presence. Venusmon has
two small but constant companions, the bird Olive
and the scallop Hotan, and the three friends keep
up an open and lively conversation. Since Venusmon
is the Digimon that governs love, its every action in
battle soothes its opponents' hearts. With LOVE
YOU, it can make a foe fall unconscious by blowing
it a kiss and making its heart skip a beat. If its bird
Olive pecks an enemy on the head, it falls under the
spell of Peace Fantasia, which can soothe the heart
of even the most savage of beasts."
2,latin_mixed,app_text01,text/digimon_profile.mbe/000_Sheet1.csv,digimon_0173_profile,135,,XII,"Одна из Олимпос XII и Божественный дигимон,
обладающий энергией пламени, эквивалент самой
силе солнца. Эта впечатляющий сила, способная
расплавить и очистить любое вещество, такова,
что даже Аполломон — со всем его интенсивный пылом
и гордостью — едва может ее сдерживать.
Особые приёмы Аполломона — «Сол
Бластер», которое выпускает ослепительный
солнечный шар, сформированный из сферы пламени
на его спине, и «Фебус Блоу», которое
концентрирует всю его скрытую силу в один
удар.","One of the Olympos XII, and a Deity Digimon that
possesses flame energy equivalent to the very
sun's power. This awesome strength, capable of
melting down and purifying any substance, is such
that even Apollomon—with all its intense fervor
and pride—can barely contain it. Apollomon's
special moves are Sol Blaster, which unleashes
an incandescent solar orb formed from the flame
sphere on its back, and Phoebus Blow, which
concentrates all of its latent power into a single
punch."
2,latin_mixed,app_text01,text/digimon_profile.mbe/000_Sheet1.csv,digimon_0174_profile,136,,XII,"Этот бог войны-дигимон, напоминающий
человека-леопарда, является одной из
загадочных Олимпос XII, которые обладают
способностями, соперничающими даже с Королевскими
Рыцарей, божеств-хранителей Сети. Каждая из
Олимпос XII защищает свой собственный регион,
действуя в тени и сохраняя нейтральную позицию
во время инцидентов в Цифровом Мире. Марсмон
хорошо понимает все виды рукопашных техник в
мире — включая навыки, использующие нечестную
игру — и обладает абсолютной уверенностью в
любом бою один на один против подобных себе.
Он полагается в основном на приемы рестлинга,
но его сосредоточенность на победе и славу означает, что
он будет выхватывать скрытое оружие, такое как
его «Трая Наклз» или «Метал Котурнус», когда
оказывается в затруднительном положении. И всё же, Марсмон проявляет свою истинную силу,
когда сражается голыми руками и ногами. Его
особый приём «Корона Сэнкшнс» — это
славный техника убийства в воздухе, которая
облачает Марсмон в пламя.","This war god Digimon resembling a leopard
humanoid is one of the mysterious Olympos XII,
who possess abilities rivaling even the Royal
Knights, guardian deities of the Net. Each of the
Olympos XII protects its own region, acting in
the shadows and maintaining a neutral position
during incidents in the Digital World. Marsmon
well understands all hand-to-hand techniques
in the world—including skills utilizing foul
play—and possesses absolute confidence in
any one-on-one fight against those like itself.
It relies mostly on wrestling moves, but its
focus on victory and glory means it will whip out
hidden weapons like its Tria Knuckles or Metal
Cothurnus when it finds itself on its back foot.
Even so, Marsmon brings its true power to bear
when fighting with bare hands and feet. Its
special move is Corona Sanctions, with which
it engulfs itself in flames for a glorious mid-air
killing technique."
2,latin_mixed,app_text01,text/digimon_profile.mbe/000_Sheet1.csv,digimon_0176_profile,137,,XII,"Одна из Олимпос XII, Цересмон — гигантская
птица-дигимон, несущая на спине лес Карпос
Хуле, славившийся своими плодами, известными
как самый сладкий деликатес в Цифровом Мире. С
телом, состоящим из гигантских скал и
плодородной почвы, Цересмон в полете больше
всего напоминает плавучий остров. Истинная форма Цересмон — Цересмон
Медиум — находится во главе острова. Цересмон
Медиум обладает почти никакой боевой
способностью и редко появляется перед другими.
Однако в редких случаях он, по-видимому,
показывает себя тем, кому доверяет, не приводя
с собой гигантскую птицу. Цересмон Медиум
обладает мягким характером и сердцем,
переполненным состраданием. Он предлагает
голодным дигимонам фрукты из Карпос Хуле и
позволяет раненым дигимонам укрыться в лесу,
пока они не восстановятся. Однако, если кто-то
окажется неблагодарным за щедрость природы,
нанесет вред деревьям или осквернит землю ради
забавы, природа Цересмон Медиума меняется, и
он становится по-настоящему ужасным лесным демоном.
Особый приём Цересмон — «Айленд
Фрифол», которым оно врезается своим массивным
телом прямо во врага, посылая мощные толчки и
яростные ветры, бурлящий на широкой область вокруг
места падения. Цересмон также имеет «Бернинг
Блад Шелл», которое выстреливает огромный,
обжигающий шар магмы из его рта.","One of the Olympos XII, Ceresmon is a gigantic
bird Digimon that bears the forest Karpos Hulē on
its back. Karpos Hulē is where the most delectable
sweets in the Digital World can be found, and
many famous fruits grow there as well. With a body
composed of giant rocks and fertile soil, Ceresmon
in flight resembles a floating island more than
anything else. Ceresmon Medium, which is
Ceresmon's true form, resides at the head of the
island. Ceresmon Medium possesses almost no
combat ability and rarely appears before others.
However, on rare occasions, it apparently shows
itself to those it trusts without bringing along the
giant bird. Ceresmon Medium has a gentle
personality and a heart overflowing with compassion.
It offers hungry Digimon fruits from Karpos Hulē, and
allows injured Digimon to take shelter in the forest
until they've recovered. However, if any prove
ungrateful for the bounty of nature, bring harm to
the trees or defile the land for sport, Ceresmon
Medium's nature shifts and it becomes a truly
frightful forest demon. Ceresmon's special move is
Island Freefall, with which it slams its massive body
directly into its foe, sending powerful tremors and
violent winds surging in a wide berth around the crash
site. Ceresmon also has Burning Blood Shell, which
shoots a huge, scorching ball of magma from its
mouth."
2,latin_mixed,app_text01,text/digimon_profile.mbe/000_Sheet1.csv,digimon_0178_profile,139,,XII,"Этот бог-кузнец дигимонов является одним из
Олимпос XII. Вулканусмон ответственен за
создание большинства известнейшего оружия
Цифрового мира, включая печально известные
любимые дробовики Бельзебмона «Беренджена».
Вулканусмон обладает духом истинного мастера,
наряду с упрямым характером. Он оценивает всех
своих клиентов, и если считает, что они не
смогут освоить или не будут ценить оружие,
которое они запросили, он отказывает им. Даже
когда Вулканусмон соглашается сделать оружие,
он соотносит качество своей работы со своим
впечатлением о владельце. Тем не менее,
Вулканусмон был настолько впечатлен силой
Бельзебмона, что усердно трудился, чтобы
создать исключительное оружие, когда создавал
Беренджену. Вулканусмон предпочитает, чтобы
его оставили в покое, работая своими восемью
руками, но также может использовать свое
мастерство как ремесленника в бою. Своим
специальным движением «Пинпоинт Уэпон Воркс»
он мастерски использует свой огненный
сварочный аппарат «Бомбер Арт», чтобы
мгновенно создать идеальное оружие для любой
боевой ситуации. Когда он действительно хочет
выложиться по полной, он использует
«Эпроприэйт Воркс», который многократно
использует «Пинпоинт Уэпон Воркс», чтобы
выковать оружие для каждой из своих восьми
рук. Несмотря на все это, собственная боевая
способность Вулканусмона не особенно
высока, и он предпочитает избегать боя
когда бы ни возможно.","This Digimon god of smithing is one of the Olympos
XII. Vulcanusmon is responsible for creating most
of the Digital World's best-known weapons,
including the infamous Beelzemon's beloved
Berenjena. Vulcanusmon has the spirit of a true
craftsman, along with an obstinate personality. It
takes the measure of all of its clients, and if it feels
they can't master or won't treasure the weapon
they've requested, it denies them. Even when
Vulcanusmon does agree to make a weapon, it
aligns the quality of its work to its impression of the
wielder. Nevertheless, Vulcanusmon was so taken
with Beelzemon's strength that it worked diligently
to craft an exceptional weapon when it created
Berenjena. Vulcanusmon prefers to be left in peace,
working away with its eight arms, but can also
leverage its skill as a craftsman in battle. With its
special move Pinpoint Weapon Works, it makes
masterful use of its fiery ""Bomber Art"" welder to
instantly craft the perfect weapon for any combat
situation. When it really wants to go all out, though,
it uses Appropriate Works, which uses Pinpoint
Weapon Works repeatedly to forge weapons for each
of its eight arms. Despite all this, Vulcanusmon's
own combat ability isn't particularly high, and it
prefers to avoid battle whenever possible."
2,latin_mixed,app_text01,text/digimon_profile.mbe/000_Sheet1.csv,digimon_0179_profile,140,,XII,"Одна из Олимпос XII, этот дигимон хвастается,
что он самый тяжелый пьяница Цифрового мира.
Бахусмон имеет веселый нрав и хорошо подходит
для заботы о других. Днем или ночью, он всегда
стремится собрать вместе дигимонов уровня
Ребёнок и Чемпион, чтобы устроить вечеринку.
Бахусмон обладает способностью производить
любую форму алкоголя внутри своего тела, и
если ему понравится другой дигимон на одной из
этих вечеринок, известно, что он предложит ему
напиток по его выбору. Сам Бахусмон имеет вкус
к фруктовым винам, его любимый сорт
производится из ферментированных фруктов
Карпос Хуле, леса, который несет на спине
Цересмон. Всякий раз, когда у Бахусмона есть
свободная минута, он умоляет Цересмон сделать
ему немного фруктового вина. Из-за этого пара
находится в очень хороших отношениях, и их
часто видят вместе. Особый приём
Бахусмона — «Кук оф зе Абисс», которым он
обхватывает врага руками, изменяет его
композиционные данные на подходящую закуску и
затем съедает его. Бахусмон также имеет «Парти
оф зе Хевенс», которым он производит форму
алкоголя, содержащего яды, которые могут
вызывать сонливость и паралич, а затем
обстреливает врагов этим зельем, чтобы
ошеломить их. Более того, данные яда, которые
он производит, являются одним из предметов
исследования Команды Раскола. Существует ряд
надежный слухов, которые предполагают, что
данные яда Бахусмона связаны с разработкой
бактериологического оружия и планов громких
убийств.","One of the Olympos XII, this Digimon boasts that
it's the heaviest drinker of the Digital World.
Bacchusmon has a cheerful disposition and is
well-suited to looking after others. Day or night,
it always looks to gather Rookie and Champion
Digimon together to throw a party. Bacchusmon
has the ability to produce any form of alcohol
inside its body, and if it takes a liking to another
Digimon at one of these parties, it's known to
offer it the drink of its choice. Bacchusmon itself
has a taste for fruit wines, with its favorite variety
produced from the fermented sweets of Karpos
Hulē, the forest carried on Ceresmon's back.
Whenever Bacchusmon has a moment to spare,
it begs Ceresmon to make it some fruit wine.
Because of this, the pair are on very good terms,
and are often seen together. Bacchusmon's special
move is Cook of the Abyss, with which it wraps its
arms around a foe, alters its compositional data to
a suitable finger food and then eats it. Bacchusmon
also has Party of the Heavens, with which it
produces a form of alcohol laced with poisons
that can cause drowsiness and paralysis and then
blasts enemies with the concoction to stupefy them.
Furthermore, the poison data that it produces is
one subject of the Crank Team's research. There
are a number of credible rumors that speculate
that Bacchusmon's poison data is linked to the
development of bacteriological weapons and
high-profile assassination plots."
2,latin_mixed,app_text01,text/digimon_profile.mbe/000_Sheet1.csv,digimon_0180_profile,141,,XII,"Дигимон, который правит царством мертвых и
использует страх и насилие, чтобы
терроризировать злодеев. Плутомон, окутанный
глубокой тенью, крадется по земле в поисках
злодеев и преступников, которые заслуживают
быть отправленными в царство мертвых. Плутомон
наслаждается, пережевывая злодеев своими
пастями, заполненными рядами острых клыков, и
издает зловещий стрекочущий звук, выслеживая
свою добычу. Сочетание этого и его грозной
внешности пугает даже хороших дигимонов. Все
способности Плутомона обладают тревожной
силой, чтобы швырять злодеев вниз, в царство
мертвых. В одном из этих движений, «Хеллз
Гейт», из тьмы появляется гигантская пасть и
проглатывает врагов целиком, и их данные
разбираются на лоскуты. Ход «Хаггард Кластер»
заставляет клыки на его груди выпустить тьму,
которая поглощает и испаряет любое вещество на
своем пути. Плутомон разделяет цель наказания
зла с Юпитермоном из Олимпос XII. Однако между
ними существует давняя вражда, потому что
Юпитермон не одобряет жестоких методов
Плутомона.","A Digimon that rules over the realm of the dead and
uses fear and violence to terrorize evil. Plutomon,
shrouded in deep shadow, stalks through the land
in search of villains and criminals who deserve to
be sent to the realm of the dead. Plutomon delights
in chewing up evildoers with its mouths filled with
rows of sharp fangs, and lets out a sinister chattering
noise as it seeks out its prey. The combination of this
and its fearsome appearance frightens even good
Digimon. Plutomon's abilities all have the disquieting
power to fling villains down to the realm of the dead.
In one of those moves, Hell's Gate, a giant mouth
appears from the darkness and swallows enemies
whole, and their data is broken down into scraps.
The Haggard Cluster move has the fangs of its chest
release a darkness that absorbs and vaporizes any
substance in its path. Plutomon shares the goal of
punishing evil with Jupitermon of the Olympos XII.
However, there's a longstanding animosity between
the two because Jupitermon doesn't approve of
Plutomon's cruel methods."
2,latin_mixed,app_text01,text/digimon_profile.mbe/000_Sheet1.csv,digimon_0181_profile,142,,"DX, XII","Божественный дигимон и член Олимпос XII,
напоминающий женщину. Мервамон — это форма
Миневрамона, которая накопила опыт и
достижения с течением времени, и у нее гораздо
более спокойный и зрелый характер по сравнению
с ее предыдущей формой. Она стала стремиться к
элегантности и очарованию — наблюдаемому в
изобилии как в ее манерах, так и в поведении —
и излучает чувственность в свое окружение. Она
даже ищет очарование в битве, исполняя
утонченный, грациозный танец, чтобы очаровать
тех, кто на него смотрит. Вот почему более чем
несколько дигимонов становятся поклонниками
Мервамон, наблюдая этот танец. «Любовный Яд»,
распыляемый из рта Меддулии на ее левой руке,
очаровывает любого, кто его вдохнет, позволяя
Мервамон выжать из них жизнь. «Маднесс
Мерри-Го-Раунд DX» — это вращающийся удар ее
большим мечом «Олимпия Кай» и Меддулией,
создающий торнадо, который мгновенно разрывает
на части любого врага, которого он коснется.","A Deity Digimon and member of the Olympos XII
that resembles a woman. Mervamon is the form
of Minervamon that has amassed experience and
achievements over time, and it has a much calmer
and more mature personality compared to its
previous form. It has come to pursue elegance
and charm—observed in abundance in both its
mannerisms and conduct—and exudes sensuality
into its surroundings. It even seeks charm in battle,
performing a refined, graceful dance to fascinate
those who behold it. That's why more than a few
Digimon become fans of Mervamon upon observing
this dance. The Love Poison sprayed from the mouth
of the Medullia on its left arm bewitches any who
inhale it, letting Mervamon wring the life out of them.
Madness Merry-Go-Round DX is a spinning slash,
with its greatsword Olympia Kai and Medullia
creating a tornado that instantly tears any foe it
touches to shreds."
2,latin_mixed,app_text01,text/digimon_profile.mbe/000_Sheet1.csv,digimon_0231_profile,180,,REM-,"Дигимон, напоминающий «баку», существо в
японском фольклоре, которое ест сны.
Считается, что он рожден из медицинского
компьютера, который отслеживает мозговые
волны, Тапирмон, по-видимому, питается данными
REM-сна человека. В последнем раунде
исследований также было обнаружено, что он
обладает способностью стирать кошмары и
компьютерные вирусы. Поскольку он также может
возвращать эти кошмары и вирусы в безвредное
состояние, считается, что он является Святым
дигимоном. Святое Кольцо, которое он носит на
одной из своих передних ног, кажется вероятно,
связано как с его особыми способностями, так и
со Святой природой. Особый приём
Тапирмона — «Найтмер Синдром», которое
выпускает все поглощенные им кошмары сразу,
чтобы ужаснуть его противников. Это то же
особый приём, что и у дигимона уровня
Совершенный, Дигитамамона, но то, как они
могут быть связаны, остается загадкой.","A Digimon that resembles a ""baku,"" a being in
Japanese folklore that eats dreams. Believed to
have been born from a medical computer that
monitors brainwaves, Tapirmon seems to feed on
human REM sleep data. In the latest round of
research, it was also found to possess the ability
to erase nightmares and computer viruses. Since
it can also return those nightmares and viruses to
a benign state, it's believed to be a Holy Digimon.
The Holy Ring it wears on one of its forelegs seems
likely related to both its special abilities and Holy
nature. Tapirmon's special move is Nightmare
Syndrome, which releases all of the nightmares it
absorbed at once to terrify its adversaries. This is
the same special move as that of the Perfect
Digimon, Digitamamon, but how the two might be
related remains a mystery."
2,latin_mixed,app_text01,text/digimon_profile.mbe/000_Sheet1.csv,digimon_0365_profile,227,,X-,"Мифический Дракон-дигимон, который обрел
первоначальную силу Виимона и
эволюционировал до уровня Чемпион.
ЭкcВиимон — это чистокровная порода
Виидрамона, которая, как говорят, является
производным видом. Атаки с его развитой силой
рук и ног способны разрушить гору валунов без
следа. Его боятся за эту разрушительную силу,
но на самом деле у него сильное чувство
справедливости, и он не использует свою мощь
безрассудно. Особый приём ЭкcВиимона
«Вии Лазер» выпускает энергетический луч из
X-образной метки на его груди.","A Mythical Dragon Digimon that gained Veemon's
original power and Digivolved to Champion.
ExVeemon is the pure breed of Veedramon, which
is said to be a derivative species. Attacks with its
developed arm and leg strength are capable of
shattering a mountain of boulders without a trace.
It's feared for this destructive power, but in truth it
has a strong sense of justice, and doesn't use its
might recklessly. ExVeemon's special move Vee
Laser fires an energy beam from the X-shaped
mark on its chest."
2,latin_mixed,app_text01,text/digimon_profile.mbe/000_Sheet1.csv,digimon_0397_profile,255,,V-,"Мифический Древний дигимон, который, как
говорят, существовал только на Фолдер
Континенте в обширный просторах Цифрового мира.
Виидрамон чрезвычайно ценен для Объединителей
дигимонов и редко встречается, даже на Фолдер
Континенте. Говорят, что только один
Объединитель когда-либо смог завоевать этого
дигимона. Помимо V-образной метки на его
груди, за которую он назван, о Виидрамоне или
его окружающей экосистеме известно немного.
Его иногда по какой-то причине принимают за
собаку. Он обладает исключительный атакующей
силой для дигимона уровня Чемпион, проявляя
силу, даже превосходящую силу Ультимата, когда
дело доходит до крайности. Он использует свое
особый приём «Ви-Нова Бласт», чтобы
выстрелить высокотемпературным тепловым лучом
из своего рта.","A mythical Ancient Digimon that, even in the vast
expanse of the Digital World, is said to have only
existed on the Folder Continent. Veedramon is
extremely valuable to Digimon Tamers and rarely
encountered, even on the Folder Continent. It's said
that only one Tamer has ever been able to win this
Digimon over. Other than the V-shaped mark on its
chest, for which it's named, not much is known
about Veedramon or its surrounding ecosystem. It's
sometimes mistaken for a dog for some reason. It
has extraordinary attacking power for a Champion
Digimon, exhibiting strength even outstripping that
of an Ultimate when the chips are down. It uses its
special move V-Nova Blast to shoot out a
high-temperature heat ray from its mouth."
2,latin_mixed,app_text01,text/digimon_profile.mbe/000_Sheet1.csv,digimon_0417_profile,274,,V-,"УльфорсВиидрамон — легендарный Святой
Рыцарь-дигимон, появляющийся только в
пророчестве, переданном из Древнего Цифрового
Мира. Появление Королевских Рыцарей, святых
защитников Сети, было написано в этом
пророчестве, и говорят, что члены Королевских
Рыцарей все соберутся из-за этого пророчества,
когда Цифровой мир столкнется со своим
величайшим кризисом. Даже среди Королевских
Рыцарей, скорость УльфорсВиидрамона
исключительный, такова, что невозможно следить за
его движениями. У него V-Браслеты на обеих
руках, и он облачен в броню из Синего
Дигизоида, чрезвычайно редкого металла, позволяя
ему стрелять сквозь небо и мчаться по земле.
Его особый приём — «Зе Рэй оф
Виктори», которым он выпускает луч энергии из
V-образной брони на своей груди, чтобы стереть
прочь врагов.","UlforceVeedramon is a legendary Holy Knight Digimon
appearing only in a prophecy passed down from the
Ancient Digital World. The appearance of the Royal
Knights, the holy defenders of the Network, was
written of in this prophecy, and it's said the members
of the Royal Knights will all gather because of this
prophecy when the Digital World faces its greatest
crisis. Even among the Royal Knights,
UlforceVeedramon's speed is exceptional, such that
it's impossible to follow its movements. It has
V-Bracelets on both arms, and is clad in armor made
of Blue Digizoid, an extremely rare metal, allowing it
to shoot through the sky and blast across the earth.
Its special move is The Ray of Victory, with which it
fires a beam of energy from the V-shaped armor on
its chest to wipe out foes."
2,latin_mixed,app_text01,text/digimon_profile.mbe/000_Sheet1.csv,digimon_0440_profile,292,,XII,"Контратакующий Титан, рожденный из обиды
дигимона, побежденного Олимпос XII в борьбе за
превосходство над Цифровым Миром. Также известный
под псевдонимом «Дивизия одного человека»,
Титамон хранит бездонную энергию обиды в своем
могучем теле. Он перебегает с поля боя на поле
боя, все в погоня голов членов Олимпос XII.
Огромные руки Титамона покрыты большим
количеством черепов, каждый из которых
сформирован из данных силы, похищенных у
павших врагов. Его гигантский медный меч
«Дзанзинтоу» вырезан из костей СкаллГреймона,
и злоба, обитающая внутри клинка, издает
низкий рык. Особый приём Титамона
«Соул Кор Атак» рассекает прямой через броню
и тело врага, рассекая его ДигиЯдро напрямую
своим клинком. Урон, полученный от прямого
попадания, никогда не исцеляется.
«Фантом Блейд» пронзает врага Дзанзинтоу,
погружая его в галлюцинацию, что он остается
пронзенным даже после того, как клинок
вытащен. Боль от этого удара стихает только со
смертью духа врага.","The counterattack titan, born from the grudge of a
Digimon felled by the Olympos XII in a contest for
supremacy over the Digital World. Also going by the
alias ""One-Man Division,"" Titamon harbors bottomless
grudge energy within its mighty body. It runs from
battlefield to battlefield, all in pursuit of the heads of
the Olympos XII. Titamon's huge arms are covered in a
large quantity of skulls, each formed from strength
data pilfered from fallen foes. Its gigantic Zanjintou
sword is carved from the bones of SkullGreymon, and
the rancor dwelling within the blade emits a low growl.
Titamon's special move Soul Core Attack slices
straight past an enemy's armor and body, cleaving its
DigiCore directly with Titamon's blade. Damage taken
from a direct hit can never be healed. Phantom Blade
runs a foe through with Zanjintou, plunging it into a
hallucination that it remains pierced even after the
blade is pulled out. The pain of this stab only
subsides with the death of the enemy's spirit."
2,latin_mixed,app_text01,text/digimon_profile.mbe/000_Sheet1.csv,digimon_0604_profile,344,,XII,"Мифический Дигимон-Галактика, который, как
говорят, появился, когда беспрецедентный
кризис обрушился на Цифровой мир Илиада.
Столкновение противоположных сил солнечной и
лунной энергии заставляет ГрейсНовамон
генерировать энергию уровня Большого Взрыва
внутри своего тела. Он возник, когда Аполломон
и Дианамон из Олимпос XII слились вместе. В
результате, считается, что сам ГрейсНовамон
является галактикой, и полный объем его данных
невозможно точно измерить. Его особые приемы —
Палец Затмения, который концентрирует энергию,
усиленную внутри его тела, в его руках,
заставляя врагов плавиться, когда он касается
их, и Калидонский Лук, который выпускает
восемь лезвий Мелеагроса на его спине, чтобы
найти и уничтожить своих врагов.","A mythical Galaxy Digimon said to have appeared
when an unprecedented crisis descended upon the
Digital World Iliad. The collision of the opposing
forces of solar energy and lunar energy cause
GraceNovamon to generate Big Bang levels of energy
within its body. It came into being when Apollomon
and Dianamon of the Olympos XII fused together.
As a result, GraceNovamon itself is believed to be a
galaxy in its own right, and the full extent of its data is
impossible to measure accurately. Its special moves
are Eclipse Finger, which concentrates the energy
amplified within its body into its hands, causing foes
to melt when it touches them, and Calydon Arcus,
which fires the eight Meleagros blades on its back to
seek out and destroy its foes."
2,latin_mixed,app_text01,text/digimon_profile.mbe/000_Sheet1.csv,digimon_0710_profile,391,,"D-VI'S, xx","Зверь-человек Дигимон, эволюционировавший из
Терриермона, это особый Дигимон-Охотник.
Быстрее, чем можно предположить по его
внешности, Гальгомон поражает своих врагов с
непревзойдённой точностью и аккуратностью. Его
мощные ноги позволяют ему высоко прыгать в
воздух, в какой момент он расправляет уши,
чтобы планировать. По натуре весёлый, Гальгомон
может выйти из-под контроля, если разозлится.
Он одержим своими любимыми джинсами «D-VI'S
503xx». Он использует свой специальный приём
«Апперкот Гатлинга», чтобы приблизиться к
врагу и нанести удар снизу своей
Рукой-Гатлингом.","A Beast Man Digimon that is Digivolved from
Terriermon, it's a special Hunter Digimon. Faster
than its appearance suggests, Gargomon brings
down its foes with unparalleled accuracy and
precision. Its powerful legs let it jump high into
the air, at which point it spreads its ears to glide.
Cheerful by nature, Gargomon may lose control
once angered. It's obsessed with its beloved
""D-VI'S 503xx"" jeans. It uses its special move
Dumdum Uppercut to get close to the enemy
and thrust up from below with its Gatling Arm."
2,latin_mixed,app_text01,text/digimon_profile.mbe/000_Sheet1.csv,digimon_0733_profile,409,,XII,"Одна из Олимпос XII, Дианамон — Божественный
Дигимон, который контролирует воду и лёд,
позволяя ему сражаться даже в условиях
абсолютного нуля. Его личность двусторонняя,
как светлая и тёмная стороны луны, и его
красота скрывает грозную силу. Дианамон
использует свой специальный приём «Стрела
Артемиды», чтобы натянуть и выстрелить длинной
стрелой из ослепительного льда из выступа на
своей спине. Он также использует «Спокойной
Ночи, Луна», чтобы окутать своего врага лунным
светом, выпущенным из Сестёр Спокойной Ночи на
обеих ногах, усыпляя его.","One of the Olympos XII, Dianamon is a Deity Digimon
that controls water and ice, allowing it to fight even in
absolute zero conditions. Its personality is two-sided,
like the light and dark sides of the moon, and its
beauty conceals a formidable strength. Dianamon
uses its special move Arrow of Artemis to draw and
fire a long arrow of dazzling ice from the
protuberance on its back. It also uses Good Night
Moon to bathe its foe in moonlight fired from the
Goodnight Sisters on both legs, lulling it to sleep."
2,latin_mixed,app_text01,text/digimon_profile.mbe/000_Sheet1.csv,digimon_0737_profile,412,,"Accel, Arm, Blitz, Critical","Героический Дигимон в развевающемся красном
шарфе. Горя чувством справедливости, этот
Дигимон никогда не оставляет без внимания
несправедливость или злодеяния, что делает его
любимцем Дигимонов в Стадии Развития.
Джастимон приходит как ветер, обрушивает
железный молот правосудия и затем исчезает так
же быстро. Также, кажется, ему нравится
принимать позу на утёсе, спиной к заходящему
солнцу. Переключение между тремя штекерами
Расширенного Передатчика, оборудованного на
его спине, позволяет ему чередовать силовой
тип Accel Arm, электрический тип Blitz Arm и
режущий тип Critical Arm. Его фирменный приём
«Троичная Рука» позволяет Джастимону
переключаться между своими тремя руками, а
специальный приём «Удар Правосудия» может
похвастаться более чем 45 тоннами
разрушительной силы.","A heroic Digimon wearing a fluttering red scarf.
Burning with a sense of justice, this Digimon never
overlooks injustice or evil deeds, making it beloved
by In-Training Digimon. Justimon comes in like the
wind, swings down the iron hammer of justice, and
then vanishes just as quickly. It also seems to enjoy
striking a pose on a cliffside with its back to the
setting sun. Swapping through the three plugs of the
Extend Transmitter equipped on its back lets it
alternate between the power-type Accel Arm, the
electric-type Blitz Arm, and the cutter-type Critical
Arm. Its signature move Trinity Arm allows Justimon
to swap between its three arms, and special move
Justice Kick boasts over 45 tons of destructive power."
2,latin_mixed,app_text01,text/digimon_profile.mbe/000_Sheet1.csv,digimon_0747_profile,421,,XII,"Божественный Дигимон и член Олимпос XII,
который напоминает молодую девушку. Несмотря
на совсем небольшое телосложение
Минервамона, этот невероятно сильный Дигимон
способен орудовать огромный меч размером с его
собственное тело. Хотя этот Дигимон невинен и
весел, как молодая девушка, его настроение
может дико колебаться. Когда он в плохом
настроении, его поведение быстро становится
расстроенным и своевольным (то есть,
«проблематичным») таким образом, что выходит
из-под контроля. Минервамон использует свой
специальный приём «Ударный Кувырок», чтобы
обрушить накатывающий удар вперёд от своего
огромного меча Олимпия, и «Безумная Карусель»,
чтобы выполнить горизонтальный вращающий удар
быстрее, чем глаз может увидеть. «Ударный
Кувырок» может расколоть землю, в то время как
«Безумная Карусель» генерирует массивный
торнадо.","A Deity Digimon and member of the Olympos XII
that resembles a young girl. Despite Minervamon's
decidedly small frame, this incredibly strong Digimon
is capable of wielding a greatsword the size of its own
body. Although this Digimon is as innocent and
cheerful as a young girl, its moods can fluctuate
wildly. When it's in a bad mood, its behavior quickly
turns upset and selfish (that is, ""problematic"") in a way
that's out of control. Minervamon uses its special move
Strike Roll to unleash a forward rolling slash from its
greatsword Olympia, and Madness Merry-Go-Round to
perform a horizontal spinning slash faster than the eye
can see. Strike Roll can split the earth, while Madness
Merry-Go-Round generates a massive tornado."
2,latin_mixed,app_text01,text/digimon_profile.mbe/000_Sheet1.csv,digimon_0767_profile,436,,XII,"Один из Олимпос XII и самопровозглашённый
самый душевный пьяница Цифрового мира. С его
яркой личностью, Бахусмон хорош в заботе о
других. В любое время суток он собирает дигимонов уровней Ребёнок и Чемпион и устраивает грандиозные пиршества. Он может производить различные виды
напитков и счастлив делать это по просьбе
своих любимых Дигимонов, которые пришли на его
пиры. Бахусмон предпочитает фруктовые вина, и
его любимое сделано из ферментированных
фруктов, взятых из леса Карпос Хуле на спине
Цересмона. Всякий раз, когда он свободен, он
просит Цересмона позволить ему варить это
вино. В результате, эти два Дигимона чрезвычайно
близки и часто делают что-то вместе. Когда
Бахусмон слишком много выпил, узор на его теле
становится синим, и он извергает данные в
своём большом желудке в разрушительном луче
света под названием «Разворот Мёртвых». Если
атака попадает в противника, Бахусмон
поглощает данные, чтобы стать более мощным,
так что столкновение с большими группами
врагов может сделать его непостижимо сильным.
Данные, которые Бахусмон очищает в яд,
исследуются Командой Раскола. Существуют
правдоподобные слухи, что данные яда Бахусмона
используются для производства биологического
оружия и в заговорах с целью убийства
высокопоставленных лиц.","One of the Olympos XII, and the self-proclaimed
heartiest drinker of the Digital World. With its bright
personality, Bacchusmon is good at taking care of
others. At all times of the day it gathers Rookie and
Champion Digimon and holds grand feasts. It can
produce various types of beverages, and is happy
to do so at the request of its favorite Digimon who
have come to attend its feasts. Bacchusmon prefers
fruit wines, and its favorite is made from fermented
fruits taken from the Karpos Hulē forest on Ceresmon's
back. Whenever it's free, it asks Ceresmon to let it brew
that wine. As a result, the two Digimon are extremely
close and often do things together. When Bacchusmon
has had too much to drink, the pattern on its body turns
blue, and it expels the data in its large stomach in a
destructive beam of light called Reversal of the Dead.
If the attack hits an opponent, Bacchusmon absorbs
the data to become more powerful, so facing off against
large groups of enemies can make it unfathomably
strong. The data that Bacchusmon refines into poison
is being researched by the Crack Team. There are
plausible rumors that Bacchusmon's poison data is
being used to produce biological weapons and in
assassination plots against high-ranking figures."
2,latin_mixed,app_text01,text/digimon_profile.mbe/000_Sheet1.csv,digimon_0770_profile,437,,D-,"Танкдрамон — Машинный Дигимон, отвечающий за
подавление беспорядков и миссии тяжёлого
штурма для механизированной D-Бригады. Он
превосходен в уничтожении множества целей и может похвастаться
подавляющей огневой мощью. Оснащённый
специальным радаром, способным захватывать 30
целей одновременно, отдельный Танкдрамон также
может синхронизировать цели с другими, и
говорят, что невозможно избежать их всех.
Уровень потерь среди Танкдрамонов также
чрезвычайно низок, и, по сообщениям, только один
когда-либо был потерян в поле. Специальный
приём Танкдрамона «Пушка Стремящегося»
выстреливает снарядом, оснащённым небольшой
ядерной боеголовкой, чтобы полностью уничтожить
всё в радиусе 20 миль.","Tankdramon is a Machine Digimon in charge of riot
suppression and heavy assault missions for the
mechanized D-Brigade. It excels at eliminating
multiple targets, and boasts overwhelming
firepower. Equipped with a special radar capable of
locking on to 30 targets at once, an individual
Tankdramon can also sync targets with others, and it's
said to be impossible to escape them all. Casualty
rates among Tankdramon are also extremely low, and
reportedly, only one has ever been lost in the field.
Tankdramon's special move Striver Cannon fires a
shell equipped with a small nuclear warhead to
utterly destroy everything within a 20-mile radius."
2,latin_mixed,app_text01,text/digimon_profile.mbe/000_Sheet1.csv,digimon_0771_profile,438,,"BAN-TYO, D-","Даркдрамон — дигимон-андроид, который, как
полагают, является предельным оружием D-Бригады.
Ходят слухи, что исследователи D-Бригады
создали Даркдрамона, эволюционировав
Танкдрамона, которого они восстановили.
Предположительно, этот Танкдрамон был побеждён
в операции, предназначенной для устранения цели с
кодовым именем BAN-TYO. Однако, никакие из этих сведений не кажутся особенно надёжными. Кажется, что
в этом процессе эволюции было использовано
обширное количество тёмной материи. Возможно, в
результате, Даркдрамон немедленно впал в
берсерк и бежал. Его текущее местонахождение
неизвестно, даже для D-Бригады, хотя ходят
слухи, что он всё ещё ищет Кодовое имя
BAN-TYO. Его специальный приём «Тёмный Рев» —
это запрещённая техника, которая включает
выстрел энергетической бомбы, состоящий из
тёмной материи. Ничто не может выжить после
попадания этой атаки, как гласит молва.
Даркдрамон также имеет оружие под названием
«Гигастик Копьё», встроенное в его правую
руку, которое, как говорят, равно по мощности
святому копью Галлантмона Грам.","Darkdramon is an Android Digimon believed to be
the D-Brigade's ultimate weapon. Rumor has it that
D-Brigade researchers created Darkdramon by
Digivolving a Tankdramon they recovered. Supposedly,
this Tankdramon was defeated in an operation
designed to eliminate a target codenamed BAN-CHO.
However, none of this information is particularly
reliable. A vast amount of dark matter seems to have
been used in this Digivolution process. Possibly as a
result, Darkdramon immediately went berserk and fled.
Its current whereabouts are unknown, even to the
D-Brigade, though rumor has it that it's still searching
for Codename BAN-CHO. Its special move Dark Roar
is a forbidden technique that involves firing an energy
bomb composed of dark matter. Nothing can survive
a hit from this attack, rumor has it. Darkdramon also
has a weapon called the Gigastick Lance built into
its right arm, said to be equal in power to Gallantmon's
holy lance Gram."
2,latin_mixed,app_text01,text/digimon_profile.mbe/000_Sheet1.csv,digimon_0777_profile,444,,BM,"МиражГаогамон BM — это специальная форма,
которая временно достигла пределов
способностей МиражГаогамона с Взрывной
Дигивлюцией, экипируя его оружием и аурой
планетарного класса, высокой энергии. Его
специальный приём «Удар Метеора Полной Луны»
расплющивает врагов сферой, содержащей энергию
планетарного класса. Он также может
использовать «Финальный Миражный Взрыв»,
который выпускает энергию, скрытую в его
оружии, концентрируя всё тело и душу
МиражГаогамона.","MirageGaogamon BM is a special form that
temporarily reached the limits of MirageGaogamon's
abilities with Burst Digivolution, equipping it with
planet-class high-energy weapons and aura. Its
special move Full Moon Meteor Impact flattens foes
with a sphere containing planet-class energy."
2,latin_mixed,app_text01,text/digimon_profile.mbe/000_Sheet1.csv,digimon_0912_profile,449,,X-,"ДигиЯдро Плутомона отключилось из-за истечения
срока жизни, но, как ни странно, его тело всё
ещё действует. Он уже не следует своей главной
миссии — поражать зло. Теперь он думает только о
том, как пожирать данные других существ, и
бесконечно странствует в поисках новых ДигиЯдер.
В отличие от прежнего себя, теперь он «ужасный
хищник» совсем в ином смысле: его разлагающееся
тело не знает насыщения, сколько бы ДигиЯдер оно
ни поглотило. Среди его особых приёмов — «Хазард
Холд», которым он хватает противника и высасывает
данные его ДигиЯдра до разложения; «Хелл Слайсер»,
выпускающий X-частицы из левой руки, чтобы
разрезать врага на части; и «Марионеточная
мерзость», укус, заражающий врагов вирусом и
превращающий их в марионеток, вынужденных
исполнять его приказы.","Plutomon's DigiCore has shut down
due to reaching the end of its
lifespan, but, strangely, its body
is still functioning. It no longer
retains its core mission of
defeating evil. It thinks of nothing
but devouring the data of other
beings, and endlessly wanders in
search of new DigiCores. Unlike when
it was alive, it is now a ""terrible
predator"" in a completely different
sense, as its decaying body will
never know satisfaction, no matter
how many DigiCores it consumes. Its
special moves include Hazard Hold,
which grabs an opponent and sucks up
its DigiCore data until it decays;
Hell Slicer, which shoots out X
particles from its left hand in
order to cut the enemy to pieces;
and Marionette Abomination, with
which it bites enemies and infects
them with a virus that turns them
into a puppet forced to do its
bidding."
2,latin_mixed,app_text01,text/digitter_message.mbe/000_Sheet1.csv,main_290_020_011,158,,XD,"Безопасность и душевное спокойствие за 100 иен за поездку!
Спасибо, что пользуетесь компанией Палмон Райд XD","Safety and peace of mind at 100 YEN a ride!
Thanks for using Palmon Ride Company XD"
2,latin_mixed,app_text01,text/digitter_message.mbe/000_Sheet1.csv,main_290_020_020,159,,XD,"Безопасность и душевное спокойствие за 100 иен за поездку!
Спасибо, что пользуетесь компанией Палмон Райд XD","Safety and peace of mind at 100 YEN a ride!
Thanks for using Palmon Ride Company XD"
2,latin_mixed,app_text01,text/digitter_message.mbe/000_Sheet1.csv,main_300_000_011,168,,XD,"Безопасность и душевное спокойствие за 100 иен за поездку!
Спасибо, что пользуетесь компанией Палмон Райд XD","Safety and peace of mind at 100 YEN a ride!
Thanks for using Palmon Ride Company XD"
2,latin_mixed,app_text01,text/digitter_message.mbe/000_Sheet1.csv,main_300_000_020,169,,XD,"Безопасность и душевное спокойствие за 100 иен за поездку!
Спасибо, что пользуетесь компанией Палмон Райд XD","Safety and peace of mind at 100 YEN a ride!
Thanks for using Palmon Ride Company XD"
2,latin_mixed,app_text01,text/digitter_message.mbe/000_Sheet1.csv,sub_010_158_1,333,,TBD,(TBD) sub_010_158_1 Стартовый Дигиттер,(TBD) sub_010_158_1 Starting Digitter
2,latin_mixed,app_text01,text/digitter_message.mbe/000_Sheet1.csv,sub_100_087_1,290,,VIP-,"Я знаю, что они не привыкли к этому миру, но чтобы нам
понадобилась помощь людей... Ах, ну. Пожалуйста, приходи в
VIP-комнату театра. Просмотреть детали миссии {decision}","I know they're not used to this world, but to think we'd need
the help of humans... Ah, well. Please come to the theater
VIP room.
View Mission Details {decision}"
2,latin_mixed,app_text01,text/digitter_message.mbe/000_Sheet1.csv,sub_100_088_1,292,,VIP-,"Загляни в VIP-комнату. Мне нужно попросить тебя
об одолжении. Для тебя это тоже будет выгодно.
Просмотреть детали миссии {decision}","Can you stop by the VIP room? I need to ask you a favor. It
shouldn't be a bad deal for you, either.

View Mission Details {decision}"
2,latin_mixed,app_text01,text/digitter_message.mbe/000_Sheet1.csv,sub_100_178_1,359,,VIP-,"Трое ведущих хотят передать тебе кое-что. Пожалуйста, приходи в
VIP-комнату Промежуточного Театра.
Просмотреть детали миссии {decision}","The three hosts have something they'd like to convey to you.
Please come to the VIP room of the In-Between Theater.

View Mission Details {decision}"
2,latin_mixed,app_text01,text/generation_name.mbe/000_Sheet1.csv,2,4,,II,Малыш II,In-Training II
2,latin_mixed,app_text01,text/info_message.mbe/000_Sheet1.csv,1015,14,,"PlayStation, Store","Не удалось загрузить дополнительный контент.
Попробуйте ещё раз загрузить его из PlayStation®Store.","Unable to load add-on content.
Please try downloading the content from PlayStation®Store again."
2,latin_mixed,app_text01,text/info_message.mbe/000_Sheet1.csv,9001,175,,Esc,"Нажмите кнопку, которую вы хотите назначить выбранному действию. Отмените и вернитесь к предыдущему экрану с помощью клавиши Esc.","Press the button you want to assign to the selected action.
Cancel and return to the previous screen using the Esc key."
2,latin_mixed,app_text01,text/info_message.mbe/000_Sheet1.csv,info_message_demo_03,299,,"Digimon, Story, Stranger, Time","Этот режим позволяет вам окунуться в приключение в Центральном городе, расположенном в самом сердце Цифрового мира Илиады. Этот режим доступен после завершения демо-версии Digimon Story: Time Stranger.","This mode lets you experience an adventure in Central Town,
located at the heart of the Digital World of Iliad.

This mode is available once you have completed the
Digimon Story: The Time Stranger Demo."
2,latin_mixed,app_text01,text/info_message.mbe/000_Sheet1.csv,info_message_dlc_18,293,,"Digimon, Story, Stranger, Time","Бонусный набор за предзаказ Digimon Story Time Stranger:
{fc9костюм «Форма определённой школы»} теперь доступен.

Переодеться в этот костюм можно через меню
Агент > Костюмы на вашем Дигивайсе.","Digimon Story Time Stranger Pre-Order Bonus Pack
{fc9Costume ""Uniform of a Certain School""} is now available.

You can change into this costume by navigating to
Agent > Costumes on your Digivice."
2,latin_mixed,app_text01,text/info_message.mbe/000_Sheet1.csv,info_message_dlc_19,294,,"Digimon, Story, Stranger, Time","Бонусный набор за предзаказ Digimon Story Time Stranger:
{fc9набор предметов для приключений} теперь доступен.

Получить эти предметы можно через меню
Предметы > Наборы предметов на вашем Дигивайсе.","Digimon Story Time Stranger Pre-Order Bonus Pack
{fc9Adventure Item Set} is now available.

You can obtain these items by navigating to
Item > Item Packs on your Digivice."
2,latin_mixed,app_text01,text/item_explanation.mbe/000_Sheet1.csv,825,247,,"Adventure, Digimon","Костюм. Наряд, вдохновлённый Digimon Adventure.","Costume.
A Digimon Adventure-inspired outfit."
2,latin_mixed,app_text01,text/item_name.mbe/000_Sheet1.csv,1002,317,,II,Модуль ОЗ II,HP Attachment II
2,latin_mixed,app_text01,text/item_name.mbe/000_Sheet1.csv,1003,318,,III,Модуль ОЗ III,HP Attachment III
2,latin_mixed,app_text01,text/item_name.mbe/000_Sheet1.csv,1005,320,,II,Модуль ОС II,SP Attachment II
2,latin_mixed,app_text01,text/item_name.mbe/000_Sheet1.csv,1006,321,,III,Модуль ОС III,SP Attachment III
2,latin_mixed,app_text01,text/item_name.mbe/000_Sheet1.csv,1008,323,,II,Модуль АТК II,ATK Attachment II
2,latin_mixed,app_text01,text/item_name.mbe/000_Sheet1.csv,1009,324,,III,Модуль АТК III,ATK Attachment III
2,latin_mixed,app_text01,text/item_name.mbe/000_Sheet1.csv,1011,326,,II,Модуль ЗАЩ II,DEF Attachment II
2,latin_mixed,app_text01,text/item_name.mbe/000_Sheet1.csv,1012,327,,III,Модуль ЗАЩ III,DEF Attachment III
2,latin_mixed,app_text01,text/item_name.mbe/000_Sheet1.csv,1014,329,,II,Модуль ИНТ II,INT Attachment II
2,latin_mixed,app_text01,text/item_name.mbe/000_Sheet1.csv,1015,330,,III,Модуль ИНТ III,INT Attachment III
2,latin_mixed,app_text01,text/item_name.mbe/000_Sheet1.csv,1017,332,,II,Модуль ДУХ II,SPI Attachment II
2,latin_mixed,app_text01,text/item_name.mbe/000_Sheet1.csv,1018,333,,III,Модуль ДУХ III,SPI Attachment III
2,latin_mixed,app_text01,text/item_name.mbe/000_Sheet1.csv,1020,335,,II,Модуль СКР II,SPD Attachment II
2,latin_mixed,app_text01,text/item_name.mbe/000_Sheet1.csv,1021,336,,III,Модуль СКР III,SPD Attachment III
2,latin_mixed,app_text01,text/item_name.mbe/000_Sheet1.csv,1023,338,,II,Модуль МЕТ II,ACU Attachment II
2,latin_mixed,app_text01,text/item_name.mbe/000_Sheet1.csv,1025,340,,II,Модуль УКЛ II,EVA Attachment II
2,latin_mixed,app_text01,text/item_name.mbe/000_Sheet1.csv,1027,342,,II,Модуль КРТ II,CRT Attachment II
2,latin_mixed,app_text01,text/item_name.mbe/000_Sheet1.csv,1029,344,,II,Модуль энергии II,Energy Attachment II
2,latin_mixed,app_text01,text/item_name.mbe/000_Sheet1.csv,1031,346,,II,Модуль физической силы II,Physical Attachment II
2,latin_mixed,app_text01,text/item_name.mbe/000_Sheet1.csv,1033,348,,II,Модуль разрушения II,Destruction Attachment II
2,latin_mixed,app_text01,text/item_name.mbe/000_Sheet1.csv,1035,350,,II,Модуль души II,Soul Attachment II
2,latin_mixed,app_text01,text/item_name.mbe/000_Sheet1.csv,1037,352,,II,Модуль бодрости II,Vigor Attachment II
2,latin_mixed,app_text01,text/item_name.mbe/000_Sheet1.csv,1039,354,,II,Модуль пера II,Feather Attachment II
2,latin_mixed,app_text01,text/item_name.mbe/000_Sheet1.csv,1041,356,,II,Модуль смертоносности II,Deadly Attachment II
2,latin_mixed,app_text01,text/item_name.mbe/000_Sheet1.csv,1043,358,,II,Модуль проклятия II,Curse Attachment II
2,latin_mixed,app_text01,text/item_name.mbe/000_Sheet1.csv,1045,360,,II,Модуль атаки II,Attacker Attachment II
2,latin_mixed,app_text01,text/item_name.mbe/000_Sheet1.csv,1047,362,,II,Модуль защиты II,Guarder Attachment II
2,latin_mixed,app_text01,text/item_name.mbe/000_Sheet1.csv,11,12,,II,Спрей ОС II,SP Spray II
2,latin_mixed,app_text01,text/item_name.mbe/000_Sheet1.csv,1171,475,,II,Стена отравления II,Poison Wall II
2,latin_mixed,app_text01,text/item_name.mbe/000_Sheet1.csv,1172,476,,II,Стена смятения II,Panic Wall II
2,latin_mixed,app_text01,text/item_name.mbe/000_Sheet1.csv,1173,477,,II,Стена паралича II,Paralysis Wall II
2,latin_mixed,app_text01,text/item_name.mbe/000_Sheet1.csv,1174,478,,II,Стена сна II,Sleep Wall II
2,latin_mixed,app_text01,text/item_name.mbe/000_Sheet1.csv,12,13,,III,Спрей ОС III,SP Spray III
2,latin_mixed,app_text01,text/item_name.mbe/000_Sheet1.csv,14,15,,DX,Медицинский спрей DX,Medical Spray DX
2,latin_mixed,app_text01,text/item_name.mbe/000_Sheet1.csv,2,3,,II,Капсула ОЗ II,HP Capsule II
2,latin_mixed,app_text01,text/item_name.mbe/000_Sheet1.csv,20613,1027,,amp,Героическая статуя (Кокувамон A &amp,Heroic Statue (Kokuwamon A & B)
2,latin_mixed,app_text01,text/item_name.mbe/000_Sheet1.csv,25,26,,DX,Мульти-восстановление DX,Multi-Recovery DX
2,latin_mixed,app_text01,text/item_name.mbe/000_Sheet1.csv,27,28,,DX,Капсула возрождения DX,Revival Capsule DX
2,latin_mixed,app_text01,text/item_name.mbe/000_Sheet1.csv,3,4,,III,Капсула ОЗ III,HP Capsule III
2,latin_mixed,app_text01,text/item_name.mbe/000_Sheet1.csv,41,42,,II,Очко мужества II,Courage Point II
2,latin_mixed,app_text01,text/item_name.mbe/000_Sheet1.csv,42,43,,III,Очко мужества III,Courage Point III
2,latin_mixed,app_text01,text/item_name.mbe/000_Sheet1.csv,43,44,,IV,Очко мужества IV,Courage Point IV
2,latin_mixed,app_text01,text/item_name.mbe/000_Sheet1.csv,46,47,,DX,Дружба DX,Friendship DX
2,latin_mixed,app_text01,text/item_name.mbe/000_Sheet1.csv,5,6,,II,Спрей ОЗ II,HP Spray II
2,latin_mixed,app_text01,text/item_name.mbe/000_Sheet1.csv,6,7,,III,Спрей ОЗ III,HP Spray III
2,latin_mixed,app_text01,text/item_name.mbe/000_Sheet1.csv,60,61,,DX,Ускоритель пробуждения таланта DX,Talent Awakening Booster DX
2,latin_mixed,app_text01,text/item_name.mbe/000_Sheet1.csv,62,63,,II,Чип усиления ОЗ II,HP Augment Chip II
2,latin_mixed,app_text01,text/item_name.mbe/000_Sheet1.csv,63,64,,III,Чип усиления ОЗ III,HP Augment Chip III
2,latin_mixed,app_text01,text/item_name.mbe/000_Sheet1.csv,65,66,,II,Чип усиления ОС II,SP Augment Chip II
2,latin_mixed,app_text01,text/item_name.mbe/000_Sheet1.csv,66,67,,III,Чип усиления ОС III,SP Augment Chip III
2,latin_mixed,app_text01,text/item_name.mbe/000_Sheet1.csv,68,69,,II,Чип усиления АТК II,ATK Augment Chip II
2,latin_mixed,app_text01,text/item_name.mbe/000_Sheet1.csv,69,70,,III,Чип усиления АТК III,ATK Augment Chip III
2,latin_mixed,app_text01,text/item_name.mbe/000_Sheet1.csv,71,72,,II,Чип усиления ЗАЩ II,DEF Augment Chip II
2,latin_mixed,app_text01,text/item_name.mbe/000_Sheet1.csv,72,73,,III,Чип усиления ЗАЩ III,DEF Augment Chip III
2,latin_mixed,app_text01,text/item_name.mbe/000_Sheet1.csv,74,75,,II,Чип усиления ИНТ II,INT Augment Chip II
2,latin_mixed,app_text01,text/item_name.mbe/000_Sheet1.csv,75,76,,III,Чип усиления ИНТ III,INT Augment Chip III
2,latin_mixed,app_text01,text/item_name.mbe/000_Sheet1.csv,77,78,,II,Чип усиления ДУХ II,SPI Augment Chip II
2,latin_mixed,app_text01,text/item_name.mbe/000_Sheet1.csv,78,79,,III,Чип усиления ДУХ III,SPI Augment Chip III
2,latin_mixed,app_text01,text/item_name.mbe/000_Sheet1.csv,8,9,,II,Капсула ОС II,SP Capsule II
2,latin_mixed,app_text01,text/item_name.mbe/000_Sheet1.csv,80,81,,II,Чип усиления СКР II,SPD Augment Chip II
2,latin_mixed,app_text01,text/item_name.mbe/000_Sheet1.csv,81,82,,III,Чип усиления СКР III,SPD Augment Chip III
2,latin_mixed,app_text01,text/item_name.mbe/000_Sheet1.csv,814,278,,Ramen,Футболка для персонала ресторана Ramen,Ramen Restaurant Staff T-Shirt
2,latin_mixed,app_text01,text/item_name.mbe/000_Sheet1.csv,828,292,,TEKKEN,Футболка TEKKEN 8,TEKKEN 8 T-Shirt
2,latin_mixed,app_text01,text/item_name.mbe/000_Sheet1.csv,829,293,,TEKKEN,Футболка TEKKEN 8 (Лили),TEKKEN 8 T-Shirt (Lili)
2,latin_mixed,app_text01,text/item_name.mbe/000_Sheet1.csv,830,294,,PAC-MAN,Футболка к 45-летию PAC-MAN,PAC-MAN 45th Anniversary T-Shirt
2,latin_mixed,app_text01,text/item_name.mbe/000_Sheet1.csv,831,295,,"Taiko, Tatsujin, no",Футболка Taiko no Tatsujin,Taiko no Tatsujin T-Shirt
2,latin_mixed,app_text01,text/item_name.mbe/000_Sheet1.csv,832,296,,"Arise, Hootle, Tales, of",Футболка Tales of Arise (Hootle),Tales of Arise T-Shirt (Hootle)
2,latin_mixed,app_text01,text/item_name.mbe/000_Sheet1.csv,833,297,,"Idolmaster, The",Футболка The Idolmaster (Харука Амами),THE IDOLM＠STER T-Shirt (Haruka Amami)
2,latin_mixed,app_text01,text/item_name.mbe/000_Sheet1.csv,9,10,,III,Капсула ОС III,SP Capsule III
2,latin_mixed,app_text01,text/item_ruby.mbe/000_Sheet1.csv,1002,244,,II,Модуль ОЗ II,HP Attachment II
2,latin_mixed,app_text01,text/item_ruby.mbe/000_Sheet1.csv,1003,245,,III,Модуль ОЗ III,HP Attachment III
2,latin_mixed,app_text01,text/item_ruby.mbe/000_Sheet1.csv,1005,247,,II,Модуль ОС II,SP Attachment II
2,latin_mixed,app_text01,text/item_ruby.mbe/000_Sheet1.csv,1006,248,,III,Модуль ОС III,SP Attachment III
2,latin_mixed,app_text01,text/item_ruby.mbe/000_Sheet1.csv,1008,250,,II,Модуль АТК II,ATK Attachment II
2,latin_mixed,app_text01,text/item_ruby.mbe/000_Sheet1.csv,1009,251,,III,Модуль АТК III,ATK Attachment III
2,latin_mixed,app_text01,text/item_ruby.mbe/000_Sheet1.csv,1011,253,,II,Модуль ЗАЩ II,DEF Attachment II
2,latin_mixed,app_text01,text/item_ruby.mbe/000_Sheet1.csv,1012,254,,III,Модуль ЗАЩ III,DEF Attachment III
2,latin_mixed,app_text01,text/item_ruby.mbe/000_Sheet1.csv,1014,256,,II,Модуль ИНТ II,INT Attachment II
2,latin_mixed,app_text01,text/item_ruby.mbe/000_Sheet1.csv,1015,257,,III,Модуль ИНТ III,INT Attachment III
2,latin_mixed,app_text01,text/item_ruby.mbe/000_Sheet1.csv,1017,259,,II,Модуль ДУХ II,SPI Attachment II
2,latin_mixed,app_text01,text/item_ruby.mbe/000_Sheet1.csv,1018,260,,III,Модуль ДУХ III,SPI Attachment III
2,latin_mixed,app_text01,text/item_ruby.mbe/000_Sheet1.csv,1020,262,,II,Модуль СКР II,SPD Attachment II
2,latin_mixed,app_text01,text/item_ruby.mbe/000_Sheet1.csv,1021,263,,III,Модуль СКР III,SPD Attachment III
2,latin_mixed,app_text01,text/item_ruby.mbe/000_Sheet1.csv,1023,265,,II,Модуль МЕТ II,ACU Attachment II
2,latin_mixed,app_text01,text/item_ruby.mbe/000_Sheet1.csv,1025,267,,II,Модуль УКЛ II,EVA Attachment II
2,latin_mixed,app_text01,text/item_ruby.mbe/000_Sheet1.csv,1027,269,,II,Модуль КРТ II,CRT Attachment II
2,latin_mixed,app_text01,text/item_ruby.mbe/000_Sheet1.csv,1029,271,,II,Модуль энергии II,Energy Attachment II
2,latin_mixed,app_text01,text/item_ruby.mbe/000_Sheet1.csv,1031,273,,II,Модуль физической силы II,Physical Attachment II
2,latin_mixed,app_text01,text/item_ruby.mbe/000_Sheet1.csv,1033,275,,II,Модуль разрушения II,Destruction Attachment II
2,latin_mixed,app_text01,text/item_ruby.mbe/000_Sheet1.csv,1035,277,,II,Модуль души II,Soul Attachment II
2,latin_mixed,app_text01,text/item_ruby.mbe/000_Sheet1.csv,1037,279,,II,Модуль бодрости II,Vigor Attachment II
2,latin_mixed,app_text01,text/item_ruby.mbe/000_Sheet1.csv,1039,281,,II,Модуль пера II,Feather Attachment II
2,latin_mixed,app_text01,text/item_ruby.mbe/000_Sheet1.csv,1041,283,,II,Модуль смертоносности II,Deadly Attachment II
2,latin_mixed,app_text01,text/item_ruby.mbe/000_Sheet1.csv,1043,285,,II,Модуль проклятия II,Curse Attachment II
2,latin_mixed,app_text01,text/item_ruby.mbe/000_Sheet1.csv,1045,287,,II,Модуль атаки II,Attacker Attachment II
2,latin_mixed,app_text01,text/item_ruby.mbe/000_Sheet1.csv,1047,289,,II,Модуль защиты II,Guarder Attachment II
2,latin_mixed,app_text01,text/item_ruby.mbe/000_Sheet1.csv,11,12,,II,Спрей ОС II,SP Spray II
2,latin_mixed,app_text01,text/item_ruby.mbe/000_Sheet1.csv,1171,339,,II,Стена отравления II,Poison Wall 2
2,latin_mixed,app_text01,text/item_ruby.mbe/000_Sheet1.csv,1172,340,,II,Стена смятения II,Panic Wall 2
2,latin_mixed,app_text01,text/item_ruby.mbe/000_Sheet1.csv,1173,341,,II,Стена паралича II,Paralysis Wall 2
2,latin_mixed,app_text01,text/item_ruby.mbe/000_Sheet1.csv,1174,342,,II,Стена сна II,Sleep Wall 2
2,latin_mixed,app_text01,text/item_ruby.mbe/000_Sheet1.csv,12,13,,III,Спрей ОС III,SP Spray III
2,latin_mixed,app_text01,text/item_ruby.mbe/000_Sheet1.csv,14,15,,DX,Медицинский спрей DX,Medical Spray DX
2,latin_mixed,app_text01,text/item_ruby.mbe/000_Sheet1.csv,2,3,,II,Капсула HP II,HP Capsule II
2,latin_mixed,app_text01,text/item_ruby.mbe/000_Sheet1.csv,25,26,,DX,Мульти-восстановление DX,Multi-Recovery DX
2,latin_mixed,app_text01,text/item_ruby.mbe/000_Sheet1.csv,27,28,,DX,Капсула возрождения DX,Revival Capsule DX
2,latin_mixed,app_text01,text/item_ruby.mbe/000_Sheet1.csv,3,4,,III,Капсула HP III,HP Capsule III
2,latin_mixed,app_text01,text/item_ruby.mbe/000_Sheet1.csv,41,42,,II,Очко мужества II,Courage Point II
2,latin_mixed,app_text01,text/item_ruby.mbe/000_Sheet1.csv,42,43,,III,Очко мужества III,Courage Point III
2,latin_mixed,app_text01,text/item_ruby.mbe/000_Sheet1.csv,43,44,,IV,Очко мужества IV,Courage Point IV
2,latin_mixed,app_text01,text/item_ruby.mbe/000_Sheet1.csv,46,47,,DX,Дружба DX,Friendship DX
2,latin_mixed,app_text01,text/item_ruby.mbe/000_Sheet1.csv,5,6,,II,Спрей ОЗ II,HP Spray II
2,latin_mixed,app_text01,text/item_ruby.mbe/000_Sheet1.csv,6,7,,III,Спрей ОЗ III,HP Spray III
2,latin_mixed,app_text01,text/item_ruby.mbe/000_Sheet1.csv,60,51,,DX,Ускоритель пробуждения таланта DX,Talent Awakening Booster DX
2,latin_mixed,app_text01,text/item_ruby.mbe/000_Sheet1.csv,62,53,,II,Чип усиления ОЗ II,HP Augment Chip II
2,latin_mixed,app_text01,text/item_ruby.mbe/000_Sheet1.csv,63,54,,III,Чип усиления ОЗ III,HP Augment Chip III
2,latin_mixed,app_text01,text/item_ruby.mbe/000_Sheet1.csv,65,56,,II,Чип усиления ОС II,SP Augment Chip II
2,latin_mixed,app_text01,text/item_ruby.mbe/000_Sheet1.csv,66,57,,III,Чип усиления ОС III,SP Augment Chip III
2,latin_mixed,app_text01,text/item_ruby.mbe/000_Sheet1.csv,68,59,,II,Чип усиления АТК II,ATK Augment Chip II
2,latin_mixed,app_text01,text/item_ruby.mbe/000_Sheet1.csv,69,60,,III,Чип усиления АТК III,ATK Augment Chip III
2,latin_mixed,app_text01,text/item_ruby.mbe/000_Sheet1.csv,71,62,,II,Чип усиления ЗАЩ II,DEF Augment Chip II
2,latin_mixed,app_text01,text/item_ruby.mbe/000_Sheet1.csv,72,63,,III,Чип усиления ЗАЩ III,DEF Augment Chip III
2,latin_mixed,app_text01,text/item_ruby.mbe/000_Sheet1.csv,74,65,,II,Чип усиления ИНТ II,INT Augment Chip II
2,latin_mixed,app_text01,text/item_ruby.mbe/000_Sheet1.csv,75,66,,III,Чип усиления ИНТ III,INT Augment Chip III
2,latin_mixed,app_text01,text/item_ruby.mbe/000_Sheet1.csv,77,68,,II,Чип усиления ДУХ II,SPI Augment Chip II
2,latin_mixed,app_text01,text/item_ruby.mbe/000_Sheet1.csv,78,69,,III,Чип усиления ДУХ III,SPI Augment Chip III
2,latin_mixed,app_text01,text/item_ruby.mbe/000_Sheet1.csv,8,9,,II,Капсула SP II,SP Capsule II
2,latin_mixed,app_text01,text/item_ruby.mbe/000_Sheet1.csv,80,71,,II,Чип усиления СКР II,SPD Augment Chip II
2,latin_mixed,app_text01,text/item_ruby.mbe/000_Sheet1.csv,81,72,,III,Чип усиления СКР III,SPD Augment Chip III
2,latin_mixed,app_text01,text/item_ruby.mbe/000_Sheet1.csv,814,205,,Ramen,Футболка для персонала ресторана Ramen,Ramen Restaurant Staff T-shirt
2,latin_mixed,app_text01,text/item_ruby.mbe/000_Sheet1.csv,828,219,,Tekken,Футболка Tekken 8,Tekken 8 T-shirt
2,latin_mixed,app_text01,text/item_ruby.mbe/000_Sheet1.csv,829,220,,Tekken,Футболка Tekken 8 (Лили),Tekken 8 T-shirt (Lili)
2,latin_mixed,app_text01,text/item_ruby.mbe/000_Sheet1.csv,830,221,,PAC-MAN,Футболка к 45-летию PAC-MAN,PAC-MAN 45th Anniversary T-shirt
2,latin_mixed,app_text01,text/item_ruby.mbe/000_Sheet1.csv,831,222,,"Taiko, Tatsujin, no",Футболка Taiko no Tatsujin,Taiko no Tatsujin T-shirt
2,latin_mixed,app_text01,text/item_ruby.mbe/000_Sheet1.csv,832,223,,"Arise, Hootle, Tales, of",Футболка Tales of Arise (Hootle),Tales of Arise T-shirt (Hootle)
2,latin_mixed,app_text01,text/item_ruby.mbe/000_Sheet1.csv,833,224,,"Idolmaster, The",Футболка The Idolmaster (Харука Амами),The Idolmaster T-shirt (Haruka Amami)
2,latin_mixed,app_text01,text/item_ruby.mbe/000_Sheet1.csv,9,10,,III,Капсула SP III,SP Capsule III
2,latin_mixed,app_text01,text/jogress_skill_name.mbe/000_Sheet1.csv,21812,265,,DX,Безумная карусель DX,Madness Merry-Go-Round DX
2,latin_mixed,app_text01,text/jogress_skill_name.mbe/000_Sheet1.csv,23971,436,,V-,Взрыв V-Новы,V-Nova Blast
2,latin_mixed,app_text01,text/jogress_skill_name.mbe/000_Sheet1.csv,28064,781,,A.D.V,Гранатомет A.D.V.,C.H.O. Grenade Launcher
2,latin_mixed,app_text01,text/jogress_skill_name.mbe/000_Sheet1.csv,30012,825,,II,Напалм II,Wolkenapalm II
2,latin_mixed,app_text01,text/jogress_skill_name.mbe/000_Sheet1.csv,30013,826,,III,Напалм III,Wolkenapalm III
2,latin_mixed,app_text01,text/jogress_skill_name.mbe/000_Sheet1.csv,30022,828,,II,Вспышка пламени II,Burst Flame II
2,latin_mixed,app_text01,text/jogress_skill_name.mbe/000_Sheet1.csv,30023,829,,III,Вспышка пламени III,Burst Flame III
2,latin_mixed,app_text01,text/jogress_skill_name.mbe/000_Sheet1.csv,30032,831,,II,Падение Магмы II,Magma Fall II
2,latin_mixed,app_text01,text/jogress_skill_name.mbe/000_Sheet1.csv,30033,832,,III,Магмопад III,Magma Fall III
2,latin_mixed,app_text01,text/jogress_skill_name.mbe/000_Sheet1.csv,30035,834,,II,Пламенный всполох II,Ignition Flare II
2,latin_mixed,app_text01,text/jogress_skill_name.mbe/000_Sheet1.csv,30036,835,,III,Пламенный всполох III,Ignition Flare III
2,latin_mixed,app_text01,text/jogress_skill_name.mbe/000_Sheet1.csv,30042,837,,II,Давление воды II,Aqua Pressure II
2,latin_mixed,app_text01,text/jogress_skill_name.mbe/000_Sheet1.csv,30043,838,,III,Водяное давление III,Aqua Pressure III
2,latin_mixed,app_text01,text/jogress_skill_name.mbe/000_Sheet1.csv,30052,840,,II,Гидро - Вода II,Hydro Water II
2,latin_mixed,app_text01,text/jogress_skill_name.mbe/000_Sheet1.csv,30053,841,,III,Гидровода III,Hydro Water III
2,latin_mixed,app_text01,text/jogress_skill_name.mbe/000_Sheet1.csv,30062,843,,II,Океанская волна II,Ocean Wave II
2,latin_mixed,app_text01,text/jogress_skill_name.mbe/000_Sheet1.csv,30063,844,,III,Океанская волна III,Ocean Wave III
2,latin_mixed,app_text01,text/jogress_skill_name.mbe/000_Sheet1.csv,30065,846,,II,Приливный поток II,Tidal Stream II
2,latin_mixed,app_text01,text/jogress_skill_name.mbe/000_Sheet1.csv,30066,847,,III,Приливный поток III,Tidal Stream III
2,latin_mixed,app_text01,text/jogress_skill_name.mbe/000_Sheet1.csv,30072,849,,II,Серповидный Лист II,Crescent Leaf II
2,latin_mixed,app_text01,text/jogress_skill_name.mbe/000_Sheet1.csv,30073,850,,III,Серповидный лист III,Crescent Leaf III
2,latin_mixed,app_text01,text/jogress_skill_name.mbe/000_Sheet1.csv,30082,852,,II,Удар шипом II,Thorn Strike II
2,latin_mixed,app_text01,text/jogress_skill_name.mbe/000_Sheet1.csv,30083,853,,III,Удар шипами III,Thorn Strike III
2,latin_mixed,app_text01,text/jogress_skill_name.mbe/000_Sheet1.csv,30092,855,,II,Рунический Лес II,Rune Forest II
2,latin_mixed,app_text01,text/jogress_skill_name.mbe/000_Sheet1.csv,30093,856,,III,Рунический лес III,Rune Forest III
2,latin_mixed,app_text01,text/jogress_skill_name.mbe/000_Sheet1.csv,30095,858,,II,Игольчатый завод II,Needle Plant II
2,latin_mixed,app_text01,text/jogress_skill_name.mbe/000_Sheet1.csv,30096,859,,III,Игольчатое растение III,Needle Plant III
2,latin_mixed,app_text01,text/jogress_skill_name.mbe/000_Sheet1.csv,30102,861,,II,Край сосульки II,Icicle Edge II
2,latin_mixed,app_text01,text/jogress_skill_name.mbe/000_Sheet1.csv,30103,862,,III,Ледяная кромка III,Icicle Edge III
2,latin_mixed,app_text01,text/jogress_skill_name.mbe/000_Sheet1.csv,30112,864,,II,Замороженная Пуля II,Frozen Bullet II
2,latin_mixed,app_text01,text/jogress_skill_name.mbe/000_Sheet1.csv,30113,865,,III,Ледяная пуля III,Frozen Bullet III
2,latin_mixed,app_text01,text/jogress_skill_name.mbe/000_Sheet1.csv,30122,867,,II,Смертельная Метель II,Lethal Blizzard II
2,latin_mixed,app_text01,text/jogress_skill_name.mbe/000_Sheet1.csv,30123,868,,III,Смертельная метель III,Lethal Blizzard III
2,latin_mixed,app_text01,text/jogress_skill_name.mbe/000_Sheet1.csv,30125,870,,II,Алмазная Пыль II,Diamond Dust II
2,latin_mixed,app_text01,text/jogress_skill_name.mbe/000_Sheet1.csv,30126,871,,III,Алмазная пыль III,Diamond Dust III
2,latin_mixed,app_text01,text/jogress_skill_name.mbe/000_Sheet1.csv,30132,873,,II,Перерыв в работе наномашины II,Nanomachine Break II
2,latin_mixed,app_text01,text/jogress_skill_name.mbe/000_Sheet1.csv,30133,874,,III,Сбой наномашин III,Nanomachine Break III
2,latin_mixed,app_text01,text/jogress_skill_name.mbe/000_Sheet1.csv,30142,876,,II,Ударная плазма II,Shock Plasma II
2,latin_mixed,app_text01,text/jogress_skill_name.mbe/000_Sheet1.csv,30143,877,,III,Ударная плазма III,Shock Plasma III
2,latin_mixed,app_text01,text/jogress_skill_name.mbe/000_Sheet1.csv,30152,879,,II,Падение Грома II,Thunder Fall II
2,latin_mixed,app_text01,text/jogress_skill_name.mbe/000_Sheet1.csv,30153,880,,III,Громопад III,Thunder Fall III
2,latin_mixed,app_text01,text/jogress_skill_name.mbe/000_Sheet1.csv,30155,882,,II,Молниеносный Коготь II,Lightning Claw II
2,latin_mixed,app_text01,text/jogress_skill_name.mbe/000_Sheet1.csv,30156,883,,III,Молниеносный коготь III,Lightning Claw III
2,latin_mixed,app_text01,text/jogress_skill_name.mbe/000_Sheet1.csv,30162,885,,II,Кометный Молот II,Comet Hammer II
2,latin_mixed,app_text01,text/jogress_skill_name.mbe/000_Sheet1.csv,30163,886,,III,Кометный молот III,Comet Hammer III
2,latin_mixed,app_text01,text/jogress_skill_name.mbe/000_Sheet1.csv,30172,888,,II,Гея Бластер II,Gaia Blaster II
2,latin_mixed,app_text01,text/jogress_skill_name.mbe/000_Sheet1.csv,30173,889,,III,Бластер Геи III,Gaia Blaster III
2,latin_mixed,app_text01,text/jogress_skill_name.mbe/000_Sheet1.csv,30182,891,,II,Потрясающее Землетрясение II,Awesome Quake II
2,latin_mixed,app_text01,text/jogress_skill_name.mbe/000_Sheet1.csv,30183,892,,III,Сокрушительное землетрясение III,Awesome Quake III
2,latin_mixed,app_text01,text/jogress_skill_name.mbe/000_Sheet1.csv,30185,894,,II,Каменный Скол II,Stone Cleave II
2,latin_mixed,app_text01,text/jogress_skill_name.mbe/000_Sheet1.csv,30186,895,,III,Каменный рассекатель III,Stone Cleave III
2,latin_mixed,app_text01,text/jogress_skill_name.mbe/000_Sheet1.csv,30192,897,,II,Коготь Ветра II,Wind Claw II
2,latin_mixed,app_text01,text/jogress_skill_name.mbe/000_Sheet1.csv,30193,898,,III,Коготь ветра III,Wind Claw III
2,latin_mixed,app_text01,text/jogress_skill_name.mbe/000_Sheet1.csv,30202,900,,II,Звуковой Выстрел II,Sonic Shot II
2,latin_mixed,app_text01,text/jogress_skill_name.mbe/000_Sheet1.csv,30203,901,,III,Звуковой выстрел III,Sonic Shot III
2,latin_mixed,app_text01,text/jogress_skill_name.mbe/000_Sheet1.csv,30212,903,,II,Штормовой ветер II,Gale Storm II
2,latin_mixed,app_text01,text/jogress_skill_name.mbe/000_Sheet1.csv,30213,904,,III,Штормовой ветер III,Gale Storm III
2,latin_mixed,app_text01,text/jogress_skill_name.mbe/000_Sheet1.csv,30215,906,,II,Буря II,Tempest II
2,latin_mixed,app_text01,text/jogress_skill_name.mbe/000_Sheet1.csv,30216,907,,III,Буря III,Tempest III
2,latin_mixed,app_text01,text/jogress_skill_name.mbe/000_Sheet1.csv,30222,909,,II,Раздавливающее Лезвие II,Crush Blade II
2,latin_mixed,app_text01,text/jogress_skill_name.mbe/000_Sheet1.csv,30223,910,,III,Сокрушительный клинок III,Crush Blade III
2,latin_mixed,app_text01,text/jogress_skill_name.mbe/000_Sheet1.csv,30232,912,,II,Двигатель Металлический II,Thruster Metal II
2,latin_mixed,app_text01,text/jogress_skill_name.mbe/000_Sheet1.csv,30233,913,,III,Металлический ускоритель III,Thruster Metal III
2,latin_mixed,app_text01,text/jogress_skill_name.mbe/000_Sheet1.csv,30242,915,,II,Цельнометаллическая свая II,Full Metal Pile II
2,latin_mixed,app_text01,text/jogress_skill_name.mbe/000_Sheet1.csv,30243,916,,III,Цельнометаллический свайный удар III,Full Metal Pile III
2,latin_mixed,app_text01,text/jogress_skill_name.mbe/000_Sheet1.csv,30245,918,,II,Железный Удар II,Iron Slash II
2,latin_mixed,app_text01,text/jogress_skill_name.mbe/000_Sheet1.csv,30246,919,,III,Железный кулак III,Iron Slash III
2,latin_mixed,app_text01,text/jogress_skill_name.mbe/000_Sheet1.csv,30252,921,,II,Святой Кулак II,Saint Knuckle II
2,latin_mixed,app_text01,text/jogress_skill_name.mbe/000_Sheet1.csv,30253,922,,III,Святой кулак III,Saint Knuckle III
2,latin_mixed,app_text01,text/jogress_skill_name.mbe/000_Sheet1.csv,30262,924,,II,Святой свет II,Holy Light II
2,latin_mixed,app_text01,text/jogress_skill_name.mbe/000_Sheet1.csv,30263,925,,III,Святой свет III,Holy Light III
2,latin_mixed,app_text01,text/jogress_skill_name.mbe/000_Sheet1.csv,30272,927,,II,Взрыв Блеска II,Shine Burst II
2,latin_mixed,app_text01,text/jogress_skill_name.mbe/000_Sheet1.csv,30273,928,,III,Сияющий взрыв III,Shine Burst III
2,latin_mixed,app_text01,text/jogress_skill_name.mbe/000_Sheet1.csv,30275,930,,II,Лестница Ангела II,Angel Ladder II
2,latin_mixed,app_text01,text/jogress_skill_name.mbe/000_Sheet1.csv,30276,931,,III,Ангельская лестница III,Angel Ladder III
2,latin_mixed,app_text01,text/jogress_skill_name.mbe/000_Sheet1.csv,30282,933,,II,Теневой Клык II,Shadow Fang II
2,latin_mixed,app_text01,text/jogress_skill_name.mbe/000_Sheet1.csv,30283,934,,III,Теневой клык III,Shadow Fang III
2,latin_mixed,app_text01,text/jogress_skill_name.mbe/000_Sheet1.csv,30292,936,,II,Кошмар II,Nightmare II
2,latin_mixed,app_text01,text/jogress_skill_name.mbe/000_Sheet1.csv,30293,937,,III,Кошмар III,Nightmare III
2,latin_mixed,app_text01,text/jogress_skill_name.mbe/000_Sheet1.csv,30302,939,,II,Адская Дробилка II,Hell Crusher II
2,latin_mixed,app_text01,text/jogress_skill_name.mbe/000_Sheet1.csv,30303,940,,III,Адский сокрушитель III,Hell Crusher III
2,latin_mixed,app_text01,text/jogress_skill_name.mbe/000_Sheet1.csv,30305,942,,II,Страх Души II,Soul Fear II
2,latin_mixed,app_text01,text/jogress_skill_name.mbe/000_Sheet1.csv,30306,943,,III,Страх души III,Soul Fear III
2,latin_mixed,app_text01,text/jogress_skill_name.mbe/000_Sheet1.csv,30312,945,,II,Тяжелый удар II,Heavy Strike II
2,latin_mixed,app_text01,text/jogress_skill_name.mbe/000_Sheet1.csv,30313,946,,III,Тяжёлый удар III,Heavy Strike III
2,latin_mixed,app_text01,text/jogress_skill_name.mbe/000_Sheet1.csv,30322,948,,II,Мощность Энергия II,Power Energy II
2,latin_mixed,app_text01,text/jogress_skill_name.mbe/000_Sheet1.csv,30323,949,,III,Силовая энергия III,Power Energy III
2,latin_mixed,app_text01,text/jogress_skill_name.mbe/000_Sheet1.csv,30332,951,,II,Пустой Луч II,Void Ray II
2,latin_mixed,app_text01,text/jogress_skill_name.mbe/000_Sheet1.csv,30333,952,,III,Луч пустоты III,Void Ray III
2,latin_mixed,app_text01,text/jogress_skill_name.mbe/000_Sheet1.csv,30335,954,,II,Врата Безумия II,Lunatic Gate II
2,latin_mixed,app_text01,text/jogress_skill_name.mbe/000_Sheet1.csv,30336,955,,III,Врата безумия III,Lunatic Gate III
2,latin_mixed,app_text01,text/jogress_skill_name.mbe/000_Sheet1.csv,31012,957,,X-,X-Исцеление,X-Heal
2,latin_mixed,app_text01,text/jogress_skill_name.mbe/000_Sheet1.csv,31022,959,,X-,X-Аура,X-Aura
2,latin_mixed,app_text01,text/jogress_skill_name.mbe/000_Sheet1.csv,31032,961,,X-,X-Оживить,X-Revive
2,latin_mixed,app_text01,text/main_quest_step.mbe/000_Sheet1.csv,310064,209,,SDGP,"Победите Граплеомона, чемпиона SDGP.","Defeat GrapLeomon, the SDGP champion."
2,latin_mixed,app_text01,text/main_quest_title.mbe/000_Sheet1.csv,370,40,,II,Отсутствие из за Ремонта II,Absence Through Repair II
2,latin_mixed,app_text01,text/personality_skill_explanation.mbe/000_Sheet1.csv,2,4,,CP,Немного повышает получаемую шкалу CP.,Slightly boosts CP gained.
2,latin_mixed,app_text01,text/quest_client.mbe/000_Sheet1.csv,91,59,,Digimon,Digimon Младенец,Digimon In-Training
2,latin_mixed,app_text01,text/quest_outline.mbe/000_Sheet1.csv,88,55,,VIP-,"Загляни в VIP-зал. Мне нужно попросить тебя
об одолжении. Для тебя это тоже будет выгодно.","Can you stop by the VIP room? I need to ask you a
favor. It shouldn't be a bad deal for you, either."
2,latin_mixed,app_text01,text/quest_step.mbe/000_Sheet1.csv,168020,360,,TBD,Продайте топаз (TBD) Кокувамону.,Sell a Topaz (TBD) to Kokuwamon.
2,latin_mixed,app_text01,text/quest_step.mbe/000_Sheet1.csv,178010,385,,VIP-,Идите в VIP-зал.,Go to the VIP room.
2,latin_mixed,app_text01,text/quest_step.mbe/000_Sheet1.csv,72050,183,,AltaVision,Поищите потерянного дигимона у экрана AltaVision.,Look for the lost Digimon getting hit on.
2,latin_mixed,app_text01,text/quest_title.mbe/000_Sheet1.csv,217,123,,XII,Тестовый матч Олимпоса XII,Olympos XII's Test Match
2,latin_mixed,app_text01,text/quest_title.mbe/000_Sheet1.csv,963,145,,DM,Финальная битва: Империалдрамон DM,The Ultimate Battle: Imperialdramon DM
2,latin_mixed,app_text01,text/skill_name.mbe/000_Sheet1.csv,21812,245,,DX,Безумная карусель DX,Madness Merry-Go-Round DX
2,latin_mixed,app_text01,text/skill_name.mbe/000_Sheet1.csv,23971,388,,V-,Взрыв V-Новы,V-Nova Blast
2,latin_mixed,app_text01,text/skill_name.mbe/000_Sheet1.csv,28064,656,,A.D.V,Гранатомет A.D.V.,C.H.O. Grenade Launcher
2,latin_mixed,app_text01,text/skill_name.mbe/000_Sheet1.csv,30012,684,,II,Напалм II,Wolkenapalm II
2,latin_mixed,app_text01,text/skill_name.mbe/000_Sheet1.csv,30013,685,,III,Напалм III,Wolkenapalm III
2,latin_mixed,app_text01,text/skill_name.mbe/000_Sheet1.csv,30022,687,,II,Вспышка пламени II,Burst Flame II
2,latin_mixed,app_text01,text/skill_name.mbe/000_Sheet1.csv,30023,688,,III,Вспышка пламени III,Burst Flame III
2,latin_mixed,app_text01,text/skill_name.mbe/000_Sheet1.csv,30032,690,,II,Падение Магмы II,Magma Fall II
2,latin_mixed,app_text01,text/skill_name.mbe/000_Sheet1.csv,30033,691,,III,Магмопад III,Magma Fall III
2,latin_mixed,app_text01,text/skill_name.mbe/000_Sheet1.csv,30035,693,,II,Пламенный всполох II,Ignition Flare II
2,latin_mixed,app_text01,text/skill_name.mbe/000_Sheet1.csv,30036,694,,III,Пламенный всполох III,Ignition Flare III
2,latin_mixed,app_text01,text/skill_name.mbe/000_Sheet1.csv,30042,696,,II,Давление воды II,Aqua Pressure II
2,latin_mixed,app_text01,text/skill_name.mbe/000_Sheet1.csv,30043,697,,III,Водяное давление III,Aqua Pressure III
2,latin_mixed,app_text01,text/skill_name.mbe/000_Sheet1.csv,30052,699,,II,Гидро - Вода II,Hydro Water II
2,latin_mixed,app_text01,text/skill_name.mbe/000_Sheet1.csv,30053,700,,III,Гидровода III,Hydro Water III
2,latin_mixed,app_text01,text/skill_name.mbe/000_Sheet1.csv,30062,702,,II,Океанская волна II,Ocean Wave II
2,latin_mixed,app_text01,text/skill_name.mbe/000_Sheet1.csv,30063,703,,III,Океанская волна III,Ocean Wave III
2,latin_mixed,app_text01,text/skill_name.mbe/000_Sheet1.csv,30065,705,,II,Приливный поток II,Tidal Stream II
2,latin_mixed,app_text01,text/skill_name.mbe/000_Sheet1.csv,30066,706,,III,Приливный поток III,Tidal Stream III
2,latin_mixed,app_text01,text/skill_name.mbe/000_Sheet1.csv,30072,708,,II,Серповидный Лист II,Crescent Leaf II
2,latin_mixed,app_text01,text/skill_name.mbe/000_Sheet1.csv,30073,709,,III,Серповидный лист III,Crescent Leaf III
2,latin_mixed,app_text01,text/skill_name.mbe/000_Sheet1.csv,30082,711,,II,Удар шипом II,Thorn Strike II
2,latin_mixed,app_text01,text/skill_name.mbe/000_Sheet1.csv,30083,712,,III,Удар шипами III,Thorn Strike III
2,latin_mixed,app_text01,text/skill_name.mbe/000_Sheet1.csv,30092,714,,II,Рунический Лес II,Rune Forest II
2,latin_mixed,app_text01,text/skill_name.mbe/000_Sheet1.csv,30093,715,,III,Рунический лес III,Rune Forest III
2,latin_mixed,app_text01,text/skill_name.mbe/000_Sheet1.csv,30095,717,,II,Игольчатый завод II,Needle Plant II
2,latin_mixed,app_text01,text/skill_name.mbe/000_Sheet1.csv,30096,718,,III,Игольчатое растение III,Needle Plant III
2,latin_mixed,app_text01,text/skill_name.mbe/000_Sheet1.csv,30102,720,,II,Край сосульки II,Icicle Edge II
2,latin_mixed,app_text01,text/skill_name.mbe/000_Sheet1.csv,30103,721,,III,Ледяная кромка III,Icicle Edge III
2,latin_mixed,app_text01,text/skill_name.mbe/000_Sheet1.csv,30112,723,,II,Замороженная Пуля II,Frozen Bullet II
2,latin_mixed,app_text01,text/skill_name.mbe/000_Sheet1.csv,30113,724,,III,Ледяная пуля III,Frozen Bullet III
2,latin_mixed,app_text01,text/skill_name.mbe/000_Sheet1.csv,30122,726,,II,Смертельная Метель II,Lethal Blizzard II
2,latin_mixed,app_text01,text/skill_name.mbe/000_Sheet1.csv,30123,727,,III,Смертельная метель III,Lethal Blizzard III
2,latin_mixed,app_text01,text/skill_name.mbe/000_Sheet1.csv,30125,729,,II,Алмазная Пыль II,Diamond Dust II
2,latin_mixed,app_text01,text/skill_name.mbe/000_Sheet1.csv,30126,730,,III,Алмазная пыль III,Diamond Dust III
2,latin_mixed,app_text01,text/skill_name.mbe/000_Sheet1.csv,30132,732,,II,Перерыв в работе наномашины II,Nanomachine Break II
2,latin_mixed,app_text01,text/skill_name.mbe/000_Sheet1.csv,30133,733,,III,Сбой наномашин III,Nanomachine Break III
2,latin_mixed,app_text01,text/skill_name.mbe/000_Sheet1.csv,30142,735,,II,Ударная плазма II,Shock Plasma II
2,latin_mixed,app_text01,text/skill_name.mbe/000_Sheet1.csv,30143,736,,III,Ударная плазма III,Shock Plasma III
2,latin_mixed,app_text01,text/skill_name.mbe/000_Sheet1.csv,30152,738,,II,Падение Грома II,Thunder Fall II
2,latin_mixed,app_text01,text/skill_name.mbe/000_Sheet1.csv,30153,739,,III,Громопад III,Thunder Fall III
2,latin_mixed,app_text01,text/skill_name.mbe/000_Sheet1.csv,30155,741,,II,Молниеносный Коготь II,Lightning Claw II
2,latin_mixed,app_text01,text/skill_name.mbe/000_Sheet1.csv,30156,742,,III,Молниеносный коготь III,Lightning Claw III
2,latin_mixed,app_text01,text/skill_name.mbe/000_Sheet1.csv,30162,744,,II,Кометный Молот II,Comet Hammer II
2,latin_mixed,app_text01,text/skill_name.mbe/000_Sheet1.csv,30163,745,,III,Кометный молот III,Comet Hammer III
2,latin_mixed,app_text01,text/skill_name.mbe/000_Sheet1.csv,30172,747,,II,Гея Бластер II,Gaia Blaster II
2,latin_mixed,app_text01,text/skill_name.mbe/000_Sheet1.csv,30173,748,,III,Бластер Геи III,Gaia Blaster III
2,latin_mixed,app_text01,text/skill_name.mbe/000_Sheet1.csv,30182,750,,II,Потрясающее Землетрясение II,Awesome Quake II
2,latin_mixed,app_text01,text/skill_name.mbe/000_Sheet1.csv,30183,751,,III,Сокрушительное землетрясение III,Awesome Quake III
2,latin_mixed,app_text01,text/skill_name.mbe/000_Sheet1.csv,30185,753,,II,Каменный Скол II,Stone Cleave II
2,latin_mixed,app_text01,text/skill_name.mbe/000_Sheet1.csv,30186,754,,III,Каменный рассекатель III,Stone Cleave III
2,latin_mixed,app_text01,text/skill_name.mbe/000_Sheet1.csv,30192,756,,II,Коготь Ветра II,Wind Claw II
2,latin_mixed,app_text01,text/skill_name.mbe/000_Sheet1.csv,30193,757,,III,Коготь ветра III,Wind Claw III
2,latin_mixed,app_text01,text/skill_name.mbe/000_Sheet1.csv,30202,759,,II,Звуковой Выстрел II,Sonic Shot II
2,latin_mixed,app_text01,text/skill_name.mbe/000_Sheet1.csv,30203,760,,III,Звуковой выстрел III,Sonic Shot III
2,latin_mixed,app_text01,text/skill_name.mbe/000_Sheet1.csv,30212,762,,II,Штормовой ветер II,Gale Storm II
2,latin_mixed,app_text01,text/skill_name.mbe/000_Sheet1.csv,30213,763,,III,Штормовой ветер III,Gale Storm III
2,latin_mixed,app_text01,text/skill_name.mbe/000_Sheet1.csv,30215,765,,II,Буря II,Tempest II
2,latin_mixed,app_text01,text/skill_name.mbe/000_Sheet1.csv,30216,766,,III,Буря III,Tempest III
2,latin_mixed,app_text01,text/skill_name.mbe/000_Sheet1.csv,30222,768,,II,Раздавливающее Лезвие II,Crush Blade II
2,latin_mixed,app_text01,text/skill_name.mbe/000_Sheet1.csv,30223,769,,III,Сокрушительный клинок III,Crush Blade III
2,latin_mixed,app_text01,text/skill_name.mbe/000_Sheet1.csv,30232,771,,II,Двигатель Металлический II,Thruster Metal II
2,latin_mixed,app_text01,text/skill_name.mbe/000_Sheet1.csv,30233,772,,III,Металлический ускоритель III,Thruster Metal III
2,latin_mixed,app_text01,text/skill_name.mbe/000_Sheet1.csv,30242,774,,II,Цельнометаллическая свая II,Full Metal Pile II
2,latin_mixed,app_text01,text/skill_name.mbe/000_Sheet1.csv,30243,775,,III,Цельнометаллический свайный удар III,Full Metal Pile III
2,latin_mixed,app_text01,text/skill_name.mbe/000_Sheet1.csv,30245,777,,II,Железный Удар II,Iron Slash II
2,latin_mixed,app_text01,text/skill_name.mbe/000_Sheet1.csv,30246,778,,III,Железный кулак III,Iron Slash III
2,latin_mixed,app_text01,text/skill_name.mbe/000_Sheet1.csv,30252,780,,II,Святой Кулак II,Saint Knuckle II
2,latin_mixed,app_text01,text/skill_name.mbe/000_Sheet1.csv,30253,781,,III,Святой кулак III,Saint Knuckle III
2,latin_mixed,app_text01,text/skill_name.mbe/000_Sheet1.csv,30262,783,,II,Святой свет II,Holy Light II
2,latin_mixed,app_text01,text/skill_name.mbe/000_Sheet1.csv,30263,784,,III,Святой свет III,Holy Light III
2,latin_mixed,app_text01,text/skill_name.mbe/000_Sheet1.csv,30272,786,,II,Взрыв Блеска II,Shine Burst II
2,latin_mixed,app_text01,text/skill_name.mbe/000_Sheet1.csv,30273,787,,III,Сияющий взрыв III,Shine Burst III
2,latin_mixed,app_text01,text/skill_name.mbe/000_Sheet1.csv,30275,789,,II,Лестница Ангела II,Angel Ladder II
2,latin_mixed,app_text01,text/skill_name.mbe/000_Sheet1.csv,30276,790,,III,Ангельская лестница III,Angel Ladder III
2,latin_mixed,app_text01,text/skill_name.mbe/000_Sheet1.csv,30282,792,,II,Теневой Клык II,Shadow Fang II
2,latin_mixed,app_text01,text/skill_name.mbe/000_Sheet1.csv,30283,793,,III,Теневой клык III,Shadow Fang III
2,latin_mixed,app_text01,text/skill_name.mbe/000_Sheet1.csv,30292,795,,II,Кошмар II,Nightmare II
2,latin_mixed,app_text01,text/skill_name.mbe/000_Sheet1.csv,30293,796,,III,Кошмар III,Nightmare III
2,latin_mixed,app_text01,text/skill_name.mbe/000_Sheet1.csv,30302,798,,II,Адская Дробилка II,Hell Crusher II
2,latin_mixed,app_text01,text/skill_name.mbe/000_Sheet1.csv,30303,799,,III,Адский сокрушитель III,Hell Crusher III
2,latin_mixed,app_text01,text/skill_name.mbe/000_Sheet1.csv,30305,801,,II,Страх Души II,Soul Fear II
2,latin_mixed,app_text01,text/skill_name.mbe/000_Sheet1.csv,30306,802,,III,Страх души III,Soul Fear III
2,latin_mixed,app_text01,text/skill_name.mbe/000_Sheet1.csv,30312,804,,II,Тяжелый удар II,Heavy Strike II
2,latin_mixed,app_text01,text/skill_name.mbe/000_Sheet1.csv,30313,805,,III,Тяжёлый удар III,Heavy Strike III
2,latin_mixed,app_text01,text/skill_name.mbe/000_Sheet1.csv,30322,807,,II,Мощность Энергия II,Power Energy II
2,latin_mixed,app_text01,text/skill_name.mbe/000_Sheet1.csv,30323,808,,III,Силовая энергия III,Power Energy III
2,latin_mixed,app_text01,text/skill_name.mbe/000_Sheet1.csv,30332,810,,II,Пустой Луч II,Void Ray II
2,latin_mixed,app_text01,text/skill_name.mbe/000_Sheet1.csv,30333,811,,III,Луч пустоты III,Void Ray III
2,latin_mixed,app_text01,text/skill_name.mbe/000_Sheet1.csv,30335,813,,II,Врата Безумия II,Lunatic Gate II
2,latin_mixed,app_text01,text/skill_name.mbe/000_Sheet1.csv,30336,814,,III,Врата безумия III,Lunatic Gate III
2,latin_mixed,app_text01,text/skill_name.mbe/000_Sheet1.csv,31012,816,,X-,X-Исцеление,X-Heal
2,latin_mixed,app_text01,text/skill_name.mbe/000_Sheet1.csv,31022,818,,X-,X-Аура,X-Aura
2,latin_mixed,app_text01,text/skill_name.mbe/000_Sheet1.csv,31032,820,,X-,X-Оживить,X-Revive
2,latin_mixed,app_text01,text/skill_ruby.mbe/000_Sheet1.csv,30012,3,,II,Напалм II,Wolkenapalm II
2,latin_mixed,app_text01,text/skill_ruby.mbe/000_Sheet1.csv,30013,4,,III,Напалм III,Wolkenapalm III
2,latin_mixed,app_text01,text/skill_ruby.mbe/000_Sheet1.csv,30022,6,,II,Вспышка пламени II,Burst Flame II
2,latin_mixed,app_text01,text/skill_ruby.mbe/000_Sheet1.csv,30023,7,,III,Вспышка пламени III,Burst Flame III
2,latin_mixed,app_text01,text/skill_ruby.mbe/000_Sheet1.csv,30032,9,,II,Падение Магмы II,Magma Fall II
2,latin_mixed,app_text01,text/skill_ruby.mbe/000_Sheet1.csv,30033,10,,III,Магмопад III,Magma Fall III
2,latin_mixed,app_text01,text/skill_ruby.mbe/000_Sheet1.csv,30035,12,,II,Пламенный всполох II,Ignition Flare II
2,latin_mixed,app_text01,text/skill_ruby.mbe/000_Sheet1.csv,30036,13,,III,Пламенный всполох III,Ignition Flare III
2,latin_mixed,app_text01,text/skill_ruby.mbe/000_Sheet1.csv,30042,15,,II,Давление воды II,Aqua Pressure II
2,latin_mixed,app_text01,text/skill_ruby.mbe/000_Sheet1.csv,30043,16,,III,Водяное давление III,Aqua Pressure III
2,latin_mixed,app_text01,text/skill_ruby.mbe/000_Sheet1.csv,30052,18,,II,Гидро - Вода II,Hydro Water II
2,latin_mixed,app_text01,text/skill_ruby.mbe/000_Sheet1.csv,30053,19,,III,Гидровода III,Hydro Water III
2,latin_mixed,app_text01,text/skill_ruby.mbe/000_Sheet1.csv,30062,21,,II,Океанская волна II,Ocean Wave II
2,latin_mixed,app_text01,text/skill_ruby.mbe/000_Sheet1.csv,30063,22,,III,Океанская волна III,Ocean Wave III
2,latin_mixed,app_text01,text/skill_ruby.mbe/000_Sheet1.csv,30065,24,,II,Приливный поток II,Tidal Stream II
2,latin_mixed,app_text01,text/skill_ruby.mbe/000_Sheet1.csv,30066,25,,III,Приливный поток III,Tidal Stream III
2,latin_mixed,app_text01,text/skill_ruby.mbe/000_Sheet1.csv,30072,27,,II,Серповидный Лист II,Crescent Leaf II
2,latin_mixed,app_text01,text/skill_ruby.mbe/000_Sheet1.csv,30073,28,,III,Серповидный лист III,Crescent Leaf III
2,latin_mixed,app_text01,text/skill_ruby.mbe/000_Sheet1.csv,30082,30,,II,Удар шипом II,Thron Strike II
2,latin_mixed,app_text01,text/skill_ruby.mbe/000_Sheet1.csv,30083,31,,III,Удар шипами III,Thron Strike III
2,latin_mixed,app_text01,text/skill_ruby.mbe/000_Sheet1.csv,30092,33,,II,Рунический Лес II,Rune Forest II
2,latin_mixed,app_text01,text/skill_ruby.mbe/000_Sheet1.csv,30093,34,,III,Рунический лес III,Rune Forest III
2,latin_mixed,app_text01,text/skill_ruby.mbe/000_Sheet1.csv,30095,36,,II,Игольчатый завод II,Needle Plant II
2,latin_mixed,app_text01,text/skill_ruby.mbe/000_Sheet1.csv,30096,37,,III,Игольчатое растение III,Needle Plant III
2,latin_mixed,app_text01,text/skill_ruby.mbe/000_Sheet1.csv,30102,39,,II,Край сосульки II,Icicle Edge II
2,latin_mixed,app_text01,text/skill_ruby.mbe/000_Sheet1.csv,30103,40,,III,Ледяная кромка III,Icicle Edge III
2,latin_mixed,app_text01,text/skill_ruby.mbe/000_Sheet1.csv,30112,42,,II,Замороженная Пуля II,Frozen Bullet II
2,latin_mixed,app_text01,text/skill_ruby.mbe/000_Sheet1.csv,30113,43,,III,Ледяная пуля III,Frozen Bullet III
2,latin_mixed,app_text01,text/skill_ruby.mbe/000_Sheet1.csv,30122,45,,II,Смертельная Метель II,Lethal Blizzard II
2,latin_mixed,app_text01,text/skill_ruby.mbe/000_Sheet1.csv,30123,46,,III,Смертельная метель III,Lethal Blizzard III
2,latin_mixed,app_text01,text/skill_ruby.mbe/000_Sheet1.csv,30125,48,,II,Алмазная Пыль II,Diamond Dust II
2,latin_mixed,app_text01,text/skill_ruby.mbe/000_Sheet1.csv,30126,49,,III,Алмазная пыль III,Diamond Dust III
2,latin_mixed,app_text01,text/skill_ruby.mbe/000_Sheet1.csv,30132,51,,II,Перерыв в работе наномашины II,Nanomachine Break II
2,latin_mixed,app_text01,text/skill_ruby.mbe/000_Sheet1.csv,30133,52,,III,Сбой наномашин III,Nanomachine Break III
2,latin_mixed,app_text01,text/skill_ruby.mbe/000_Sheet1.csv,30142,54,,II,Ударная плазма II,Shock Plasma II
2,latin_mixed,app_text01,text/skill_ruby.mbe/000_Sheet1.csv,30143,55,,III,Ударная плазма III,Shock Plasma III
2,latin_mixed,app_text01,text/skill_ruby.mbe/000_Sheet1.csv,30152,57,,II,Падение Грома II,Thunder Fall II
2,latin_mixed,app_text01,text/skill_ruby.mbe/000_Sheet1.csv,30153,58,,III,Громопад III,Thunder Fall III
2,latin_mixed,app_text01,text/skill_ruby.mbe/000_Sheet1.csv,30155,60,,II,Молниеносный Коготь II,Lightning Claw II
2,latin_mixed,app_text01,text/skill_ruby.mbe/000_Sheet1.csv,30156,61,,III,Молниеносный коготь III,Lightning Claw III
2,latin_mixed,app_text01,text/skill_ruby.mbe/000_Sheet1.csv,30162,63,,II,Кометный Молот II,Comet Hammer II
2,latin_mixed,app_text01,text/skill_ruby.mbe/000_Sheet1.csv,30163,64,,III,Кометный молот III,Comet Hammer III
2,latin_mixed,app_text01,text/skill_ruby.mbe/000_Sheet1.csv,30172,66,,II,Гея Бластер II,Gaia Blaster II
2,latin_mixed,app_text01,text/skill_ruby.mbe/000_Sheet1.csv,30173,67,,III,Бластер Геи III,Gaia Blaster III
2,latin_mixed,app_text01,text/skill_ruby.mbe/000_Sheet1.csv,30182,69,,II,Потрясающее Землетрясение II,Awesome Quake II
2,latin_mixed,app_text01,text/skill_ruby.mbe/000_Sheet1.csv,30183,70,,III,Сокрушительное землетрясение III,Awesome Quake III
2,latin_mixed,app_text01,text/skill_ruby.mbe/000_Sheet1.csv,30185,72,,II,Каменный Скол II,Stone Cleave II
2,latin_mixed,app_text01,text/skill_ruby.mbe/000_Sheet1.csv,30186,73,,III,Каменный рассекатель III,Stone Cleave III
2,latin_mixed,app_text01,text/skill_ruby.mbe/000_Sheet1.csv,30192,75,,II,Коготь Ветра II,Wind Claw II
2,latin_mixed,app_text01,text/skill_ruby.mbe/000_Sheet1.csv,30193,76,,III,Коготь ветра III,Wind Claw III
2,latin_mixed,app_text01,text/skill_ruby.mbe/000_Sheet1.csv,30202,78,,II,Звуковой Выстрел II,Sonic Shot II
2,latin_mixed,app_text01,text/skill_ruby.mbe/000_Sheet1.csv,30203,79,,III,Звуковой выстрел III,Sonic Shot III
2,latin_mixed,app_text01,text/skill_ruby.mbe/000_Sheet1.csv,30212,81,,II,Штормовой ветер II,Gale Storm II
2,latin_mixed,app_text01,text/skill_ruby.mbe/000_Sheet1.csv,30213,82,,III,Штормовой ветер III,Gale Storm III
2,latin_mixed,app_text01,text/skill_ruby.mbe/000_Sheet1.csv,30215,84,,II,Буря II,Tempest II
2,latin_mixed,app_text01,text/skill_ruby.mbe/000_Sheet1.csv,30216,85,,III,Буря III,Tempest III
2,latin_mixed,app_text01,text/skill_ruby.mbe/000_Sheet1.csv,30222,87,,II,Раздавливающее Лезвие II,Crush Blade II
2,latin_mixed,app_text01,text/skill_ruby.mbe/000_Sheet1.csv,30223,88,,III,Сокрушительный клинок III,Crush Blade III
2,latin_mixed,app_text01,text/skill_ruby.mbe/000_Sheet1.csv,30232,90,,II,Двигатель Металлический II,Thruster Metal II
2,latin_mixed,app_text01,text/skill_ruby.mbe/000_Sheet1.csv,30233,91,,III,Металлический ускоритель III,Thruster Metal III
2,latin_mixed,app_text01,text/skill_ruby.mbe/000_Sheet1.csv,30242,93,,II,Цельнометаллическая свая II,Full Metal Pile II
2,latin_mixed,app_text01,text/skill_ruby.mbe/000_Sheet1.csv,30243,94,,III,Цельнометаллический свайный удар III,Full Metal Pile III
2,latin_mixed,app_text01,text/skill_ruby.mbe/000_Sheet1.csv,30245,96,,II,Железный Удар II,Iron Fist II
2,latin_mixed,app_text01,text/skill_ruby.mbe/000_Sheet1.csv,30246,97,,III,Железный кулак III,Iron Fist III
2,latin_mixed,app_text01,text/skill_ruby.mbe/000_Sheet1.csv,30252,99,,II,Святой Кулак II,Saint Knuckle II
2,latin_mixed,app_text01,text/skill_ruby.mbe/000_Sheet1.csv,30253,100,,III,Святой кулак III,Saint Knuckle III
2,latin_mixed,app_text01,text/skill_ruby.mbe/000_Sheet1.csv,30262,102,,II,Святой свет II,Holy Light II
2,latin_mixed,app_text01,text/skill_ruby.mbe/000_Sheet1.csv,30263,103,,III,Святой свет III,Holy Light III
2,latin_mixed,app_text01,text/skill_ruby.mbe/000_Sheet1.csv,30272,105,,II,Взрыв Блеска II,Shine Burst II
2,latin_mixed,app_text01,text/skill_ruby.mbe/000_Sheet1.csv,30273,106,,III,Сияющий взрыв III,Shine Burst III
2,latin_mixed,app_text01,text/skill_ruby.mbe/000_Sheet1.csv,30275,108,,II,Лестница Ангела II,Angel Ladder II
2,latin_mixed,app_text01,text/skill_ruby.mbe/000_Sheet1.csv,30276,109,,III,Ангельская лестница III,Angel Ladder III
2,latin_mixed,app_text01,text/skill_ruby.mbe/000_Sheet1.csv,30282,111,,II,Теневой Клык II,Shadow Fang II
2,latin_mixed,app_text01,text/skill_ruby.mbe/000_Sheet1.csv,30283,112,,III,Теневой клык III,Shadow Fang III
2,latin_mixed,app_text01,text/skill_ruby.mbe/000_Sheet1.csv,30292,114,,II,Кошмар II,Nightmare II
2,latin_mixed,app_text01,text/skill_ruby.mbe/000_Sheet1.csv,30293,115,,III,Кошмар III,Nightmare III
2,latin_mixed,app_text01,text/skill_ruby.mbe/000_Sheet1.csv,30302,117,,II,Адская Дробилка II,Hell Crusher II
2,latin_mixed,app_text01,text/skill_ruby.mbe/000_Sheet1.csv,30303,118,,III,Адский сокрушитель III,Hell Crusher III
2,latin_mixed,app_text01,text/skill_ruby.mbe/000_Sheet1.csv,30305,120,,II,Страх Души II,Soul Fear II
2,latin_mixed,app_text01,text/skill_ruby.mbe/000_Sheet1.csv,30306,121,,III,Страх души III,Soul Fear III
2,latin_mixed,app_text01,text/skill_ruby.mbe/000_Sheet1.csv,30312,123,,II,Тяжелый удар II,Heavy Strike II
2,latin_mixed,app_text01,text/skill_ruby.mbe/000_Sheet1.csv,30313,124,,III,Тяжёлый удар III,Heavy Strike III
2,latin_mixed,app_text01,text/skill_ruby.mbe/000_Sheet1.csv,30322,126,,II,Мощность Энергия II,Power Energy II
2,latin_mixed,app_text01,text/skill_ruby.mbe/000_Sheet1.csv,30323,127,,III,Силовая энергия III,Power Energy III
2,latin_mixed,app_text01,text/skill_ruby.mbe/000_Sheet1.csv,30332,129,,II,Пустой Луч II,Void Ray II
2,latin_mixed,app_text01,text/skill_ruby.mbe/000_Sheet1.csv,30333,130,,III,Луч пустоты III,Void Ray III
2,latin_mixed,app_text01,text/skill_ruby.mbe/000_Sheet1.csv,30335,132,,II,Врата Безумия II,Lunatic Gate II
2,latin_mixed,app_text01,text/skill_ruby.mbe/000_Sheet1.csv,30336,133,,III,Врата безумия III,Lunatic Gate III
2,latin_mixed,app_text01,text/skill_ruby.mbe/000_Sheet1.csv,31012,135,,X-,X-Исцеление,X-Heal
2,latin_mixed,app_text01,text/skill_ruby.mbe/000_Sheet1.csv,31022,137,,X-,X-Аура,X-Aura
2,latin_mixed,app_text01,text/skill_ruby.mbe/000_Sheet1.csv,31032,139,,X-,X-Оживить,X-Revive
2,latin_mixed,app_text01,text/steam_input.mbe/000_Sheet1.csv,steam_input_name_014,17,,D-,D-накладка Вверх,Cross Key (Up)
2,latin_mixed,app_text01,text/steam_input.mbe/000_Sheet1.csv,steam_input_name_015,18,,D-,D-образная накладка Опущена,Cross Key (Down)
2,latin_mixed,app_text01,text/steam_input.mbe/000_Sheet1.csv,steam_input_name_016,19,,D-,D-образная накладка Слева,Cross Key (Left)
2,latin_mixed,app_text01,text/steam_input.mbe/000_Sheet1.csv,steam_input_name_017,20,,D-,D-образная накладка Справа,Cross Key (Right)
2,latin_mixed,app_text01,text/trophy.mbe/000_Sheet1.csv,trophy_explanation_017,64,,SDGP,Станьте чемпионом SDGP.,Become the SDGP Champion.
2,latin_mixed,app_text01,text/trophy.mbe/000_Sheet1.csv,trophy_explanation_018,65,,HRCGT,Станьте чемпионом HRCGT.,Become the PCGT Champion.
2,latin_mixed,app_text01,text/trophy.mbe/000_Sheet1.csv,trophy_explanation_038,85,,OMNI-,Станьте чемпионом Величайшего OMNI-карнавала.,Become champion of The Greatest OMNI Carnival.
2,latin_mixed,app_text01,text/trophy.mbe/000_Sheet1.csv,trophy_name_017,18,,SDGP,Чемпион SDGP,SDGP Champion
2,latin_mixed,app_text01,text/trophy.mbe/000_Sheet1.csv,trophy_name_018,19,,HRCGT,Чемпион HRCGT,PCGT Champion
2,latin_mixed,app_text01,text/tutorial_explanation.mbe/000_Sheet1.csv,tutorial_exp_AdditionalAttack_01_002,6,,HUD,"Когда активируются Дополнительные удары, на HUD появится круг.

{fc9Нажмите {decision}, когда круг достигнет центра, чтобы вызвать
«Эффект Удара»}.","When Extra Strike triggers, a circle will appear on the HUD.

{fc9Press {decision} when the circle reaches the center to cause a Strike Effect.}

This will activate various additional effects such as healing allies,
or applying status abnormalities on enemies.

{fc9Effects change depending on a Digimon's Attribute and Personality.}
Try out different combinations to use in battle."
2,latin_mixed,app_text01,text/tutorial_explanation.mbe/000_Sheet1.csv,tutorial_exp_CardsRule_01_004,116,,JUCG,"[Таинственное Дублирование после Битв JUCG]
{fc9После карточной битвы использованные карты, которых у тебя
ещё нет, дублируются для вашего выбора.}

Чем больше раундов вы выиграете, тем больше карт вы можете
получить.
5 побед = 3 карты
3–4 победы = 2 карты
1–2 победы = 1 карта
0 побед = 0 карт","[Mysterious Duplication after JUCG Battles]
{fc9After a card battle, used cards which you have yet to obtain are
duplicated for you to choose from.}

The more rounds you win, the more cards you can receive.
5 wins = 3 cards
3–4 wins = 2 cards
1–2 wins = 1 card
0 wins = 0 cards"
2,latin_mixed,app_text01,text/tutorial_explanation.mbe/000_Sheet1.csv,tutorial_exp_Status_03_001,33,,II,"{fc9{is28}{image(ui_icon_type_000)} Вакцина}
{fc9{is28}{image(ui_icon_type_020)} Данные}
{fc9{is28}{image(ui_icon_type_040)} Вирус}
{fc9{is28}{image(ui_icon_type_060)} Свободный}
{fc9{is28}{image(ui_icon_type_080)} Переменный}
{fc9{is28}{image(ui_icon_type_100)} Неизвестно}
Дигимоны стадий «Малыш I» и «Малыш II» имеют {fc9{is28}{image(ui_icon_type_120)} Без атрибута}.

Атрибут дигимона можно проверить на экране характеристик.","{fc9{is28}{image(ui_icon_type_000)} Vaccine}
{fc9{is28}{image(ui_icon_type_020)} Data}
{fc9{is28}{image(ui_icon_type_040)} Virus}
{fc9{is28}{image(ui_icon_type_060)} Free}
{fc9{is28}{image(ui_icon_type_080)} Variable}
{fc9{is28}{image(ui_icon_type_100)} Unknown}
In-Training I and II Digimon are {fc9{is28}{image(ui_icon_type_120)} No Data}.

You can confirm a Digimon's Attribute via their stats screen."
2,latin_mixed,app_text01,text/tutorial_title.mbe/000_Sheet1.csv,tutorial_title_CpAdd_01,13,,CP,Критические очки (CP),Critical Points (CP)
2,latin_mixed,app_text01,text/tutorial_title.mbe/000_Sheet1.csv,tutorial_title_CpFluctuation_01,14,,CP,Получение CP,CP Gain & Loss
2,latin_mixed,app_text01,text/yes_no_message.mbe/000_Sheet1.csv,yesno_dlc_0010,113,,"Microsoft, Nintendo, PlayStation, Store, eShop","{pf(Чтобы сыграть во Внешнее подземелье, необходимо {fc9приобрести дополнение}.

Перейти в PlayStation®Store?

{fc9Примечание: приобретённые дополнения будут активированы
только после возврата на титульный экран.}/Чтобы сыграть во Внешнее подземелье, необходимо {fc9приобрести дополнение}.

Перейти в Microsoft Store?

{fc9Примечание: приобретённые дополнения будут активированы
только после возврата на титульный экран.}/Чтобы сыграть во Внешнее подземелье, требуется {fc9загружаемый контент}.

Перейти в Nintendo eShop?

{fc9Примечание: приобретённый загружаемый контент будет активирован
только после возврата на титульный экран.}/Чтобы сыграть во Внешнее подземелье, требуется {fc9загружаемый контент}.

Перейти в интернет-магазин?

{fc9Примечание: приобретённый загружаемый контент будет активирован
только после возврата на титульный экран.})}","{pf(You must {fc9purchase an add-on} in order to play this Outer Dungeon.

Go to PlayStation®Store?

{fc9Note: Purchased add-ons will not be activated until you return to the title screen. }/You must {fc9purchase an add-on} in order to play this Outer Dungeon.

Go to Microsoft Store?

{fc9Note: Purchased add-ons will not be activated until you return to the title screen. }/You must {fc9purchase downloadable content} in order to play this Outer Dungeon.

Go to Nintendo eShop?

{fc9Note: Purchased downloadable content will not be activated until you return to the title screen. }/You must {fc9purchase downloadable content} in order to play this Outer Dungeon.

Go to the Online Store?

{fc9Note: Purchased downloadable content will not be activated until you return to the title screen. })}"
2,latin_mixed,app_text01,text/yes_no_message.mbe/000_Sheet1.csv,yesno_dlc_0020,114,,"Microsoft, Nintendo, PlayStation, Store, eShop","{pf(Чтобы надеть этот костюм, необходимо {fc9приобрести дополнение}.

Перейти в PlayStation®Store?

{fc9Примечание: приобретённые дополнения будут активированы
только после возврата на титульный экран.}/Чтобы надеть этот костюм, необходимо {fc9приобрести дополнение}.

Перейти в Microsoft Store?

{fc9Примечание: приобретённые дополнения будут активированы
только после возврата на титульный экран.}/Чтобы надеть этот костюм, требуется {fc9загружаемый контент}.

Перейти в Nintendo eShop?

{fc9Примечание: приобретённый загружаемый контент будет активирован
только после возврата на титульный экран.}/Чтобы надеть этот костюм, требуется {fc9загружаемый контент}.

Перейти в интернет-магазин?

{fc9Примечание: приобретённый загружаемый контент будет активирован
только после возврата на титульный экран.})}","{pf(You must {fc9purchase an add-on} in order to wear this costume.

Go to PlayStation®Store?

{fc9Note: Purchased add-ons will not be activated until you return to the title screen. }/You must {fc9purchase an add-on} in wear this costume.

Go to Microsoft Store?

{fc9Note: Purchased add-ons will not be activated until you return to the title screen. }/You must {fc9purchase downloadable content} in order to wear this costume.

Go to Nintendo eShop?

{fc9Note: Purchased downloadable content will not be activated until you return to the title screen. }/You must {fc9purchase downloadable content} in order to wear this costume.

Go to the Online Store?

{fc9Note: Purchased downloadable content will not be activated until you return to the title screen. })}"
2,latin_mixed,app_text01,text/yes_no_message.mbe/000_Sheet1.csv,yesno_dlc_0030,115,,"Microsoft, Nintendo, PlayStation, Store, eShop","{pf(Чтобы выбрать эту музыку, необходимо {fc9приобрести дополнение}.

Перейти в PlayStation®Store?

{fc9Примечание: приобретённые дополнения будут активированы
только после возврата на титульный экран.}/Чтобы выбрать эту музыку, необходимо {fc9приобрести дополнение}.

Перейти в Microsoft Store?

{fc9Примечание: приобретённые дополнения будут активированы
только после возврата на титульный экран.}/Чтобы выбрать эту музыку, требуется {fc9загружаемый контент}.

Перейти в Nintendo eShop?

{fc9Примечание: приобретённый загружаемый контент будет активирован
только после возврата на титульный экран.}/Чтобы выбрать эту музыку, требуется {fc9загружаемый контент}.

Перейти в интернет-магазин?

{fc9Примечание: приобретённый загружаемый контент будет активирован
только после возврата на титульный экран.})}","{pf(You must {fc9purchase an add-on} in order to select this music.

Go to PlayStation®Store?

{fc9Note: Purchased add-ons will not be activated until you return to the title screen. }/You must {fc9purchase an add-on} in order to select this music.

Go to Microsoft Store?

{fc9Note: Purchased add-ons will not be activated until you return to the title screen. }/You must {fc9purchase downloadable content} in order to select this music.

Go to Nintendo eShop?

{fc9Note: Purchased downloadable content will not be activated until you return to the title screen. }/You must {fc9purchase downloadable content} in order to select this music.

Go to the Online Store?

{fc9Note: Purchased downloadable content will not be activated until you return to the title screen. })}"
2,latin_mixed,app_text01,text/yes_no_message.mbe/000_Sheet1.csv,yesno_dlc_0040,116,,"Microsoft, Nintendo, Store, eShop","{pf(Перейти в PlayStation®Store?

{fc9Примечание: приобретённые дополнения будут активированы
только после возврата на титульный экран.}/Перейти в Microsoft Store?

{fc9Примечание: приобретённые дополнения будут активированы
только после возврата на титульный экран.}/Перейти в Nintendo eShop?

{fc9Примечание: приобретённый загружаемый контент будет активирован
только после возврата на титульный экран.}/Перейти в интернет-магазин?

{fc9Примечание: приобретённый загружаемый контент будет активирован
только после возврата на титульный экран.})}","{pf(Go to PlayStation®Store?

{fc9Note: Purchased add-ons will not be activated until you return to the title screen. }/Go to Microsoft Store?

{fc9Note: Purchased add-ons will not be activated until you return to the title screen. }/Go to Nintendo eShop?

{fc9Note: Purchased downloadable content will not be activated until you return to the title screen. }/Go to the Online Store?

{fc9Note: Purchased downloadable content will not be activated until you return to the title screen. })}"
2,latin_mixed,patch_text01,message/arena01.mbe/000_Sheet1.csv,arena01_m320_010_020,228,char_ETEMON,SDGP,"Потрясающе! Это первое появление чемпиона из Материального мира!
Как продержится чемпион SDGP?!","Amazing! It's the first appearance of the champion from the
Material World! How will the SDGP Champ hold up?!"
2,latin_mixed,patch_text01,message/arena01.mbe/000_Sheet1.csv,arena01_m320_010_060,234,char_ETEMON,SDGP,Победителем становится... команда-чемпион SDGP!,The winner is... the SDGP Champion team!
2,latin_mixed,patch_text01,message/arena01.mbe/000_Sheet1.csv,arena01_m320_020_020,236,char_ETEMON,SDGP,Наконец-то чемпион SDGP здесь! Приготовьтесь удивляться!,"At last, the SDGP Champ is here!
Get ready to be amazed!"
2,latin_mixed,patch_text01,message/arena01.mbe/000_Sheet1.csv,arena01_m320_020_060,242,char_ETEMON,SDGP,Победителем становится... команда-чемпион SDGP!,The winner is... the SDGP Champion team!
2,latin_mixed,patch_text01,message/arena01.mbe/000_Sheet1.csv,arena01_m320_030_060,250,char_ETEMON,SDGP,Победителем становится... команда-чемпион SDGP!,The winner is... the SDGP Champion team!
2,latin_mixed,patch_text01,message/arena01.mbe/000_Sheet1.csv,arena01_m320_040_060,257,char_ETEMON,SDGP,Победителем становится... команда-чемпион SDGP!,The winner is... the SDGP Champion team!
2,latin_mixed,patch_text01,message/d06.mbe/000_Sheet1.csv,f_d0604_0300_0020,213,char_MINERVAMON,VIP-,Серьёзно? Что это за VIP-сервис?,"Seriously, what's with the VIP treatment? "
2,latin_mixed,patch_text01,message/d09.mbe/000_Sheet1.csv,f_d0904_0220_0020,386,char_KAMEMON,Kamedical,"Теперь я лидер команды Kamedical — медотряда,
который поддерживает леди Венусмон!","I'm now the leader of team Ka-medical! A medical team that
supports Lady Venusmon!"
2,latin_mixed,patch_text01,message/d13.mbe/000_Sheet1.csv,f_d1301_0050_0050,17,char_SIMMONS,ID,"Вы займитесь ID руководителя. А я пока
поищу кое-что ещё.","You work on getting ahold of a supervisor's ID. There's
something else I want to look for in the meantime."
2,latin_mixed,patch_text01,message/d13.mbe/000_Sheet1.csv,f_d1301_0060_0010,22,,ID,"На экране сообщение.
«Как пользоваться аварийным ID → памятка на доске»","There's a message on the screen.
""How to Use an Emergency ID → Whiteboard Memo"""
2,latin_mixed,patch_text01,message/d13.mbe/000_Sheet1.csv,f_d1301_0060_0020,23,,ID,"Вот твой новый ID, но это уже смешно.
Сколько раз его ещё перевыпускать?","I've issued you a new ID, but this is getting ridiculous.
How many times have I had to reissue one for you now?"
2,latin_mixed,patch_text01,message/d13.mbe/000_Sheet1.csv,f_d1301_0060_0050,26,,ID,Впредь не возись с ID. Просто смотри на доску.,"From now on, don't bother with the ID. Just check the
whiteboard."
2,latin_mixed,patch_text01,message/d13.mbe/000_Sheet1.csv,f_d1301_0260_0030,83,,ID,"""Войдите под своим ID, чтобы выполнить эти действия.
Примечание: ID руководителя использовать нельзя"".","""Please log in with your ID to perform these procedures.
Note: You cannot log in with a supervisor ID."""
2,latin_mixed,patch_text01,message/d13.mbe/000_Sheet1.csv,f_d1301_0360_0010,108,char_SIMMONS,ID,"Там держат Вулканусмона, но сначала мне нужно
перезаписать ID этой ключ-карты. Иначе дверь не открыть.","Vulcanusmon is being held in there, but I need to overwrite
this keycard ID before we can open the door."
2,latin_mixed,patch_text01,message/d13.mbe/000_Sheet1.csv,f_d1301_0420_0030,117,char_SIMMONS,ID,"В любом случае здесь может появиться охрана.
Выдача ID займёт время, поэтому задержите их для нас.","In any case, security might show up here. Since it'll take
a while to issue an ID, I want you to buy us some time."
2,latin_mixed,patch_text01,message/dlc000.mbe/000_Sheet1.csv,dlc000_060_040,38,char_BUTLER,II,"Войти в Акашический бэкдор II?
{fc9*Сложность соответствует финалу основной истории.}","Would you like to enter Akashic Backdoor II?
{fc9*Difficulty is equivalent to main story endgame content.}"
2,latin_mixed,patch_text01,message/dlc000.mbe/000_Sheet1.csv,dlc000_070_040,49,char_BUTLER,III,"Войти в Акашический бэкдор III?
{fc9*Сложность соответствует финалу основной истории.}","Would you like to enter Akashic Backdoor III?
{fc9*Difficulty is equivalent to main story endgame content.}"
2,latin_mixed,patch_text01,message/field_text.mbe/000_Sheet1.csv,dummy_dlc000_0010,311,char_PLAYER_M,EP,Предварительный Текст Начала DLC EP1?,
2,latin_mixed,patch_text01,message/field_text.mbe/000_Sheet1.csv,dummy_dlc000_0030,314,char_PLAYER_M,EP,Предварительный текст для начала DLC EP2?,
2,latin_mixed,patch_text01,message/field_text.mbe/000_Sheet1.csv,dummy_dlc000_0050,317,char_PLAYER_M,EP,Предварительный текст для начала DLC EP3?,
2,latin_mixed,patch_text01,message/field_text.mbe/000_Sheet1.csv,dummy_dlc010_0080,332,char_PLAYER_M,EP,"Идентификатор события: d110_080 ""Первая битва в EP1"" (Ранг C+)",
2,latin_mixed,patch_text01,message/field_text.mbe/000_Sheet1.csv,dummy_dlc010_0090,333,char_PLAYER_M,EP,"Идентификатор события: d110_090 ""После победы в Первом сражении
в EP1"" (ранг C+)",
2,latin_mixed,patch_text01,message/field_text.mbe/000_Sheet1.csv,dummy_dlc010_0340,369,char_PLAYER_M,"Alter-B, VS","Идентификатор события: d140_020 ""VS Омегамон Alter-B (Сцена
эволюции B) - Часть 1"" (Ранг B)",
2,latin_mixed,patch_text01,message/field_text.mbe/000_Sheet1.csv,dummy_dlc010_0350,370,char_PLAYER_M,Alter-B,"Идентификатор события: d140_020 ""ПРОТИВ Омегамон Alter-B (сцена
эволюции) - часть 2"" (Ранг A)",
2,latin_mixed,patch_text01,message/field_text.mbe/000_Sheet1.csv,dummy_dlc010_0390,374,char_PLAYER_M,VS,"Идентификатор события: d150_010 ""VS Параллельмон - Часть 1"" (ранг
C+)",
2,latin_mixed,patch_text01,message/field_text.mbe/000_Sheet1.csv,dummy_dlc010_0400,375,char_PLAYER_M,VS,"Идентификатор события: d150_020 ""VS Параллельмон - Часть 2"" (ранг
B)",
2,latin_mixed,patch_text01,message/field_text.mbe/000_Sheet1.csv,dummy_dlc010_0410,376,char_PLAYER_M,"Alter-B, Alter-S","Идентификатор события: d150_030 ""Возвращение Омегамон Alter-S и
Омегамон Alter-B"" (ранг C+)",
2,latin_mixed,patch_text01,message/field_text.mbe/000_Sheet1.csv,dummy_dlc020_0010,392,char_PLAYER_M,dl,"Идентификатор события: dlc020_010_010 ""Эгиомон и Инори Мисоно
присоединяются"" (ранг B)",
2,latin_mixed,patch_text01,message/field_text.mbe/000_Sheet1.csv,dummy_dlc020_0020,393,char_PLAYER_M,dl,"Идентификатор события: dlc020_010_020 ""Странный коридор"" (ранг
C)",
2,latin_mixed,patch_text01,message/field_text.mbe/000_Sheet1.csv,dummy_dlc020_0030,394,char_PLAYER_M,dl,"Идентификатор события: dlc020_010_030 ""Побежден Параллельмон""
(ранг B)",
2,latin_mixed,patch_text01,message/field_text.mbe/000_Sheet1.csv,dummy_dlc020_0040,395,char_PLAYER_M,dl,"Идентификатор события: dlc020_010_040 ""Воссоединение с Банчо в
Белой комнате"" (ранг C)",
2,latin_mixed,patch_text01,message/field_text.mbe/000_Sheet1.csv,dummy_dlc020_0050,396,char_PLAYER_M,dl,"Идентификатор события: dlc020_010_050 ""Воссоединение с Хироко
Сагисакой в Белой комнате"" (ранг C)",
2,latin_mixed,patch_text01,message/field_text.mbe/000_Sheet1.csv,dummy_dlc020_0370,428,char_PLAYER_M,VS,"Идентификатор события: d2_050_010 ""VS Параллельмон"" (ранг C)",
2,latin_mixed,patch_text01,message/field_text.mbe/000_Sheet1.csv,dummy_m210_0050,75,char_PLAYER_M,NPC,"Идентификатор события: m210_020 ""Помощь с барьером"" беседа с
NPC.",
2,latin_mixed,patch_text01,message/field_text.mbe/000_Sheet1.csv,dummy_m220_0020,83,char_PLAYER_M,VIP-,"Идентификатор мероприятия: m220_010 ""VIP-зал в Промежуточном
кинотеатре"" (ранг B)",
2,latin_mixed,patch_text01,message/field_text.mbe/000_Sheet1.csv,dummy_m310_0030,167,char_PLAYER_M,"Bearmon, Little, NPC","Идентификатор события: m310_020 Беседа NPC ""Little Bearmon"".",
2,latin_mixed,patch_text01,message/field_text.mbe/000_Sheet1.csv,dummy_m320_0080,182,char_PLAYER_M,"Makino, Marsmon's",Идентификатор события: m320_060 Видео Marsmon's Makino,
2,latin_mixed,patch_text01,message/field_text.mbe/000_Sheet1.csv,dummy_m440_0027,297,char_PLAYER_M,XII,"Идентификатор события: m440_030 ""Олимпос XII встречается с
финальным боссом"" (ранг A)",
2,latin_mixed,patch_text01,message/field_text.mbe/000_Sheet1.csv,dummy_m440_0037,305,char_PLAYER_M,"Olympus, XII","Идентификатор события: m440_??? ""Активация креста искусств
Olympus XII"" (ранг A)",
2,latin_mixed,patch_text01,message/field_text.mbe/000_Sheet1.csv,dummy_m440_0060,308,char_PLAYER_M,XII,"Идентификатор события: m440_??? ""Объединение Олимпа XII
(рождение)"" (ранг A)",
2,latin_mixed,patch_text01,message/field_text.mbe/000_Sheet1.csv,g_closet_0010_0010,517,,Access,"(Заглушка) {pf(дополнение/дополнения/загружаемый контент/загружаемый контент)}
костюмы и прочее, распространяемые через Access.","(TBD) {pf(Add-on/Add-ons/Downloadable Content/Downloadable Content)} costumes, etc., to be distributed via Access."
2,latin_mixed,patch_text01,message/m270.mbe/000_Sheet1.csv,m270_010_050,6,char_MIREI,VIP-,"Обычно это сила, граничащая с табу, но на этот раз, кажется, исключение.
Направляйтесь в VIP-комнату, там вас ждут ответы, которые вы ищете.","Normally that's a power bordering on taboo, but this time seems to be
an exception. Head to the VIP room, the answers you seek await you."
2,latin_mixed,patch_text01,message/m440.mbe/000_Sheet1.csv,m440_150_140,182,char_NARRATION,XII,"Однако даже его гибель от рук Олимпос XII была частью
грандиозного замысла Хрономона.","However, even his demise at the hands of the Olympos XII
was part of Chronomon's grand design."
2,latin_mixed,patch_text01,message/m450.mbe/000_Sheet1.csv,m450_010_030,7,char_JUPITERMON,XII,"И пусть имена тех, кто поддерживает меня в моей клятве, Олимпос
XII...","And let the names of those who support me
in my oath, the Olympos XII..."
2,latin_mixed,patch_text01,message/s090_072.mbe/000_Sheet1.csv,s090_072_660,78,char_MAN,"Expo, Home","Привет, милашка! Хочешь спланировать свое будущее в выставочном
центре Home Expo вместе со мной?","Hey, cutie! Wanna plan your future at the home expo center
with me?"
2,latin_mixed,patch_text01,message/s200_149.mbe/000_Sheet1.csv,s200_149_330,42,char_HIROKO,USB-,"""Я считаю тебя достойным. Поблизости ты найдешь удостоверение
личности и USB-накопитель. Иди и возьми их"".","""I deem you worthy. Nearby, you'll find an ID card
and USB drive. Go get them."""
2,latin_mixed,patch_text01,message/s200_149.mbe/000_Sheet1.csv,s200_149_390,50,char_HIROKO,USB-,"О! Эй, должно быть, это оно. Здесь удостоверение личности и
USB-накопитель!","Oh! Hey, this must be it. There's an ID card and USB drive!"
2,latin_mixed,patch_text01,message/s200_149.mbe/000_Sheet1.csv,s200_149_730,86,char_HIROKO,USB-,"Появилось еще одно сообщение. ""Вставьте накопитель в USB-порт
перед собой"".","There's another message. ""Insert the drive into the USB port
in front of you."""
2,latin_mixed,patch_text01,message/s200_149.mbe/000_Sheet1.csv,s200_149_760,88,char_HIROKO,USB-,"Эй, похоже, компьютер автоматически загружает данные с
USB-накопителя.","Hey, looks like the computer is automatically loading data
from the USB drive."
2,latin_mixed,patch_text01,message/s200_149.mbe/000_Sheet1.csv,s200_149_890,105,char_HIROKO,IQ,"""Несмотря на мои результаты теста на IQ, я не могу смириться с
мыслью о Юе как о преемнике"".","""Despite my results on the IQ test, I can't accept
the thought of Yuya as the successor."""
2,latin_mixed,patch_text01,message/s200_149.mbe/000_Sheet1.csv,s200_149_930,109,char_HIROKO,USB-,"О, похоже, дело сделано. Давайте возьмем с собой USB-накопитель,
на всякий случай.","Oh, looks like it's done. Let's take the USB drive with us,
just in case."
2,latin_mixed,patch_text01,message/s910_170.mbe/000_Sheet1.csv,s910_170_580,65,char_NORIO,IT-,"Да. Моё будущее я был мега успешным. Я жил в шикарной квартире и
управлял IT-компанией.","Yep. Future me was mega successful. I lived in a fancy condo
and ran an IT company."
2,latin_mixed,patch_text01,message/s910_170.mbe/000_Sheet1.csv,s910_170_920,101,char_NORIO_HIGHSCHOOL,IT-,"Вау! Я генеральный директор IT-компании и живу в высотном
кондоминиуме?! И еще женюсь на Ханае?!","Wow! I'm the CEO of an IT company AND live in a high-rise
condo?! And I marry Hanae, too?!"
2,latin_mixed,patch_text01,message/s910_171.mbe/000_Sheet1.csv,s910_171_400,49,char_KINSHIRO,IQ,"Я убедил институт разрешить мне посещать среднюю школу, чтобы я
мог изучать людей с низким IQ.","I convinced the institute to let me attend high school so I
could study those of low IQ."
2,latin_mixed,patch_text01,text/bgm_name.mbe/000_Sheet1.csv,508,61,,"Adventure, Digimon",Цель～Акаи Шугеки～ (Из Digimon Adventure 02),Target～Akai Shougeki～ (From Digimon Adventure 02)
2,latin_mixed,patch_text01,text/bgm_name.mbe/000_Sheet1.csv,509,62,,"Adventure, Digimon",Расстаемся! (Из Digimon Adventure 02),Break Up! (From Digimon Adventure 02)
2,latin_mixed,patch_text01,text/bgm_name.mbe/000_Sheet1.csv,510,63,,"Digimon, Tamers",Самый Большой мечтатель (От Digimon Tamers),The Biggest Dreamer (From Digimon Tamers)
2,latin_mixed,patch_text01,text/bgm_name.mbe/000_Sheet1.csv,511,64,,"Digimon, Tamers",УДАР!! (От Digimon Tamers),SLASH!! (From Digimon Tamers)
2,latin_mixed,patch_text01,text/bgm_name.mbe/000_Sheet1.csv,513,66,,"Digimon, Frontier",С Завещанием (Из Digimon Frontier),With The Will (From Digimon Frontier)
2,latin_mixed,patch_text01,text/bgm_name.mbe/000_Sheet1.csv,514,67,,"Data, Digimon, Going, Gouing, My, Savers, Squad, soul",Gouing! Going! My soul!! (из Digimon Savers / Digimon Data Squad),Gouing! Going! My soul!! (From Digimon Savers - Digimon Data Squad)
2,latin_mixed,patch_text01,text/bgm_name.mbe/000_Sheet1.csv,515,68,,"Believer, Data, Digimon, Savers, Squad",Believer (из Digimon Savers / Digimon Data Squad),Believer (From Digimon Savers - Digimon Data Squad)
2,latin_mixed,patch_text01,text/bgm_name.mbe/000_Sheet1.csv,516,69,,"Battles, Digimon, Fusion, Nebagiba, Wars, Xros",Nebagiba! (из Digimon Xros Wars / Digimon Fusion Battles),Nebagiba! (From Digimon Xros Wars - Digimon Fusion Battles)
2,latin_mixed,patch_text01,text/bgm_name.mbe/000_Sheet1.csv,517,70,,"ARE, Battles, Digimon, Fusion, Heart, WE, Wars, Xros",WE ARE Xros Heart! (из Digimon Xros Wars / Digimon Fusion Battles),WE ARE Xros Heart! (From Digimon Xros Wars - Digimon Fusion Battles)
2,latin_mixed,patch_text01,text/bgm_name.mbe/000_Sheet1.csv,519,72,,"Adventure, Digimon",Разорвать цепь (Из Digimon Adventure:),Break the chain (From Digimon Adventure:)
2,latin_mixed,patch_text01,text/bgm_name.mbe/000_Sheet1.csv,520,73,,"Digimon, Ghost",ФРАКЦИЯ (Из игры Digimon Ghost),FACTION (From Digimon Ghost Game)
2,latin_mixed,patch_text01,text/bgm_name.mbe/000_Sheet1.csv,521,74,,"Digimon, Ghost",Первые всадники (Из игры Digimon Ghost),First Riders (From Digimon Ghost Game)
2,latin_mixed,patch_text01,text/bgm_name.mbe/000_Sheet1.csv,523,76,,"Cyber, Sleuth",Мчащийся через Коулун (От Cyber Sleuth),Dashing Through Kowloon (From Cyber Sleuth)
2,latin_mixed,patch_text01,text/bgm_name.mbe/000_Sheet1.csv,524,77,,"Cyber, Sleuth",ЦИФРОВАЯ ЛАБОРАТОРИЯ (От Cyber Sleuth),DIGITAL LABORATORY (From Cyber Sleuth)
2,latin_mixed,patch_text01,text/bgm_name.mbe/000_Sheet1.csv,528,81,,"Cyber, Sleuth",ЦИФРОВЫЕ ВОЙНЫ (От Cyber Sleuth),DIGITAL WARS (From Cyber Sleuth)
2,latin_mixed,patch_text01,text/bgm_name.mbe/000_Sheet1.csv,529,82,,"Cyber, Sleuth",Песня Победителя (из Cyber Sleuth),The Victor's Song (From Cyber Sleuth)
2,latin_mixed,patch_text01,text/bgm_name.mbe/000_Sheet1.csv,530,83,,"Cyber, Sleuth","Подключайся, прыгай! (От Cyber Sleuth)",Connect Jump! (From Cyber Sleuth)
2,latin_mixed,patch_text01,text/bgm_name.mbe/000_Sheet1.csv,531,84,,"Cyber, Sleuth",День в определенном детективном агентстве (От Cyber Sleuth),A Day in a Certain Detective Agency (From Cyber Sleuth)
2,latin_mixed,patch_text01,text/bgm_name.mbe/000_Sheet1.csv,533,86,,"Cyber, Sleuth",ХОУП СТЕР (Из Cyber Sleuth),HOPE STER (From Cyber Sleuth)
2,latin_mixed,patch_text01,text/bgm_name.mbe/000_Sheet1.csv,534,87,,"Cyber, Sleuth",Блуждающий в Майохиге (Из Cyber Sleuth),Wandering in a Mayohiga (From Cyber Sleuth)
2,latin_mixed,patch_text01,text/bgm_name.mbe/000_Sheet1.csv,540,93,,"Cyber, Sleuth",Избавление от грусти (От Cyber Sleuth),Cutting Away Sadness (From Cyber Sleuth)
2,latin_mixed,patch_text01,text/bgm_name.mbe/000_Sheet1.csv,543,96,,"Cyber, DIGIFARM, Digimon, Sleuth, Story",DIGIFARM (из Digimon Story: Cyber Sleuth),DIGIFARM (From Cyber Sleuth)
2,latin_mixed,patch_text01,text/bgm_name.mbe/000_Sheet1.csv,544,97,,"Cyber, Sleuth",Добро пожаловать в это Замечательное пространство (От Cyber Sleuth),Welcome to This Wonderful Space (From Cyber Sleuth)
2,latin_mixed,patch_text01,text/bgm_name.mbe/000_Sheet1.csv,548,101,,"Cyber, Sleuth",Что-то разрушающее (От Cyber Sleuth),Something Eroding (From Cyber Sleuth)
2,latin_mixed,patch_text01,text/bgm_name.mbe/000_Sheet1.csv,551,104,,"Cyber, Sleuth",ЗАКЛЮЧИТЕЛЬНАЯ ФАЗА (От Cyber Sleuth),FINAL PHASE (From Cyber Sleuth)
2,latin_mixed,patch_text01,text/bgm_name.mbe/000_Sheet1.csv,555,108,,"Cyber, Sleuth",ПРОТИВОСТОЯТЬ ВРАГУ (Из Cyber Sleuth),CONFRONT THE ENEMY (From Cyber Sleuth)
2,latin_mixed,patch_text01,text/bgm_name.mbe/000_Sheet1.csv,560,113,,"Cyber, Sleuth",ДУХОВНЫЙ МАЛЬЧИК (Из Cyber Sleuth),SPIRITUAL BOY (From Cyber Sleuth)
2,latin_mixed,patch_text01,text/bgm_name.mbe/000_Sheet1.csv,564,117,,"Cyber, Sleuth",По-НАСТОЯЩЕМУ Популярная девушка (Из Cyber Sleuth),PO-SI-TIVE Pop Girl (From Cyber Sleuth)
2,latin_mixed,patch_text01,text/bgm_name.mbe/000_Sheet1.csv,567,120,,"Cyber, Sleuth",ГЛУБОКАЯ ЭМОЦИЯ (От Cyber Sleuth),DEEP EMOTION (From Cyber Sleuth)
2,latin_mixed,patch_text01,text/bgm_name.mbe/000_Sheet1.csv,568,121,,"Cyber, Sleuth",ХАКЕРСКАЯ ГОРДОСТЬ (От Cyber Sleuth),HACKING PRIDE (From Cyber Sleuth)
2,latin_mixed,patch_text01,text/bgm_name.mbe/000_Sheet1.csv,570,123,,"Cyber, Sleuth",Эфемерная Колибри (от Cyber Sleuth),Ephemeral Humming Bird (From Cyber Sleuth)
2,latin_mixed,patch_text01,text/bgm_name.mbe/000_Sheet1.csv,576,129,,"Cyber, Sleuth",КОРОЛЕВСКИЕ РЫЦАРИ (Из Cyber Sleuth),ROYAL KNIGHTS (From Cyber Sleuth)
2,latin_mixed,patch_text01,text/bgm_name.mbe/000_Sheet1.csv,579,132,,"Cyber, Sleuth",Ожидаемый Новый мир (От Cyber Sleuth),The Anticipated New World (From Cyber Sleuth)
2,latin_mixed,patch_text01,text/bgm_name.mbe/000_Sheet1.csv,581,134,,"Cyber, Sleuth",Переустановка (от Cyber Sleuth),Re-INSTALL (From Cyber Sleuth)
2,latin_mixed,patch_text01,text/bgm_name.mbe/000_Sheet1.csv,598,151,,"Cyber, Sleuth",КИБЕР-СЫЩИК (от Cyber Sleuth),THE CYBER SLEUTH (From Cyber Sleuth)
2,latin_mixed,patch_text01,text/buff_message.mbe/000_Sheet1.csv,100133,261,,CP,CP больше нельзя получить!,CP can no longer be gained!
2,latin_mixed,patch_text01,text/buff_message.mbe/000_Sheet1.csv,133,125,,CP,CP больше нельзя получить!,CP can no longer be gained!
2,latin_mixed,patch_text01,text/common_message.mbe/000_Sheet1.csv,11306,381,,TP,Полезный TP,Usable TP
2,latin_mixed,patch_text01,text/common_message.mbe/000_Sheet1.csv,19081,1131,,HDR,"Этот режим отдаёт приоритет {fc9качеству графики}.
Игра поддерживает {fc9разрешение 4K} и изображение HDR.
Примечание: дисплей должен поддерживать 4K и HDR.
Примечание: режим можно изменить позже.","This setting prioritizes {fc9graphical quality}.
You can enjoy the game in {fc9 4K resolution} with HDR visuals.
Note: Your display must be capable of 4K and HDR output.
Note: This setting can be changed later."
2,latin_mixed,patch_text01,text/common_message.mbe/000_Sheet1.csv,dlc_name_03,1114,,Anti-ParadoX,Дополнительный набор дигимонов и эпизодов 3: Anti-ParadoX,Additional Digimon & Episode Pack 3: Anti-ParadoX
2,latin_mixed,patch_text01,text/common_message.mbe/000_Sheet1.csv,dlc_name_08,1118,,"Cyber, Sleuth",Набор фоновой музыки Cyber Sleuth,Cyber Sleuth BGM Pack
2,latin_mixed,patch_text01,text/common_message.mbe/000_Sheet1.csv,dlc_name_09,1119,,Digimon,Набор песен аниме Digimon,Digimon Anime Song Pack
2,latin_mixed,patch_text01,text/common_message.mbe/000_Sheet1.csv,dlc_name_12,1121,,"Cyber, Sleuth",Набор костюмов Cyber Sleuth,"Costume Set ""Cyber Sleuth"""
2,latin_no_cyrillic,patch_text01,text/common_message_dx11.mbe/000_Sheet1.csv,1900036,83,,Esc,Esc,Esc
2,latin_no_cyrillic,patch_text01,text/common_message_dx11.mbe/000_Sheet1.csv,1900067,114,,Home,Home,Home
2,latin_no_cyrillic,patch_text01,text/common_message_dx11.mbe/000_Sheet1.csv,1900068,115,,End,End,End
2,latin_no_cyrillic,patch_text01,text/common_message_dx11.mbe/000_Sheet1.csv,1900069,116,,PgUp,PgUp,PgUp
2,latin_no_cyrillic,patch_text01,text/common_message_dx11.mbe/000_Sheet1.csv,1900070,117,,PgDn,PgDn,PgDn
2,latin_no_cyrillic,patch_text01,text/common_message_dx11.mbe/000_Sheet1.csv,1900071,118,,Ins,Ins,Ins
2,latin_no_cyrillic,patch_text01,text/common_message_dx11.mbe/000_Sheet1.csv,1900072,119,,Del,Del,Del
2,latin_no_cyrillic,patch_text01,text/common_message_dx11.mbe/000_Sheet1.csv,1900073,120,,Num,Num  1,"Num
1"
2,latin_no_cyrillic,patch_text01,text/common_message_dx11.mbe/000_Sheet1.csv,1900074,121,,Num,Num   2,"Num
2"
2,latin_no_cyrillic,patch_text01,text/common_message_dx11.mbe/000_Sheet1.csv,1900075,122,,Num,Num   3,"Num
3"
2,latin_no_cyrillic,patch_text01,text/common_message_dx11.mbe/000_Sheet1.csv,1900076,123,,Num,Num   4,"Num
4"
2,latin_no_cyrillic,patch_text01,text/common_message_dx11.mbe/000_Sheet1.csv,1900077,124,,Num,Num   5,"Num
5"
2,latin_no_cyrillic,patch_text01,text/common_message_dx11.mbe/000_Sheet1.csv,1900078,125,,Num,Num   6,"Num
6"
2,latin_no_cyrillic,patch_text01,text/common_message_dx11.mbe/000_Sheet1.csv,1900079,126,,Num,Num   7,"Num
7"
2,latin_no_cyrillic,patch_text01,text/common_message_dx11.mbe/000_Sheet1.csv,1900080,127,,Num,Num   8,"Num
8"
2,latin_no_cyrillic,patch_text01,text/common_message_dx11.mbe/000_Sheet1.csv,1900081,128,,Num,Num   9,"Num
9"
2,latin_no_cyrillic,patch_text01,text/common_message_dx11.mbe/000_Sheet1.csv,1900082,129,,Num,Num  0,"Num
0"
2,latin_no_cyrillic,patch_text01,text/common_message_dx11.mbe/000_Sheet1.csv,1900083,130,,Num,Num  /,"Num
/"
2,latin_no_cyrillic,patch_text01,text/common_message_dx11.mbe/000_Sheet1.csv,1900084,131,,Num,Num   *,"Num
*"
2,latin_no_cyrillic,patch_text01,text/common_message_dx11.mbe/000_Sheet1.csv,1900085,132,,Num,Num  -,"Num
-"
2,latin_no_cyrillic,patch_text01,text/common_message_dx11.mbe/000_Sheet1.csv,1900086,133,,Num,Num   +,"Num
+"
2,latin_no_cyrillic,patch_text01,text/common_message_dx11.mbe/000_Sheet1.csv,1900088,135,,Num,Num.,"Num
."
2,latin_no_cyrillic,patch_text01,text/common_message_dx11.mbe/000_Sheet1.csv,1900089,136,,Ctrl,Ctrl.,Ctrl.
2,latin_no_cyrillic,patch_text01,text/common_message_dx11.mbe/000_Sheet1.csv,1900090,137,,Ctrl,.Ctrl,.Ctrl
2,latin_no_cyrillic,patch_text01,text/common_message_dx11.mbe/000_Sheet1.csv,1900099,146,,Alt,Alt.,Alt.
2,latin_no_cyrillic,patch_text01,text/common_message_dx11.mbe/000_Sheet1.csv,1900100,147,,Alt,.Alt,.Alt
2,latin_no_cyrillic,patch_text01,text/common_message_dx11.mbe/000_Sheet1.csv,1901004,185,,FXAA,FXAA,FXAA
2,latin_no_cyrillic,patch_text01,text/common_message_dx11.mbe/000_Sheet1.csv,1901005,186,,MSAA,MSAA,MSAA
2,latin_no_cyrillic,patch_text01,text/common_message_dx11.mbe/000_Sheet1.csv,1901006,187,,TAA,TAA,TAA
2,latin_no_cyrillic,patch_text01,text/common_message_dx11.mbe/000_Sheet1.csv,1901016,242,,HDR,HDR,HDR
2,same_as_original,patch_text01,text/common_message_dx11.mbe/000_Sheet1.csv,1901307,224,,Translation is identical to game text01 source,(Debug) 1720 x 720 (21:9),(Debug) 1720 x 720 (21:9)
2,latin_mixed,patch_text01,text/common_message_dx11.mbe/000_Sheet1.csv,1901319,236,,"Debug, Deck",(Debug) Симуляция Steam Deck,(Debug) Steam Deck Simulation
2,latin_mixed,patch_text01,text/digimon_profile.mbe/000_Sheet1.csv,digimon_0075_profile,65,,XII,"Один из Олимпос XII, Нептунемон — морской бог-дигимон,
который управляет всеми дигимонами Водного вида.
Чешуйчатая броня, покрывающая его тело, представляет
собой сплав Хромдигизоида под названием Синий Дигизоид,
который облегчает мобильность и скорость, позволяя ему
двигаться с устрашающей скоростью под водой. Его замок
«Абисс Санктуари» был построен в глубокой подводной
впадине, и только те, кто может выдержать давление воды
на крайний глубинах, могут войти. Его особые приёмы
включают «Пронзающий вихрь», которым он наносит удар
своим разумным копьем «Кингс Байт», и «Волна глубины»,
которым он выпускает массивное цунами, которое
поглощает все на своем пути.","One of the Olympos XII, Neptunemon is a marine
god Digimon that governs all Aquatic-species
Digimon. The scale mail covering its body is a
Chrondigizoid alloy called Blue Digizoid that
facilitates mobility and speed, allowing it to move
at a fearsome pace underwater. Its castle Abyss
Sanctuary was built in a deep underwater trench,
and only those who can withstand the water
pressure of the extreme depths can enter. Its
special moves include Vortex Penetration, with
which it strikes with King's Bite, its sentient
spear, and Wave of Depth, with which it unleashes
a massive tsunami that swallows up everything
in its path."
2,latin_mixed,patch_text01,text/digimon_profile.mbe/000_Sheet1.csv,digimon_0080_profile,70,,XII,"Один из Олимпос XII, этот дигимон — гениальный бог,
хвастающийся величайшей скоростью в Цифровом Мире.
Непревзойденная скорость Меркуримона не видна
невооруженным глазом, и поэтому любые его записи, как
говорят, являются его остаточными образами. Он
ненавидит оставаться на месте и всегда странствует по
Цифровому Миру, что делает его трудным существом для
встречи. Он использует свой особый приём «Тысяча
Кулаков», чтобы приблизиться к врагу с почти мгновенной
скоростью, прежде чем обрушить невероятный
скорострельный залп. Меркуримон также является искусный
шаманом, позволяя ему использовать «Духовные чары»,
рассекая воздух своим любимым клинком «Ацтек» и
призывая демонов из другого измерения.","One of the Olympos XII, this Digimon is a genius god
boasting the greatest speed in the Digital World.
Merukimon's unrivaled speed cannot be seen with
the naked eye, and so any recordings of it are said to
be of its afterimages. It hates staying still and is
always wandering the Digital World, making it a
difficult being to encounter. It uses its special
move Thousand Fists to approach the enemy at an
almost instantaneous speed before unleashing an
incredible rapid-fire barrage. Merukimon is also an
accomplished shaman, allowing it to use Spiritual
Enchantment, cleaving the air with its beloved blade,
Aztec and summoning demons from another dimension."
2,latin_mixed,patch_text01,text/digimon_profile.mbe/000_Sheet1.csv,digimon_0104_profile,92,,ZERO-ARMS,"Сусаноомон известен в восточном фольклоре как
ультиматный бог разрушения и правитель регенерации.
Говорят, что он появляется, когда в Сети возникают
аномалии, аннулируя существующую систему и строя новую
на ее месте. Особые приёмы Сусаноомона — «Ама-но
Хабакири», которое рассекает все и вся под небом
лезвием света, выпущенным из его ZERO-ARMS: Ороти, и
«Якуса но Икадзути», ультиматная техника, с помощью
которой он направляет свой ZERO-ARMS: Ороти, лезвие
света, к небесам, превращая лезвие в разрушительную
молнию, которая затем обрушивается на мир.","Susanomon is renowned in Eastern folklore as the
ultimate god of destruction and the ruler of
regeneration. It's said to appear when the Net
experiences abnormalities, nullifying the existing
system and building a new one in its place.
Susanomon's special moves are Ama no Habakiri,
which cleaves anything and everything under
heaven with the blade of light released from its
ZERO-ARMS: Orochi, and Yakusa no Ikazuchi, the
ultimate technique by which it points its
ZERO-ARMS: Orochi blade of light toward the
heavens, transforming the blade into destructive
lightning that then rains down upon the world."
2,latin_mixed,patch_text01,text/digimon_profile.mbe/000_Sheet1.csv,digimon_0168_profile,130,,XII,"Член Олимпос XII, бог, властвующий над
небесами, и дигимон, управляющий громом и
погодой. Юпитермон всегда судит добро и зло на
поле боя, карая нечестивых божественным
наказанием. Такой суд вершится беспристрастно,
без эмоций. Те, кто не согласен с решением
Юпитермона, могут бросить ему вызов и отменить
приговор победой, но пока никому это не
удавалось. Он может ударить молотами на обеих
руках друг о друга и призвать небольшие грозовые
тучи. Приёмом «Карающий суд» он бьёт противника
молотом, выжигает метку на его теле и откладывает
наказание. Когда Юпитермон решает исполнить
приговор, он обрушивает на врага молнию
чрезвычайно высокого напряжения. Его предельный
особый приём «Всеохватная плазма» превращает тело в
сверхвысоковольтную плазму. Так он карает всё
вокруг себя, испепеляя каждого, кого коснётся.","A member of the Olympos XII, a god that presides
over the heavens, and a Digimon that governs
thunder and weather. Jupitermon always judges
good and evil on the battlefield, delivering divine
punishment to the wicked. Such judgment is handed
down indifferently, without emotion. Those who
disagree with Jupitermon's decision can challenge
it and overturn the judgment upon victory, but as of
now, no one has ever accomplished this feat. It can
clap the hammers on both arms together to summon
small thunderclouds. It uses Punish Judge to strike
an opponent with its hammer, engraving a mark on
its body and postponing its punishment. When
Jupitermon decides to execute said punishment,
the sentence is carried out by striking that foe with
extremely high-voltage lightning. It uses its ultimate
special move Wide Plasment to change its body
into ultra-high-voltage plasma. This inflicts divine
punishment in the area around Jupitermon,
disintegrating any and all it touches."
2,latin_mixed,patch_text01,text/digimon_profile.mbe/000_Sheet1.csv,digimon_0170_profile,132,,XII,"Партнер Юпитермона и одна из Олимпос XII. На поле боя
Юномон выступает любящей защитницей Юпитермона: она
постоянно предсказывает, обнаруживает и уничтожает
мятежников, осмелившихся противиться его воле. Похоже,
благодаря невероятно нежному характеру и глубокой любви
к Юпитермону она прекрасно знает все его привычки.
Особые приемы Юномон - «Игольчатый Улей», пронзающий
врагов катарами на ее руках, и «Изящное Копье», при
котором разумные копья атакуют врагов вокруг нее.","Jupitermon's partner, and one of the Olympos XII.
Junomon takes its place on the battlefield as
Jupitermon's loving protector, and is constantly
seeking to predict, detect and root out insurgents
who would defy Jupitermon's will. It has a solid grasp
on all of Jupitermon's tendencies, perhaps due to its
overwhelmingly affectionate nature and deep love
of Jupitermon. Junomon's special moves are Needle
Hive, which skewers foes with the katars on its arms,
and Graceful Lance, which automatically attacks
foes around it with its sentient lances."
2,latin_mixed,patch_text01,text/digimon_profile.mbe/000_Sheet1.csv,digimon_0172_profile,134,,XII,"Этот сострадательный дигимон управляет силой
любви и является одной из Олимпос XII. Даже на
самых бесплодных пустошах, куда бы Венусмон ни
пошла, прекрасный цветы расцветают, и земля
вокруг нее обновляется юной энергией. Многие
дигимоны поклоняются Венусмон из-за ее красоты
и чистоты. Надевая повязку на глаза, она
способна воспринимать мир таким, какой он
есть, своим мысленным взором, видя сквозь
любую ложь или обман. Сокрытие ее глаз также
подавляет ее ауру очарование, удваиваясь как акт
внимательности и уменьшая количество
дигимонов, которые в противном случае падали
бы в обморок в ее облик. У Венусмон есть
два маленьких, но постоянных спутника, птица
Олив и гребешок Хотан, и трое друзей
поддерживают открытый и оживленный разговор.
Поскольку Венусмон — дигимон, управляющий
любовью, каждое ее действие в бою успокаивает
сердца ее противников. С помощью «ЛЮБЛЮ ТЕБЯ» она
может заставить врага потерять сознание,
послав ему воздушный поцелуй и заставив его
сердце пропустить удар. Если ее птица Олив
клюнет врага по голове, он попадает под чары
«Мирная Фантазия», которые могут успокоить сердце
даже самого свирепого зверя.","This compassionate Digimon governs the power of
love, and is one of the Olympos XII. Even in the most
desolate wastelands, wherever Venusmon goes,
beautiful flowers bloom and the earth around it is
renewed with youthful vigor. Many Digimon worship
Venusmon because of its beauty and purity. By
wearing a blindfold, it's able to perceive the world
as it truly is with its mind's eye, seeing through any
falsehood or deceit. Hiding its eyes also suppresses
its aura of glamor, doubling as an act of consideration
and reducing the number of Digimon that would
otherwise swoon in its presence. Venusmon has
two small but constant companions, the bird Olive
and the scallop Hotan, and the three friends keep
up an open and lively conversation. Since Venusmon
is the Digimon that governs love, its every action in
battle soothes its opponents' hearts. With LOVE
YOU, it can make a foe fall unconscious by blowing
it a kiss and making its heart skip a beat. If its bird
Olive pecks an enemy on the head, it falls under the
spell of Peace Fantasia, which can soothe the heart
of even the most savage of beasts."
2,latin_mixed,patch_text01,text/digimon_profile.mbe/000_Sheet1.csv,digimon_0173_profile,135,,XII,"Одна из Олимпос XII и Божественный дигимон, обладающий
энергией пламени, эквивалент самой силе солнца. Эта
впечатляющий сила, способная расплавить и очистить
любое вещество, такова, что даже Аполломон — со всем
его интенсивный пылом и гордостью — едва может ее
сдерживать. Особые приёмы Аполломона — «Солнечный
Бластер», которое выпускает ослепительный солнечный
шар, сформированный из сферы пламени на его спине, и
«Удар Феба», которое концентрирует всю его скрытую силу
в один удар.","One of the Olympos XII, and a Deity Digimon that
possesses flame energy equivalent to the very
sun's power. This awesome strength, capable of
melting down and purifying any substance, is such
that even Apollomon—with all its intense fervor
and pride—can barely contain it. Apollomon's
special moves are Sol Blaster, which unleashes
an incandescent solar orb formed from the flame
sphere on its back, and Phoebus Blow, which
concentrates all of its latent power into a single
punch."
2,latin_mixed,patch_text01,text/digimon_profile.mbe/000_Sheet1.csv,digimon_0174_profile,136,,XII,"Этот бог войны-дигимон, напоминающий человека-леопарда,
является одной из загадочных Олимпос XII, которые
обладают способностями, соперничающими даже с
Королевскими Рыцарей, божеств-хранителей Сети. Каждая
из Олимпос XII защищает свой собственный регион,
действуя в тени и сохраняя нейтральную позицию во время
инцидентов в Цифровом Мире. Марсмон хорошо понимает все
виды рукопашных техник в мире — включая навыки,
использующие нечестную игру — и обладает абсолютной
уверенностью в любом бою один на один против подобных
себе. Он полагается в основном на приемы рестлинга, но
его сосредоточенность на победе и славу означает, что
он будет выхватывать скрытое оружие, такое как его
«Трая Наклз» или «Метал Котурнус», когда оказывается в
затруднительном положении. И всё же, Марсмон проявляет
свою истинную силу, когда сражается голыми руками и
ногами. Его особый приём «Коронные санкции» — это
славный техника убийства в воздухе, которая облачает
Марсмон в пламя.","This war god Digimon resembling a leopard man
is one of the mysterious Olympos XII,
who possess abilities rivaling even the Royal
Knights, guardian deities of the Net. Each of the
Olympos XII protects its own region, acting in
the shadows and maintaining a neutral position
during incidents in the Digital World. Marsmon
well understands all hand-to-hand techniques
in the world—including skills utilizing foul
play—and possesses absolute confidence in
any one-on-one fight against those like itself.
It relies mostly on wrestling moves, but its
focus on victory and glory means it will whip out
hidden weapons like its Tria Knuckles or Metal
Cothurnus when it finds itself on its back foot.
Even so, Marsmon brings its true power to bear
when fighting with bare hands and feet. Its
special move Corona Sanctions is a glorious
mid-air killing technique that clads Marsmon
in flames."
2,latin_mixed,patch_text01,text/digimon_profile.mbe/000_Sheet1.csv,digimon_0176_profile,137,,XII,"Одна из Олимпос XII, Цересмон — гигантская
птица-дигимон, несущая на спине лес Карпос Хуле,
славившийся своими плодами, известными как самый
сладкий деликатес в Цифровом Мире. С телом, состоящим
из гигантских скал и плодородной почвы, Цересмон в
полете больше всего напоминает плавучий остров.
Истинная форма Цересмон — Цересмон Медиум — находится
во главе острова. Цересмон Медиум обладает почти
никакой боевой способностью и редко появляется перед
другими. Однако в редких случаях он, по-видимому,
показывает себя тем, кому доверяет, не приводя с собой
гигантскую птицу. Цересмон Медиум обладает мягким
характером и сердцем, переполненным состраданием. Он
предлагает голодным дигимонам фрукты из Карпос Хуле и
позволяет раненым дигимонам укрыться в лесу, пока они
не восстановятся. Однако, если кто-то окажется
неблагодарным за щедрость природы, нанесет вред
деревьям или осквернит землю ради забавы, природа
Цересмон Медиума меняется, и он становится
по-настоящему ужасным лесным демоном. Особый приём
Цересмон — «Свободное падение острова», которым оно
врезается своим массивным телом прямо во врага, посылая
мощные толчки и яростные ветры, бурлящий на широкой
область вокруг места падения. Цересмон также имеет
«Горящая Кровавая Оболочка», которое выстреливает
огромный, обжигающий шар магмы из его рта.","One of the Olympos XII, Ceresmon is a gigantic
bird Digimon that bears the forest Karpos Hulē,
renowned for its fruit celebrated as the sweetest
delicacy in the Digital World, on its back. With
a body composed of giant rocks and fertile soil,
Ceresmon in flight resembles a floating island
more than anything else.
Ceresmon Medium, which is Ceresmon's true
form, resides at the head of the island. Ceresmon
Medium possesses almost no combat ability and
rarely appears before others. However, on rare
occasions, it apparently shows itself to those it
trusts without bringing along the giant bird.
Ceresmon Medium has a gentle personality and
a heart overflowing with compassion. It offers
hungry Digimon fruits from Karpos Hulē, and
allows injured Digimon to take shelter in the forest
until they've recovered. However, if any prove
ungrateful for the bounty of nature, bring harm
to the trees or defile the land for sport, Ceresmon
Medium's nature shifts and it becomes a truly
frightful forest demon.
Ceresmon's special move is Island Freefall, with
which it slams its massive body directly into its
foe, sending powerful tremors and violent winds
surging in a wide berth around the crash site.
Ceresmon also has Burning Blood Shell, which
shoots a huge, scorching ball of magma from its
mouth."
2,latin_mixed,patch_text01,text/digimon_profile.mbe/000_Sheet1.csv,digimon_0178_profile,139,,XII,"Этот дигимон — бог кузнечного дела,
входящий в Олимпос XII. Вулканусмон создал
большинство самых известных образцов
оружия Цифрового мира, включая любимую
пару дробовиков Бельзебмона —
«Беренджена». Он наделён душой истинного
мастера и весьма упрям. Вулканусмон
оценивает каждого заказчика и отказывает,
если считает, что тот не сможет овладеть
оружием или не станет им дорожить. Даже
согласившись на заказ, он выбирает
качество работы в соответствии со своим
мнением о будущем владельце. Однако сила
Бельзебмона так его впечатлила, что при
создании «Беренджены» Вулканусмон трудился
с особым усердием. Он предпочитает, чтобы
ему не мешали работать всеми восемью
руками, но кузнечное мастерство пригодно и
в бою. Особым приёмом «Оружие точно в
цель» Вулканусмон использует огненный
сварочный аппарат «Бомбер Арт» и мгновенно
создаёт идеальное оружие для любой боевой
ситуации. Когда он решает выложиться
полностью, в ход идёт «Оружие на все
случаи»: Вулканусмон многократно применяет
«Оружие точно в цель», вооружая каждую из
восьми рук. При всём этом сам он не
слишком силён и по возможности избегает
боя.","This Digimon god of smithing is one of the Olympos
XII. Vulcanusmon is responsible for creating most
of the Digital World's best-known weapons,
including the infamous Beelzemon's beloved
Berenjena. Vulcanusmon has the spirit of a true
craftsman, along with an obstinate personality. It
takes the measure of all of its clients, and if it feels
they can't master or won't treasure the weapon
they've requested, it denies them. Even when
Vulcanusmon does agree to make a weapon, it
aligns the quality of its work to its impression of the
wielder. Nevertheless, Vulcanusmon was so taken
with Beelzemon's strength that it worked diligently
to craft an exceptional weapon when it created
Berenjena. Vulcanusmon prefers to be left in peace,
working away with its eight arms, but can also
leverage its skill as a craftsman in battle. With its
special move Pinpoint Weapon Works, it makes
masterful use of its fiery ""Bomber Art"" welder to
instantly craft the perfect weapon for any combat
situation. When it really wants to go all out, though,
it uses Appropriate Works, which uses Pinpoint
Weapon Works repeatedly to forge weapons for each
of its eight arms. Despite all this, Vulcanusmon's
own combat ability isn't particularly high, and it
prefers to avoid battle whenever possible."
2,latin_mixed,patch_text01,text/digimon_profile.mbe/000_Sheet1.csv,digimon_0179_profile,140,,XII,"Одна из Олимпос XII, этот дигимон хвастается, что он
самый тяжелый пьяница Цифрового мира. Бахусмон имеет
веселый нрав и хорошо подходит для заботы о других.
Днем или ночью, он всегда стремится собрать вместе
дигимонов уровня Ребёнок и Чемпион, чтобы устроить
вечеринку. Бахусмон обладает способностью производить
любую форму алкоголя внутри своего тела, и если ему
понравится другой дигимон на одной из этих вечеринок,
известно, что он предложит ему напиток по его выбору.
Сам Бахусмон имеет вкус к фруктовым винам, его любимый
сорт производится из ферментированных фруктов Карпос
Хуле, леса, который несет на спине Цересмон. Всякий
раз, когда у Бахусмона есть свободная минута, он
умоляет Цересмон сделать ему немного фруктового вина.
Из-за этого пара находится в очень хороших отношениях,
и их часто видят вместе. Особый приём Бахусмона —
«Повар бездны», которым он обхватывает врага руками,
изменяет его композиционные данные на подходящую
закуску и затем съедает его. Бахусмон также имеет
«Небесная вечеринка», которым он производит форму
алкоголя, содержащего яды, которые могут вызывать
сонливость и паралич, а затем обстреливает врагов этим
зельем, чтобы ошеломить их. Более того, данные яда,
которые он производит, являются одним из предметов
исследования Команды Раскола. Существует ряд надежный
слухов, которые предполагают, что данные яда Бахусмона
связаны с разработкой бактериологического оружия и
планов громких убийств.","One of the Olympos XII, this Digimon boasts that
it's the heaviest drinker of the Digital World.
Bacchusmon has a cheerful disposition and is
well-suited to looking after others. Day or night,
it always looks to gather Rookie and Champion
Digimon together to throw a party. Bacchusmon
has the ability to produce any form of alcohol
inside its body, and if it takes a liking to another
Digimon at one of these parties, it's known to
offer it the drink of its choice. Bacchusmon itself
has a taste for fruit wines, with its favorite variety
produced from the fermented fruits of Karpos
Hulē, the forest carried on Ceresmon's back.
Whenever Bacchusmon has a moment to spare,
it begs Ceresmon to make it some fruit wine.
Because of this, the pair are on very good terms,
and are often seen together. Bacchusmon's special
move is Cook of the Abyss, with which it wraps its
arms around a foe, alters its compositional data to
a suitable finger food and then eats it. Bacchusmon
also has Party of the Heavens, with which it
produces a form of alcohol laced with poisons
that can cause drowsiness and paralysis and then
blasts enemies with the concoction to stupefy them.
Furthermore, the poison data that it produces is
one subject of the Crack Team's research. There
are a number of credible rumors that speculate
that Bacchusmon's poison data is linked to the
development of bacteriological weapons and
high-profile assassination plots."
2,latin_mixed,patch_text01,text/digimon_profile.mbe/000_Sheet1.csv,digimon_0180_profile,141,,XII,"Дигимон, который правит царством мертвых и использует
страх и насилие, чтобы терроризировать злодеев.
Плутомон, окутанный глубокой тенью, крадется по земле в
поисках злодеев и преступников, которые заслуживают
быть отправленными в царство мертвых. Плутомон
наслаждается, пережевывая злодеев своими пастями,
заполненными рядами острых клыков, и издает зловещий
стрекочущий звук, выслеживая свою добычу. Сочетание
этого и его грозной внешности пугает даже хороших
дигимонов. Все способности Плутомона обладают тревожной
силой, чтобы швырять злодеев вниз, в царство мертвых. В
одном из этих движений, «Врата ада», из тьмы появляется
гигантская пасть и проглатывает врагов целиком, и их
данные разбираются на лоскуты. Ход «Изможденный
Кластер» заставляет клыки на его груди выпустить тьму,
которая поглощает и испаряет любое вещество на своем
пути. Плутомон разделяет цель наказания зла с
Юпитермоном из Олимпос XII. Однако между ними
существует давняя вражда, потому что Юпитермон не
одобряет жестоких методов Плутомона.","A Digimon that rules over the realm of the dead and
uses fear and violence to terrorize evil. Plutomon,
shrouded in deep shadow, stalks through the land
in search of villains and criminals who deserve to
be sent to the realm of the dead. Plutomon delights
in chewing up evildoers with its mouths filled with
rows of sharp fangs, and lets out a sinister chattering
noise as it seeks out its prey. The combination of this
and its fearsome appearance frightens even good
Digimon. Plutomon's abilities all have the disquieting
power to fling villains down to the realm of the dead.
In one of those moves, Hell's Gate, a giant mouth
appears from the darkness and swallows enemies
whole, and their data is broken down into scraps.
The Haggard Cluster move has the fangs of its chest
release a darkness that absorbs and vaporizes any
substance in its path. Plutomon shares the goal of
punishing evil with Jupitermon of the Olympos XII.
However, there's a longstanding animosity between
the two because Jupitermon doesn't approve of
Plutomon's cruel methods."
2,latin_mixed,patch_text01,text/digimon_profile.mbe/000_Sheet1.csv,digimon_0181_profile,142,,"DX, XII","Божественный дигимон и член Олимпос XII, напоминающий
женщину. Мервамон — это форма Миневрамона, которая
накопила опыт и достижения с течением времени, и у нее
гораздо более спокойный и зрелый характер по сравнению
с ее предыдущей формой. Она стала стремиться к
элегантности и очарованию — наблюдаемому в изобилии как
в ее манерах, так и в поведении — и излучает
чувственность в свое окружение. Она даже ищет
очарование в битве, исполняя утонченный, грациозный
танец, чтобы очаровать тех, кто на него смотрит. Вот
почему более чем несколько дигимонов становятся
поклонниками Мервамон, наблюдая этот танец. «Любовный
Яд», распыляемый из рта Меддулии на ее левой руке,
очаровывает любого, кто его вдохнет, позволяя Мервамон
выжать из них жизнь. «Безумная карусель DX» — это
вращающийся удар ее большим мечом «Олимпия Кай» и
Меддулией, создающий торнадо, который мгновенно
разрывает на части любого врага, которого он коснется.","A Deity Digimon and member of the Olympos XII
that resembles a woman. Mervamon is the form
of Minervamon that has amassed experience and
achievements over time, and it has a much calmer
and more mature personality compared to its
previous form. It has come to pursue elegance
and charm—observed in abundance in both its
mannerisms and conduct—and exudes sensuality
into its surroundings. It even seeks charm in battle,
performing a refined, graceful dance to fascinate
those who behold it. That's why more than a few
Digimon become fans of Mervamon upon observing
this dance. The Love Poison sprayed from the mouth
of the Medullia on its left arm bewitches any who
inhale it, letting Mervamon wring the life out of them.
Madness Merry-Go-Round DX is a spinning slash
with its greatsword Olympia Kai and Medullia,
creating a tornado that instantly tears any foe it
touches to shreds."
2,latin_mixed,patch_text01,text/digimon_profile.mbe/000_Sheet1.csv,digimon_0231_profile,180,,REM-,"Дигимон, напоминающий «баку», существо в
японском фольклоре, которое ест сны.
Считается, что он рожден из медицинского
компьютера, который отслеживает мозговые
волны, Тапирмон, по-видимому, питается данными
REM-сна человека. В последнем раунде
исследований также было обнаружено, что он
обладает способностью стирать кошмары и
компьютерные вирусы. Поскольку он также может
возвращать эти кошмары и вирусы в безвредное
состояние, считается, что он является Святым
дигимоном. Святое Кольцо, которое он носит на
одной из своих передних ног, кажется вероятно,
связано как с его особыми способностями, так и
со Святой природой. Особый приём
Тапирмона — «Синдром ночного кошмара», которое
выпускает все поглощенные им кошмары сразу,
чтобы ужаснуть его противников. Это то же
особый приём, что и у дигимона уровня
Совершенный, Дигитамамона, но то, как они
могут быть связаны, остается загадкой.","A Digimon that resembles a ""baku,"" a being in
Japanese folklore that eats dreams. Believed to
have been born from a medical computer that
monitors brainwaves, Tapirmon seems to feed on
human REM sleep data. In the latest round of
research, it was also found to possess the ability
to erase nightmares and computer viruses. Since
it can also return those nightmares and viruses to
a benign state, it's believed to be a Holy Digimon.
The Holy Ring it wears on one of its forelegs seems
likely related to both its special abilities and Holy
nature. Tapirmon's special move is Nightmare
Syndrome, which releases all of the nightmares it
absorbed at once to terrify its adversaries. This is
the same special move as that of the Perfect
Digimon, Digitamamon, but how the two might be
related remains a mystery."
2,latin_mixed,patch_text01,text/digimon_profile.mbe/000_Sheet1.csv,digimon_0365_profile,227,,X-,"Мифический Дракон-дигимон, который обрел
первоначальную силу Виимона и
эволюционировал до уровня Чемпион.
ЭкcВиимон — это чистокровная порода
Виидрамона, которая, как говорят, является
производным видом. Атаки с его развитой силой
рук и ног способны разрушить гору валунов без
следа. Его боятся за эту разрушительную силу,
но на самом деле у него сильное чувство
справедливости, и он не использует свою мощь
безрассудно. Особый приём ЭкcВиимона
«Ви-лазер» выпускает энергетический луч из
X-образной метки на его груди.","A Mythical Dragon Digimon that gained Veemon's
original power and Digivolved to Champion.
ExVeemon is the pure breed of Veedramon, which
is said to be a derivative species. Attacks with its
developed arm and leg strength are capable of
shattering a mountain of boulders without a trace.
It's feared for this destructive power, but in truth it
has a strong sense of justice, and doesn't use its
might recklessly. ExVeemon's special move Vee
Laser fires an energy beam from the X-shaped
mark on its chest."
2,latin_mixed,patch_text01,text/digimon_profile.mbe/000_Sheet1.csv,digimon_0397_profile,255,,V-,"Мифический Древний дигимон, который, как говорят,
существовал только на Фолдер Континенте в обширный
просторах Цифрового мира. Виидрамон чрезвычайно ценен
для Объединителей дигимонов и редко встречается, даже
на Фолдер Континенте. Говорят, что только один
Объединитель когда-либо смог завоевать этого дигимона.
Помимо V-образной метки на его груди, за которую он
назван, о Виидрамоне или его окружающей экосистеме
известно немного. Его иногда по какой-то причине
принимают за собаку. Он обладает исключительный
атакующей силой для дигимона уровня Чемпион, проявляя
силу, даже превосходящую силу Ультимата, когда дело
доходит до крайности. Он использует свой особый приём
«Взрыв V-Новы», чтобы выстрелить высокотемпературным
тепловым лучом из своего рта.","A mythical Ancient Digimon that, even in the vast
expanse of the Digital World, is said to have only
existed on the Folder Continent. Veedramon is
extremely valuable to Digimon Tamers and rarely
encountered, even on the Folder Continent. It's said
that only one Tamer has ever been able to win this
Digimon over. Other than the V-shaped mark on its
chest, for which it's named, not much is known
about Veedramon or its surrounding ecosystem. It's
sometimes mistaken for a dog for some reason. It
has extraordinary attacking power for a Champion
Digimon, exhibiting strength even outstripping that
of an Ultimate when the chips are down. It uses its
special move V-Nova Blast to shoot out a
high-temperature heat ray from its mouth."
2,latin_mixed,patch_text01,text/digimon_profile.mbe/000_Sheet1.csv,digimon_0417_profile,274,,V-,"УльфорсВиидрамон — легендарный Святой Рыцарь-дигимон,
появляющийся только в пророчестве, переданном из
Древнего Цифрового Мира. Появление Королевских Рыцарей,
святых защитников Сети, было написано в этом
пророчестве, и говорят, что члены Королевских Рыцарей
все соберутся из-за этого пророчества, когда Цифровой
мир столкнется со своим величайшим кризисом. Даже среди
Королевских Рыцарей, скорость УльфорсВиидрамона
исключительный, такова, что невозможно следить за его
движениями. У него V-Браслеты на обеих руках, и он
облачен в броню из Синего Дигизоида, чрезвычайно
редкого металла, позволяя ему стрелять сквозь небо и
мчаться по земле. Его особый приём — «Луч победы»,
которым он выпускает луч энергии из V-образной брони на
своей груди, чтобы стереть прочь врагов.","UlforceVeedramon is a legendary Holy Knight Digimon
appearing only in a prophecy passed down from the
Ancient Digital World. The appearance of the Royal
Knights, the holy defenders of the Network, was
written of in this prophecy, and it's said the members
of the Royal Knights will all gather because of this
prophecy when the Digital World faces its greatest
crisis. Even among the Royal Knights,
UlforceVeedramon's speed is exceptional, such that
it's impossible to follow its movements. It has
V-Bracelets on both arms, and is clad in armor made
of Blue Digizoid, an extremely rare metal, allowing it
to shoot through the sky and blast across the earth.
Its special move is The Ray of Victory, with which it
fires a beam of energy from the V-shaped armor on
its chest to wipe out foes."
2,latin_mixed,patch_text01,text/digimon_profile.mbe/000_Sheet1.csv,digimon_0440_profile,292,,XII,"Контратакующий Титан, рожденный из обиды
дигимона, побежденного Олимпос XII в борьбе за
превосходство над Цифровым Миром. Также известный
под псевдонимом «Дивизия одного человека»,
Титамон хранит бездонную энергию обиды в своем
могучем теле. Он перебегает с поля боя на поле
боя, все в погоня голов членов Олимпос XII.
Огромные руки Титамона покрыты большим
количеством черепов, каждый из которых
сформирован из данных силы, похищенных у
павших врагов. Его гигантский медный меч
«Дзанзинтоу» вырезан из костей СкаллГреймона,
и злоба, обитающая внутри клинка, издает
низкий рык. Особый приём Титамона
«Атака Ядра Души» рассекает прямой через броню
и тело врага, рассекая его ДигиЯдро напрямую
своим клинком. Урон, полученный от прямого
попадания, никогда не исцеляется.
«Призрачный Клинок» пронзает врага Дзанзинтоу,
погружая его в галлюцинацию, что он остается
пронзенным даже после того, как клинок
вытащен. Боль от этого удара стихает только со
смертью духа врага.","The counterattack Titan, born from the grudge of a
Digimon felled by the Olympos XII in a contest for
supremacy over the Digital World. Also going by the
alias ""One-Man Division,"" Titamon harbors bottomless
grudge energy within its mighty body. It runs from
battlefield to battlefield, all in pursuit of the heads of
the Olympos XII. Titamon's huge arms are covered in a
large quantity of skulls, each formed from strength
data pilfered from fallen foes. Its gigantic Zanjintou
sword is carved from the bones of SkullGreymon, and
the rancor dwelling within the blade emits a low growl.
Titamon's special move Soul Core Attack slices
straight through an enemy's armor and body, cleaving
its DigiCore directly with its blade. Damage taken
from a direct hit can never be healed. Phantom Blade
runs a foe through with Zanjintou, plunging it into a
hallucination that it remains pierced even after the
blade is pulled out. The pain of this stab only subsides
with the death of the enemy's spirit."
2,latin_mixed,patch_text01,text/digimon_profile.mbe/000_Sheet1.csv,digimon_0604_profile,344,,XII,"Мифический Дигимон-Галактика, который, как
говорят, появился, когда беспрецедентный
кризис обрушился на Цифровой мир Илиада.
Столкновение противоположных сил солнечной и
лунной энергии заставляет ГрейсНовамон
генерировать энергию уровня Большого Взрыва
внутри своего тела. Он возник, когда Аполломон
и Дианамон из Олимпос XII слились вместе. В
результате, считается, что сам ГрейсНовамон
является галактикой, и полный объем его данных
невозможно точно измерить. Его особые приемы —
Палец Затмения, который концентрирует энергию,
усиленную внутри его тела, в его руках,
заставляя врагов плавиться, когда он касается
их, и «Калидон Аркус», который выпускает
восемь лезвий Мелеагроса на его спине, чтобы
найти и уничтожить своих врагов.","A mythical Galaxy Digimon said to have appeared
when an unprecedented crisis descended upon the
Digital World of Iliad. The collision of the opposing
forces of solar energy and lunar energy cause
GraceNovamon to generate Big Bang levels of energy
within its body. It came into being when Apollomon
and Dianamon of the Olympos XII fused together.
As a result, GraceNovamon itself is believed to be a
galaxy in its own right, and the full extent of its data is
impossible to measure accurately. Its special moves
are Eclipse Finger, which concentrates the energy
amplified within its body into its hands, causing foes
to melt when it touches them, and Calydon Arcus,
which fires the eight Meleagros blades on its back to
seek out and destroy its foes."
2,latin_mixed,patch_text01,text/digimon_profile.mbe/000_Sheet1.csv,digimon_0710_profile,391,,"D-VI'S, xx","Зверочеловек Гальгомон, эволюционировавший
из Терриермона, — особый дигимон-охотник.
Он гораздо быстрее, чем кажется, и
поражает врагов с непревзойдённой
точностью. Благодаря мощным ногам
Гальгомон высоко прыгает, а затем
расправляет уши и планирует. Обычно он
весел, но в гневе способен потерять
контроль. Он обожает свои джинсы «D-VI'S
503xx». Используя особый приём Апперкот
«Дам-дам», Гальгомон сближается с
противником и бьёт снизу рукой-Гатлингом.","A Beast Man Digimon that is Digivolved from
Terriermon, it's a special Hunter Digimon. Faster
than its appearance suggests, Gargomon brings
down its foes with unparalleled accuracy and
precision. Its powerful legs let it jump high into
the air, at which point it spreads its ears to glide.
Cheerful by nature, Gargomon may lose control
once angered. It's obsessed with its beloved
""D-VI'S 503xx"" jeans. It uses its special move
Dumdum Uppercut to get close to the enemy
and thrust up from below with its Gatling Arm."
2,latin_mixed,patch_text01,text/digimon_profile.mbe/000_Sheet1.csv,digimon_0733_profile,409,,XII,"Одна из Олимпос XII, Дианамон — Божественный
Дигимон, который контролирует воду и лёд,
позволяя ему сражаться даже в условиях
абсолютного нуля. Его личность двусторонняя,
как светлая и тёмная стороны луны, и его
красота скрывает грозную силу. Дианамон
использует свой специальный приём «Стрела
Артемиды», чтобы натянуть и выстрелить длинной
стрелой из ослепительного льда из выступа на
своей спине. Он также использует «Спокойной
Ночи, Луна», чтобы окутать своего врага лунным
светом, выпущенным из Сестёр Спокойной Ночи на
обеих ногах, усыпляя его.","One of the Olympos XII, Dianamon is a Deity Digimon
that controls water and ice, allowing it to fight even
in absolute zero conditions. Its personality is
two-sided, like the light and dark sides of the moon,
and its beauty conceals a formidable strength.
Dianamon uses its special move Arrow of Artemis
to draw and fire a long arrow of dazzling ice from
the protuberance on its back. It also uses Good
Night Moon to bathe its foe in moonlight fired
from the Goodnight Sisters on both legs, lulling
it to sleep."
2,latin_mixed,patch_text01,text/digimon_profile.mbe/000_Sheet1.csv,digimon_0747_profile,421,,XII,"Божественный Дигимон и член Олимпос XII,
который напоминает молодую девушку. Несмотря
на совсем небольшое телосложение
Минервамона, этот невероятно сильный Дигимон
способен орудовать огромный меч размером с его
собственное тело. Хотя этот Дигимон невинен и
весел, как молодая девушка, его настроение
может дико колебаться. Когда он в плохом
настроении, его поведение быстро становится
расстроенным и своевольным (то есть,
«проблематичным») таким образом, что выходит
из-под контроля. Минервамон использует свой
специальный приём «Ударный перекат», чтобы
обрушить накатывающий удар вперёд от своего
огромного меча Олимпия, и «Безумная Карусель»,
чтобы выполнить горизонтальный вращающий удар
быстрее, чем глаз может увидеть. «Ударный
Кувырок» может расколоть землю, в то время как
«Безумная Карусель» генерирует массивный
торнадо.","A Deity Digimon and member of the Olympos XII
that resembles a young girl. Despite Minervamon's
decidedly small frame, this incredibly strong Digimon
is capable of wielding a greatsword the size of its own
body. Although this Digimon is as innocent and
cheerful as a young girl, its moods can fluctuate
wildly. When it's in a bad mood, its behavior quickly
turns upset and selfish (that is, ""problematic"") in a
way that's out of control. Minervamon uses its special
move Strike Roll to unleash a forward rolling slash
from its greatsword Olympia, and Madness
Merry-Go-Round to perform a horizontal spinning
slash faster than the eye can see. Strike Roll can
split the earth, while Madness Merry-Go-Round
generates a massive tornado."
2,latin_mixed,patch_text01,text/digimon_profile.mbe/000_Sheet1.csv,digimon_0767_profile,436,,XII,"Один из Олимпос XII и самопровозглашённый самый
душевный пьяница Цифрового мира. С его яркой личностью,
Бахусмон хорош в заботе о других. В любое время суток
он собирает дигимонов уровней Ребёнок и Чемпион и
устраивает грандиозные пиршества. Он может производить
различные виды напитков и счастлив делать это по
просьбе своих любимых Дигимонов, которые пришли на его
пиры. Бахусмон предпочитает фруктовые вина, и его
любимое сделано из ферментированных фруктов, взятых из
леса Карпос Хуле на спине Цересмона. Всякий раз, когда
он свободен, он просит Цересмона позволить ему варить
это вино. В результате, эти два Дигимона чрезвычайно
близки и часто делают что-то вместе. Когда Бахусмон
слишком много выпил, узор на его теле становится синим,
и он извергает данные в своём большом желудке в
разрушительном луче света под названием «Обращение
мертвых вспять». Если атака попадает в противника,
Бахусмон поглощает данные, чтобы стать более мощным,
так что столкновение с большими группами врагов может
сделать его непостижимо сильным. Данные, которые
Бахусмон очищает в яд, исследуются Командой Раскола.
Существуют правдоподобные слухи, что данные яда
Бахусмона используются для производства биологического
оружия и в заговорах с целью убийства
высокопоставленных лиц.","One of the Olympos XII, and the self-proclaimed
heartiest drinker of the Digital World. With its bright
personality, Bacchusmon is good at taking care of
others. At all times of the day, it gathers Rookie and
Champion Digimon and holds grand feasts. It can
produce various types of beverages, and is happy
to do so at the request of its favorite Digimon who
have come to attend its feasts. Bacchusmon prefers
fruit wines, and its favorite is made from fermented
fruits taken from the Karpos Hulē forest on Ceresmon's
back. Whenever it's free, it asks Ceresmon to let it
brew that wine. As a result, the two Digimon are
extremely close and often do things together.
When Bacchusmon has had too much to drink, the
pattern on its body turns blue, and it expels the
data in its large stomach in a destructive beam of
light called Reversal of the Dead. If the attack hits
an opponent, Bacchusmon absorbs the data to
become more powerful, so facing off against large
groups of enemies can make it unfathomably strong.
The data that Bacchusmon refines into poison is
being researched by the Crack Team. There are
plausible rumors that Bacchusmon's poison data is
being used to produce biological weapons and in
assassination plots against high-ranking figures."
2,latin_mixed,patch_text01,text/digimon_profile.mbe/000_Sheet1.csv,digimon_0770_profile,437,,D-,"Танкдрамон — Машинный Дигимон, отвечающий за
подавление беспорядков и миссии тяжёлого
штурма для механизированной D-Бригады. Он
превосходен в уничтожении множества целей и может похвастаться
подавляющей огневой мощью. Оснащённый
специальным радаром, способным захватывать 30
целей одновременно, отдельный Танкдрамон также
может синхронизировать цели с другими, и
говорят, что невозможно избежать их всех.
Уровень потерь среди Танкдрамонов также
чрезвычайно низок, и, по сообщениям, только один
когда-либо был потерян в поле. Специальный
приём Танкдрамона «Стремительная Пушка»
выстреливает снарядом, оснащённым небольшой
ядерной боеголовкой, чтобы полностью уничтожить
всё в радиусе 20 миль.","Tankdramon is a Machine Digimon in charge of riot
suppression and heavy assault missions for the
mechanized D-Brigade. It excels at eliminating
multiple targets, and boasts overwhelming
firepower. Equipped with a special radar capable of
locking on to 30 targets at once, an individual
Tankdramon can also sync targets with others, and it's
said to be impossible to escape them all. Casualty
rates among Tankdramon are also extremely low, and
reportedly, only one has ever been lost in the field.
Tankdramon's special move Striver Cannon fires a
shell equipped with a small nuclear warhead to
utterly destroy everything within a 20-mile radius."
2,latin_mixed,patch_text01,text/digimon_profile.mbe/000_Sheet1.csv,digimon_0771_profile,438,,"BAN-TYO, D-","Даркдрамон — дигимон-андроид, который, как полагают,
является предельным оружием D-Бригады. Ходят слухи, что
исследователи D-Бригады создали Даркдрамона,
эволюционировав Танкдрамона, которого они восстановили.
Предположительно, этот Танкдрамон был побеждён в
операции, предназначенной для устранения цели с кодовым
именем BAN-TYO. Однако, никакие из этих сведений не
кажутся особенно надёжными. Кажется, что в этом
процессе эволюции было использовано обширное количество
тёмной материи. Возможно, в результате, Даркдрамон
немедленно впал в берсерк и бежал. Его текущее
местонахождение неизвестно, даже для D-Бригады, хотя
ходят слухи, что он всё ещё ищет Кодовое имя BAN-TYO.
Его специальный приём «Тёмный Рев» — это запрещённая
техника, которая включает выстрел энергетической бомбы,
состоящий из тёмной материи. Ничто не может выжить
после попадания этой атаки, как гласит молва.
Даркдрамон также имеет оружие под названием «Копьё
«Гигастик»», встроенное в его правую руку, которое, как
говорят, равно по мощности святому копью Галлантмона
Грам.","Darkdramon is an Android Digimon believed to be
the D-Brigade's ultimate weapon. Rumor has it that
D-Brigade researchers created Darkdramon by
Digivolving a Tankdramon they recovered. Supposedly,
this Tankdramon was defeated in an operation
designed to eliminate a target codenamed BAN-TYO.
However, none of this information is particularly
reliable. A vast amount of dark matter seems to have
been used in this Digivolution process. Possibly as a
result, Darkdramon immediately went berserk and fled.
Its current whereabouts are unknown, even to the
D-Brigade, though rumor has it that it's still searching
for Codename BAN-TYO. Its special move Dark Roar
is a forbidden technique that involves firing an energy
bomb composed of dark matter. Nothing can survive
a hit from this attack, rumor has it. Darkdramon also
has a weapon called the Gigastick Lance built into
its right arm, said to be equal in power to Gallantmon's
holy lance Gram."
2,latin_mixed,patch_text01,text/digimon_profile.mbe/000_Sheet1.csv,digimon_0777_profile,444,,BM,"МиражГаогамон BM — это специальная форма,
которая временно достигла пределов
способностей МиражГаогамона с Взрывной
Дигивлюцией, экипируя его оружием и аурой
планетарного класса, высокой энергии. Его
специальный приём «Метеоритный удар полной луны»
расплющивает врагов сферой, содержащей энергию
планетарного класса. Он также может
использовать «Последний миражный взрыв»,
который выпускает энергию, скрытую в его
оружии, концентрируя всё тело и душу
МиражГаогамона.","MirageGaogamon BM is a special form that temporarily
reached the limits of MirageGaogamon's abilities
with Burst Digivolution, equipping it with planet-class
high-energy weapons and aura. Its special move
Full Moon Meteor Impact flattens foes with a sphere
containing planet-class energy. It can also use
Final Mirage Burst which releases the energy hidden
in its weapon by focusing all of MirageGaogamon's
body and soul."
2,latin_mixed,patch_text01,text/digimon_profile.mbe/000_Sheet1.csv,digimon_0912_profile,449,,X-,"ДигиЯдро Плутомона отключилось из-за истечения срока
жизни, но, как ни странно, его тело всё ещё действует.
Он уже не следует своей главной миссии — поражать зло.
Теперь он думает только о том, как пожирать данные
других существ, и бесконечно странствует в поисках
новых ДигиЯдер. В отличие от прежнего себя, теперь он
«ужасный хищник» совсем в ином смысле: его
разлагающееся тело не знает насыщения, сколько бы
ДигиЯдер оно ни поглотило. Среди его особых приёмов —
«Хазард Холд», которым он хватает противника и
высасывает данные его ДигиЯдра до разложения; «Адский
Слайсер», выпускающий X-частицы из левой руки, чтобы
разрезать врага на части; и «Мерзость Марионетки»,
укус, заражающий врагов вирусом и превращающий их в
марионеток, вынужденных исполнять его приказы.","Plutomon's DigiCore has shut down due to
reaching the end of its lifespan, but strangely,
its body is still functioning. It no longer retains
its core mission of defeating evil. It thinks of
nothing but devouring the data of other beings,
and endlessly wanders in search of new DigiCores.
Unlike when it was alive, it is now a ""terrible
predator"" in a completely different sense, as its
decaying body will never know satisfaction, no
matter how many DigiCores it consumes.
Its special moves include Hell Slicer, which shoots
out X particles from its left hand in order to cut the
enemy to pieces, and Marionette Abomination, with
which it bites enemies and infects them with a
virus that turns them into a puppet forced to do
its bidding."
2,latin_mixed,patch_text01,text/digitter_message.mbe/000_Sheet1.csv,main_290_020_011,158,,XD,"Безопасность и душевное спокойствие за 100 иен за поездку!
Спасибо, что пользуетесь компанией Палмон Райд XD","Safety and peace of mind at 100 YEN a ride!
Thanks for using Palmon Ride Company XD"
2,latin_mixed,patch_text01,text/digitter_message.mbe/000_Sheet1.csv,main_290_020_020,159,,XD,"Безопасность и душевное спокойствие за 100 иен за поездку!
Спасибо, что пользуетесь компанией Палмон Райд XD","Safety and peace of mind at 100 YEN a ride!
Thanks for using Palmon Ride Company XD"
2,latin_mixed,patch_text01,text/digitter_message.mbe/000_Sheet1.csv,main_300_000_011,168,,XD,"Безопасность и душевное спокойствие за 100 иен за поездку!
Спасибо, что пользуетесь компанией Палмон Райд XD","Safety and peace of mind at 100 YEN a ride!
Thanks for using Palmon Ride Company XD"
2,latin_mixed,patch_text01,text/digitter_message.mbe/000_Sheet1.csv,main_300_000_020,169,,XD,"Безопасность и душевное спокойствие за 100 иен за поездку!
Спасибо, что пользуетесь компанией Палмон Райд XD","Safety and peace of mind at 100 YEN a ride!
Thanks for using Palmon Ride Company XD"
2,latin_mixed,patch_text01,text/digitter_message.mbe/000_Sheet1.csv,sub_010_158_1,333,,TBD,(TBD) sub_010_158_1 Стартовый Дигиттер,
2,latin_mixed,patch_text01,text/digitter_message.mbe/000_Sheet1.csv,sub_100_087_1,290,,VIP-,"Я знаю, что они не привыкли к этому миру, но чтобы нам
понадобилась помощь людей... Ну да ладно. Приходи
в VIP-комнату театра.
Просмотреть детали миссии {decision}","I know they're not used to this world, but to think we'd need
the help of humans... Ah, well. Please come to the theater
VIP room.
View Mission Details {decision}"
2,latin_mixed,patch_text01,text/digitter_message.mbe/000_Sheet1.csv,sub_100_088_1,292,,VIP-,"Загляни в VIP-комнату. Мне нужно попросить тебя
об одолжении. Для тебя это тоже будет выгодно.
Просмотреть детали миссии {decision}","Can you stop by the VIP room? I need to ask you a favor. It
shouldn't be a bad deal for you, either.

View Mission Details {decision}"
2,latin_mixed,patch_text01,text/digitter_message.mbe/000_Sheet1.csv,sub_100_178_1,359,,VIP-,"Трое ведущих хотят передать тебе кое-что. Пожалуйста,
приходи в VIP-комнату Промежуточного Театра.
Просмотреть детали миссии {decision}","The three hosts have something they'd like to convey to you.
Please come to the VIP room of the In-Between Theater.

View Mission Details {decision}"
2,latin_mixed,patch_text01,text/info_message.mbe/000_Sheet1.csv,1015,14,,"PlayStation, Store","Не удалось загрузить дополнительный контент.
Попробуйте ещё раз загрузить его из PlayStation®Store.","Unable to load add-on content.
Please try downloading the content from PlayStation®Store again."
2,latin_mixed,patch_text01,text/info_message.mbe/000_Sheet1.csv,9001,175,,Esc,"Нажмите кнопку для назначения выбранному действию.
Чтобы отменить и вернуться назад, нажмите Esc.","Press the button you want to assign to the selected action.
Cancel and return to the previous screen using the Esc key."
2,latin_mixed,patch_text01,text/info_message.mbe/000_Sheet1.csv,info_message_demo_03,302,,"Digimon, Story, Stranger, Time","Этот режим перенесёт вас в Центральный город —
сердце Цифрового мира Илиады.

Он откроется после завершения демоверсии
Digimon Story: Time Stranger.","This mode lets you experience an adventure in Central Town,
located at the heart of the Digital World of Iliad.

This mode is available once you have completed the
Digimon Story: The Time Stranger Demo."
2,latin_mixed,patch_text01,text/info_message.mbe/000_Sheet1.csv,info_message_dlc_18,293,,"Digimon, Story, Stranger, Time","Бонусный набор за предзаказ Digimon Story Time Stranger:
{fc9костюм «Форма определённой школы»} теперь доступен.

Переодеться в этот костюм можно через меню
Агент > Костюмы на вашем Дигивайсе.","Digimon Story Time Stranger Pre-Order Bonus Pack
{fc9Costume ""Uniform of a Certain School""} is now available.

You can change into this costume by navigating to
Agent > Costumes on your Digivice."
2,latin_mixed,patch_text01,text/info_message.mbe/000_Sheet1.csv,info_message_dlc_19,294,,"Digimon, Story, Stranger, Time","Бонусный набор за предзаказ Digimon Story Time Stranger:
{fc9набор предметов для приключений} теперь доступен.

Получить эти предметы можно через меню
Предметы > Наборы предметов на вашем Дигивайсе.","Digimon Story Time Stranger Pre-Order Bonus Pack
{fc9Adventure Item Set} is now available.

You can obtain these items by navigating to
Item > Item Packs on your Digivice."
2,latin_mixed,patch_text01,text/item_explanation.mbe/000_Sheet1.csv,825,247,,"Adventure, Digimon","Костюм. Наряд, вдохновлённый Digimon Adventure.","Costume.
An outfit taking inspiration from Digimon Adventure."
2,latin_mixed,patch_text01,text/item_explanation.mbe/000_Sheet1.csv,835,257,,"BEATBREAK, DIGIMON",Костюм. Наряд с футболкой DIGIMON BEATBREAK.,"Costume.
An outfit with a T-shirt sporting a graphic print."
2,latin_mixed,patch_text01,text/item_name.mbe/000_Sheet1.csv,1002,317,,II,Модуль ОЗ II,HP Attachment II
2,latin_mixed,patch_text01,text/item_name.mbe/000_Sheet1.csv,1003,318,,III,Модуль ОЗ III,HP Attachment III
2,latin_mixed,patch_text01,text/item_name.mbe/000_Sheet1.csv,1005,320,,II,Модуль ОС II,SP Attachment II
2,latin_mixed,patch_text01,text/item_name.mbe/000_Sheet1.csv,1006,321,,III,Модуль ОС III,SP Attachment III
2,latin_mixed,patch_text01,text/item_name.mbe/000_Sheet1.csv,1008,323,,II,Модуль АТК II,ATK Attachment II
2,latin_mixed,patch_text01,text/item_name.mbe/000_Sheet1.csv,1009,324,,III,Модуль АТК III,ATK Attachment III
2,latin_mixed,patch_text01,text/item_name.mbe/000_Sheet1.csv,1011,326,,II,Модуль ЗАЩ II,DEF Attachment II
2,latin_mixed,patch_text01,text/item_name.mbe/000_Sheet1.csv,1012,327,,III,Модуль ЗАЩ III,DEF Attachment III
2,latin_mixed,patch_text01,text/item_name.mbe/000_Sheet1.csv,1014,329,,II,Модуль ИНТ II,INT Attachment II
2,latin_mixed,patch_text01,text/item_name.mbe/000_Sheet1.csv,1015,330,,III,Модуль ИНТ III,INT Attachment III
2,latin_mixed,patch_text01,text/item_name.mbe/000_Sheet1.csv,1017,332,,II,Модуль ДУХ II,SPI Attachment II
2,latin_mixed,patch_text01,text/item_name.mbe/000_Sheet1.csv,1018,333,,III,Модуль ДУХ III,SPI Attachment III
2,latin_mixed,patch_text01,text/item_name.mbe/000_Sheet1.csv,1020,335,,II,Модуль СКР II,SPD Attachment II
2,latin_mixed,patch_text01,text/item_name.mbe/000_Sheet1.csv,1021,336,,III,Модуль СКР III,SPD Attachment III
2,latin_mixed,patch_text01,text/item_name.mbe/000_Sheet1.csv,1023,338,,II,Модуль МЕТ II,ACU Attachment II
2,latin_mixed,patch_text01,text/item_name.mbe/000_Sheet1.csv,1025,340,,II,Модуль УКЛ II,EVA Attachment II
2,latin_mixed,patch_text01,text/item_name.mbe/000_Sheet1.csv,1027,342,,II,Модуль КРТ II,CRT Attachment II
2,latin_mixed,patch_text01,text/item_name.mbe/000_Sheet1.csv,1029,344,,II,Модуль энергии II,Energy Attachment II
2,latin_mixed,patch_text01,text/item_name.mbe/000_Sheet1.csv,1031,346,,II,Модуль физической силы II,Physical Attachment II
2,latin_mixed,patch_text01,text/item_name.mbe/000_Sheet1.csv,1033,348,,II,Модуль разрушения II,Destruction Attachment II
2,latin_mixed,patch_text01,text/item_name.mbe/000_Sheet1.csv,1035,350,,II,Модуль души II,Soul Attachment II
2,latin_mixed,patch_text01,text/item_name.mbe/000_Sheet1.csv,1037,352,,II,Модуль бодрости II,Vigor Attachment II
2,latin_mixed,patch_text01,text/item_name.mbe/000_Sheet1.csv,1039,354,,II,Модуль пера II,Feather Attachment II
2,latin_mixed,patch_text01,text/item_name.mbe/000_Sheet1.csv,1041,356,,II,Модуль смертоносности II,Deadly Attachment II
2,latin_mixed,patch_text01,text/item_name.mbe/000_Sheet1.csv,1043,358,,II,Модуль проклятия II,Curse Attachment II
2,latin_mixed,patch_text01,text/item_name.mbe/000_Sheet1.csv,1045,360,,II,Модуль атаки II,Attacker Attachment II
2,latin_mixed,patch_text01,text/item_name.mbe/000_Sheet1.csv,1047,362,,II,Модуль защиты II,Guarder Attachment II
2,latin_mixed,patch_text01,text/item_name.mbe/000_Sheet1.csv,11,12,,II,Спрей ОС II,SP Spray II
2,latin_mixed,patch_text01,text/item_name.mbe/000_Sheet1.csv,1171,475,,II,Стена отравления II,Poison Wall II
2,latin_mixed,patch_text01,text/item_name.mbe/000_Sheet1.csv,1172,476,,II,Стена смятения II,Panic Wall II
2,latin_mixed,patch_text01,text/item_name.mbe/000_Sheet1.csv,1173,477,,II,Стена паралича II,Paralysis Wall II
2,latin_mixed,patch_text01,text/item_name.mbe/000_Sheet1.csv,1174,478,,II,Стена сна II,Sleep Wall II
2,latin_mixed,patch_text01,text/item_name.mbe/000_Sheet1.csv,12,13,,III,Спрей ОС III,SP Spray III
2,latin_mixed,patch_text01,text/item_name.mbe/000_Sheet1.csv,14,15,,DX,Медицинский спрей DX,Medical Spray DX
2,latin_mixed,patch_text01,text/item_name.mbe/000_Sheet1.csv,2,3,,II,Капсула ОЗ II,HP Capsule II
2,latin_mixed,patch_text01,text/item_name.mbe/000_Sheet1.csv,25,26,,DX,Мульти-восстановление DX,Multi-Recovery DX
2,latin_mixed,patch_text01,text/item_name.mbe/000_Sheet1.csv,27,28,,DX,Капсула возрождения DX,Revival Capsule DX
2,latin_mixed,patch_text01,text/item_name.mbe/000_Sheet1.csv,3,4,,III,Капсула ОЗ III,HP Capsule III
2,latin_mixed,patch_text01,text/item_name.mbe/000_Sheet1.csv,41,42,,II,Очко мужества II,Courage Point II
2,latin_mixed,patch_text01,text/item_name.mbe/000_Sheet1.csv,42,43,,III,Очко мужества III,Courage Point III
2,latin_mixed,patch_text01,text/item_name.mbe/000_Sheet1.csv,43,44,,IV,Очко мужества IV,Courage Point IV
2,latin_mixed,patch_text01,text/item_name.mbe/000_Sheet1.csv,46,47,,DX,Дружба DX,Friendship DX
2,latin_mixed,patch_text01,text/item_name.mbe/000_Sheet1.csv,5,6,,II,Спрей ОЗ II,HP Spray II
2,latin_mixed,patch_text01,text/item_name.mbe/000_Sheet1.csv,6,7,,III,Спрей ОЗ III,HP Spray III
2,latin_mixed,patch_text01,text/item_name.mbe/000_Sheet1.csv,60,61,,DX,Ускоритель пробуждения таланта DX,Talent Awakening Booster DX
2,latin_mixed,patch_text01,text/item_name.mbe/000_Sheet1.csv,62,63,,II,Чип усиления ОЗ II,HP Augment Chip II
2,latin_mixed,patch_text01,text/item_name.mbe/000_Sheet1.csv,63,64,,III,Чип усиления ОЗ III,HP Augment Chip III
2,latin_mixed,patch_text01,text/item_name.mbe/000_Sheet1.csv,65,66,,II,Чип усиления ОС II,SP Augment Chip II
2,latin_mixed,patch_text01,text/item_name.mbe/000_Sheet1.csv,66,67,,III,Чип усиления ОС III,SP Augment Chip III
2,latin_mixed,patch_text01,text/item_name.mbe/000_Sheet1.csv,68,69,,II,Чип усиления АТК II,ATK Augment Chip II
2,latin_mixed,patch_text01,text/item_name.mbe/000_Sheet1.csv,69,70,,III,Чип усиления АТК III,ATK Augment Chip III
2,latin_mixed,patch_text01,text/item_name.mbe/000_Sheet1.csv,71,72,,II,Чип усиления ЗАЩ II,DEF Augment Chip II
2,latin_mixed,patch_text01,text/item_name.mbe/000_Sheet1.csv,72,73,,III,Чип усиления ЗАЩ III,DEF Augment Chip III
2,latin_mixed,patch_text01,text/item_name.mbe/000_Sheet1.csv,74,75,,II,Чип усиления ИНТ II,INT Augment Chip II
2,latin_mixed,patch_text01,text/item_name.mbe/000_Sheet1.csv,75,76,,III,Чип усиления ИНТ III,INT Augment Chip III
2,latin_mixed,patch_text01,text/item_name.mbe/000_Sheet1.csv,77,78,,II,Чип усиления ДУХ II,SPI Augment Chip II
2,latin_mixed,patch_text01,text/item_name.mbe/000_Sheet1.csv,78,79,,III,Чип усиления ДУХ III,SPI Augment Chip III
2,latin_mixed,patch_text01,text/item_name.mbe/000_Sheet1.csv,8,9,,II,Капсула ОС II,SP Capsule II
2,latin_mixed,patch_text01,text/item_name.mbe/000_Sheet1.csv,80,81,,II,Чип усиления СКР II,SPD Augment Chip II
2,latin_mixed,patch_text01,text/item_name.mbe/000_Sheet1.csv,81,82,,III,Чип усиления СКР III,SPD Augment Chip III
2,latin_mixed,patch_text01,text/item_name.mbe/000_Sheet1.csv,828,292,,TEKKEN,Футболка TEKKEN 8,TEKKEN 8 T-Shirt
2,latin_mixed,patch_text01,text/item_name.mbe/000_Sheet1.csv,829,293,,TEKKEN,Футболка TEKKEN 8 (Лили),TEKKEN 8 T-Shirt (Lili)
2,latin_mixed,patch_text01,text/item_name.mbe/000_Sheet1.csv,830,294,,PAC-MAN,Футболка к 45-летию PAC-MAN,PAC-MAN 45th Anniversary T-Shirt
2,latin_mixed,patch_text01,text/item_name.mbe/000_Sheet1.csv,831,295,,"Taiko, Tatsujin, no",Футболка Taiko no Tatsujin,Taiko no Tatsujin T-Shirt
2,latin_mixed,patch_text01,text/item_name.mbe/000_Sheet1.csv,832,296,,"Arise, Hootle, Tales, of",Футболка Tales of Arise (Hootle),Tales of Arise T-Shirt (Hootle)
2,latin_mixed,patch_text01,text/item_name.mbe/000_Sheet1.csv,833,297,,"Idolmaster, The",Футболка The Idolmaster (Харука Амами),THE IDOLM＠STER T-Shirt (Haruka Amami)
2,latin_mixed,patch_text01,text/item_name.mbe/000_Sheet1.csv,835,299,,"BEATBREAK, DIGIMON",Футболка DIGIMON BEATBREAK,DIGIMON BEATBREAK T-Shirt
2,latin_mixed,patch_text01,text/item_name.mbe/000_Sheet1.csv,9,10,,III,Капсула ОС III,SP Capsule III
2,latin_mixed,patch_text01,text/item_ruby.mbe/000_Sheet1.csv,1002,244,,II,Модуль ОЗ II,HP Attachment II
2,latin_mixed,patch_text01,text/item_ruby.mbe/000_Sheet1.csv,1003,245,,III,Модуль ОЗ III,HP Attachment III
2,latin_mixed,patch_text01,text/item_ruby.mbe/000_Sheet1.csv,1005,247,,II,Модуль ОС II,SP Attachment II
2,latin_mixed,patch_text01,text/item_ruby.mbe/000_Sheet1.csv,1006,248,,III,Модуль ОС III,SP Attachment III
2,latin_mixed,patch_text01,text/item_ruby.mbe/000_Sheet1.csv,1008,250,,II,Модуль АТК II,ATK Attachment II
2,latin_mixed,patch_text01,text/item_ruby.mbe/000_Sheet1.csv,1009,251,,III,Модуль АТК III,ATK Attachment III
2,latin_mixed,patch_text01,text/item_ruby.mbe/000_Sheet1.csv,1011,253,,II,Модуль ЗАЩ II,DEF Attachment II
2,latin_mixed,patch_text01,text/item_ruby.mbe/000_Sheet1.csv,1012,254,,III,Модуль ЗАЩ III,DEF Attachment III
2,latin_mixed,patch_text01,text/item_ruby.mbe/000_Sheet1.csv,1014,256,,II,Модуль ИНТ II,INT Attachment II
2,latin_mixed,patch_text01,text/item_ruby.mbe/000_Sheet1.csv,1015,257,,III,Модуль ИНТ III,INT Attachment III
2,latin_mixed,patch_text01,text/item_ruby.mbe/000_Sheet1.csv,1017,259,,II,Модуль ДУХ II,SPI Attachment II
2,latin_mixed,patch_text01,text/item_ruby.mbe/000_Sheet1.csv,1018,260,,III,Модуль ДУХ III,SPI Attachment III
2,latin_mixed,patch_text01,text/item_ruby.mbe/000_Sheet1.csv,1020,262,,II,Модуль СКР II,SPD Attachment II
2,latin_mixed,patch_text01,text/item_ruby.mbe/000_Sheet1.csv,1021,263,,III,Модуль СКР III,SPD Attachment III
2,latin_mixed,patch_text01,text/item_ruby.mbe/000_Sheet1.csv,1023,265,,II,Модуль МЕТ II,ACU Attachment II
2,latin_mixed,patch_text01,text/item_ruby.mbe/000_Sheet1.csv,1025,267,,II,Модуль УКЛ II,EVA Attachment II
2,latin_mixed,patch_text01,text/item_ruby.mbe/000_Sheet1.csv,1027,269,,II,Модуль КРТ II,CRT Attachment II
2,latin_mixed,patch_text01,text/item_ruby.mbe/000_Sheet1.csv,1029,271,,II,Модуль энергии II,Energy Attachment II
2,latin_mixed,patch_text01,text/item_ruby.mbe/000_Sheet1.csv,1031,273,,II,Модуль физической силы II,Physical Attachment II
2,latin_mixed,patch_text01,text/item_ruby.mbe/000_Sheet1.csv,1033,275,,II,Модуль разрушения II,Destruction Attachment II
2,latin_mixed,patch_text01,text/item_ruby.mbe/000_Sheet1.csv,1035,277,,II,Модуль души II,Soul Attachment II
2,latin_mixed,patch_text01,text/item_ruby.mbe/000_Sheet1.csv,1037,279,,II,Модуль бодрости II,Vigor Attachment II
2,latin_mixed,patch_text01,text/item_ruby.mbe/000_Sheet1.csv,1039,281,,II,Модуль пера II,Feather Attachment II
2,latin_mixed,patch_text01,text/item_ruby.mbe/000_Sheet1.csv,1041,283,,II,Модуль смертоносности II,Deadly Attachment II
2,latin_mixed,patch_text01,text/item_ruby.mbe/000_Sheet1.csv,1043,285,,II,Модуль проклятия II,Curse Attachment II
2,latin_mixed,patch_text01,text/item_ruby.mbe/000_Sheet1.csv,1045,287,,II,Модуль атаки II,Attacker Attachment II
2,latin_mixed,patch_text01,text/item_ruby.mbe/000_Sheet1.csv,1047,289,,II,Модуль защиты II,Guarder Attachment II
2,latin_mixed,patch_text01,text/item_ruby.mbe/000_Sheet1.csv,11,12,,II,Спрей ОС II,SP Spray II
2,latin_mixed,patch_text01,text/item_ruby.mbe/000_Sheet1.csv,1171,339,,II,Стена отравления II,Poison Wall 2
2,latin_mixed,patch_text01,text/item_ruby.mbe/000_Sheet1.csv,1172,340,,II,Стена смятения II,Panic Wall 2
2,latin_mixed,patch_text01,text/item_ruby.mbe/000_Sheet1.csv,1173,341,,II,Стена паралича II,Paralysis Wall 2
2,latin_mixed,patch_text01,text/item_ruby.mbe/000_Sheet1.csv,1174,342,,II,Стена сна II,Sleep Wall 2
2,latin_mixed,patch_text01,text/item_ruby.mbe/000_Sheet1.csv,12,13,,III,Спрей ОС III,SP Spray III
2,latin_mixed,patch_text01,text/item_ruby.mbe/000_Sheet1.csv,14,15,,DX,Медицинский спрей DX,Medical Spray DX
2,latin_mixed,patch_text01,text/item_ruby.mbe/000_Sheet1.csv,2,3,,II,Капсула ОЗ II,HP Capsule II
2,latin_mixed,patch_text01,text/item_ruby.mbe/000_Sheet1.csv,25,26,,DX,Мульти-восстановление DX,Multi-Recovery DX
2,latin_mixed,patch_text01,text/item_ruby.mbe/000_Sheet1.csv,27,28,,DX,Капсула возрождения DX,Revival Capsule DX
2,latin_mixed,patch_text01,text/item_ruby.mbe/000_Sheet1.csv,3,4,,III,Капсула ОЗ III,HP Capsule III
2,latin_mixed,patch_text01,text/item_ruby.mbe/000_Sheet1.csv,41,42,,II,Очко мужества II,Courage Point II
2,latin_mixed,patch_text01,text/item_ruby.mbe/000_Sheet1.csv,42,43,,III,Очко мужества III,Courage Point III
2,latin_mixed,patch_text01,text/item_ruby.mbe/000_Sheet1.csv,43,44,,IV,Очко мужества IV,Courage Point IV
2,latin_mixed,patch_text01,text/item_ruby.mbe/000_Sheet1.csv,46,47,,DX,Дружба DX,Friendship DX
2,latin_mixed,patch_text01,text/item_ruby.mbe/000_Sheet1.csv,5,6,,II,Спрей ОЗ II,HP Spray II
2,latin_mixed,patch_text01,text/item_ruby.mbe/000_Sheet1.csv,6,7,,III,Спрей ОЗ III,HP Spray III
2,latin_mixed,patch_text01,text/item_ruby.mbe/000_Sheet1.csv,60,51,,DX,Ускоритель пробуждения таланта DX,Talent Awakening Booster DX
2,latin_mixed,patch_text01,text/item_ruby.mbe/000_Sheet1.csv,62,53,,II,Чип усиления ОЗ II,HP Augment Chip II
2,latin_mixed,patch_text01,text/item_ruby.mbe/000_Sheet1.csv,63,54,,III,Чип усиления ОЗ III,HP Augment Chip III
2,latin_mixed,patch_text01,text/item_ruby.mbe/000_Sheet1.csv,65,56,,II,Чип усиления ОС II,SP Augment Chip II
2,latin_mixed,patch_text01,text/item_ruby.mbe/000_Sheet1.csv,66,57,,III,Чип усиления ОС III,SP Augment Chip III
2,latin_mixed,patch_text01,text/item_ruby.mbe/000_Sheet1.csv,68,59,,II,Чип усиления АТК II,ATK Augment Chip II
2,latin_mixed,patch_text01,text/item_ruby.mbe/000_Sheet1.csv,69,60,,III,Чип усиления АТК III,ATK Augment Chip III
2,latin_mixed,patch_text01,text/item_ruby.mbe/000_Sheet1.csv,71,62,,II,Чип усиления ЗАЩ II,DEF Augment Chip II
2,latin_mixed,patch_text01,text/item_ruby.mbe/000_Sheet1.csv,72,63,,III,Чип усиления ЗАЩ III,DEF Augment Chip III
2,latin_mixed,patch_text01,text/item_ruby.mbe/000_Sheet1.csv,74,65,,II,Чип усиления ИНТ II,INT Augment Chip II
2,latin_mixed,patch_text01,text/item_ruby.mbe/000_Sheet1.csv,75,66,,III,Чип усиления ИНТ III,INT Augment Chip III
2,latin_mixed,patch_text01,text/item_ruby.mbe/000_Sheet1.csv,77,68,,II,Чип усиления ДУХ II,SPI Augment Chip II
2,latin_mixed,patch_text01,text/item_ruby.mbe/000_Sheet1.csv,78,69,,III,Чип усиления ДУХ III,SPI Augment Chip III
2,latin_mixed,patch_text01,text/item_ruby.mbe/000_Sheet1.csv,8,9,,II,Капсула ОС II,SP Capsule II
2,latin_mixed,patch_text01,text/item_ruby.mbe/000_Sheet1.csv,80,71,,II,Чип усиления СКР II,SPD Augment Chip II
2,latin_mixed,patch_text01,text/item_ruby.mbe/000_Sheet1.csv,81,72,,III,Чип усиления СКР III,SPD Augment Chip III
2,latin_mixed,patch_text01,text/item_ruby.mbe/000_Sheet1.csv,828,219,,Tekken,Футболка Tekken 8,Tekken 8 T-shirt
2,latin_mixed,patch_text01,text/item_ruby.mbe/000_Sheet1.csv,829,220,,Tekken,Футболка Tekken 8 (Лили),Tekken 8 T-shirt (Lili)
2,latin_mixed,patch_text01,text/item_ruby.mbe/000_Sheet1.csv,830,221,,PAC-MAN,Футболка к 45-летию PAC-MAN,PAC-MAN 45th Anniversary T-shirt
2,latin_mixed,patch_text01,text/item_ruby.mbe/000_Sheet1.csv,831,222,,"Taiko, Tatsujin, no",Футболка Taiko no Tatsujin,Taiko no Tatsujin T-shirt
2,latin_mixed,patch_text01,text/item_ruby.mbe/000_Sheet1.csv,832,223,,"Arise, Hootle, Tales, of",Футболка Tales of Arise (Hootle),Tales of Arise T-shirt (Hootle)
2,latin_mixed,patch_text01,text/item_ruby.mbe/000_Sheet1.csv,833,224,,"Idolmaster, The",Футболка The Idolmaster (Харука Амами),The Idolmaster T-shirt (Haruka Amami)
2,latin_mixed,patch_text01,text/item_ruby.mbe/000_Sheet1.csv,835,226,,"BEATBREAK, DIGIMON",Футболка DIGIMON BEATBREAK,DIGIMON BEATBREAK T-Shirt
2,latin_mixed,patch_text01,text/item_ruby.mbe/000_Sheet1.csv,9,10,,III,Капсула ОС III,SP Capsule III
2,latin_mixed,patch_text01,text/main_quest_step.mbe/000_Sheet1.csv,310064,209,,SDGP,"Победите Граплеомона, чемпиона SDGP.","Defeat GrapLeomon, the SDGP champion."
2,latin_mixed,patch_text01,text/main_quest_title.mbe/000_Sheet1.csv,370,40,,II,Закрыто на ремонт II,Absence Through Repair II
2,latin_mixed,patch_text01,text/personality_skill_explanation.mbe/000_Sheet1.csv,2,4,,CP,Немного повышает получаемую шкалу CP.,Slightly boosts CP gained.
2,latin_mixed,patch_text01,text/quest_outline.mbe/000_Sheet1.csv,88,55,,VIP-,"Загляни в VIP-зал. Мне нужно попросить тебя
об одолжении. Для тебя это тоже будет выгодно.","Can you stop by the VIP room? I need to ask you a
favor. It shouldn't be a bad deal for you, either."
2,latin_mixed,patch_text01,text/quest_step.mbe/000_Sheet1.csv,168020,360,,TBD,Продайте топаз (TBD) Кокувамону.,
2,latin_mixed,patch_text01,text/quest_step.mbe/000_Sheet1.csv,178010,385,,VIP-,Идите в VIP-зал.,Go to the VIP room.
2,latin_mixed,patch_text01,text/quest_title.mbe/000_Sheet1.csv,217,123,,XII,Тестовый матч Олимпоса XII,Olympos XII's Test Match
2,latin_mixed,patch_text01,text/quest_title.mbe/000_Sheet1.csv,963,145,,DM,Финальная битва: Империалдрамон DM,The Ultimate Battle: Imperialdramon DM
2,latin_mixed,patch_text01,text/skill_name.mbe/000_Sheet1.csv,21812,245,,DX,Безумная карусель DX,Madness Merry-Go-Round DX
2,latin_mixed,patch_text01,text/skill_name.mbe/000_Sheet1.csv,23971,388,,V-,Взрыв V-Новы,V-Nova Blast
2,latin_mixed,patch_text01,text/skill_name.mbe/000_Sheet1.csv,28064,656,,A.D.V,Гранатомет A.D.V.,A.D.V. Grenade Launcher
2,latin_mixed,patch_text01,text/skill_name.mbe/000_Sheet1.csv,30012,684,,II,Облачный напалм II,Wolkenapalm II
2,latin_mixed,patch_text01,text/skill_name.mbe/000_Sheet1.csv,30013,685,,III,Облачный напалм III,Wolkenapalm III
2,latin_mixed,patch_text01,text/skill_name.mbe/000_Sheet1.csv,30022,687,,II,Вспышка пламени II,Burst Flame II
2,latin_mixed,patch_text01,text/skill_name.mbe/000_Sheet1.csv,30023,688,,III,Вспышка пламени III,Burst Flame III
2,latin_mixed,patch_text01,text/skill_name.mbe/000_Sheet1.csv,30032,690,,II,Магмопад II,Magma Fall II
2,latin_mixed,patch_text01,text/skill_name.mbe/000_Sheet1.csv,30033,691,,III,Магмопад III,Magma Fall III
2,latin_mixed,patch_text01,text/skill_name.mbe/000_Sheet1.csv,30035,693,,II,Пламенный всполох II,Ignition Flare II
2,latin_mixed,patch_text01,text/skill_name.mbe/000_Sheet1.csv,30036,694,,III,Пламенный всполох III,Ignition Flare III
2,latin_mixed,patch_text01,text/skill_name.mbe/000_Sheet1.csv,30042,696,,II,Водяное давление II,Aqua Pressure II
2,latin_mixed,patch_text01,text/skill_name.mbe/000_Sheet1.csv,30043,697,,III,Водяное давление III,Aqua Pressure III
2,latin_mixed,patch_text01,text/skill_name.mbe/000_Sheet1.csv,30052,699,,II,Гидропоток II,Hydro Water II
2,latin_mixed,patch_text01,text/skill_name.mbe/000_Sheet1.csv,30053,700,,III,Гидропоток III,Hydro Water III
2,latin_mixed,patch_text01,text/skill_name.mbe/000_Sheet1.csv,30062,702,,II,Океанская волна II,Ocean Wave II
2,latin_mixed,patch_text01,text/skill_name.mbe/000_Sheet1.csv,30063,703,,III,Океанская волна III,Ocean Wave III
2,latin_mixed,patch_text01,text/skill_name.mbe/000_Sheet1.csv,30065,705,,II,Приливный поток II,Tidal Stream II
2,latin_mixed,patch_text01,text/skill_name.mbe/000_Sheet1.csv,30066,706,,III,Приливный поток III,Tidal Stream III
2,latin_mixed,patch_text01,text/skill_name.mbe/000_Sheet1.csv,30072,708,,II,Серповидный лист II,Crescent Leaf II
2,latin_mixed,patch_text01,text/skill_name.mbe/000_Sheet1.csv,30073,709,,III,Серповидный лист III,Crescent Leaf III
2,latin_mixed,patch_text01,text/skill_name.mbe/000_Sheet1.csv,30082,711,,II,Удар шипами II,Thorn Strike II
2,latin_mixed,patch_text01,text/skill_name.mbe/000_Sheet1.csv,30083,712,,III,Удар шипами III,Thorn Strike III
2,latin_mixed,patch_text01,text/skill_name.mbe/000_Sheet1.csv,30092,714,,II,Рунический лес II,Rune Forest II
2,latin_mixed,patch_text01,text/skill_name.mbe/000_Sheet1.csv,30093,715,,III,Рунический лес III,Rune Forest III
2,latin_mixed,patch_text01,text/skill_name.mbe/000_Sheet1.csv,30095,717,,II,Игольчатое растение II,Needle Plant II
2,latin_mixed,patch_text01,text/skill_name.mbe/000_Sheet1.csv,30096,718,,III,Игольчатое растение III,Needle Plant III
2,latin_mixed,patch_text01,text/skill_name.mbe/000_Sheet1.csv,30102,720,,II,Ледяная кромка II,Icicle Edge II
2,latin_mixed,patch_text01,text/skill_name.mbe/000_Sheet1.csv,30103,721,,III,Ледяная кромка III,Icicle Edge III
2,latin_mixed,patch_text01,text/skill_name.mbe/000_Sheet1.csv,30112,723,,II,Ледяная пуля II,Frozen Bullet II
2,latin_mixed,patch_text01,text/skill_name.mbe/000_Sheet1.csv,30113,724,,III,Ледяная пуля III,Frozen Bullet III
2,latin_mixed,patch_text01,text/skill_name.mbe/000_Sheet1.csv,30122,726,,II,Смертельная метель II,Lethal Blizzard II
2,latin_mixed,patch_text01,text/skill_name.mbe/000_Sheet1.csv,30123,727,,III,Смертельная метель III,Lethal Blizzard III
2,latin_mixed,patch_text01,text/skill_name.mbe/000_Sheet1.csv,30125,729,,II,Алмазная пыль II,Diamond Dust II
2,latin_mixed,patch_text01,text/skill_name.mbe/000_Sheet1.csv,30126,730,,III,Алмазная пыль III,Diamond Dust III
2,latin_mixed,patch_text01,text/skill_name.mbe/000_Sheet1.csv,30132,732,,II,Сбой наномашин II,Nanomachine Break II
2,latin_mixed,patch_text01,text/skill_name.mbe/000_Sheet1.csv,30133,733,,III,Сбой наномашин III,Nanomachine Break III
2,latin_mixed,patch_text01,text/skill_name.mbe/000_Sheet1.csv,30142,735,,II,Ударная плазма II,Shock Plasma II
2,latin_mixed,patch_text01,text/skill_name.mbe/000_Sheet1.csv,30143,736,,III,Ударная плазма III,Shock Plasma III
2,latin_mixed,patch_text01,text/skill_name.mbe/000_Sheet1.csv,30152,738,,II,Громопад II,Thunder Fall II
2,latin_mixed,patch_text01,text/skill_name.mbe/000_Sheet1.csv,30153,739,,III,Громопад III,Thunder Fall III
2,latin_mixed,patch_text01,text/skill_name.mbe/000_Sheet1.csv,30155,741,,II,Молниеносный коготь II,Lightning Claw II
2,latin_mixed,patch_text01,text/skill_name.mbe/000_Sheet1.csv,30156,742,,III,Молниеносный коготь III,Lightning Claw III
2,latin_mixed,patch_text01,text/skill_name.mbe/000_Sheet1.csv,30162,744,,II,Кометный молот II,Comet Hammer II
2,latin_mixed,patch_text01,text/skill_name.mbe/000_Sheet1.csv,30163,745,,III,Кометный молот III,Comet Hammer III
2,latin_mixed,patch_text01,text/skill_name.mbe/000_Sheet1.csv,30172,747,,II,Бластер Геи II,Gaia Blaster II
2,latin_mixed,patch_text01,text/skill_name.mbe/000_Sheet1.csv,30173,748,,III,Бластер Геи III,Gaia Blaster III
2,latin_mixed,patch_text01,text/skill_name.mbe/000_Sheet1.csv,30182,750,,II,Сокрушительное землетрясение II,Awesome Quake II
2,latin_mixed,patch_text01,text/skill_name.mbe/000_Sheet1.csv,30183,751,,III,Сокрушительное землетрясение III,Awesome Quake III
2,latin_mixed,patch_text01,text/skill_name.mbe/000_Sheet1.csv,30185,753,,II,Каменный раскол II,Stone Cleave II
2,latin_mixed,patch_text01,text/skill_name.mbe/000_Sheet1.csv,30186,754,,III,Каменный раскол III,Stone Cleave III
2,latin_mixed,patch_text01,text/skill_name.mbe/000_Sheet1.csv,30192,756,,II,Коготь ветра II,Wind Claw II
2,latin_mixed,patch_text01,text/skill_name.mbe/000_Sheet1.csv,30193,757,,III,Коготь ветра III,Wind Claw III
2,latin_mixed,patch_text01,text/skill_name.mbe/000_Sheet1.csv,30202,759,,II,Звуковой выстрел II,Sonic Shot II
2,latin_mixed,patch_text01,text/skill_name.mbe/000_Sheet1.csv,30203,760,,III,Звуковой выстрел III,Sonic Shot III
2,latin_mixed,patch_text01,text/skill_name.mbe/000_Sheet1.csv,30212,762,,II,Штормовой ветер II,Gale Storm II
2,latin_mixed,patch_text01,text/skill_name.mbe/000_Sheet1.csv,30213,763,,III,Штормовой ветер III,Gale Storm III
2,latin_mixed,patch_text01,text/skill_name.mbe/000_Sheet1.csv,30215,765,,II,Буря II,Tempest II
2,latin_mixed,patch_text01,text/skill_name.mbe/000_Sheet1.csv,30216,766,,III,Буря III,Tempest III
2,latin_mixed,patch_text01,text/skill_name.mbe/000_Sheet1.csv,30222,768,,II,Сокрушительный клинок II,Crush Blade II
2,latin_mixed,patch_text01,text/skill_name.mbe/000_Sheet1.csv,30223,769,,III,Сокрушительный клинок III,Crush Blade III
2,latin_mixed,patch_text01,text/skill_name.mbe/000_Sheet1.csv,30232,771,,II,Металлический ускоритель II,Thruster Metal II
2,latin_mixed,patch_text01,text/skill_name.mbe/000_Sheet1.csv,30233,772,,III,Металлический ускоритель III,Thruster Metal III
2,latin_mixed,patch_text01,text/skill_name.mbe/000_Sheet1.csv,30242,774,,II,Цельнометаллический свайный удар II,Full Metal Pile II
2,latin_mixed,patch_text01,text/skill_name.mbe/000_Sheet1.csv,30243,775,,III,Цельнометаллический свайный удар III,Full Metal Pile III
2,latin_mixed,patch_text01,text/skill_name.mbe/000_Sheet1.csv,30245,777,,II,Железный разрез II,Iron Slash II
2,latin_mixed,patch_text01,text/skill_name.mbe/000_Sheet1.csv,30246,778,,III,Железный разрез III,Iron Slash III
2,latin_mixed,patch_text01,text/skill_name.mbe/000_Sheet1.csv,30252,780,,II,Святой кулак II,Saint Knuckle II
2,latin_mixed,patch_text01,text/skill_name.mbe/000_Sheet1.csv,30253,781,,III,Святой кулак III,Saint Knuckle III
2,latin_mixed,patch_text01,text/skill_name.mbe/000_Sheet1.csv,30262,783,,II,Святой свет II,Holy Light II
2,latin_mixed,patch_text01,text/skill_name.mbe/000_Sheet1.csv,30263,784,,III,Святой свет III,Holy Light III
2,latin_mixed,patch_text01,text/skill_name.mbe/000_Sheet1.csv,30272,786,,II,Сияющий взрыв II,Shine Burst II
2,latin_mixed,patch_text01,text/skill_name.mbe/000_Sheet1.csv,30273,787,,III,Сияющий взрыв III,Shine Burst III
2,latin_mixed,patch_text01,text/skill_name.mbe/000_Sheet1.csv,30275,789,,II,Ангельская лестница II,Angel Ladder II
2,latin_mixed,patch_text01,text/skill_name.mbe/000_Sheet1.csv,30276,790,,III,Ангельская лестница III,Angel Ladder III
2,latin_mixed,patch_text01,text/skill_name.mbe/000_Sheet1.csv,30282,792,,II,Теневой клык II,Shadow Fang II
2,latin_mixed,patch_text01,text/skill_name.mbe/000_Sheet1.csv,30283,793,,III,Теневой клык III,Shadow Fang III
2,latin_mixed,patch_text01,text/skill_name.mbe/000_Sheet1.csv,30292,795,,II,Кошмар II,Nightmare II
2,latin_mixed,patch_text01,text/skill_name.mbe/000_Sheet1.csv,30293,796,,III,Кошмар III,Nightmare III
2,latin_mixed,patch_text01,text/skill_name.mbe/000_Sheet1.csv,30302,798,,II,Адский сокрушитель II,Hell Crusher II
2,latin_mixed,patch_text01,text/skill_name.mbe/000_Sheet1.csv,30303,799,,III,Адский сокрушитель III,Hell Crusher III
2,latin_mixed,patch_text01,text/skill_name.mbe/000_Sheet1.csv,30305,801,,II,Страх души II,Soul Fear II
2,latin_mixed,patch_text01,text/skill_name.mbe/000_Sheet1.csv,30306,802,,III,Страх души III,Soul Fear III
2,latin_mixed,patch_text01,text/skill_name.mbe/000_Sheet1.csv,30312,804,,II,Тяжёлый удар II,Heavy Strike II
2,latin_mixed,patch_text01,text/skill_name.mbe/000_Sheet1.csv,30313,805,,III,Тяжёлый удар III,Heavy Strike III
2,latin_mixed,patch_text01,text/skill_name.mbe/000_Sheet1.csv,30322,807,,II,Силовая энергия II,Power Energy II
2,latin_mixed,patch_text01,text/skill_name.mbe/000_Sheet1.csv,30323,808,,III,Силовая энергия III,Power Energy III
2,latin_mixed,patch_text01,text/skill_name.mbe/000_Sheet1.csv,30332,810,,II,Луч пустоты II,Void Ray II
2,latin_mixed,patch_text01,text/skill_name.mbe/000_Sheet1.csv,30333,811,,III,Луч пустоты III,Void Ray III
2,latin_mixed,patch_text01,text/skill_name.mbe/000_Sheet1.csv,30335,813,,II,Врата безумия II,Lunatic Gate II
2,latin_mixed,patch_text01,text/skill_name.mbe/000_Sheet1.csv,30336,814,,III,Врата безумия III,Lunatic Gate III
2,latin_mixed,patch_text01,text/skill_name.mbe/000_Sheet1.csv,31012,816,,X-,X-Исцеление,X-Heal
2,latin_mixed,patch_text01,text/skill_name.mbe/000_Sheet1.csv,31022,818,,X-,X-Аура,X-Aura
2,latin_mixed,patch_text01,text/skill_name.mbe/000_Sheet1.csv,31032,820,,X-,X-Оживить,X-Revive
2,latin_mixed,patch_text01,text/steam_input.mbe/000_Sheet1.csv,steam_input_name_006,9,,LB,Левый бампер (LB),Left Bumper
2,latin_mixed,patch_text01,text/steam_input.mbe/000_Sheet1.csv,steam_input_name_007,10,,RB,Правый бампер (RB),Right Bumper
2,latin_mixed,patch_text01,text/steam_input.mbe/000_Sheet1.csv,steam_input_name_008,11,,LT,Левый триггер (LT),Left Trigger
2,latin_mixed,patch_text01,text/steam_input.mbe/000_Sheet1.csv,steam_input_name_009,12,,RT,Правый триггер (RT),Right Trigger
2,latin_mixed,patch_text01,text/steam_input.mbe/000_Sheet1.csv,steam_input_name_010,13,,Start,Кнопка Start,Start
2,latin_mixed,patch_text01,text/steam_input.mbe/000_Sheet1.csv,steam_input_name_011,14,,Select,Кнопка Select,Select
2,latin_mixed,patch_text01,text/tutorial_explanation.mbe/000_Sheet1.csv,tutorial_exp_AdditionalAttack_01_002,6,,HUD,"Когда активируются Дополнительные удары, на HUD появится круг.

{fc9Нажмите {decision}, когда круг достигнет центра, чтобы вызвать
«Эффект Удара»}.","When Extra Strikes triggers, a circle will appear on the HUD.

{fc9Press {decision} when the circle reaches the center to cause a ""Strike Effect.""}"
2,latin_mixed,patch_text01,text/tutorial_explanation.mbe/000_Sheet1.csv,tutorial_exp_CardsRule_01_004,125,,JUCG,"[Таинственное дублирование после боёв JUCG]
{fc9После карточного боя использованные карты, которых у вас ещё нет,
дублируются, и вы можете выбрать одну из них.}

Чем больше раундов вы выиграете, тем больше карт получите.
5 побед = 3 карты
3–4 победы = 2 карты
1–2 победы = 1 карта
0 побед = 0 карт","[Mysterious Duplication after JUCG Battles]
{fc9After a card battle, used cards which you have yet to obtain are
duplicated for you to choose from.}

The more rounds you win, the more cards you can receive.
5 wins = 3 cards
3–4 wins = 2 cards
1–2 wins = 1 card
0 wins = 0 cards"
2,latin_mixed,patch_text01,text/tutorial_explanation.mbe/000_Sheet1.csv,tutorial_exp_Status_03_001,35,,II,"{fc9{is28}{image(ui_icon_type_000)} Вакцина}
{fc9{is28}{image(ui_icon_type_020)} Данные}
{fc9{is28}{image(ui_icon_type_040)} Вирус}
{fc9{is28}{image(ui_icon_type_060)} Свободный}
{fc9{is28}{image(ui_icon_type_080)} Переменный}
{fc9{is28}{image(ui_icon_type_100)} Неизвестно}
Дигимоны стадий «Малыш I» и «Малыш II» имеют {fc9{is28}{image(ui_icon_type_120)} Без атрибута}.

Атрибут дигимона можно проверить на экране характеристик.","{fc9{is28}{image(ui_icon_type_000)} Vaccine}
{fc9{is28}{image(ui_icon_type_020)} Data}
{fc9{is28}{image(ui_icon_type_040)} Virus}
{fc9{is28}{image(ui_icon_type_060)} Free}
{fc9{is28}{image(ui_icon_type_080)} Variable}
{fc9{is28}{image(ui_icon_type_100)} Unknown}
In-Training I and II Digimon are {fc9{is28}{image(ui_icon_type_120)} No Data}.

You can confirm a Digimon's Attribute via their stats screen."
2,latin_mixed,patch_text01,text/tutorial_title.mbe/000_Sheet1.csv,tutorial_title_CpAdd_01,13,,CP,Критические очки (CP),Critical Points (CP)
2,latin_mixed,patch_text01,text/tutorial_title.mbe/000_Sheet1.csv,tutorial_title_CpFluctuation_01,14,,CP,Получение CP,Gaining CP
2,latin_mixed,patch_text01,text/yes_no_message.mbe/000_Sheet1.csv,yesno_dlc_0010,113,,"Microsoft, Nintendo, PlayStation, Store, eShop","{pf(Чтобы сыграть во Внешнее подземелье,
нужно {fc9приобрести дополнение}.

Перейти в PlayStation®Store?

{fc9Примечание: купленный контент станет доступен
после возврата на главный экран.}/Чтобы сыграть во Внешнее подземелье,
нужно {fc9приобрести дополнение}.

Перейти в Microsoft Store?

{fc9Примечание: купленный контент станет доступен
после возврата на главный экран.}/Для Внешнего подземелья нужен {fc9загружаемый контент}.

Перейти в Nintendo eShop?

{fc9Примечание: купленный контент станет доступен
после возврата на главный экран.}/Чтобы сыграть во Внешнее подземелье,
нужно {fc9приобрести загружаемый контент}.

Перейти в интернет-магазин?

{fc9Примечание: купленный контент станет доступен
после возврата на главный экран.})}","{pf(You must {fc9purchase an add-on} in order to
play this Outer Dungeon.

Go to PlayStation®Store?

{fc9Note: Purchased add-ons will not be activated
until you return to the title screen.}/You must {fc9purchase an add-on} in order to
play this Outer Dungeon.

Go to Microsoft Store?

{fc9Note: Purchased add-ons will not be activated
until you return to the title screen.}/{fc9Downloadable content} is required to play this Outer Dungeon.

Go to Nintendo eShop?

{fc9Note: Purchased downloadable content is not activated
until you return to the title screen.}/You must {fc9purchase downloadable content} in order to
play this Outer Dungeon.

Go to the Online Store?

{fc9Note: Purchased downloadable content will not be activated
until you return to the title screen.})}"
2,latin_mixed,patch_text01,text/yes_no_message.mbe/000_Sheet1.csv,yesno_dlc_0020,114,,"Microsoft, Nintendo, PlayStation, Store, eShop","{pf(Чтобы надеть этот костюм,
нужно {fc9приобрести дополнение}.

Перейти в PlayStation®Store?

{fc9Примечание: купленный контент станет доступен
после возврата на главный экран.}/Чтобы надеть этот костюм,
нужно {fc9приобрести дополнение}.

Перейти в Microsoft Store?

{fc9Примечание: купленный контент станет доступен
после возврата на главный экран.}/Для этого костюма нужен {fc9загружаемый контент}.

Перейти в Nintendo eShop?

{fc9Примечание: купленный контент станет доступен
после возврата на главный экран.}/Чтобы надеть этот костюм,
нужно {fc9приобрести загружаемый контент}.

Перейти в интернет-магазин?

{fc9Примечание: купленный контент станет доступен
после возврата на главный экран.})}","{pf(You must {fc9purchase an add-on} in order to
wear this costume.

Go to PlayStation®Store?

{fc9Note: Purchased add-ons will not be activated
until you return to the title screen.}/You must {fc9purchase an add-on} in order to
wear this costume.

Go to Microsoft Store?

{fc9Note: Purchased add-ons will not be activated
until you return to the title screen.}/{fc9Downloadable content} is required to wear this costume.

Go to Nintendo eShop?

{fc9Note: Purchased downloadable content is not activated
until you return to the title screen.}/You must {fc9purchase downloadable content} in order to
wear this costume.

Go to the Online Store?

{fc9Note: Purchased downloadable content will not be activated
until you return to the title screen.})}"
2,latin_mixed,patch_text01,text/yes_no_message.mbe/000_Sheet1.csv,yesno_dlc_0030,115,,"Microsoft, Nintendo, PlayStation, Store, eShop","{pf(Чтобы выбрать эту музыку,
нужно {fc9приобрести дополнение}.

Перейти в PlayStation®Store?

{fc9Примечание: купленный контент станет доступен
после возврата на главный экран.}/Чтобы выбрать эту музыку,
нужно {fc9приобрести дополнение}.

Перейти в Microsoft Store?

{fc9Примечание: купленный контент станет доступен
после возврата на главный экран.}/Для этой музыки нужен {fc9загружаемый контент}.

Перейти в Nintendo eShop?

{fc9Примечание: купленный контент станет доступен
после возврата на главный экран.}/Чтобы выбрать эту музыку,
нужно {fc9приобрести загружаемый контент}.

Перейти в интернет-магазин?

{fc9Примечание: купленный контент станет доступен
после возврата на главный экран.})}","{pf(You must {fc9purchase an add-on} in order to
select this music.

Go to PlayStation®Store?

{fc9Note: Purchased add-ons will not be activated
until you return to the title screen.}/You must {fc9purchase an add-on} in order to
select this music.

Go to Microsoft Store?

{fc9Note: Purchased add-ons will not be activated
until you return to the title screen.}/{fc9Downloadable content} is required to select this music.

Go to Nintendo eShop?

{fc9Note: Purchased downloadable content is not activated
until you return to the title screen.}/You must {fc9purchase downloadable content} in order to
select this music.

Go to the Online Store?

{fc9Note: Purchased downloadable content will not be activated
until you return to the title screen.})}"
2,latin_mixed,patch_text01,text/yes_no_message.mbe/000_Sheet1.csv,yesno_dlc_0040,116,,"Microsoft, Nintendo, Store, eShop","{pf(Перейти в PlayStation®Store?

{fc9Примечание: купленный контент станет доступен
после возврата на главный экран.}/Перейти в Microsoft Store?

{fc9Примечание: купленный контент станет доступен
после возврата на главный экран.}/Перейти в Nintendo eShop?

{fc9Примечание: купленный контент станет доступен
после возврата на главный экран.}/Перейти в интернет-магазин?

{fc9Примечание: купленный контент станет доступен
после возврата на главный экран.})}","{pf(Go to PlayStation®Store?

{fc9Note: Purchased add-ons will not be activated
until you return to the title screen.}/Go to Microsoft Store?

{fc9Note: Purchased add-ons will not be activated
until you return to the title screen.}/Go to Nintendo eShop?

{fc9Note: Purchased downloadable content is not activated
until you return to the title screen.}/Go to the Online Store?

{fc9Note: Purchased downloadable content will not be activated
until you return to the title screen.})}"
1,extra_payload_package,addcont_17_text01,,,,,Installer payload has no matching game text01 package in this install,D:\digimon\installer\payload\addcont_17_text01.dx11.mvgl,
