priority,category,reason,match,scope,package,file,line,key,speaker,source_en,current_ru
3,machine_phrase,довольно/действительно/различные перегруз,действительно,dialogue,addcont_01_text01,message/d120.mbe/000_Sheet1.csv,107,d120_110_010,char_KUREMIKYOKO,,— Итак… ты действительно собираешься?
3,machine_phrase,данный/данные,данные,dialogue,addcont_01_text01,message/d130.mbe/000_Sheet1.csv,28,d130_030_080,char_SIMMONS,,"«Тогда оно было почти непостижимо, но я продолжала
анализировать данные, которые тайно скопировала»."
3,machine_phrase,присутствие/наличие,присутствие,dialogue,addcont_01_text01,message/dlcep001_field.mbe/000_Sheet1.csv,8,dlcep001_0030_0010,char_BLITZGREYMON,,"Я чувствую за дверью чьё-то присутствие.
Думаю, это наш союзник Омегамон Цварт."
3,machine_phrase,довольно/действительно/различные перегруз,действительно,dialogue,addcont_02_text01,message/d220.mbe/000_Sheet1.csv,104,d220_090_060,char_HIROKO,,"Они пришли к взаимопониманию...
Я думаю, их кулаки действительно говорили!"
3,machine_phrase,довольно/действительно/различные перегруз,довольно,dialogue,addcont_02_text01,message/d220.mbe/000_Sheet1.csv,126,d220_110_080,char_BANCHOMAMEMON,,...довольно впечатляющая подделка.
3,machine_phrase,присутствие/наличие,присутствие,dialogue,addcont_02_text01,message/d230.mbe/000_Sheet1.csv,15,d230_020_140,char_OMEGAMON,,"Внезапно я почувствовал, что кто-то ещё истощается так же, как я.
Его присутствие тоже ощущалось в кристаллах."
3,machine_phrase,довольно/действительно/различные перегруз,действительно,dialogue,addcont_02_text01,message/d240.mbe/000_Sheet1.csv,44,d240_041_030,char_TOUDO,,"«Признаю, сейчас нам действительно нужна помощь.
Но я не собираюсь рисковать жизнью гражданского»."
3,machine_phrase,довольно/действительно/различные перегруз,действительно,dialogue,addcont_02_text01,message/d240.mbe/000_Sheet1.csv,60,d240_051_040,char_HIROKO,,«Это... действительно возможно?»
3,machine_phrase,данный/данные,данные,dialogue,addcont_02_text01,message/d240.mbe/000_Sheet1.csv,75,d240_061_050,char_HIROKO,,"«Если бы вы могли проанализировать для меня его данные, то, возможно…»"
3,machine_phrase,данный/данные,данными,dialogue,addcont_02_text01,message/d240.mbe/000_Sheet1.csv,86,d240_071_020,char_HIROKO,,"Если я смогу вернуться с данными о Параллельмоне,
моя мечта может сбыться."
3,machine_phrase,данный/данные,Данные,dialogue,addcont_02_text01,message/dlcep002_field.mbe/000_Sheet1.csv,25,dlcep002_0130_0020,char_NONAME,,{next}[Сделать БанчоЛилимона (Данные) союзником.]
3,machine_phrase,данный/данные,Данные,dialogue,addcont_02_text01,message/dlcep002_field.mbe/000_Sheet1.csv,40,dlcep002_0160_0020,char_NONAME,,{next}[Сделать БанчоМамемона (Данные) союзником.]
3,machine_phrase,данный/данные,данные,dialogue,addcont_02_text01,message/dlcep002_field.mbe/000_Sheet1.csv,47,dlcep002_0165_0024,char_HIROKO,,"Поэтому я доверяю эти данные вам. Кто знает?
Вдруг что-то в них окажется полезным."
3,machine_phrase,данный/данные,данных,dialogue,addcont_03_text01,message/d310.mbe/000_Sheet1.csv,73,d310_060_090,char_OMEGAMON-X,,"Огромный объём данных пожирал ресурсы Цифрового мира
с невыносимой для него скоростью."
3,machine_phrase,присутствие/наличие,присутствие,dialogue,addcont_03_text01,message/d320.mbe/000_Sheet1.csv,80,d320_040_200,char_OMEGAMON-X,,"Хм... Я чувствую чужое присутствие. Похоже, поблизости есть
и другие дигимоны, охотящиеся за X-антителом."
3,machine_phrase,данный/данные,данные,dialogue,addcont_03_text01,message/d320.mbe/000_Sheet1.csv,99,d320_050_180,char_TOUDO,,"«Чудеса и правда случаются. То, что вы только что сказали,
похоже не на данные или факты, а на вашу мечту»."
3,machine_phrase,данный/данные,Данные,dialogue,addcont_03_text01,message/d320.mbe/000_Sheet1.csv,165,d320_080_010,char_TOUDO,,«Данные исследования Параллельмона были украдены?!»
3,machine_phrase,данный/данные,данные,dialogue,addcont_03_text01,message/d320.mbe/000_Sheet1.csv,166,d320_080_020,char_SIMMONS,,"«Да... Их забрал Куга! Эти данные могут стать ключом
к фундаментальной теории путешествий в пространстве-времени»."
3,machine_phrase,данный/данные,данные,dialogue,addcont_03_text01,message/d320.mbe/000_Sheet1.csv,167,d320_080_030,char_SIMMONS,,"«Я не знаю его мотивов, но это катастрофа!
Эти данные могли стать нашим билетом из этого кошмара!»"
3,machine_phrase,данный/данные,Данные,dialogue,addcont_03_text01,message/d320.mbe/000_Sheet1.csv,171,d320_080_070,char_DUKEMON_X,,"Данные исследования Параллельмон...
Путешествие в пространстве-времени..."
3,machine_phrase,данный/данные,данные,dialogue,addcont_03_text01,message/d330.mbe/000_Sheet1.csv,3,d330_010_020,char_TOUDO,,Сюда! Дайте нам данные!
3,machine_phrase,данный/данные,данные,dialogue,addcont_03_text01,message/d330.mbe/000_Sheet1.csv,5,d330_010_040,char_DUKEMON_X,,"Вы хотите сказать, что именно здесь
хранятся данные исследований Параллельмона?"
3,machine_phrase,данный/данные,Данные,dialogue,addcont_03_text01,message/d330.mbe/000_Sheet1.csv,7,d330_010_060,char_MAGNAMON_X,,Данные о Параллельмоне?
3,machine_phrase,данный/данные,Данные,dialogue,addcont_03_text01,message/d330.mbe/000_Sheet1.csv,14,d330_010_130,char_OMEGAMON-X,,"Хватит! Вы все повторяете одну и ту же ошибку!
Данные Параллельмона изначально нам не принадлежат!"
3,machine_phrase,довольно/действительно/различные перегруз,действительно,dialogue,addcont_03_text01,message/d330.mbe/000_Sheet1.csv,32,d330_030_050,char_KUGA,,«Подожди...! Ты действительно собираешься так легко меня отпустить?!»
3,machine_phrase,данный/данные,данных,dialogue,addcont_03_text01,message/d330.mbe/000_Sheet1.csv,42,d330_040_020,char_TOUDO,,«Какая польза вам от кражи этих данных?!»
3,machine_phrase,довольно/действительно/различные перегруз,действительно,dialogue,addcont_03_text01,message/d330.mbe/000_Sheet1.csv,49,d330_040_090,char_SIMMONS,,«...Ты действительно безнадежный дурак».
3,machine_phrase,данный/данные,данные,dialogue,addcont_03_text01,message/d330.mbe/000_Sheet1.csv,57,d330_050_010,char_KUGA,,"Я никогда не отдам эти данные! Только я смогу
правильно распорядиться этим талантом!"
3,machine_phrase,данный/данные,данные,dialogue,addcont_03_text01,message/d330.mbe/000_Sheet1.csv,62,d330_050_060,char_OMEGAMON-X,,"Они и правда собираются забрать данные силой...
Этот человек в опасности. Нужно помочь!"
3,machine_phrase,данный/данные,данные,dialogue,addcont_03_text01,message/d340.mbe/000_Sheet1.csv,11,d340_010_037,char_ULFORCEVDRAMON_X,,"А теперь прошу передать эти данные.
Будьте уверены, мы используем их совершенно правильно!"
3,machine_phrase,данный/данные,данные,dialogue,addcont_03_text01,message/d340.mbe/000_Sheet1.csv,13,d340_010_050,char_ULFORCEVDRAMON_X,,"А теперь прошу передать эти данные.
Будьте уверены, мы используем их совершенно правильно!"
3,machine_phrase,данный/данные,данные,dialogue,addcont_03_text01,message/d350.mbe/000_Sheet1.csv,27,d350_020_140,char_SIMMONS,,"Параллельмоны управляли временем через собственные тела.
Похоже, они могли сжимать свои данные."
3,machine_phrase,довольно/действительно/различные перегруз,действительно,dialogue,addcont_03_text01,message/d350.mbe/000_Sheet1.csv,31,d350_020_180,char_ALPHAMON,,"...Спасибо. Я действительно не знаю, как вас отблагодарить."
3,machine_phrase,данный/данные,данными,dialogue,addcont_03_text01,message/d350.mbe/000_Sheet1.csv,47,d350_020_340,char_KUGA,,Хм...? Что случилось с данными?!
3,machine_phrase,данный/данные,Данные,dialogue,addcont_03_text01,message/dlcep003_field.mbe/000_Sheet1.csv,36,dlc003_0090_0020,char_JESMON_X,,{next}[Сделать Джесмона (X-антитело) (Данные) союзником.]
3,machine_phrase,данный/данные,данными,dialogue,addcont_03_text01,message/dlcep003_field.mbe/000_Sheet1.csv,63,dlc003_0160_0020,char_SIMMONS,,"Помнишь мои исследования фазово-электронной интерференции?
Эта программа — прототип с новейшими исследовательскими данными."
3,machine_phrase,присутствие/наличие,наличии,dialogue,patch_text01,message/analyse.mbe/000_Sheet1.csv,26,digimonride_notarget,char_DIGIVICE,,В наличии нет Дигимон с поддержкой ДигиРайд.
3,machine_phrase,довольно/действительно/различные перегруз,действительно,dialogue,patch_text01,message/arena01.mbe/000_Sheet1.csv,20,arena01_f001_003_030,char_ETEMON,,"""Монзаэмон и друзья"" уже здесь! Они действительно выглядят
знакомыми, но будь я проклят, если смогу их вспомнить!"
3,machine_phrase,довольно/действительно/различные перегруз,довольно,dialogue,patch_text01,message/arena01.mbe/000_Sheet1.csv,134,arena01_f001_016_040,char_LOPMON,,"Ни за что! Это снова они! Я не могу в это поверить. Ну, в этом
нет абсолютно никакого смысла, но я думаю, это довольно весело!"
3,machine_phrase,довольно/действительно/различные перегруз,действительно,dialogue,patch_text01,message/arena01.mbe/000_Sheet1.csv,188,arena01_f001_023_040,char_RAPIDMON_ARMOR,,"Хотя мы действительно хотим доказать свою силу, ничто не делает
нас счастливее, чем просто встретиться с вами в бою!"
3,machine_phrase,довольно/действительно/различные перегруз,действительно,dialogue,patch_text01,message/arena01.mbe/000_Sheet1.csv,244,arena01_m320_030_020,char_ETEMON,,"Без лишних слов, встречаем чемпиона Гран-при подземелья Синдзюку!
Боец, действительно достойный этого титула!"
3,machine_phrase,данный/данные,данные,dialogue,patch_text01,message/battle.mbe/000_Sheet1.csv,10,1032010002,char_SIMMONS,,"Ха... Похоже, влияние больше, чем предполагалось ранее... Мы
получаем отличные данные...!"
3,machine_phrase,данный/данные,данные,dialogue,patch_text01,message/battle.mbe/000_Sheet1.csv,11,1032010003,char_SIMMONS,,"Удивительно...! Удивительно...! Это даст поистине бесценные
данные!"
3,machine_phrase,довольно/действительно/различные перегруз,действительно,dialogue,patch_text01,message/battle.mbe/000_Sheet1.csv,329,1200020150,char_MINERVAMON,,Уф... Мои брат и сестра действительно явились...
3,machine_phrase,довольно/действительно/различные перегруз,действительно,dialogue,patch_text01,message/battle.mbe/000_Sheet1.csv,525,2110099104,char_DUKEMON,,"Это то, на что я, Галантмон, действительно способен!"
3,machine_phrase,довольно/действительно/различные перегруз,действительно,dialogue,patch_text01,message/d01.mbe/000_Sheet1.csv,45,f_d0101_0120_0040,char_SOCERIMON,,... тогда Грейсеновамон действительно может появиться.
3,machine_phrase,довольно/действительно/различные перегруз,действительно,dialogue,patch_text01,message/d01.mbe/000_Sheet1.csv,59,f_d0101_0160_0014,char_WIZARDMON,,Ты действительно понимаешь?
3,machine_phrase,довольно/действительно/различные перегруз,довольно,dialogue,patch_text01,message/d010.mbe/000_Sheet1.csv,3,d010_010_020,char_MIREI,,"Я обнаружила довольно странное пространство.
Аномальный мир, отрезанный от нормального пространства-времени."
3,machine_phrase,довольно/действительно/различные перегруз,Действительно,dialogue,patch_text01,message/d02.mbe/000_Sheet1.csv,119,f_d0201_0490_0020,char_PANDAMON,,"Действительно... Мы должны быть бдительны и не позволять нашей
обороне ослабевать."
3,machine_phrase,довольно/действительно/различные перегруз,довольно,dialogue,patch_text01,message/d02.mbe/000_Sheet1.csv,131,f_d0201_0550_0030,char_IMPMON,,"Итак, тебе удалось победить Титанов...? Да, думаю, это довольно
впечатляет..."
3,machine_phrase,довольно/действительно/различные перегруз,действительно,dialogue,patch_text01,message/d02.mbe/000_Sheet1.csv,189,f_d0201_0680_0040,char_FALCOMON,,...нам действительно нужно найти более эффективное решение.
3,machine_phrase,данный/данные,данный,dialogue,patch_text01,message/d02.mbe/000_Sheet1.csv,269,f_d0201_1230_0010,char_CATCHMAMEMON,,"В данный момент мы убираем эту улицу, так что вам придется
подождать, чтобы пройти."
3,machine_phrase,данный/данные,данный,dialogue,patch_text01,message/d02.mbe/000_Sheet1.csv,214,f_d0201_800_0010,char_MUMMYMON,,"Локомона... здесь нет. Полагаю, это означает, что на данный
момент мы закрыты."
3,machine_phrase,довольно/действительно/различные перегруз,довольно,dialogue,patch_text01,message/d02.mbe/000_Sheet1.csv,220,f_d0201_810_0030,char_MEGAGROWLMON,,"Должен сказать, этот парень был довольно силен. Я бы с
удовольствием провел с ними еще один раунд."
3,machine_phrase,довольно/действительно/различные перегруз,действительно,dialogue,patch_text01,message/d02.mbe/000_Sheet1.csv,286,f_d0202_0020_0020,char_TYUMON,,"Один из моих приятелей всегда бывает там один, но кто знает,
может, Минервамон действительно дома. Пойди посмотри."
3,machine_phrase,довольно/действительно/различные перегруз,действительно,dialogue,patch_text01,message/d02.mbe/000_Sheet1.csv,291,f_d0202_0040_0010,char_LUNAMON,,"Вы действительно помогли нам! Не знаю, что бы мы без вас делали!"
3,machine_phrase,довольно/действительно/различные перегруз,довольно,dialogue,patch_text01,message/d02.mbe/000_Sheet1.csv,317,f_d0202_0090_0050,char_MECHANORIMON,,"Однако отогнать титанов - нелегкий подвиг... Люди, должно быть,
довольно выносливые существа."
3,machine_phrase,довольно/действительно/различные перегруз,действительно,dialogue,patch_text01,message/d02.mbe/000_Sheet1.csv,424,f_d0202_0490_0020,char_ARCHNEMON,,"... Но они показали нам, как драться, так что, думаю, я
действительно кое-что извлек из всего этого. Это очень странное чувство."
3,machine_phrase,довольно/действительно/различные перегруз,действительно,dialogue,patch_text01,message/d02.mbe/000_Sheet1.csv,430,f_d0202_0530_0030,char_MUSYAMON,,"Что ж, вражеский генерал действительно сбежал, так что я думаю,
что с нами все в порядке в этом отношении."
3,machine_phrase,довольно/действительно/различные перегруз,действительно,dialogue,patch_text01,message/d02.mbe/000_Sheet1.csv,510,f_d0203_0010_0040,char_PLAYER_M,,"""Если вы голодны, купите немного ДигиМясо в магазине на главной
улице. Только не ешьте слишком много. Это действительно вкусно!"""
3,machine_phrase,довольно/действительно/различные перегруз,действительно,dialogue,patch_text01,message/d02.mbe/000_Sheet1.csv,584,f_d0204_0120_0010,char_PUMPMON,,"Вау, вон та Лилимон действительно милая... Ты не собираешься
подойти поздороваться?"
3,machine_phrase,довольно/действительно/различные перегруз,действительно,dialogue,patch_text01,message/d02.mbe/000_Sheet1.csv,604,f_d0204_0170_0030,char_PANJYAMON,,"Хе-хе. Робкие удары издалека, да? Противник действительно так
сильно тебя пугает?"
3,machine_phrase,довольно/действительно/различные перегруз,довольно,dialogue,patch_text01,message/d02.mbe/000_Sheet1.csv,636,f_d0204_0240_0030,char_ARCHNEMON,,Ты... выглядишь довольно аппетитно... *бормочет себе под нос*
3,machine_phrase,довольно/действительно/различные перегруз,довольно,dialogue,patch_text01,message/d02.mbe/000_Sheet1.csv,643,f_d0204_0270_0010,char_FALCOMON,,Ого. Снаружи довольно страшно. Да. Я остаюсь внутри...
3,machine_phrase,довольно/действительно/различные перегруз,довольно,dialogue,patch_text01,message/d02.mbe/000_Sheet1.csv,649,f_d0204_0280_0060,char_MERCURYMON,,"Позвольте мне поблагодарить вас за помощь с Центральной башней.
Я получил известие, что дигимоны там довольно грозные."
3,machine_phrase,довольно/действительно/различные перегруз,довольно,dialogue,patch_text01,message/d02.mbe/000_Sheet1.csv,694,f_d0204_0470_0020,char_ARCHNEMON,,"О, но ты выглядишь довольно аппетитно. Теперь, какую часть мне
съесть первой..."
3,machine_phrase,довольно/действительно/различные перегруз,действительно,dialogue,patch_text01,message/d02.mbe/000_Sheet1.csv,834,f_d0212_0020_0030,char_GEREMON,,Вау! Ты действительно главный герой!
3,machine_phrase,довольно/действительно/различные перегруз,действительно,dialogue,patch_text01,message/d03.mbe/000_Sheet1.csv,28,f_d0301_0050_0070,char_SHELLMON,,"Если вы действительно не можете его найти, не могли бы вы,
пожалуйста, вернуться сюда?"
3,machine_phrase,довольно/действительно/различные перегруз,довольно,dialogue,patch_text01,message/d03.mbe/000_Sheet1.csv,88,f_d0301_0230_0010,char_MOJYAMON,,"Подходить к воде довольно хлопотно, а вокруг полно всяких буйных
типов, но иногда мне все равно хочется поплавать."
3,machine_phrase,довольно/действительно/различные перегруз,действительно,dialogue,patch_text01,message/d03.mbe/000_Sheet1.csv,97,f_d0301_0250_0080,char_KAMEMON,,"И все же я действительно начинаю думать, что мне не помешал бы
перерыв."
3,machine_phrase,довольно/действительно/различные перегруз,действительно,dialogue,patch_text01,message/d03.mbe/000_Sheet1.csv,114,f_d0302_0010_0020,char_SHAWUJINMON,,"Если там действительно есть Титан, обязательно дайте нам знать.
Мы позаботимся об остальном!"
3,machine_phrase,довольно/действительно/различные перегруз,действительно,dialogue,patch_text01,message/d03.mbe/000_Sheet1.csv,167,f_d0302_0160_0030,char_KAMEMON,,"Я борюсь! Борюсь за свою жизнь! Ты действительно собираешься
просто стоять и смотреть!?"
3,machine_phrase,довольно/действительно/различные перегруз,действительно,dialogue,patch_text01,message/d03.mbe/000_Sheet1.csv,357,f_d0305_0040_0020,char_DAGOMON,,"Ты действительно оказал мне тогда медвежью услугу... Я хотел бы
отплатить тебе тем же, но..."
3,machine_phrase,довольно/действительно/различные перегруз,довольно,dialogue,patch_text01,message/d03.mbe/000_Sheet1.csv,362,f_d0305_0060_0010,char_PLESIOMON,,"Кажется, вы проснулись. Некоторое время вы были в довольно
опасном состоянии."
3,machine_phrase,данный/данные,данный,dialogue,patch_text01,message/d03.mbe/000_Sheet1.csv,396,f_d0308_0100_0010,char_VENUSMON,,"Боюсь, в данный момент я не могу уйти... Прошу у вас прощения."
3,machine_phrase,довольно/действительно/различные перегруз,довольно,dialogue,patch_text01,message/d04.mbe/000_Sheet1.csv,28,f_d0401_0080_0030,char_LOTOSMON,,"Я не против, если ты присоединишься к нам. Но позволь предупредить.
Мы довольно суровы. Интересно, сможешь ли ты угнаться..."
3,machine_phrase,присутствие/наличие,присутствии,dialogue,patch_text01,message/d04.mbe/000_Sheet1.csv,35,f_d0401_0110_0010,char_HOLSMON,,Эй! Ты в присутствии Леди Лотусмон! Какая наглость! Отойди!
3,machine_phrase,довольно/действительно/различные перегруз,довольно,dialogue,patch_text01,message/d04.mbe/000_Sheet1.csv,56,f_d0402_0030_0010,char_GEKOMON,,"Большое спасибо, бульк! В последнее время здесь стало довольно
опасно, бульк."
3,machine_phrase,довольно/действительно/различные перегруз,действительно,dialogue,patch_text01,message/d04.mbe/000_Sheet1.csv,96,f_d0403_0030_0050,char_FLORAMON,,"...вы, люди, действительно потрясающе сильны! И вы такие крутые!"
3,machine_phrase,довольно/действительно/различные перегруз,действительно,dialogue,patch_text01,message/d04.mbe/000_Sheet1.csv,119,f_d0403_9000_0050,char_SUNFLOWMON,,"Неужели я действительно выиграла? Хи-хи! Карточные битвы с
другими — это довольно весело."
3,machine_phrase,довольно/действительно/различные перегруз,действительно,dialogue,patch_text01,message/d04.mbe/000_Sheet1.csv,233,f_d0404_0300_0010,char_PINOCHIMON,,"Чувак, какая потрясающая вечеринка! Все трое действительно
выросли!"
3,machine_phrase,довольно/действительно/различные перегруз,довольно,dialogue,patch_text01,message/d04.mbe/000_Sheet1.csv,252,f_d0404_0380_0020,char_SABERLEOMON,,"Прошло много времени! Рад тебя видеть. Мой внешний вид довольно
сильно изменился, как ты видишь, но у меня всё хорошо."
3,machine_phrase,присутствие/наличие,присутствия,dialogue,patch_text01,message/d05.mbe/000_Sheet1.csv,43,f_d0501_0050_0230,char_KOKUWAMON_A,,"До реактора на самом нижнем уровне, где находится лорд
Вулканусмон, невозможно добраться без нашего присутствия."
3,machine_phrase,довольно/действительно/различные перегруз,действительно,dialogue,patch_text01,message/d05.mbe/000_Sheet1.csv,60,f_d0501_0080_0020,char_CLOCKMON,,"Вы не похожи на Титанов, это точно. Но сейчас действительно не
лучшее время приходить сюда."
3,machine_phrase,довольно/действительно/различные перегруз,действительно,dialogue,patch_text01,message/d05.mbe/000_Sheet1.csv,95,f_d0501_0170_0010,char_ANKYLOMON,,"О, это вы, ребята! Спасибо за то, что было раньше. Вы
действительно спасли мою шкуру!"
3,machine_phrase,довольно/действительно/различные перегруз,довольно,dialogue,patch_text01,message/d05.mbe/000_Sheet1.csv,185,f_d0501_9010_0050,char_METALMAMEMON,,"Вау, я выиграл. Эта колода кажется довольно хорошей, так что,
думаю, я еще немного потренируюсь с ней!"
3,machine_phrase,довольно/действительно/различные перегруз,действительно,dialogue,patch_text01,message/d05.mbe/000_Sheet1.csv,606,f_d0551_0020_0010,char_PAGUMON,,"Эй, Газимон! В Кокувамоне было действительно весело!"
3,machine_phrase,довольно/действительно/различные перегруз,действительно,dialogue,patch_text01,message/d06.mbe/000_Sheet1.csv,84,f_d0603_0110_0090,char_WITCHMON,,Ого! Теперь мы действительно разозлили его!
3,machine_phrase,присутствие/наличие,присутствие,dialogue,patch_text01,message/d06.mbe/000_Sheet1.csv,94,f_d0604_0060_0020,,,"Здесь можно обнаружить присутствие непостижимого зла. Сейчас
было бы лучше держаться на некотором расстоянии."
3,machine_phrase,довольно/действительно/различные перегруз,действительно,dialogue,patch_text01,message/d06.mbe/000_Sheet1.csv,179,f_d0604_0260_0010,char_CLAVISANGEMON,,"Ты! Ты действительно думаешь, что тебе все это сойдет с рук?!"
3,machine_phrase,довольно/действительно/различные перегруз,действительно,dialogue,patch_text01,message/d06.mbe/000_Sheet1.csv,193,f_d0604_0270_0130,char_TUNOMON_TITAMON,,"Ланамон... Ты действительно планируешь оставить нас разбираться
с этим в одиночку?!"
3,machine_phrase,довольно/действительно/различные перегруз,действительно,dialogue,patch_text01,message/d06.mbe/000_Sheet1.csv,215,f_d0604_0300_0040,char_RANAMON,,"Я была замаскирована под ангела, поэтому всё слышала. Им
действительно следует научиться держать язык за зубами."
3,machine_phrase,довольно/действительно/различные перегруз,довольно,dialogue,patch_text01,message/d06.mbe/000_Sheet1.csv,246,f_d0604_0400_0010,char_APOLLOMON,,"Понятно... Значит, открыть эту камеру довольно сложно?.."
3,machine_phrase,довольно/действительно/различные перегруз,Действительно,dialogue,patch_text01,message/d07.mbe/000_Sheet1.csv,187,f_d0703_0070_0150,char_WISEMON,,"Действительно, сейчас период больших перемен, но я полагаю, вы
уже знали об этом."
3,machine_phrase,довольно/действительно/различные перегруз,довольно,dialogue,patch_text01,message/d07.mbe/000_Sheet1.csv,349,f_d0703_9010_0050,char_SNOWGOBURIMON,,"Наконец-то я выиграл один. Все всегда были не в моей лиге, так
что у меня была довольно неудачная серия."
3,machine_phrase,довольно/действительно/различные перегруз,ДЕЙСТВИТЕЛЬНО,dialogue,patch_text01,message/d09.mbe/000_Sheet1.csv,90,f_d0901_0120_0038,char_GEKOMON,,"Так что же ты решил сделать? Тебе ДЕЙСТВИТЕЛЬНО нужно идти туда,
глурп?"
3,machine_phrase,довольно/действительно/различные перегруз,ДЕЙСТВИТЕЛЬНО,dialogue,patch_text01,message/d09.mbe/000_Sheet1.csv,765,f_d0901_0120_0038__F,char_GEKOMON,,"Так что же ты решила сделать? Тебе ДЕЙСТВИТЕЛЬНО нужно идти туда,
глурп?"
3,machine_phrase,довольно/действительно/различные перегруз,ДЕЙСТВИТЕЛЬНО,dialogue,patch_text01,message/d09.mbe/000_Sheet1.csv,764,f_d0901_0120_0038__H,char_GEKOMON,,"Так что же ты решил сделать? Тебе ДЕЙСТВИТЕЛЬНО нужно идти туда,
глурп?"
3,machine_phrase,довольно/действительно/различные перегруз,довольно,dialogue,patch_text01,message/d09.mbe/000_Sheet1.csv,126,f_d0902_0030_0130,char_CHARISMON,,"Я просто отказываюсь от жизни, которая в любом случае уже была
на грани смерти. Я думаю, что это довольно небольшая цена."
3,machine_phrase,довольно/действительно/различные перегруз,довольно,dialogue,patch_text01,message/d09.mbe/000_Sheet1.csv,191,f_d0903_0025_0020,char_INORI,,Это довольно высоко...
3,machine_phrase,довольно/действительно/различные перегруз,довольно,dialogue,patch_text01,message/d09.mbe/000_Sheet1.csv,211,f_d0903_0030_0110,char_INORI,,"Этот тоже находится довольно высоко, так что нам следует
использовать ту же стратегию, что и в прошлый раз."
3,machine_phrase,довольно/действительно/различные перегруз,довольно,dialogue,patch_text01,message/d09.mbe/000_Sheet1.csv,238,f_d0903_0040_0100,char_INORI,,"Этот тоже довольно высоко. Теперь мы знаем, как это делается!"
3,machine_phrase,довольно/действительно/различные перегруз,довольно,dialogue,patch_text01,message/d09.mbe/000_Sheet1.csv,265,f_d0903_0045_0260,char_GRIFFOMON,,"Ха-ха... Да, я полагаю, это было довольно приятно."
3,machine_phrase,довольно/действительно/различные перегруз,довольно,dialogue,patch_text01,message/d09.mbe/000_Sheet1.csv,362,f_d0904_0210_0020,char_VENUSMON,,"Ситуация здесь довольно мрачная. Как вы можете видеть,
Нептунемон и остальные участвуют в битве."
3,machine_phrase,довольно/действительно/различные перегруз,довольно,dialogue,patch_text01,message/d09.mbe/000_Sheet1.csv,406,f_d0904_0250_0080,char_WARUSEADRAMON,,"Впереди еще больше раненых, которым нужна ваша помощь, но
сначала вам нужно преодолеть довольно быстрое течение."
3,machine_phrase,довольно/действительно/различные перегруз,действительно,dialogue,patch_text01,message/d09.mbe/000_Sheet1.csv,466,f_d0904_0310_0020,char_VENUSMON,,Это действительно был самый грозный противник...
3,machine_phrase,довольно/действительно/различные перегруз,действительно,dialogue,patch_text01,message/d09.mbe/000_Sheet1.csv,494,f_d0904_0440_0010,char_INORI,,"Извините, но это действительно много значит для меня. Я хочу
быть настолько полезной, насколько могу!"
3,machine_phrase,довольно/действительно/различные перегруз,довольно,dialogue,patch_text01,message/d09.mbe/000_Sheet1.csv,542,f_d0905_0010_0170,char_VULCANUSMON,,Однако! Есть одна довольно существенная проблема...
3,machine_phrase,довольно/действительно/различные перегруз,Действительно,dialogue,patch_text01,message/d09.mbe/000_Sheet1.csv,576,f_d0905_0080_0060,char_VULCANUSMON,,"Действительно! Давайте активируем мост. Мы немного отстаем от
графика, так что поторопись, Кокувамон!"
3,machine_phrase,довольно/действительно/различные перегруз,довольно,dialogue,patch_text01,message/d09.mbe/000_Sheet1.csv,594,f_d0905_0120_0020,char_KOKUWAMON_A,,"Это довольно необычное место. Даже если вы упадете, вы просто
вернетесь туда, откуда начали. Просто продолжайте пытаться двигаться вперед."
3,machine_phrase,довольно/действительно/различные перегруз,действительно,dialogue,patch_text01,message/d09.mbe/000_Sheet1.csv,598,f_d0905_0130_0030,char_KOKUWAMON_UN,,"Мне действительно жаль лорда Вулканусмона... Пожалуйста, просто
сделай, что можешь, хорошо?"
3,machine_phrase,довольно/действительно/различные перегруз,действительно,dialogue,patch_text01,message/d09.mbe/000_Sheet1.csv,643,f_d0906_0020_0120,char_MINERVAMON,,"Эти двое составляют отличную пару... Я действительно горжусь ими
обоими!"
3,machine_phrase,довольно/действительно/различные перегруз,действительно,dialogue,patch_text01,message/d09.mbe/000_Sheet1.csv,710,f_d0907_0010_0020,char_BACCHUSMON,,Так это действительно ты... Ты Сирена—
3,machine_phrase,присутствие/наличие,присутствие,dialogue,patch_text01,message/d09.mbe/000_Sheet1.csv,712,f_d0907_0010_0040,char_CERESMON_MEDIUM,,"Даже во сне я чувствовал твое присутствие всегда рядом. Простыми
словами невозможно выразить мою благодарность... но, боюсь, сейчас не время."
3,machine_phrase,довольно/действительно/различные перегруз,действительно,dialogue,patch_text01,message/d09.mbe/000_Sheet1.csv,732,f_d0907_0070_0010,char_MINERVAMON,,"Та встреча с ""похитителем яиц"" действительно помогла этим двоим
вырасти."
3,machine_phrase,данный/данные,данные,dialogue,patch_text01,message/d11.mbe/000_Sheet1.csv,12,f_d1101_0070_0040,char_OPERATOR_M,,"Подполье Синдзюку - логово враждебных дигимонов, но тот, кого вы
отслеживаете, ведет себя по-другому. Возможно, мы сможем получить какие-то достоверные данные."
3,machine_phrase,довольно/действительно/различные перегруз,действительно,dialogue,patch_text01,message/d12.mbe/000_Sheet1.csv,94,f_d1204_0520_0010,char_INORI,,"Мне кажется, или что-то действительно не так?"
3,machine_phrase,довольно/действительно/различные перегруз,действительно,dialogue,patch_text01,message/d12.mbe/000_Sheet1.csv,189,f_d1205_0020_0040,char_WEREGARURUMON,,"Вы единственные, на кого я могу положиться, поэтому, хотя я и
ненавижу создавать вам проблемы, я действительно надеюсь, что вы сможете помочь."
3,machine_phrase,присутствие/наличие,присутствия,dialogue,patch_text01,message/d13.mbe/000_Sheet1.csv,5,f_d1301_0030_0020,char_SIMMONS,,"...Дигимон? И нет никаких признаков присутствия какого-либо
персонала."
3,machine_phrase,относительно/касательно,Относительно,dialogue,patch_text01,message/d13.mbe/000_Sheet1.csv,60,f_d1301_0180_0010,,,"Там есть пометка: ""Относительно хранения важных документов""."
3,machine_phrase,довольно/действительно/различные перегруз,довольно,dialogue,patch_text01,message/d13.mbe/000_Sheet1.csv,67,f_d1301_0210_0010,,,"К сожалению, встреча с хирургами из Хигаси-Синдзюку
закончилась довольно неудачно."
3,machine_phrase,данный/данные,Данные,dialogue,patch_text01,message/d13.mbe/000_Sheet1.csv,89,f_d1301_0280_0010,,,"Здесь был оставлен документ: ""Данные о Вулканусмоне""."
3,machine_phrase,присутствие/наличие,присутствие,dialogue,patch_text01,message/d13.mbe/000_Sheet1.csv,124,f_d1301_0440_0020,,,"""Человечество интерпретирует стихийные бедствия как гнев Божий,
но в мифологии можно увидеть присутствие Дигимона""."
3,machine_phrase,довольно/действительно/различные перегруз,Действительно,dialogue,patch_text01,message/d13.mbe/000_Sheet1.csv,128,f_d1301_0450_0030,,,"""Разве это не потому, что развитая человеческая раса
воспринимается как аномалия, которую следует уничтожить? Действительно, капитан Куреми был почти убит""."
3,machine_phrase,данный/данные,данные,dialogue,patch_text01,message/d14.mbe/000_Sheet1.csv,7,f_d1401_0040_0030,char_OPERATOR_M,,"Дигивайс также может преобразовывать цифровой эквивалент ДНК в
двоичный код, который затем может быть воспроизведен как данные."
3,machine_phrase,данный/данные,данных,dialogue,patch_text01,message/d14.mbe/000_Sheet1.csv,47,f_d1407_0050_0020,char_OPERATOR_M,,"Эти функции основаны на теориях, данных нам доктором Юки. Его
изобретения внесли большой вклад в развитие общества."
3,machine_phrase,присутствие/наличие,Наличие,dialogue,patch_text01,message/digimon_chat.mbe/000_Sheet1.csv,1972,lasty_001_4_reaction_char_RUSTTYRANOMON,char_RUSTTYRANOMON,,"Наличие кого-то, кого можно защитить, делает тебя сильнее? Тогда
я буду защищать тебя на предстоящем пути."
3,machine_phrase,данный/данные,данные,dialogue,patch_text01,message/digimon_chat.mbe/000_Sheet1.csv,1169,lena_001_3_reaction_char_RENAMON,char_RENAMON,,"Спасибо. Я одолел немало сильных дигимонов и скопировал их данные,
так что в своей силе не сомневаюсь."
3,machine_phrase,присутствие/наличие,присутствие,dialogue,patch_text01,message/digimon_chat.mbe/000_Sheet1.csv,1891,migao_001_4_reaction_char_MIRAGEGAOGAMON,char_MIRAGEGAOGAMON,,"Это трудно объяснить, но даже если ты меня не видишь, я уверен,
ты почувствуешь мое присутствие."
3,machine_phrase,присутствие/наличие,присутствие,dialogue,patch_text01,message/digimon_chat.mbe/000_Sheet1.csv,1396,ofa_001_4_reaction_char_OPHANIMON,char_OPHANIMON,,"Мое присутствие здесь означает, что мне есть за чем понаблюдать
и чего достичь."
3,machine_phrase,присутствие/наличие,присутствие,dialogue,patch_text01,message/digimon_chat.mbe/000_Sheet1.csv,1414,pega_001_4_reaction_char_PEGASMON,char_PEGASMON,,"Уверяю вас, это рефлекс. Хотя, возможно, ваше особое присутствие
сведет это на нет?"
3,machine_phrase,данный/данные,данными,dialogue,patch_text01,message/digimon_chat.mbe/000_Sheet1.csv,726,sylphy_001_2_reaction_char_SILPHYMON,char_SILPHYMON,,"Верно подмечено. В любой момент могу поделиться данными
с радара и нашлемного дисплея."
3,machine_phrase,данный/данные,Данные,dialogue,patch_text01,message/digimon_chat.mbe/000_Sheet1.csv,323,tita_001_3_reaction_char_TITAMON,char_TITAMON,,"Данные остаются в их костях. Собирая их, я — на самом деле, мы —
наследуем их недовольство."
3,machine_phrase,присутствие/наличие,присутствие,dialogue,patch_text01,message/field_text.mbe/000_Sheet1.csv,364,dummy_dlc010_0315,char_AEGIOMON,,Я чувствую странное присутствие впереди. Вы готовы продолжить?
3,machine_phrase,довольно/действительно/различные перегруз,действительно,dialogue,patch_text01,message/field_text.mbe/000_Sheet1.csv,384,dummy_dlc010_0490,char_RANAMON,,Я действительно... не хочу ссориться...
3,machine_phrase,довольно/действительно/различные перегруз,Различные,dialogue,patch_text01,message/field_text.mbe/000_Sheet1.csv,463,dummy_dlc030_0230,char_PLAYER_M,,"Идентификатор события: d3_030_030 ""Различные возможности 1""
(ранг C)"
3,machine_phrase,довольно/действительно/различные перегруз,Различные,dialogue,patch_text01,message/field_text.mbe/000_Sheet1.csv,464,dummy_dlc030_0240,char_PLAYER_M,,"Идентификатор события: d3_030_040 ""Различные возможности 2""
(ранг B)"
3,machine_phrase,довольно/действительно/различные перегруз,Различные,dialogue,patch_text01,message/field_text.mbe/000_Sheet1.csv,465,dummy_dlc030_0250,char_PLAYER_M,,"Идентификатор события: d3_030_050 ""Различные возможности 3""
(ранг B)"
3,machine_phrase,данный/данные,данных,dialogue,patch_text01,message/field_text.mbe/000_Sheet1.csv,966,g_tutorial_1002_0020,char_OPERATOR_M,,"Эти функции основаны на теориях, данных нам доктором Юки.
Действительно, его изобретения внесли большой вклад в развитие общества."
3,machine_phrase,довольно/действительно/различные перегруз,Действительно,dialogue,patch_text01,message/field_text.mbe/000_Sheet1.csv,966,g_tutorial_1002_0020,char_OPERATOR_M,,"Эти функции основаны на теориях, данных нам доктором Юки.
Действительно, его изобретения внесли большой вклад в развитие общества."
3,machine_phrase,довольно/действительно/различные перегруз,довольно,dialogue,patch_text01,message/h06.mbe/000_Sheet1.csv,18,f_h0601_0030_0050,char_LOTOSMON,,"Тот, кто создал это пространство, довольно хитер... У меня
такое чувство, что у нас схожее мышление."
3,machine_phrase,данный/данные,данные,dialogue,patch_text01,message/m010.mbe/000_Sheet1.csv,39,m010_020_240,char_OPERATOR_M,,"...но начальство действительно ценит данные, полученные нами во
время миссии. Отсюда и их большие надежды на нас сегодня."
3,machine_phrase,довольно/действительно/различные перегруз,действительно,dialogue,patch_text01,message/m010.mbe/000_Sheet1.csv,39,m010_020_240,char_OPERATOR_M,,"...но начальство действительно ценит данные, полученные нами во
время миссии. Отсюда и их большие надежды на нас сегодня."
3,machine_phrase,довольно/действительно/различные перегруз,действительно,dialogue,patch_text01,message/m010.mbe/000_Sheet1.csv,52,m010_040_090,char_OPERATOR_M,,Ты действительно чувствуешь страх и гнев толпы.
3,machine_phrase,данный/данные,Данные,dialogue,patch_text01,message/m010.mbe/000_Sheet1.csv,82,m010_090_090,char_OPERATOR_M,,Данные были предварительно загружены на твой Дигивайс.
3,machine_phrase,данный/данные,данных,dialogue,patch_text01,message/m010.mbe/000_Sheet1.csv,121,m010_200_130,char_OPERATOR_M,,"Я ещё раз проверю базу данных. Если что-нибудь выясню,
сразу выйду на связь."
3,machine_phrase,довольно/действительно/различные перегруз,довольно,dialogue,patch_text01,message/m040.mbe/000_Sheet1.csv,28,m040_030_090,char_GLASSES_WEARING_MAN,,"Я имею в виду, твой... Напомни, как это называют современные дети?
""Косплей""? Это довольно щеголеватый вид, я отдаю тебе должное..."
3,machine_phrase,довольно/действительно/различные перегруз,действительно,dialogue,patch_text01,message/m040.mbe/000_Sheet1.csv,29,m040_030_100,char_GLASSES_WEARING_MAN,,"Такое чувство, что я где-то уже видел этот наряд раньше... Но
сейчас действительно не время для всего этого."
3,machine_phrase,довольно/действительно/различные перегруз,довольно,dialogue,patch_text01,message/m050.mbe/000_Sheet1.csv,11,m050_010_071,char_PLAYER_M,,"Вчерашний день был довольно тяжелым, да?{next}"
3,machine_phrase,довольно/действительно/различные перегруз,довольно,dialogue,patch_text01,message/m050.mbe/000_Sheet1.csv,110,m050_010_071__F,char_PLAYER_M,,"Вчерашний день был довольно тяжелым, да?{next}"
3,machine_phrase,довольно/действительно/различные перегруз,довольно,dialogue,patch_text01,message/m050.mbe/000_Sheet1.csv,107,m050_010_071__H,char_PLAYER_M,,"Вчерашний день был довольно тяжелым, да?{next}"
3,machine_phrase,данный/данные,данные,dialogue,patch_text01,message/m050.mbe/000_Sheet1.csv,24,m050_010_190,char_OPERATOR_M,,"Сопоставив все данные, аналитический отдел
пришёл к выводу, что..."
3,machine_phrase,довольно/действительно/различные перегруз,довольно,dialogue,patch_text01,message/m050.mbe/000_Sheet1.csv,52,m050_030_070,char_GLASSES_WEARING_MAN,,"Ага, ну, я могу работать в любое время. Жизнь
частного детектива довольно гибкая в этом плане."
3,machine_phrase,данный/данные,Данные,dialogue,patch_text01,message/m050.mbe/000_Sheet1.csv,77,m050_030_280,char_OPERATOR_M,,"Данные с твоего цифрового устройства удалось совместить
с информацией о местоположении восьмилетней давности..."
3,machine_phrase,довольно/действительно/различные перегруз,довольно,dialogue,patch_text01,message/m050.mbe/000_Sheet1.csv,78,m050_030_290,char_OPERATOR_M,,"...так получилась самодельная система определения координат.
Работает довольно точно."
3,machine_phrase,данный/данные,данных,dialogue,patch_text01,message/m050.mbe/000_Sheet1.csv,80,m050_030_310,char_OPERATOR_M,,"Попробуй получить доступ к системе данных о местоположении, пока смотришь на
карту на своем Дигивайсе. Я свяжусь с тобой снова, когда будет необходимость."
3,machine_phrase,данный/данные,данные,dialogue,patch_text01,message/m050.mbe/000_Sheet1.csv,95,m050_060_020,char_OPERATOR_M,,"Я анализирую данные, поступающие из вашего Дигивайса. Похоже,
вернуться к исходной временной шкале будет непросто."
3,machine_phrase,довольно/действительно/различные перегруз,довольно,dialogue,patch_text01,message/m060.mbe/000_Sheet1.csv,166,m060_160_110,char_TAKEMIYA,,"Вам стоит пойти отдохнуть. Я имею в виду... у вас же был
довольно насыщенный день, верно?"
3,machine_phrase,данный/данные,данных,dialogue,patch_text01,message/m070.mbe/000_Sheet1.csv,31,m070_020_120,char_TAKEMIYA,,"Буду честен, коротышка. Я бы хотел получить образец твоих
данных."
3,machine_phrase,данный/данные,данные,dialogue,patch_text01,message/m070.mbe/000_Sheet1.csv,39,m070_030_040,char_TAKEMIYA,,"Я ещё привёл друга, который разбирается в фазово-электронных
формах жизни. С ним получишь данные получше."
3,machine_phrase,данный/данные,данные,dialogue,patch_text01,message/m070.mbe/000_Sheet1.csv,44,m070_030_100,char_KUREMI,,"Ты и данные-то нормально собрать без нашей организации не
можешь."
3,machine_phrase,довольно/действительно/различные перегруз,действительно,dialogue,patch_text01,message/m070.mbe/000_Sheet1.csv,58,m070_040_020,char_SIMMONS,,"Не могу поверить, что это на самом деле происходит! Ты действительно
здесь, во плоти! Настоящая фазово-электронная форма жизни!"
3,machine_phrase,довольно/действительно/различные перегруз,различные,dialogue,patch_text01,message/m070.mbe/000_Sheet1.csv,69,m070_040_110,char_SIMMONS,,"Я хочу узнать всё, что смогу, об их способностях как живых
организмов. У меня есть различные гипотезы, которые я хочу проверить."
3,machine_phrase,данный/данные,данных,dialogue,patch_text01,message/m090.mbe/000_Sheet1.csv,66,m090_060_100,char_OPERATOR_M,,"Было бы странно, если бы эта битва не была задокументирована, но
спустя восемь лет я не могу найти о ней никаких данных…"
3,machine_phrase,довольно/действительно/различные перегруз,довольно,dialogue,patch_text01,message/m090.mbe/000_Sheet1.csv,84,m090_080_080,char_MINERVAMON,,Но с тех пор события приняли довольно неожиданный оборот...
3,machine_phrase,довольно/действительно/различные перегруз,действительно,dialogue,patch_text01,message/m090.mbe/000_Sheet1.csv,90,m090_080_140,char_MINERVAMON,,"Но, думаю, этот вопрос для другого раза. Что важнее сейчас, мне
действительно пригодилась бы твоя помощь."
3,machine_phrase,довольно/действительно/различные перегруз,довольно,dialogue,patch_text01,message/m090.mbe/000_Sheet1.csv,100,m090_080_210,char_MINERVAMON,,"Хм... Это всё довольно расплывчато, тебе не кажется?"
3,machine_phrase,довольно/действительно/различные перегруз,довольно,dialogue,patch_text01,message/m090.mbe/000_Sheet1.csv,105,m090_080_260,char_INORI,,"Уже довольно поздно. Давайте сегодня на этом остановимся и
решим, что делать дальше, завтра."
3,machine_phrase,данный/данные,данные,dialogue,patch_text01,message/m100.mbe/000_Sheet1.csv,31,m100_020_021,char_PLAYER_M,,Но данные неточные…
3,machine_phrase,довольно/действительно/различные перегруз,Довольно,dialogue,patch_text01,message/m100.mbe/000_Sheet1.csv,47,m100_030_070,char_SIMMONS,,"Да, да, понимаю... Довольно интригующе."
3,machine_phrase,присутствие/наличие,присутствие,dialogue,patch_text01,message/m100.mbe/000_Sheet1.csv,60,m100_030_180,char_SIMMONS,,"Считайте это радаром, который обнаруживает присутствие фазовых
электронов. Он может помочь вам найти то, что вы ищете."
3,machine_phrase,довольно/действительно/различные перегруз,довольно,dialogue,patch_text01,message/m100.mbe/000_Sheet1.csv,61,m100_030_190,char_SIMMONS,,"Он всё ещё на стадии прототипа, так что он довольно громоздкий,
это точно."
3,machine_phrase,довольно/действительно/различные перегруз,действительно,dialogue,patch_text01,message/m120.mbe/000_Sheet1.csv,25,m120_030_060,char_AEGIOMON,,Мы сделали это! Мы действительно в Цифровом Мире!
3,machine_phrase,данный/данные,данных,dialogue,patch_text01,message/m120.mbe/000_Sheet1.csv,36,m120_040_150,char_OPERATOR_M,,"...тогда, теоретически, весьма вероятно, что сбор данных в
Цифровом Мире может предотвратить уничтожение мира."
3,machine_phrase,довольно/действительно/различные перегруз,действительно,dialogue,patch_text01,message/m120.mbe/000_Sheet1.csv,88,m120_080_110,char_KNIGHTMON,,"Если это действительно так, вы должны принести мне
доказательство."
3,machine_phrase,данный/данные,данные,dialogue,patch_text01,message/m120.mbe/000_Sheet1.csv,93,m120_100_010,char_OPERATOR_M,,"Я анализирую данные, которые вы прислали, и, честно говоря, у
меня нет слов."
3,machine_phrase,данный/данные,Данные,dialogue,patch_text01,message/m120.mbe/000_Sheet1.csv,95,m120_100_030,char_OPERATOR_M,,"Данные, которые вы прислали, совпадают со многими записями в
базе данных АДАМАСА о неопознанных мистических животных."
3,machine_phrase,данный/данные,данных,dialogue,patch_text01,message/m120.mbe/000_Sheet1.csv,99,m120_100_070,char_OPERATOR_M,,Но для уверенности данных нужно больше. Собирайте всё возможное.
3,machine_phrase,присутствие/наличие,присутствии,dialogue,patch_text01,message/m140.mbe/000_Sheet1.csv,6,m140_010_050,char_MINERVAMON,,"Эти люди помогли нам пока что отбить их. Ты знал о присутствии
Титанов?"
3,machine_phrase,довольно/действительно/различные перегруз,действительно,dialogue,patch_text01,message/m140.mbe/000_Sheet1.csv,9,m140_010_080,char_MERCURYMON,,"Кажется, предстоящей битвы действительно не избежать."
3,machine_phrase,довольно/действительно/различные перегруз,действительно,dialogue,patch_text01,message/m140.mbe/000_Sheet1.csv,38,m140_010_350,char_MINERVAMON,,"Так что прости за всё это, но твоя помощь нам действительно
нужна."
3,machine_phrase,довольно/действительно/различные перегруз,действительно,dialogue,patch_text01,message/m150.mbe/000_Sheet1.csv,110,m150_070_360,char_GUARDROMON_GL,,С-серьёзно?! Вы действительно можете сражаться с Титанами?
3,machine_phrase,довольно/действительно/различные перегруз,Действительно,dialogue,patch_text01,message/m150.mbe/000_Sheet1.csv,180,m150_095_130,char_KOKUWAMON_A,,"...Действительно, так и было."
3,machine_phrase,довольно/действительно/различные перегруз,действительно,dialogue,patch_text01,message/m150.mbe/000_Sheet1.csv,203,m150_110_120,char_AEGIOMON,,"Значит, это действительно один из тех Титанов, да?!"
3,machine_phrase,довольно/действительно/различные перегруз,действительно,dialogue,patch_text01,message/m150.mbe/000_Sheet1.csv,294,m150_170_060,char_MERCURYMON,,"Полагаю, вы правы, да. Вы все действительно очень помогли. Я
молюсь, чтобы вы благополучно вернулись в свой мир."
3,machine_phrase,довольно/действительно/различные перегруз,Действительно,dialogue,patch_text01,message/m160.mbe/000_Sheet1.csv,20,m160_040_030,char_JUNOMON,,"Несомненно, это всего лишь проблеск истинных возможностей
Великого Хранителя. Действительно, удачный день..."
3,machine_phrase,присутствие/наличие,Присутствие,dialogue,patch_text01,message/m160.mbe/000_Sheet1.csv,32,m160_050_012,char_JUNOMON,,"Присутствие этих двух существ обеспечило длительный период мира
и процветания."
3,machine_phrase,довольно/действительно/различные перегруз,действительно,dialogue,patch_text01,message/m170.mbe/000_Sheet1.csv,11,m170_020_010,char_AEGIOMON,,"Итак... Я действительно ""Великий Хранитель""..."
3,machine_phrase,довольно/действительно/различные перегруз,действительно,dialogue,patch_text01,message/m170.mbe/000_Sheet1.csv,51,m170_050_140,char_SHELLMON,,"Я действительно ранен... И у меня тоже нет лекарств, которые
мне нужны."
3,machine_phrase,довольно/действительно/различные перегруз,действительно,dialogue,patch_text01,message/m170.mbe/000_Sheet1.csv,88,m170_065_140,char_HANGYOMON,,...Я действительно сожалею обо всем этом.
3,machine_phrase,данный/данные,данных,dialogue,patch_text01,message/m170.mbe/000_Sheet1.csv,126,m170_070_100,char_OPERATOR_M,,"Имейте это в виду, исследуя местность. Я сделаю все возможное
для анализа полученных данных."
3,machine_phrase,довольно/действительно/различные перегруз,действительно,dialogue,patch_text01,message/m170.mbe/000_Sheet1.csv,136,m170_090_100,char_HANGYOMON,,Я действительно недооценивал вас всех.
3,machine_phrase,довольно/действительно/различные перегруз,действительно,dialogue,patch_text01,message/m170.mbe/000_Sheet1.csv,262,m170_210_130,char_JUNOMON,,"Если Течение — действительно то, к чему стремятся Титаны,
тогда, скорее всего, они хотят—"
3,machine_phrase,довольно/действительно/различные перегруз,действительно,dialogue,patch_text01,message/m180.mbe/000_Sheet1.csv,36,m180_030_030,char_AEGIOMON,,"Если да, то нам действительно лучше поторопиться! Давай! Инори,
оставайся позади меня!"
3,machine_phrase,довольно/действительно/различные перегруз,действительно,dialogue,patch_text01,message/m180.mbe/000_Sheet1.csv,48,m180_040_020,char_PALMON,,"Я была застигнута врасплох. Мне бы действительно пришлось туго,
если бы вы не подоспели!"
3,machine_phrase,довольно/действительно/различные перегруз,различные,dialogue,patch_text01,message/m180.mbe/000_Sheet1.csv,87,m180_050_110,char_OPERATOR_M,,"Не будет преувеличением назвать наши различные мифологии
величайшими аномалиями в человеческой истории."
3,machine_phrase,данный/данные,данные,dialogue,patch_text01,message/m200.mbe/000_Sheet1.csv,37,m200_030_010,char_TOUDO,,Сообщите последние данные о передвижениях противника.
3,machine_phrase,данный/данные,Данная,dialogue,patch_text01,message/m200.mbe/000_Sheet1.csv,46,m200_030_110,char_SUMERAGI,,"Любая территория в радиусе пяти километров от правительственного здания
будет временно закрыта электромагнитной сетью. Данная территория включена."
3,machine_phrase,довольно/действительно/различные перегруз,действительно,dialogue,patch_text01,message/m210.mbe/000_Sheet1.csv,167,m210_050_150,char_INORI,,"Я действительно счастлива, что встретила тебя, Эгиомон."
3,machine_phrase,присутствие/наличие,Присутствие,dialogue,patch_text01,message/m235.mbe/000_Sheet1.csv,6,m235_010_050,char_SUMERAGI,,"...Присутствие Дигимона подтверждено. Идите с нами. Вы будете
задержаны."
3,machine_phrase,довольно/действительно/различные перегруз,действительно,dialogue,patch_text01,message/m235.mbe/000_Sheet1.csv,12,m235_010_110,char_SUMERAGI,,"Теперь, когда вы говорите... кажется, я действительно видел вас
где-то раньше..."
3,machine_phrase,довольно/действительно/различные перегруз,Действительно,dialogue,patch_text01,message/m240.mbe/000_Sheet1.csv,47,m240_020_380,char_MERCURYMON,,Действительно... Я могу лишь надеяться на ваш успех.
3,machine_phrase,довольно/действительно/различные перегруз,действительно,dialogue,patch_text01,message/m250.mbe/000_Sheet1.csv,7,m250_020_010,char_AEGIOMON,,Это... действительно Центральный город? И это все... Титаны...?
3,machine_phrase,довольно/действительно/различные перегруз,действительно,dialogue,patch_text01,message/m250.mbe/000_Sheet1.csv,8,m250_020_020,char_INORI,,Этот город действительно изменился...
3,machine_phrase,довольно/действительно/различные перегруз,действительно,dialogue,patch_text01,message/m250.mbe/000_Sheet1.csv,23,m250_030_132,char_PLAYER_M,,Неужели действительно невозможно договориться...?{next}
3,machine_phrase,довольно/действительно/различные перегруз,действительно,dialogue,patch_text01,message/m260.mbe/000_Sheet1.csv,27,m260_040_030,char_OPERATOR_M,,"И если конфликт начался из-за контроля над этим ресурсом, то это
действительно может быть сложной проблемой."
3,machine_phrase,довольно/действительно/различные перегруз,довольно,dialogue,patch_text01,message/m260.mbe/000_Sheet1.csv,34,m260_050_050,char_INORI,,"И всё это время она вела переговоры с Титанами... Это довольно
круто."
3,machine_phrase,довольно/действительно/различные перегруз,действительно,dialogue,patch_text01,message/m270.mbe/000_Sheet1.csv,31,m270_050_060,char_NARRATION,,"Остаётся только гадать... Была ли эта череда трагических событий
действительно неизбежной...?"
3,machine_phrase,довольно/действительно/различные перегруз,действительно,dialogue,patch_text01,message/m280.mbe/000_Sheet1.csv,114,m280_100_030,char_VENUSMON,,"Я должна спросить в последний раз... Ты действительно всё это
планировала?"
3,machine_phrase,довольно/действительно/различные перегруз,действительно,dialogue,patch_text01,message/m285.mbe/000_Sheet1.csv,2,m285_010_010,char_AEGIOMON,,"Мы снова вернулись... Что вообще происходит... Неужели... нам
действительно удалось изменить прошлое...?"
3,machine_phrase,довольно/действительно/различные перегруз,действительно,dialogue,patch_text01,message/m290.mbe/000_Sheet1.csv,14,m290_050_010,char_INORI,,Здесь действительно никого нет... Только не говори...
3,machine_phrase,довольно/действительно/различные перегруз,действительно,dialogue,patch_text01,message/m300.mbe/000_Sheet1.csv,53,m300_070_060,char_BACCHUSMON,,Нам действительно нельзя терять бдительность.
3,machine_phrase,довольно/действительно/различные перегруз,действительно,dialogue,patch_text01,message/m300.mbe/000_Sheet1.csv,70,m300_080_070,char_SIRENMON,,"Я действительно думала, что на этот раз мне конец."
3,machine_phrase,довольно/действительно/различные перегруз,действительно,dialogue,patch_text01,message/m300.mbe/000_Sheet1.csv,186,m300_140_200,char_INORI,,"В смысле, если боги действительно существуют, то, возможно, они
исполнили мои молитвы..."
3,machine_phrase,данный/данные,данные,dialogue,patch_text01,message/m310.mbe/000_Sheet1.csv,10,m310_010_090,char_OPERATOR_M,,У меня новые данные.
3,machine_phrase,довольно/действительно/различные перегруз,действительно,dialogue,patch_text01,message/m310.mbe/000_Sheet1.csv,91,m310_031_130,char_INORI,,"Прости, но это, кажется, действительно важно для неё..."
3,machine_phrase,данный/данные,данное,dialogue,patch_text01,message/m310.mbe/000_Sheet1.csv,150,m310_070_010,char_NARRATION,,"Так прошло время... Сдерживая обещание, данное старшему брату,
робкий младший брат вырос в доблестного воина."
3,machine_phrase,довольно/действительно/различные перегруз,действительно,dialogue,patch_text01,message/m330.mbe/000_Sheet1.csv,4,m330_010_030,char_INORI,,"Мне одной кажется, или что-то действительно не так?"
3,machine_phrase,довольно/действительно/различные перегруз,действительно,dialogue,patch_text01,message/m330.mbe/000_Sheet1.csv,36,m330_010_250,char_AEGIOMON,,Значит... яд действительно распространился...
3,machine_phrase,довольно/действительно/различные перегруз,довольно,dialogue,patch_text01,message/m340.mbe/000_Sheet1.csv,70,m340_020_210,char_OPERATOR_M,,...я знаю тебя уже довольно давно.
3,machine_phrase,присутствие/наличие,присутствия,dialogue,patch_text01,message/m350.mbe/000_Sheet1.csv,8,m350_010_070,char_OPERATOR_M,,"Именно: перенос во времени произошёл
без присутствия Эгимона."
3,machine_phrase,присутствие/наличие,присутствия,dialogue,patch_text01,message/m350.mbe/000_Sheet1.csv,88,m350_140_010,char_MIREI,,"Акашическое Видение активируется, даже без присутствия Эгимона."
3,machine_phrase,довольно/действительно/различные перегруз,действительно,dialogue,patch_text01,message/m360.mbe/000_Sheet1.csv,8,m360_010_052,char_PLAYER_M,,Это действительно Плутомон?{next}
3,machine_phrase,присутствие/наличие,присутствия,dialogue,patch_text01,message/m360.mbe/000_Sheet1.csv,41,m360_080_011,char_PLUTOMON,,"Обладая властью над временем, Хрономон был существом абсолютного
присутствия, который правил Илиадой."
3,machine_phrase,данный/данные,данные,dialogue,patch_text01,message/m400.mbe/000_Sheet1.csv,2,m400_010_010,char_SIMMONS,,"А, наконец-то. У меня есть новые данные, которыми я
должна с тобой поделиться."
3,machine_phrase,довольно/действительно/различные перегруз,довольно,dialogue,patch_text01,message/m400.mbe/000_Sheet1.csv,16,m400_011_020,char_SOCERIMON,,"Однако двое поссорились, и текущая ситуация довольно
напряжённая."
3,machine_phrase,довольно/действительно/различные перегруз,действительно,dialogue,patch_text01,message/m400.mbe/000_Sheet1.csv,74,m400_040_130,char_DIANAMON,,"Я потеряла способность различать, кто действительно на нашей
стороне... Я даже начала сомневаться в тебе, моей второй половине..."
3,machine_phrase,довольно/действительно/различные перегруз,различные,dialogue,patch_text01,message/m420.mbe/000_Sheet1.csv,20,m420_010_170,char_JUNOMON,,"Пока я была скована гневом Хрономона... я предоставляла людям
различные вещи."
3,machine_phrase,данный/данные,данные,dialogue,patch_text01,message/m420.mbe/000_Sheet1.csv,21,m420_010_180,char_JUNOMON,,"Дигимонов и их особые структурные данные... всё это пошло на
создание того оружия."
3,machine_phrase,довольно/действительно/различные перегруз,действительно,dialogue,patch_text01,message/m440.mbe/000_Sheet1.csv,73,m440_090_020,char_MINERVAMON,,"И после того как мои брат и сестра показали такую силу...
Неужели это действительно всё, на что я способна...?"
3,machine_phrase,довольно/действительно/различные перегруз,действительно,dialogue,patch_text01,message/m440.mbe/000_Sheet1.csv,80,m440_090_090,char_MINERVAMON,,"Я покажу вам, на что я действительно способна...!"
3,machine_phrase,довольно/действительно/различные перегруз,действительно,dialogue,patch_text01,message/rumor_npc.mbe/000_Sheet1.csv,661,r_d0502_0020_0060,char_MINOTAURMON,,Это огромное место... Я действительно выматываюсь...
3,machine_phrase,довольно/действительно/различные перегруз,действительно,dialogue,patch_text01,message/rumor_npc.mbe/000_Sheet1.csv,856,r_h0312_0010_3_1_w,char_MAMEMON,,Это было действительно трогательно!
3,machine_phrase,довольно/действительно/различные перегруз,действительно,dialogue,patch_text01,message/rumor_npc.mbe/000_Sheet1.csv,867,r_h0312_0010_3_6_l,char_MAMEMON,,"Я действительно думал, что ты победишь!"
3,machine_phrase,довольно/действительно/различные перегруз,Действительно,dialogue,patch_text01,message/rumor_npc.mbe/000_Sheet1.csv,959,r_h0813_0010_0080,char_BEELZEBUMON,,Действительно ли тебе стоит драться со мной?
3,machine_phrase,довольно/действительно/различные перегруз,Действительно,dialogue,patch_text01,message/rumor_npc.mbe/000_Sheet1.csv,209,r_t0108_0010_0060,char_SPECIAL_FORCES,,Действительно ли все это необходимо?
3,machine_phrase,довольно/действительно/различные перегруз,Действительно,dialogue,patch_text01,message/rumor_npc.mbe/000_Sheet1.csv,976,r_t0121_0030_0010,char_STANDING_MAN,,"Хм, да... Действительно, прекрасное представление."
3,machine_phrase,довольно/действительно/различные перегруз,действительно,dialogue,patch_text01,message/s010_156.mbe/000_Sheet1.csv,80,s010_156_605,char_HIROKO,,"Ты действительно собираешься бороться с этим?! Извини! Все, что
я могу предложить, это моральную поддержку. Удачи!"
3,machine_phrase,довольно/действительно/различные перегруз,довольно,dialogue,patch_text01,message/s010_180.mbe/000_Sheet1.csv,10,s010_180_070,char_BEGINNER_COSPLAYER,,"Хм... Твой костюм тоже довольно хорош, но те легенды, которые я
только что видел, были еще лучше."
3,machine_phrase,довольно/действительно/различные перегруз,довольно,dialogue,patch_text01,message/s020_013.mbe/000_Sheet1.csv,21,s020_013_140,char_NEPTUNEMON,,"О, дизайн был довольно простым, хотя и сделан из драгоценного
Синего дигизоида."
3,machine_phrase,довольно/действительно/различные перегруз,действительно,dialogue,patch_text01,message/s020_013.mbe/000_Sheet1.csv,29,s020_013_200,char_NEPTUNEMON,,"...Я действительно не могу понять, почему вы так подумали."
3,machine_phrase,довольно/действительно/различные перегруз,довольно,dialogue,patch_text01,message/s020_013.mbe/000_Sheet1.csv,42,s020_013_290,char_NEPTUNEMON,,"Видите ли, синий хрондигизойт - довольно драгоценный металл.
Кольцо должно говорить само за себя."
3,machine_phrase,довольно/действительно/различные перегруз,Действительно,dialogue,patch_text01,message/s020_013.mbe/000_Sheet1.csv,55,s020_013_380,char_VENUSMON,,"Действительно. Я не могу представить, чтобы Нептунемон
предпринял необдуманные действия... Ах, у меня получилось!"
3,machine_phrase,довольно/действительно/различные перегруз,действительно,dialogue,patch_text01,message/s020_018.mbe/000_Sheet1.csv,128,s020_018_1050,char_KAMEMON,,"Что ж, мы действительно многому научились. Спасибо за вашу
помощь! Вот. Возьмите это за беспокойство."
3,machine_phrase,довольно/действительно/различные перегруз,действительно,dialogue,patch_text01,message/s020_019.mbe/000_Sheet1.csv,58,s020_019_470,char_NEPTUNEMON,,"Хм... Эта камера действительно крепкая. Но даже этим стенам не
сравниться с моей силой."
3,machine_phrase,довольно/действительно/различные перегруз,действительно,dialogue,patch_text01,message/s020_173.mbe/000_Sheet1.csv,8,s020_173_050,char_MARINEANGEMON,,"Я уже проделал МНОГО работы! Знаете, у меня действительно есть
поклонники!"
3,machine_phrase,довольно/действительно/различные перегруз,довольно,dialogue,patch_text01,message/s020_173.mbe/000_Sheet1.csv,25,s020_173_185,char_MARINEANGEMON,,"Пахнет... довольно странно для обычной воды. Но я хочу пить, так
что придется обойтись и этим."
3,machine_phrase,довольно/действительно/различные перегруз,действительно,dialogue,patch_text01,message/s030_029.mbe/000_Sheet1.csv,48,s030_029_340,char_DUFTMON,,"ГранКувагамон действительно могущественный враг... И все же я
отказываюсь отступать!"
3,machine_phrase,довольно/действительно/различные перегруз,Действительно,dialogue,patch_text01,message/s030_030.mbe/000_Sheet1.csv,40,s030_030_320,char_TIGERVESPAMON,,"Действительно... Можно сказать, что чрезмерное сокрытие нашей
базы, в конце концов, сделало диалог практически невозможным."
3,machine_phrase,довольно/действительно/различные перегруз,различные,dialogue,patch_text01,message/s030_030.mbe/000_Sheet1.csv,45,s030_030_370,char_TIGERVESPAMON,,"Я слышал, что предпринимаются различные усилия по восстановлению. Я тоже хочу перестроиться."
3,machine_phrase,довольно/действительно/различные перегруз,действительно,dialogue,patch_text01,message/s030_030.mbe/000_Sheet1.csv,57,s030_030_470,char_PECKMON,,"Я действительно ценю, что ты заботишься о таких вещах! Кричи,
кричи!"
3,machine_phrase,довольно/действительно/различные перегруз,действительно,dialogue,patch_text01,message/s030_030.mbe/000_Sheet1.csv,58,s030_030_480,char_TIGERVESPAMON,,"Мои сладости ручной работы действительно стали популярными.
Другим, похоже, они действительно нравятся. Хе-хе!"
3,machine_phrase,присутствие/наличие,присутствие,dialogue,patch_text01,message/s030_183.mbe/000_Sheet1.csv,31,s030_183_250,char_SIRENMON,,"Я почувствовала странное присутствие в святилище
и проверяла, нет ли там чужака."
3,machine_phrase,присутствие/наличие,присутствие,dialogue,patch_text01,message/s030_183.mbe/000_Sheet1.csv,33,s030_183_270,char_SIRENMON,,"Это присутствие... Уверена, здесь кто-то есть.
Как вовремя вы пришли! Прошу, идёмте со мной!"
3,machine_phrase,довольно/действительно/различные перегруз,довольно,dialogue,patch_text01,message/s040_033.mbe/000_Sheet1.csv,37,s040_033_320,char_DRIMOGEMON_YB,,"Тогда идём. Но будь начеку: этот Титан
выглядит довольно сильным!"
3,machine_phrase,довольно/действительно/различные перегруз,действительно,dialogue,patch_text01,message/s040_160.mbe/000_Sheet1.csv,7,s040_160_040,char_MARSMON,,"Конечно, боюсь. Я имею в виду, мне действительно пришлось
расправиться со своим старшим братом..."
3,machine_phrase,довольно/действительно/различные перегруз,действительно,dialogue,patch_text01,message/s040_160.mbe/000_Sheet1.csv,40,s040_160_300,char_MARSMON,,"Ух... Но, эй, я действительно немного поработал, так что это
должно означать, что я заслуживаю хотя бы перекуса, верно?"
3,machine_phrase,данный/данные,данными,dialogue,patch_text01,message/s050_038.mbe/000_Sheet1.csv,10,s050_038_0070,char_ZUDOMON,,"И со всеми данными, которые проходят через это место, там есть
масса полезных вещей."
3,machine_phrase,довольно/действительно/различные перегруз,действительно,dialogue,patch_text01,message/s050_039.mbe/000_Sheet1.csv,19,s050_039_140,char_ZUDOMON,,"Я надеялся, что ты сделаешь больше, чем просто посмотришь. Может
быть, действительно найдешь это и принесешь обратно?"
3,machine_phrase,данный/данные,данный,dialogue,patch_text01,message/s050_043.mbe/000_Sheet1.csv,14,s050_043_100,char_BEARMON_OB,,"Полагаю, в данный момент ты чувствуешь себя никчемным, да?
Ладно, я введу тебя в курс дела."
3,machine_phrase,довольно/действительно/различные перегруз,действительно,dialogue,patch_text01,message/s050_043.mbe/000_Sheet1.csv,70,s050_043_580,char_BEARMON_OB,,"Что? Ты действительно собираешься мне вот так врать? Здесь нет
никаких украшений... вот..."
3,machine_phrase,довольно/действительно/различные перегруз,действительно,dialogue,patch_text01,message/s050_043.mbe/000_Sheet1.csv,71,s050_043_590,char_BEARMON_OB,,"Оно действительно блестящее и красивое. Примерно того же
размера, что и у тебя... вот оно..."
3,machine_phrase,данный/данные,данный,dialogue,patch_text01,message/s050_043.mbe/000_Sheet1.csv,105,s050_043_900,char_BEARMON_OB,,"Полагаю, в данный момент ты чувствуешь себя никчемным, да?
Ладно, я введу тебя в курс дела."
3,machine_phrase,данный/данные,данный,dialogue,patch_text01,message/s050_152.mbe/000_Sheet1.csv,3,s050_152_020,char_PEGASMON,,"Я призываю всех набраться смелости. Это все, на что я способен в
данный момент, но..."
3,machine_phrase,довольно/действительно/различные перегруз,действительно,dialogue,patch_text01,message/s050_152.mbe/000_Sheet1.csv,9,s050_152_060,char_PEGASMON,,"Я действительно выгляжу такой удрученной? Хе-хе. Полагаю, я
действительно не могу скрыть свою нервозность."
3,machine_phrase,довольно/действительно/различные перегруз,действительно,dialogue,patch_text01,message/s050_152.mbe/000_Sheet1.csv,87,s050_152_720,char_PEGASMON,,"ДА. Да, это так. Я действительно горю желанием что-нибудь
сделать с этими ребятами..."
3,machine_phrase,довольно/действительно/различные перегруз,действительно,dialogue,patch_text01,message/s050_176.mbe/000_Sheet1.csv,36,s050_176_290,char_MERCURYMON,,"Позволит ли это вам действительно оценить их мастерство?
Полагаю, они говорят, что человек сам создает свою удачу."
3,machine_phrase,данный/данные,данный,dialogue,patch_text01,message/s050_176.mbe/000_Sheet1.csv,41,s050_176_340,char_MERCURYMON,,"Мне очень жаль, но в данный момент я слишком занят."
3,machine_phrase,довольно/действительно/различные перегруз,действительно,dialogue,patch_text01,message/s050_176.mbe/000_Sheet1.csv,47,s050_176_380,char_RAPIDMON_ARMOR,,"Это был действительно жестокий бой! Как я и ожидал от верного
друга Меркуримона."
3,machine_phrase,довольно/действительно/различные перегруз,Довольно,dialogue,patch_text01,message/s070_055.mbe/000_Sheet1.csv,76,s070_055_610,char_HIROKO,,"А в конце они всё равно не нашли счастья.
Довольно раздражающее кино."
3,machine_phrase,довольно/действительно/различные перегруз,довольно,dialogue,patch_text01,message/s070_055.mbe/000_Sheet1.csv,78,s070_055_630,char_MINERVAMON,,"Но транспорт, на котором ездил герой... мотоцикл,
да? Он был довольно крутым."
3,machine_phrase,довольно/действительно/различные перегруз,действительно,dialogue,patch_text01,message/s070_056.mbe/000_Sheet1.csv,27,s070_056_200,char_MINERVAMON,,"Подождите... Мне действительно понравился тот мотоцикл в фильме
на днях! Это было супер круто!"
3,machine_phrase,довольно/действительно/различные перегруз,действительно,dialogue,patch_text01,message/s070_167.mbe/000_Sheet1.csv,61,s070_167_440,char_BEELZEBUMON,,"Это действительно очень хорошие детали. Как только они будут на
месте, я смогу сражаться на 120% мощности."
3,machine_phrase,довольно/действительно/различные перегруз,действительно,dialogue,patch_text01,message/s070_167.mbe/000_Sheet1.csv,82,s070_167_620,char_MINERVAMON,,"Это было твое представление о веселье...? Ты действительно
нечто особенное!"
3,machine_phrase,довольно/действительно/различные перегруз,действительно,dialogue,patch_text01,message/s080_059.mbe/000_Sheet1.csv,82,s080_059_690,char_LUNAMON,,П-погоди-ка. Ты действительно собираешься туда поехать?
3,machine_phrase,довольно/действительно/различные перегруз,различных,dialogue,patch_text01,message/s090_072.mbe/000_Sheet1.csv,29,s090_072_240,char_FORTUNE_TELLER,,"Хотел бы я, чтобы все было так просто, но... допустим, я не могу
в силу различных обстоятельств."
3,machine_phrase,присутствие/наличие,присутствие,dialogue,patch_text01,message/s090_072.mbe/000_Sheet1.csv,77,s090_072_650,char_FORTUNE_TELLER,,"И... Я чувствую присутствие растения поблизости. Оно затенено от
солнечного света...?"
3,machine_phrase,довольно/действительно/различные перегруз,действительно,dialogue,patch_text01,message/s090_072.mbe/000_Sheet1.csv,88,s090_072_740,char_LALAMON,,"В этой форме я действительно чувствую себя лучше. Ах, я чувствую
себя намного расслабленнее!"
3,machine_phrase,довольно/действительно/различные перегруз,довольно,dialogue,patch_text01,message/s095_077.mbe/000_Sheet1.csv,14,s095_077_090,char_GUARDROMON,,Это возможно. Работа в шахте может быть довольно опасной.
3,machine_phrase,довольно/действительно/различные перегруз,Действительно,dialogue,patch_text01,message/s095_077.mbe/000_Sheet1.csv,22,s095_077_150,char_GUARDROMON,,"Действительно. Я почти так же беспокоюсь об их благополучии, как
и о руде хрондигизойт."
3,machine_phrase,довольно/действительно/различные перегруз,Действительно,dialogue,patch_text01,message/s095_077.mbe/000_Sheet1.csv,31,s095_077_230,char_GUARDROMON,,"Действительно. Я продолжу ждать, пока не поступит сообщение от
Лоадер Лиомон."
3,machine_phrase,довольно/действительно/различные перегруз,Действительно,dialogue,patch_text01,message/s095_077.mbe/000_Sheet1.csv,36,s095_077_280,char_GUARDROMON,,"Действительно. Я продолжу ждать, пока не поступит сообщение от
Лоадер Лиомон."
3,machine_phrase,довольно/действительно/различные перегруз,различные,dialogue,patch_text01,message/s095_077.mbe/000_Sheet1.csv,61,s095_077_490,char_GUARDROMON,,"Лоадер Лиомон вернулся, и теперь мы можем производить различные
металлы. Заходите, если что-нибудь понадобится."
3,machine_phrase,довольно/действительно/различные перегруз,действительно,dialogue,patch_text01,message/s095_082.mbe/000_Sheet1.csv,20,s095_082_140,char_VULCANUSMON,,"В любом случае, это замечательная работа. Вы действительно
можете почувствовать страсть художника."
3,machine_phrase,присутствие/наличие,наличии,dialogue,patch_text01,message/s095_082.mbe/000_Sheet1.csv,56,s095_082_430,char_MANAGER,,Вам повезло! Это последний в наличии!
3,machine_phrase,данный/данные,данному,dialogue,patch_text01,message/s095_082.mbe/000_Sheet1.csv,63,s095_082_480,char_MANAGER,,"Я знаю, что вы чувствуете, но это все, на что я могу пойти по
данному конкретному пункту."
3,machine_phrase,довольно/действительно/различные перегруз,действительно,dialogue,patch_text01,message/s095_082.mbe/000_Sheet1.csv,69,s095_082_540,char_MANAGER,,"Вау... Я планировал просто выставить его на всеобщее обозрение.
Я никогда не думал, что это действительно будет продаваться!"
3,machine_phrase,довольно/действительно/различные перегруз,действительно,dialogue,patch_text01,message/s100_088.mbe/000_Sheet1.csv,6,s100_088_030,char_TOUHO,,"Я ценю ваше рвение, но вам действительно следует с большим
подозрением относиться к другим."
3,machine_phrase,данный/данные,данный,dialogue,patch_text01,message/s100_088.mbe/000_Sheet1.csv,12,s100_088_090,char_TOUHO,,"Обычно я бы взял с собой тентей Хатибушу, но в данный момент они
заняты."
3,machine_phrase,довольно/действительно/различные перегруз,довольно,dialogue,patch_text01,message/s100_088.mbe/000_Sheet1.csv,17,s100_088_130,char_TOUHO,,"Да, но они довольно устойчивы, поэтому я не беспокоюсь, что им
причинили вред."
3,machine_phrase,довольно/действительно/различные перегруз,довольно,dialogue,patch_text01,message/s100_088.mbe/000_Sheet1.csv,25,s100_088_200,char_PLAYER_M,,{next}В Райском колизее довольно весело.
3,machine_phrase,довольно/действительно/различные перегруз,довольно,dialogue,patch_text01,message/s100_088.mbe/000_Sheet1.csv,41,s100_088_370,char_TOUHO,,"Мои помощники довольно крутые, тебе не кажется? Я уверен, что
они смогут тебе помочь."
3,machine_phrase,довольно/действительно/различные перегруз,довольно,dialogue,patch_text01,message/s100_178.mbe/000_Sheet1.csv,10,s100_178_070,char_TOUHO,,"Да, я полагаю, что так. Все это довольно хлопотно, да?"
3,machine_phrase,довольно/действительно/различные перегруз,действительно,dialogue,patch_text01,message/s110_090.mbe/000_Sheet1.csv,15,s110_090_110,char_AGUMON,,"Ладно, я понимаю. Но я действительно беспокоюсь о своем
партнере..."
3,machine_phrase,довольно/действительно/различные перегруз,действительно,dialogue,patch_text01,message/s110_091.mbe/000_Sheet1.csv,27,s110_091_220,char_REMNANT_OF_TITAN,,"Похоже, нас заметили... Я действительно предпочел бы сохранить
это в тайне!"
3,machine_phrase,довольно/действительно/различные перегруз,довольно,dialogue,patch_text01,message/s110_091.mbe/000_Sheet1.csv,29,s110_091_240,char_GABUMON,,"Это довольно тяжелая работа... В следующий раз давайте с самого
начала обо всем позаботимся должным образом!"
3,machine_phrase,довольно/действительно/различные перегруз,довольно,dialogue,patch_text01,message/s110_092.mbe/000_Sheet1.csv,73,s110_092_560,char_MAN,,"Несмотря на грозный вид, Плутомон довольно отзывчив.
Просто попробуйте с ним поговорить."
3,machine_phrase,довольно/действительно/различные перегруз,довольно,dialogue,patch_text01,message/s110_093.mbe/000_Sheet1.csv,31,s110_093_260,char_CRANIAMON,,"Эта лошадь кажется довольно дикой... Я думаю, что здесь меня
ждет настоящая битва."
3,machine_phrase,довольно/действительно/различные перегруз,довольно,dialogue,patch_text01,message/s110_093.mbe/000_Sheet1.csv,32,s110_093_270,char_ENBARRMON,,"Это довольно большая броня для такого маленького коротышки. Я
ненавижу жалких притворщиков вроде тебя!"
3,machine_phrase,довольно/действительно/различные перегруз,Действительно,dialogue,patch_text01,message/s110_098.mbe/000_Sheet1.csv,25,s110_098_200,char_ALPHAMON,,"Действительно ли люди заслуживают доверия? Тогда я понял, что
должен сосредоточиться на том, что справедливо."
3,machine_phrase,довольно/действительно/различные перегруз,довольно,dialogue,patch_text01,message/s110_098.mbe/000_Sheet1.csv,49,s110_098_400,char_ALPHAMON,,"Агумон... Габумон... Я вижу, что вы оба стали довольно сильными."
3,machine_phrase,довольно/действительно/различные перегруз,довольно,dialogue,patch_text01,message/s110_098.mbe/000_Sheet1.csv,52,s110_098_430,char_AGUMON,,"Похоже, мы произвели довольно благоприятное впечатление."
3,machine_phrase,довольно/действительно/различные перегруз,действительно,dialogue,patch_text01,message/s110_098.mbe/000_Sheet1.csv,58,s110_098_490,char_ALPHAMON,,"Возможно, действительно стоит попытаться спасти этот мир..."
3,machine_phrase,довольно/действительно/различные перегруз,довольно,dialogue,patch_text01,message/s110_100.mbe/000_Sheet1.csv,90,s110_100_750,char_V-MON,,"Мы с броней в довольно плохом состоянии,
но острый удар вкуса помог мне прийти в себя!"
3,machine_phrase,довольно/действительно/различные перегруз,довольно,dialogue,patch_text01,message/s110_101.mbe/000_Sheet1.csv,56,s110_101_450,char_MAGNAMON,,"Похоже, что цифровые яйца - довольно сложные предметы для
работы."
3,machine_phrase,довольно/действительно/различные перегруз,действительно,dialogue,patch_text01,message/s110_101.mbe/000_Sheet1.csv,58,s110_101_470,char_GUARDROMON,,"Здесь действительно можно выплавлять металл хрондигизойт. Однако
есть еще одна проблема."
3,machine_phrase,присутствие/наличие,присутствие,dialogue,patch_text01,message/s110_101.mbe/000_Sheet1.csv,79,s110_101_660,char_MAGNAMON,,"Хм...? Ты чувствуешь это? Я ощущаю зловещее присутствие
поблизости."
3,machine_phrase,довольно/действительно/различные перегруз,действительно,dialogue,patch_text01,message/s110_102.mbe/000_Sheet1.csv,33,s110_102_300,char_ULFORCEVDRAMON,,"Не совсем. Я попросил этого человека привести меня сюда, но это
действительно личное дело."
3,machine_phrase,довольно/действительно/различные перегруз,Действительно,dialogue,patch_text01,message/s110_102.mbe/000_Sheet1.csv,39,s110_102_340,char_ULFORCEVDRAMON,,"Хм... Действительно, это условие, предложенное оппонентом.
Отклонять его может быть невежливо..."
3,machine_phrase,данный/данные,данный,dialogue,patch_text01,message/s110_102.mbe/000_Sheet1.csv,65,s110_102_580,char_ULFORCEVDRAMON,,"Я приношу свои извинения, господин Нептунемон, за то, что на
данный момент забрал у вас этого человека..."
3,machine_phrase,является/являются,являюсь,dialogue,patch_text01,message/s110_108.mbe/000_Sheet1.csv,13,s110_108_080,char_UNKNOWN,,...являюсь тем... Я есмь...
3,machine_phrase,довольно/действительно/различные перегруз,действительно,dialogue,patch_text01,message/s110_108.mbe/000_Sheet1.csv,30,s110_108_230,char_UNKNOWN,,"Ты действительно слушаешь?! Ох, хватит об этом. Называй меня как
хочешь."
3,machine_phrase,присутствие/наличие,присутствия,dialogue,patch_text01,message/s110_108.mbe/000_Sheet1.csv,46,s110_108_370,char_EXAMON,,"Я прямо здесь! Возможно, я небольшого роста, но я знаю, что вы
не можете не заметить моего большого присутствия!"
3,machine_phrase,довольно/действительно/различные перегруз,действительно,dialogue,patch_text01,message/s110_108.mbe/000_Sheet1.csv,47,s110_108_380,char_VENUSMON,,Хм. Ты действительно здесь? Я ничего не вижу.
3,machine_phrase,довольно/действительно/различные перегруз,довольно,dialogue,patch_text01,message/s110_111.mbe/000_Sheet1.csv,36,s110_111_290,char_GANKOOMON,,"На самом деле это было довольно весело. Сражаться с людьми не
так уж и плохо."
3,machine_phrase,довольно/действительно/различные перегруз,довольно,dialogue,patch_text01,message/s110_112.mbe/000_Sheet1.csv,25,s110_112_180,char_JESMON,,Я вернулся... Уф. Запах чеснока был довольно сильным...
3,machine_phrase,довольно/действительно/различные перегруз,действительно,dialogue,patch_text01,message/s110_112.mbe/000_Sheet1.csv,28,s110_112_210,char_JESMON,,"""Обычный""? Это действительно так просто?! Понятно! Я попробую!"
3,machine_phrase,довольно/действительно/различные перегруз,действительно,dialogue,patch_text01,message/s110_113.mbe/000_Sheet1.csv,54,s110_113_460,char_GANKOOMON,,"Это странно. Это действительно все, что у тебя есть?"
3,machine_phrase,довольно/действительно/различные перегруз,довольно,dialogue,patch_text01,message/s110_113.mbe/000_Sheet1.csv,59,s110_113_510,char_GANKOOMON,,Хм... Это довольно...
3,machine_phrase,довольно/действительно/различные перегруз,Действительно,dialogue,patch_text01,message/s110_208.mbe/000_Sheet1.csv,17,s110_208_140,char_SUSANOOMON,,"Хахаха! Действительно, очень забавно! Я никогда не ожидал
встретить такого могущественного человека!"
3,machine_phrase,довольно/действительно/различные перегруз,довольно,dialogue,patch_text01,message/s110_211.mbe/000_Sheet1.csv,36,s110_211_250,char_LOADKNIGHTMON,,"Я заметил, что твой наряд довольно красив. Должно быть, это
популярный стиль среди людей."
3,machine_phrase,довольно/действительно/различные перегруз,действительно,dialogue,patch_text01,message/s200_146.mbe/000_Sheet1.csv,11,s200_146_080,char_TOUDO,,"Мне что-то мерещится...? Ты действительно здесь, чтобы помочь?"
3,machine_phrase,довольно/действительно/различные перегруз,действительно,dialogue,patch_text01,message/s200_146.mbe/000_Sheet1.csv,22,s200_146_160,char_TOUDO,,"Похоже, вы знаете о фазово-электронных формах жизни больше, чем
мы, так что это действительно полезно."
3,machine_phrase,довольно/действительно/различные перегруз,довольно,dialogue,patch_text01,message/s200_147.mbe/000_Sheet1.csv,6,s200_147_030,char_HIROKO,,"Да. Тот ""призрак"", которого часто видели в последнее время,
довольно подозрителен, если хотите знать мое мнение."
3,machine_phrase,довольно/действительно/различные перегруз,действительно,dialogue,patch_text01,message/s200_148.mbe/000_Sheet1.csv,48,s200_148_440,char_AGUMON,,"Да. Я действительно хочу, чтобы мы все были здесь в одной
команде."
3,machine_phrase,довольно/действительно/различные перегруз,действительно,dialogue,patch_text01,message/s200_148.mbe/000_Sheet1.csv,49,s200_148_450,char_TAILMON,,"Да. Я действительно хочу, чтобы мы все были здесь в одной
команде."
3,machine_phrase,довольно/действительно/различные перегруз,действительно,dialogue,patch_text01,message/s200_149.mbe/000_Sheet1.csv,25,s200_149_180,char_HIROKO,,"Я не хотела этого говорить, но ты действительно немного
выделяешься. Или, по крайней мере, ты не выглядишь ""кибером""."
3,machine_phrase,данный/данные,данные,dialogue,patch_text01,message/s200_149.mbe/000_Sheet1.csv,88,s200_149_760,char_HIROKO,,"Эй, похоже, компьютер автоматически загружает данные с
USB-накопителя."
3,machine_phrase,довольно/действительно/различные перегруз,действительно,dialogue,patch_text01,message/s910_170.mbe/000_Sheet1.csv,4,s910_170_030,char_HIROKO,,"Норио говорит, что он здесь из прошлого. Если это правда, я
действительно не могу предложить ему никакой помощи."
3,machine_phrase,довольно/действительно/различные перегруз,ДЕЙСТВИТЕЛЬНО,dialogue,patch_text01,message/s910_170.mbe/000_Sheet1.csv,135,s910_170_1220,char_HIROKO,,"Ну, это ДЕЙСТВИТЕЛЬНО выглядит немного дешево для ""генерального
директора"", но я говорю о чем-то другом!"
3,machine_phrase,довольно/действительно/различные перегруз,действительно,dialogue,patch_text01,message/s910_170.mbe/000_Sheet1.csv,164,s910_170_1510,char_NORIO_HIGHSCHOOL,,"Это тот период времени, из которого я родом? Я действительно
чувствую здесь спокойствие."
3,machine_phrase,довольно/действительно/различные перегруз,действительно,dialogue,patch_text01,message/s910_170.mbe/000_Sheet1.csv,165,s910_170_1520,char_NORIO_HIGHSCHOOL,,"Неужели я действительно буду таким неудачником в будущем? Моя
судьба предопределена? Нет..."
3,machine_phrase,довольно/действительно/различные перегруз,действительно,dialogue,patch_text01,message/s910_170.mbe/000_Sheet1.csv,185,s910_170_1720,char_HIROKO,,"Я думаю, что младший Норио беспокоился о своем будущем и
действительно стал серьезным."
3,machine_phrase,довольно/действительно/различные перегруз,действительно,dialogue,patch_text01,message/s910_170.mbe/000_Sheet1.csv,38,s910_170_330,char_NORIO,,"На самом деле, теперь, когда я думаю об этом, я действительно
испытываю здесь чувство спокойствия."
3,machine_phrase,данный/данные,Данные,dialogue,patch_text01,message/s910_171.mbe/000_Sheet1.csv,111,s910_171_1000,char_PLAYER_M,,{next}Данные нашлись?
3,machine_phrase,данный/данные,данные,dialogue,patch_text01,message/s910_171.mbe/000_Sheet1.csv,114,s910_171_1010,char_SIMMONS,,"Да, здесь определенно есть данные, но..."
3,machine_phrase,довольно/действительно/различные перегруз,довольно,dialogue,patch_text01,message/s910_171.mbe/000_Sheet1.csv,140,s910_171_1270,char_HIROKO,,"У него довольно резкий характер, и, честно говоря, он мне не
очень нравится."
3,machine_phrase,довольно/действительно/различные перегруз,довольно,dialogue,patch_text01,message/s910_171.mbe/000_Sheet1.csv,164,s910_171_1470,char_KINSHIRO,,"Да, полагаю, что так. Полагаю, тогда я был довольно высокомерен."
3,machine_phrase,довольно/действительно/различные перегруз,довольно,dialogue,patch_text01,message/s910_171.mbe/000_Sheet1.csv,22,s910_171_170,char_HIROKO,,"Познакомься с моим бывшим одноклассником, Кинширо Ериито.
Он пришёл ко мне с довольно сложной просьбой."
3,machine_phrase,довольно/действительно/различные перегруз,довольно,dialogue,patch_text01,message/s910_171.mbe/000_Sheet1.csv,50,s910_171_410,char_HIROKO,,"Да, ты перевелся в довольно странное время. И это правда, что
наша школа была не такой уж и замечательной."
3,machine_phrase,довольно/действительно/различные перегруз,Действительно,dialogue,patch_text01,message/s910_171.mbe/000_Sheet1.csv,51,s910_171_420,char_KINSHIRO,,"Действительно. Моей целью было увидеть, как низшие существа
живут в таких несовершенных условиях."
3,machine_phrase,довольно/действительно/различные перегруз,действительно,dialogue,patch_text01,message/s910_171.mbe/000_Sheet1.csv,68,s910_171_570,char_HIROKO,,"Теперь, когда я думаю об этом... Я действительно видела женщину в
лабораторном халате некоторое время назад."
3,machine_phrase,довольно/действительно/различные перегруз,действительно,dialogue,patch_text01,message/s910_171.mbe/000_Sheet1.csv,75,s910_171_640,char_TOUDO,,"Вероятно, мне не следует разглашать нашу деятельность, но доктор
Симмонс действительно ценит вашу помощь..."
3,machine_phrase,данный/данные,данных,dialogue,patch_text01,message/s910_171.mbe/000_Sheet1.csv,85,s910_171_740,char_SIMMONS,,"Я наполовину напугана... и наполовину вне себя от радости из-за
всех тех данных, которые я собираю из первых рук..."
3,machine_phrase,данный/данные,данные,dialogue,patch_text01,message/s910_171.mbe/000_Sheet1.csv,97,s910_171_860,char_SIMMONS,,"Должны же быть какие-то данные о его родителях, и, вероятно, они
строго конфиденциальны."
3,machine_phrase,довольно/действительно/различные перегруз,довольно,dialogue,patch_text01,message/t01.mbe/000_Sheet1.csv,27,f_t0101_9000_0030,char_YOUNG_WOMAN,,"Хочешь сыграть в карты? Я, знаешь ли, довольно хороша. Думаешь,
справишься со мной?"
3,machine_phrase,довольно/действительно/различные перегруз,довольно,dialogue,patch_text01,message/t01.mbe/000_Sheet1.csv,103,f_t0103_0100_0050,char_LOCOMON,,"Всё же этот город довольно увлекательный. Столько разных людей
можно видеть каждый день."
3,machine_phrase,относительно/касательно,относительно,dialogue,patch_text01,message/t01.mbe/000_Sheet1.csv,117,f_t0103_0130_0010,char_PUBLIC_SECURITY_PERSONNEL,,"Фух. Слава богу, что Дигимоны, сбежавшие из района, были
относительно не агрессивны."
3,machine_phrase,довольно/действительно/различные перегруз,действительно,dialogue,patch_text01,message/t01.mbe/000_Sheet1.csv,166,f_t0108_0020_0010,char_FEMALE_STUDENT,,"Странные явления? Хм, да. Я действительно часто слышу эту фразу
в последнее время..."
3,machine_phrase,довольно/действительно/различные перегруз,довольно,dialogue,patch_text01,message/t01.mbe/000_Sheet1.csv,182,f_t0108_0110_0040,char_SIMMONS,,"Сотрудники общественной безопасности выглядят довольно
растерянными..."
3,machine_phrase,довольно/действительно/различные перегруз,довольно,dialogue,patch_text01,message/t01.mbe/000_Sheet1.csv,258,f_t0121_040_0020,char_MAN,,"Да, довольно оживлённо, так что продажи идут неплохо. Хотя скоро
мне нужно будет начать поиски следующих претендентов."
3,machine_phrase,довольно/действительно/различные перегруз,довольно,dialogue,patch_text01,message/t02.mbe/000_Sheet1.csv,60,f_t0201_9010_0040,char_YOUNG_MAN,,"Чёрт! Проигрывать отстой, но это было довольно весело!"
3,machine_phrase,довольно/действительно/различные перегруз,довольно,dialogue,patch_text01,message/t02.mbe/000_Sheet1.csv,61,f_t0201_9010_0050,char_YOUNG_MAN,,"Вау, я на самом деле выиграл! Было довольно весело играть против
кого-то!"
3,machine_phrase,данный/данные,данные,dialogue,patch_text01,message/t03.mbe/000_Sheet1.csv,54,f_t0302_0190_0010,char_MAN_IN_WHITECOAT,,"Мы записали очень хорошие данные, но этого всё ещё недостаточно.
Мне следует поговорить с доктором."
3,machine_phrase,довольно/действительно/различные перегруз,действительно,dialogue,patch_text01,message/t03.mbe/000_Sheet1.csv,59,f_t0302_9000_0040,char_MAN,,"О, вау. Я не ожидал проиграть. У этой игры действительно
неожиданная глубина."
3,machine_phrase,довольно/действительно/различные перегруз,довольно,dialogue,patch_text01,message/t04.mbe/000_Sheet1.csv,49,f_t0402_0040_0030,char_TAKEMIYA,,"Вы и сами, кажется, довольно заняты."
3,machine_phrase,довольно/действительно/различные перегруз,довольно,dialogue,patch_text01,message/t04.mbe/000_Sheet1.csv,92,f_t0403_0070_0010,,,"Похоже, это постер к аниме. Наверное, оно довольно популярное,
раз его повесили в гостиной."
3,machine_phrase,довольно/действительно/различные перегруз,довольно,digitter,patch_text01,text/digitter_message.mbe/000_Sheet1.csv,481,arena_010_150,,,"Следующий бой завершён. Очевидно, это коллеги, которым нужно
свести с тобой счёты, и они кажутся довольно раздражёнными."
3,machine_phrase,довольно/действительно/различные перегруз,довольно,digitter,patch_text01,text/digitter_message.mbe/000_Sheet1.csv,463,field_06_190_40,,,"Прямо впереди обнаружен огромный Дигимон! Он, должно быть,
довольно сильный. Держись!"
3,machine_phrase,довольно/действительно/различные перегруз,Довольно,digitter,patch_text01,text/digitter_message.mbe/000_Sheet1.csv,500,hazama_00_030_4,,,"У меня не было ничего, кроме свободного времени, поэтому я
создал несколько игр. Довольно впечатляюще, если я сам так
скажу."
3,machine_phrase,довольно/действительно/различные перегруз,действительно,digitter,patch_text01,text/digitter_message.mbe/000_Sheet1.csv,510,hazama_00_100_1,,,"Я не могу в это поверить! Ты действительно выложился по полной и
завершил свою первую серию. Поздравляю!"
3,machine_phrase,довольно/действительно/различные перегруз,действительно,digitter,patch_text01,text/digitter_message.mbe/000_Sheet1.csv,513,hazama_00_110_1,,,"Ого... Ты действительно только что закончил вторую серию? Ты
нечто особенное! Я приветствую тебя."
3,machine_phrase,довольно/действительно/различные перегруз,действительно,digitter,patch_text01,text/digitter_message.mbe/000_Sheet1.csv,517,hazama_00_130_1,,,"Посмотри-ка, тебе удалось победить четверых из моей серии! У тебя с
твоим Дигимоном, должно быть, действительно тесная связь."
3,machine_phrase,довольно/действительно/различные перегруз,действительно,digitter,patch_text01,text/digitter_message.mbe/000_Sheet1.csv,520,hazama_00_140_2,,,"Хотя я действительно хотел бы, чтобы мы могли поговорить с глазу
на глаз, совсем недавно открылись врата обратно в мой родной
мир."
3,machine_phrase,довольно/действительно/различные перегруз,действительно,digitter,patch_text01,text/digitter_message.mbe/000_Sheet1.csv,525,hazama_00_140_7,,,"Я не уверен, что я действительно могу сделать, но я всё равно
собираюсь попробовать. Вот почему я доверил тебе мой тщательно
выращенный Дигимон."
3,machine_phrase,данный/данные,данных,digitter,patch_text01,text/digitter_message.mbe/000_Sheet1.csv,537,hazama_99_040_3,,,"Похоже, что Дигимоны растут и развиваются, переписывая свои
собственные программы по мере того, как они потребляют различные
виды данных."
3,machine_phrase,довольно/действительно/различные перегруз,различные,digitter,patch_text01,text/digitter_message.mbe/000_Sheet1.csv,537,hazama_99_040_3,,,"Похоже, что Дигимоны растут и развиваются, переписывая свои
собственные программы по мере того, как они потребляют различные
виды данных."
3,machine_phrase,довольно/действительно/различные перегруз,довольно,digitter,patch_text01,text/digitter_message.mbe/000_Sheet1.csv,540,hazama_99_050_3,,,"Снаружи это кажется довольно опасным... так что, может быть, я
ещё немного подготовлюсь, прежде чем рискну выйти."
3,machine_phrase,является/являются,является,digitter,patch_text01,text/digitter_message.mbe/000_Sheet1.csv,575,hazama_99_200_1,,,"Я слышал, что Цифровой мир является домом для группы Дигимонов,
известных как ""Семь Великих Повелителей Демонов""..."
3,machine_phrase,данный/данные,данные,digitter,patch_text01,text/digitter_message.mbe/000_Sheet1.csv,24,main_020_160_011,,,"Мы передадим данные в аналитический отдел. Продолжай
расследование."
3,machine_phrase,данный/данные,данных,digitter,patch_text01,text/digitter_message.mbe/000_Sheet1.csv,26,main_050_020_011,,,"Я отправил координаты на твою карту. Нам необходимо подтвердить
точность системы данных о местоположении, так что я ценю твоё
сотрудничество."
3,machine_phrase,данный/данные,данные,digitter,patch_text01,text/digitter_message.mbe/000_Sheet1.csv,43,main_060_090_030,,,"Подземка Синдзюку - это логово враждебных Дигимонов, но тот, за
которым ты следишь, ведёт себя иначе. Может, мы получим
достоверные данные."
3,machine_phrase,данный/данные,данных,digitter,patch_text01,text/digitter_message.mbe/000_Sheet1.csv,61,main_080_060_011,,,"База данных АДАМАС определённо получает свежие обновления
сейчас!"
3,machine_phrase,довольно/действительно/различные перегруз,довольно,digitter,patch_text01,text/digitter_message.mbe/000_Sheet1.csv,68,main_090_080_010,,,"Ты сейчас смотрел телевизор?! Что это вообще было? На секунду в
этой трансляции появилось что-то довольно жуткое...!"
3,machine_phrase,довольно/действительно/различные перегруз,довольно,digitter,patch_text01,text/digitter_message.mbe/000_Sheet1.csv,84,main_150_010_011,,,"И я вижу, конфликт между тамошними Дигимонами стал довольно
серьёзным. Может, это похоже на ситуацию восьмилетней давности?"
3,machine_phrase,довольно/действительно/различные перегруз,довольно,digitter,patch_text01,text/digitter_message.mbe/000_Sheet1.csv,89,main_180_010_010,,,"Из того, что я слышал, Инори Мисоно и её отец потеряли членов
семьи из-за аномалии. Должно быть, это было довольно тяжело."
3,machine_phrase,данный/данные,данных,digitter,patch_text01,text/digitter_message.mbe/000_Sheet1.csv,103,main_210_020_060,,,"Показания данных в окружающей области значительно меняются.
Может, это Дигимоны? Что-то должно произойти."
3,machine_phrase,данный/данные,данные,digitter,patch_text01,text/digitter_message.mbe/000_Sheet1.csv,118,main_210_020_140,,,"Я анализирую данные, которые ты присылаешь."
3,machine_phrase,данный/данные,данные,digitter,patch_text01,text/digitter_message.mbe/000_Sheet1.csv,119,main_210_020_141,,,"Некоторые данные показывают аномальные значения... как будто
пространство-время нарушено."
3,machine_phrase,данный/данные,данные,digitter,patch_text01,text/digitter_message.mbe/000_Sheet1.csv,152,main_280_010_011,,,"Мне понадобятся дополнительные данные, чтобы быть уверенным."
3,machine_phrase,данный/данные,данных,digitter,patch_text01,text/digitter_message.mbe/000_Sheet1.csv,160,main_290_030_010,,,"Что-то кажется неправильным. На основе предыдущих данных я решил
установить твоей целью деревню. Тебе следует отправиться туда."
3,machine_phrase,данный/данные,данные,digitter,patch_text01,text/digitter_message.mbe/000_Sheet1.csv,161,main_290_040_010,,,"Боюсь, данные, которые нам присылают оттуда, тоже не выглядят
обнадёживающими... Можешь найти какой-нибудь способ
продвинуться?"
3,machine_phrase,довольно/действительно/различные перегруз,действительно,digitter,patch_text01,text/digitter_message.mbe/000_Sheet1.csv,216,main_400_000_030,,,"Я знаю, что Куга раньше работал под моим началом, но он
действительно жалок. Его амбиции лишили его всего самоуважения
как учёного..."
3,machine_phrase,присутствие/наличие,Наличие,digitter,patch_text01,text/digitter_message.mbe/000_Sheet1.csv,246,sub_030_029_1,,,"Наличие группы сделало бы вечеринку более оживлённой. Мне нужна
твоя помощь. Я буду ждать тебя в Деревне Зубчатого Леса.
Просмотреть детали миссии {decision}"
3,machine_phrase,довольно/действительно/различные перегруз,действительно,digitter,patch_text01,text/digitter_message.mbe/000_Sheet1.csv,266,sub_070_055_1,,,"Хм... Неужели любовь действительно может изменить человека, интересно...?
Эй, не мог бы ты прийти и немного поговорить? Я буду у себя дома в
центре Центрального города. Просмотреть детали миссии {decision}"
3,machine_phrase,довольно/действительно/различные перегруз,довольно,digitter,patch_text01,text/digitter_message.mbe/000_Sheet1.csv,307,sub_110_104_2,,,"Как сказал доктор Симмонс, это довольно интересно."
3,machine_phrase,довольно/действительно/различные перегруз,действительно,digitter,patch_text01,text/digitter_message.mbe/000_Sheet1.csv,311,sub_110_109_1,,,"Я просто отдыхал в Тенистом Лесу, и тут появился этот
действительно сильный парень!
Просмотреть детали миссии {decision}"
3,machine_phrase,данный/данные,данных,digitter,patch_text01,text/digitter_message.mbe/000_Sheet1.csv,441,sub_clear_010_010,,,"Пока выполнены все побочные миссии. Ваш вклад будет
использован для анализа данных ADAMAS."
3,machine_phrase,данный/данные,данных,digitter,patch_text01,text/digitter_message.mbe/000_Sheet1.csv,443,sub_clear_010_030,,,"Пока завершены все побочные миссии. База данных
ADAMAS продолжает обновляться."
3,machine_phrase,довольно/действительно/различные перегруз,действительно,digitter,patch_text01,text/digitter_message.mbe/000_Sheet1.csv,382,sub_seekhiroko_080_010,,,"В моём сне я побывал в этом мире, где было МОРОЗНО! Ничего,
кроме льда и снега, насколько хватало глаз. О, но я
действительно играл с пингвинами и снеговиками!"
3,machine_phrase,довольно/действительно/различные перегруз,действительно,digitter,patch_text01,text/digitter_message.mbe/000_Sheet1.csv,392,sub_seekhiroko_130_010,,,"Я побывал в этой сверкающей комнате во сне. Там было то, что,
как мне кажется, было стулом, очень высоким, с действительно
большим лицом на нём. Извини. Я знаю, это трудно представить!"
3,machine_phrase,данный/данные,данные,profile,addcont_01_text01,text/digimon_profile_dlc01.mbe/000_Sheet1.csv,2,digimon_0449_profile,,,"Дигимон-мутант, свободно перемещающийся между
Цифровыми мирами разных измерений. Это зловещее
существо пожирает данные дигимонов в мирах,
куда проникает, а его истинная цель остаётся тайной.
Параллельмон появляется в неожиданных местах и
в неожиданное время, предвещая миру хаос. Поэтому
исследовательские группы считают само его появление
бедствием. Один из особых приёмов Параллельмона —
«Поглощающий взрыв»: луч из глаз, поглощающий
дигимонов. Всё, что не является дигимоном и попадает
под этот луч, отбрасывается в другое измерение. Ещё
один приём — «Бесконечный транс»: Параллельмон
открывает вокруг врага бесчисленные врата и атакует
из них в одностороннем порядке."
3,machine_phrase,данный/данные,данные,profile,addcont_02_text01,text/digimon_profile_dlc02.mbe/000_Sheet1.csv,3,digimon_0449_profile,,,"Дигимон-мутант, свободно перемещающийся между
Цифровыми мирами разных измерений. Это зловещее
существо пожирает данные дигимонов в мирах,
куда проникает, а его истинная цель остаётся тайной.
Параллельмон появляется в неожиданных местах и
в неожиданное время, предвещая миру хаос. Поэтому
исследовательские группы считают само его появление
бедствием. Один из особых приёмов Параллельмона —
«Поглощающий взрыв»: луч из глаз, поглощающий
дигимонов. Всё, что не является дигимоном и попадает
под этот луч, отбрасывается в другое измерение. Ещё
один приём — «Бесконечный транс»: Параллельмон
открывает вокруг врага бесчисленные врата и атакует
из них в одностороннем порядке."
3,machine_phrase,данный/данные,данные,profile,addcont_03_text01,text/digimon_profile_dlc03.mbe/000_Sheet1.csv,5,digimon_0432_profile,,,"Бронированный дигимон-Святой Рыцарь, эволюционировавший
силой Дигиментала Чудес. Этот Дигиментал наделён
атрибутом Металла и состоит из сверхметалла хрондигизоита,
поэтому его оборонительный потенциал и наступательная
мощь не уступают, а возможно и превосходят, дигимонов
уровня Абсолютный. В соответствии с названием сила
Дигиментала Чудес позволяет преодолеть любой кризис.
Магнамон использует «Плазменный выстрел», выпуская шар
чистой плазмы, и «Сияющую золотую солнечную бурю»,
превращающую сжатый воздух в золотые лазерные лучи,
которые сметают окружающих врагов.

■Влияние X-антитела на ДигиЯдро Магнамона:
Его единственный в своём роде хрондигизоид становится
тем прочнее, чем сильнее закаляется. Виртуальный
сверхметалл полностью встроен в тело дигимона и растёт
или атрофируется подобно обычной мышечной ткани. Считается,
что эта чудесная эволюция стала возможна благодаря
хрондигизоиду, созданному древними техниками почти в
естественном состоянии (Дигиментал Чудес), что позволило
ему соединиться с живым существом вместе с собственной
силой Магнамона. Напрягая хрондигизоидные мышцы, он
временно переходит в мерцающее состояние золотого дигизоида
и получает абсолютную защиту, способную выдерживать как
физическое разрушение, так и атаки, распадающие данные.
Это состояние обладает свойствами, подобными руде Хуанлун,
особому минералу, из которого образуется хрондигизоид с
непревзойдённой твёрдостью. Такая идеальная защита слишком
тяжела для дигимона, но Магнамон преодолевает это полной
закалкой своего хрондигизоида."
3,machine_phrase,данный/данные,данные,profile,addcont_03_text01,text/digimon_profile_dlc03.mbe/000_Sheet1.csv,6,digimon_0449_profile,,,"Дигимон-мутант, свободно перемещающийся между
Цифровыми мирами разных измерений. Это зловещее
существо пожирает данные дигимонов в мирах,
куда проникает, а его истинная цель остаётся тайной.
Параллельмон появляется в неожиданных местах и
в неожиданное время, предвещая миру хаос. Поэтому
исследовательские группы считают само его появление
бедствием. Один из особых приёмов Параллельмона —
«Поглощающий взрыв»: луч из глаз, поглощающий
дигимонов. Всё, что не является дигимоном и попадает
под этот луч, отбрасывается в другое измерение. Ещё
один приём — «Бесконечный транс»: Параллельмон
открывает вокруг врага бесчисленные врата и атакует
из них в одностороннем порядке."
3,machine_phrase,данный/данные,данных,profile,addcont_17_text01,text/digimon_profile_dlc17.mbe/000_Sheet1.csv,7,digimon_0713_profile,,,"Габумон, эволюционировавший в вирусного дигимона. Шкура
Габумона (чёрного), похоже, создана из данных, собранных
у вирусного Гарурумона. Габумон (чёрный) может быть диким
и непокорным, но становится застенчивым и робким, если
снять с него шкуру. Поэтому его настоящий облик остаётся
тайной."
3,machine_phrase,данный/данные,данных,profile,patch_text01,text/digimon_profile.mbe/000_Sheet1.csv,3,digimon_0002_profile,,,"Млекопитающий дигимон, напоминающий кролика,
рожденный из слияния данных наблюдения за
луной. Его большие уши могут распознавать
звуки на любом расстоянии. Хотя Лунамон робок,
он часто чувствует себя одиноким и легко
привязывается к другим. Он использует свое
особый приём «Тиринг Шот», чтобы
сконцентрировать энергию в антенне на лбу и
выстрелить в врага красивым шаром воды."
3,machine_phrase,данный/данные,данных,profile,patch_text01,text/digimon_profile.mbe/000_Sheet1.csv,6,digimon_0005_profile,,,"Каменный/минеральный дигимон, обнаруженный при
проведении цифрового анализа древнего
проклятия. На его спине выгравированы
запретные заклинания архаичным шрифтом,
означающие «чума», «проклятие» и «зло»,
по-видимому, предназначенные для защиты от
газа, который он испускает. Примерно 90% его
тела состоит из каменных данных, и он
выживает, связывая свои конечности.
Безэмоциональный дигимон, который действует
только по приказу."
3,machine_phrase,данный/данные,данные,profile,patch_text01,text/digimon_profile.mbe/000_Sheet1.csv,7,digimon_0006_profile,,,"Древние руины того, что когда-то было Темным
Ангелом-дигимоном, павшим в Темную Зону в
погоне за силой и разрушением. Злая природа
СкаллСатамона усилилась, и теперь его темные
силы непостижимы. Его ДигиЯдро,
сконцентрировавшее эти темные силы,
превратилось в ДаркКор, что есть только у
дигимонов Злого вида. Особый приём
СкаллСатамона «Нейл Боун» — ужасная техника,
испускающая интенсивный свет из камня на
кончике его посоха, нарушающая и уничтожающая
данные противника."
3,machine_phrase,довольно/действительно/различные перегруз,довольно,profile,patch_text01,text/digimon_profile.mbe/000_Sheet1.csv,10,digimon_0011_profile,,,"Мифический зверь-дигимон с гигантскими
крыльями. Эйрдрамон — исключительно ценный
монстр, считающийся по статусу близким к богу.
Он специализируется на воздушном бою, вызывая
бури своим ревом и создавая колоссальные
вихри, взмахивая крыльями. Хотя по натуре он
довольно свиреп, Эйрдрамон также очень умен.
Тем не менее, обычному Объединителю будет
почти невозможно его контролировать. Эйрдрамон
взмахивает своими огромными крыльями, чтобы
выпустить режущую вакуумную лопасть своим
специальным движением «Спиннинг Нидл»."
3,machine_phrase,данный/данные,данные,profile,patch_text01,text/digimon_profile.mbe/000_Sheet1.csv,15,digimon_0016_profile,,,"«Коммандос-дракон», стремящийся стать
Истребителем Вирусов. Хотя у Страйкдрамона еще
много пережитков Монодрамона, таких как рог,
торчащий с затылка, он настолько преобразил
свою внешность в дигимона в режиме коммандос,
покрытого металлической броней, что теперь
напоминает совершенно другой вид. Несмотря на
то, что по своей природе это добросердечный
дигимон, если он столкнется с типом-вирусом,
Сайкдрамон поглощается инстинктом уничтожения
и не прекращает сражаться, пока данные
противника не превратятся в пыль. Он
использует свое особый приём «Фанг
Страйк», чтобы раскалить свою металлическую
броню до красна, превращаясь в массу пламени и
атакуя противника в грозном маневре."
3,machine_phrase,данный/данные,данные,profile,patch_text01,text/digimon_profile.mbe/000_Sheet1.csv,17,digimon_0019_profile,,,"Воображаемый дигимон, рожденный из мечты
ДигиЯдра. Интерфейс на лбу Доругорамона
чудесным образом разблокировал творческую силу
его собственного ДигиЯдра, заставив его
эволюционировать в эту форму. Возможно,
потому что это ДигиЯдро уже содержало мощные
данные дракона, форма, которую оно выдумало,
была воплощением мощного разрушения и самого
воплощения «заклятого врага». Доругорамон
использует свое особый приём «Брэйв
Метал», чтобы обрушить ужасную атаку всей мощью
тела и души, и «DORU-Din», чтобы выпустить
разрушительную ударную волну."
3,machine_phrase,данный/данные,данных,profile,patch_text01,text/digimon_profile.mbe/000_Sheet1.csv,19,digimon_0021_profile,,,"Гигантский дигимон, обитающий в глубинах
Сетевого Океана. Его огромный размер ставит
его в число крупнейших из всех дигимонов в
Цифровом Мире. Фактически, Вамон настолько
огромен, что обычные компьютеры не могут
обработать тот объем данных, из которых он
состоит. Подобные виды были подтверждены в
водах почти Файл Айленд, но Вамон, который
живет у побережья Фолдер Континент, обладает
превосходящей атакой и жизнеспособностью по
сравнению с его сородичами, эволюционировав
в свою Ультимат форму. Его особый приём «Тайдл Вейв» создает массивное
цунами, которое разрушает все на своем пути."
3,machine_phrase,довольно/действительно/различные перегруз,довольно,profile,patch_text01,text/digimon_profile.mbe/000_Sheet1.csv,20,digimon_0023_profile,,,"Мутантный дигимон, получившийся в результате джогресс-эволюции
из Стингмона и Эк?Вимона. Химера дракона и
насекомого, этот дигимон известен как «Ужасная
Пчела». Хотя Динобимона нельзя легко
классифицировать как тип Дракона или
Насекомого, его качества насекомого довольно
хорошо выражены. Летая по воздуху на своих четырех
крыльях, этот дигимон безошибочно выслеживает
своих врагов своими фасеточными глазами,
прежде чем задушить их с суровой уверенностью.
Динобимон также чрезвычайно варварский по
натуре. Он использует свое особый приём «Хелл Маскарад», чтобы исполнить
«адский танец», прорезая врагов движениями,
достаточно быстрыми, чтобы оставлять
послеобразы."
3,machine_phrase,данный/данные,данные,profile,patch_text01,text/digimon_profile.mbe/000_Sheet1.csv,26,digimon_0030_profile,,,"Санглумон — кровососущий волк-дигимон с
благородными манерами. Это один из самых
древних видов дигимонов, как говорят, выживших
с рассвета Цифрового мира. Дигимоны, у которых
Санглумон высасывает кровь, имеют все данные,
высосанные из их ДигиЯдер, что приводит к их
гибели, так как они больше не могут
поддерживать жизненные функции. Санглумон
способен к мгновенной телепортации в другие
места, разбирая свои собственные данные на
пакеты и отправляя их через Сеть. Его
особый приём — «Стикер Блейд», которое
выпускает тысячи мельчайших лезвий, чтобы
пронзить противников в мгновение ока."
3,machine_phrase,данный/данные,данных,profile,patch_text01,text/digimon_profile.mbe/000_Sheet1.csv,27,digimon_0031_profile,,,"Кровососущий дигимон-мастер боевых искусств,
исполняющий великолепный танец. Как говорят,
рожденный в базе данных народных танцев
определенного музея, Матадормон — мастер
Бульдог-танца, исполняя его с уникальной
аранжировкой ритмичных движений. Он использует
свои развевающиеся одежды, чтобы сбить врагов
с толку, поражая тех, кто ослабил
бдительность, бесчисленными рапирами, скрытыми
внутри обманчиво мягкой ткани его рукавов. Как
вампир, Матадормон должен поддерживать себя,
выпивая кровь дигимонов, но не любая подойдет,
поэтому он странствует из земли в землю в
поисках сильных дигимонов, чтобы прокормиться.
Его особый приём — «Сотрясающая Землю
Топота», подлая атака ногами, основанная на
собственном оригинальном стиле боевых искусств
Матадормона."
3,machine_phrase,данный/данные,данные,profile,patch_text01,text/digimon_profile.mbe/000_Sheet1.csv,30,digimon_0034_profile,,,"Один из Семи Великих Демонических Лордов, этот
дигимон-Король Зла принимает форму женщины.
Считается, что когда-то она была Офанимон,
Лилитмон пала и стала тем, что известно как
«Богиня Тьмы». Соблазнительная и красивая, она
заманивает своих врагов, и, как говорят,
верная смерть ждет всех, кто примет ее
приглашение. В соответствии со своим прозвищем
«Богиня Тьмы», Лилитмон щедро вознаграждает
порок и жестоко унижает добродетель.
Дьявольские «Нейл Нейлз» на ее правой руке
разъедают все, к чему прикасаются. Особый приём Лилитмон — «Фантом Пейн», атака
темным дыханием, которая разъедает тела
врагов. Те, кто поражен этим проклятием,
обнаруживают, что их данные разъедаются,
начиная с конечностей, и они мучаются даже
после неизбежной гибели."
3,machine_phrase,данный/данные,данных,profile,patch_text01,text/digimon_profile.mbe/000_Sheet1.csv,34,digimon_0038_profile,,,"Дигимон-Король Зла, командующий многими
дигимонами Злого вида и Темными Ангелами.
Крипимон изначально был дигимоном-Ангелом, и
довольно высокого ранга. Однако он прибегнул к
восстанию — или, возможно, к насилию — против
персонификаций добра Цифрового мира (которыми
могли быть сами люди, его построившие), и
поэтому был удален в Темную Зону (кладбище
удаленных данных). Крипимон и его подобные
поклялись однажды подчинить Цифровой мир и
отомстить этим персонификациям добра. Он
использует свое особый приём «Флейм
Инферно», чтобы обрушить на врагов перегретый
адский огонь. Любой, пораженный этой атакой,
сжигается без следа."
3,machine_phrase,довольно/действительно/различные перегруз,довольно,profile,patch_text01,text/digimon_profile.mbe/000_Sheet1.csv,34,digimon_0038_profile,,,"Дигимон-Король Зла, командующий многими
дигимонами Злого вида и Темными Ангелами.
Крипимон изначально был дигимоном-Ангелом, и
довольно высокого ранга. Однако он прибегнул к
восстанию — или, возможно, к насилию — против
персонификаций добра Цифрового мира (которыми
могли быть сами люди, его построившие), и
поэтому был удален в Темную Зону (кладбище
удаленных данных). Крипимон и его подобные
поклялись однажды подчинить Цифровой мир и
отомстить этим персонификациям добра. Он
использует свое особый приём «Флейм
Инферно», чтобы обрушить на врагов перегретый
адский огонь. Любой, пораженный этой атакой,
сжигается без следа."
3,machine_phrase,данный/данные,данных,profile,patch_text01,text/digimon_profile.mbe/000_Sheet1.csv,36,digimon_0040_profile,,,"Бельфемон просыпается от своего постоянного
сна раз в тысячу лет и возвращается к своей
исходной форме. После пробуждения он
превращается во воплощение ярости, и все, что
попадает в его поле зрения, подвергается
уничтожению. Дигимоны Ультимат уровня и ниже,
которые слышат рев Бельфемона: Режим Ярости,
мгновенно погибают от фрагментации данных, и
даже дигимоны Мега уровня не могут избежать
повреждений. Он использует свое особый приём «Лампрантус», чтобы стрелять черным
пламенем из цепей, обвитых вокруг его тела, и
«Гифт оф Даркнесс», чтобы рассекать когтями,
окутанными адским пламенем. Кроме того, данные
дигимонов, убитых тем, кто правит Семью
Великими Демоническими Лордами, не
перерождаются, а отправляются в Темную Зону,
чтобы служить плотью и кровью для Королей Зла."
3,machine_phrase,данный/данные,данные,profile,patch_text01,text/digimon_profile.mbe/000_Sheet1.csv,38,digimon_0042_profile,,,"Дигимон-насекомое, связанный с загадочной
Королевской Базой, секретной плавающей медовой
базой. Хотя его повседневная жизнь может
отличаться от жизни других
дигимонов-насекомых, ФанБимон имеет веселый
нрав и является трудолюбивым работником
значительной силой. Он всегда ладит с
дигимонами-растениями, такими как Палмон или
Лилимон. Королевская База постоянно находится
в стадии строительства, и миссия Фанбимона
требует от него собирать полевые данные, такие
как цветы или растения, понемногу, в качестве
строительных материалов. Поэтому он
классифицируется как имеющий атрибут Вирус.
База также охраняется мощными дигимонами,
которые не позволяют никому приближаться,
поэтому цель строительства остается загадкой.
Особый приём ФанБимона — «Гир
Стингер», атака, которая выпускает быстрый
залп крошечных зазубренных жал."
3,machine_phrase,данный/данные,данными,profile,patch_text01,text/digimon_profile.mbe/000_Sheet1.csv,40,digimon_0044_profile,,,"КэтчМамемон — мутантный дигимон,
эволюционировавший из Мамемона, когда тот
слился с данными из программного обеспечения
для управления файлами. Целеустремленный, а
иногда и упрямый, КэтчМамемон считает заботу о
Диги-Яйцах своей главной задачей. В случае
необходимости он может передвигаться без
плавания, используя свои гигантские руки для
ходьбы. Если игровой автомат на груди
КэтчМамемона выдает три семерки, когда он
хватает врага, он превращает этого дигимона в
бомбу с помощью «Миракл Бомб», а затем
использует превращенного врага для атаки. Сила
возникший взрыва, как говорят, равна силе
захваченного дигимона."
3,machine_phrase,довольно/действительно/различные перегруз,действительно,profile,patch_text01,text/digimon_profile.mbe/000_Sheet1.csv,41,digimon_0045_profile,,,"Божественный дигимон, который, как говорят,
является материализацией системы, управляющей
временем. Течение времени в Цифровом Мире
действительно расплывчато, и известно, что
некоторые конфликты между могущественными
дигимонами или катаклизмы вызывали нарушения
пространства-времени. Именно Хрономон
появляется в таких случаях, неся
ответственность за исправление
пространства-времени. Как только он совершает
такое восстановление, даже сам факт появления
Хрономона исчезает вместе с указанным
нарушением, поэтому никто никогда не видел
этого дигимона. Вот почему о его существовании
говорится лишь в немногих легендах.
Особые приёмы Хрономона — «Холи Флейр»,
взрыв святого пламени, который сжигает сами
существования тех, кто злонамеренно стремится
исказить пространство-время, и «Хронос Кроп»,
неблокируемая атака, при которой он
размахивает своими крыльями, как лезвиями,
рассекая своего врага из ткани времени и
пространства."
3,machine_phrase,данный/данные,данные,profile,patch_text01,text/digimon_profile.mbe/000_Sheet1.csv,42,digimon_0046_profile,,,"Форма, которую принимает Хрономон, когда он
выходит из-под контроля, Хрономон: Режим
Разрушения — это легендарный монстр, который
отрекся от своей обязанности поддерживать
мирный порядок пространства-времени и вместо
этого восстал против самой системы управления
временем. Во время ремонта
пространства-времени все разнообразное зло,
существующее в Цифровом Мире, хлынуло в
Хрономона все сразу, заставив его выйти из-под
контроля, как если бы он был заражен вирусом.
Используя присущие Хрономону силы времени,
Хрономон: Режим Разрушения взламывает
воспоминания, запечатленные в Цифровом Мире, и
загружает в себя разнообразный арсенал навыков
для использования в своих безумных атаках.
Несмотря на свое неистовое состояние,
Хрономон: Режим Разрушения все еще обладает
способностью сжигать врагов дотла с помощью
«Холи Флейр». Он также обладает «Хроно
Деволюшн», которая преобразует данные времени
Цифрового мира в энергию, которая мгновенно
старит любого, кто к ней прикоснется,
превращая их данные в пыль."
3,machine_phrase,данный/данные,данных,profile,patch_text01,text/digimon_profile.mbe/000_Sheet1.csv,47,digimon_0051_profile,,,"Андроид-дигимон, рожденный от слияния данных
портативного музыкального плеера и данных
мифического речного существа «каппа».
Гаваппамон почти всегда весел, слушая свои
любимые мелодии, но иногда плачет, если диск
на макушке его головы поцарапан. Он использует
свое особый приём «Ди-джей Шутер»,
чтобы раскрутить свой диск на высокой скорости
и запустить его во врага."
3,machine_phrase,данный/данные,данные,profile,patch_text01,text/digimon_profile.mbe/000_Sheet1.csv,53,digimon_0057_profile,,,"Дигимон-пикси с чертами розы, Роузмон известна
как королева цветов. С внешностью
очаровательной женщины, этот дигимон жаждет
вечной красоты. Хотя несколько чрезмерно
самосознательна, способности Роузмон не
уступают другим дигимонам Мега уровня. На ее
груди она носит Тифарет, драгоценный камень,
на котором выгравированы символы любви и
красоты. Говорят, что тем, кто носит этот
Тифарет, обещаны вечная красота и сила. Одно
из специальных движений Роузмон — «Торн Вхип»,
с помощью которого она использует кнут из
шипов, заряженный электрическим током, чтобы
укротить даже самого свирепого дигимона. Ходят
слухи, что любой, пораженный этим кнутом,
становится плененным Роузмон, телом и душой.
Кроме того, любой дигимон, подвергнутый
«Форбидден Темптейшн» Роузмон, окружается
бесчисленными лепестками роз, и его данные
разрушаются в мгновение очаровательной
красоты."
3,machine_phrase,в процессе,В процессе,profile,patch_text01,text/digimon_profile.mbe/000_Sheet1.csv,56,digimon_0060_profile,,,"Одна из семи предполагаемых эволюций от
Вулканомона. Обладая огромной силой и
разрушительной мощью, ПайлВулканомон хорошо
разбирается во всех видах техник рукопашного
боя, включая приемы рестлинга. В процессе
эволюции он превратил свое некогда
массивное телосложение в более стройную форму,
более подходящую для ближнего боя. Его
особые приёмы — «Волканик Драйвер»,
который использует энергию, генерируемую
извергающимися вулканами на его плечах, чтобы
врезать противников головой в землю, и
«Даймонд Фист», ультимативный удар, способный
разорвать даже Хромдигизоид."
3,machine_phrase,довольно/действительно/различные перегруз,довольно,profile,patch_text01,text/digimon_profile.mbe/000_Sheet1.csv,57,digimon_0061_profile,,,"Дигимон, окутанный тайной, Монзаемон выглядит
как обычный плюшевый медведь, но ходят слухи,
что кто-то — или что-то — забралось внутрь
через молнию на его спине. Он заставляет
своего противника чувствовать себя счастливым,
окутывая его любовью, которая переполняется из
его очаровательного тела (хотя его глаза
довольно страшные). Его особый приём
«Хартс Атак» швыряет сердца во врага."
3,machine_phrase,данный/данные,данные,profile,patch_text01,text/digimon_profile.mbe/000_Sheet1.csv,59,digimon_0069_profile,,,"Чрезвычайно редкий Нюмемон, который первым
обнаружил Платиновую Шахту в Цифровом Мире,
поглотив эти компоненты для эволюции. С
этого момента личность ПлатинумНюмемона
полностью изменилась, поскольку он собирал
любые данные о драгоценностях, какие только
мог найти, украшая себя, как нувориш. Это
довольно «роскошный» дигимон, несмотря на свою
природу. Оснащение себя золотыми крыльями и
украшениями даёт ему значительную защиту, но
его сила атаки, в лучшем случае, средняя.
ПлатинумНюмемон использует свое особый приём «Платинум Экскримент», чтобы швырять
осадок (экскременты), произведенный в процессе
очистки платины, быстрой очередью. Он также
использует «Платинум Бёрп», чтобы выпустить
зловонную отрыжку, которая лишает врага
боевого духа."
3,machine_phrase,в процессе,в процессе,profile,patch_text01,text/digimon_profile.mbe/000_Sheet1.csv,59,digimon_0069_profile,,,"Чрезвычайно редкий Нюмемон, который первым
обнаружил Платиновую Шахту в Цифровом Мире,
поглотив эти компоненты для эволюции. С
этого момента личность ПлатинумНюмемона
полностью изменилась, поскольку он собирал
любые данные о драгоценностях, какие только
мог найти, украшая себя, как нувориш. Это
довольно «роскошный» дигимон, несмотря на свою
природу. Оснащение себя золотыми крыльями и
украшениями даёт ему значительную защиту, но
его сила атаки, в лучшем случае, средняя.
ПлатинумНюмемон использует свое особый приём «Платинум Экскримент», чтобы швырять
осадок (экскременты), произведенный в процессе
очистки платины, быстрой очередью. Он также
использует «Платинум Бёрп», чтобы выпустить
зловонную отрыжку, которая лишает врага
боевого духа."
3,machine_phrase,довольно/действительно/различные перегруз,довольно,profile,patch_text01,text/digimon_profile.mbe/000_Sheet1.csv,59,digimon_0069_profile,,,"Чрезвычайно редкий Нюмемон, который первым
обнаружил Платиновую Шахту в Цифровом Мире,
поглотив эти компоненты для эволюции. С
этого момента личность ПлатинумНюмемона
полностью изменилась, поскольку он собирал
любые данные о драгоценностях, какие только
мог найти, украшая себя, как нувориш. Это
довольно «роскошный» дигимон, несмотря на свою
природу. Оснащение себя золотыми крыльями и
украшениями даёт ему значительную защиту, но
его сила атаки, в лучшем случае, средняя.
ПлатинумНюмемон использует свое особый приём «Платинум Экскримент», чтобы швырять
осадок (экскременты), произведенный в процессе
очистки платины, быстрой очередью. Он также
использует «Платинум Бёрп», чтобы выпустить
зловонную отрыжку, которая лишает врага
боевого духа."
3,machine_phrase,довольно/действительно/различные перегруз,довольно,profile,patch_text01,text/digimon_profile.mbe/000_Sheet1.csv,71,digimon_0081_profile,,,"Импмон — дигимон уровня Ребёнок, похожий на
дьяволенка. Он любит подшучивать, наслаждаясь
видом страданий своих жертв. Ходят слухи, что
всякий раз, когда появляется Импмон,
электроприборы ненадолго выходят из строя, так
что если ваш экран когда-нибудь трясется или
зависает, возможно, это Импмон шутит. Но
сколько бы Импмон ни радовался проказам и
злобе, он не из тех, кто покорно склонится
перед сильными. Вместо этого он храбрится и
противостоит им. В глубине души он на самом
деле довольно одинок. Фирменное движение
Импмона — «Саммон», которое призывает
элементалей огня и льда."
3,machine_phrase,данный/данные,данных,profile,patch_text01,text/digimon_profile.mbe/000_Sheet1.csv,73,digimon_0083_profile,,,"Слитый дигимон с головой, крыльями и передними
лапами птичьего дигимона, телом зверя-дигимона
и змееподобным существом на хвосте. Хотя
способен летать по небу с помощью крыльев, он
обычно остается в пустынях или горных пещерах.
Гриффонмон — трудный противник, и он
использует свою невероятную силу и ловкость,
чтобы дразнить своих оппонентов. Используя эти
сильные стороны, его нанимают по всей Сети для
предотвращения несанкционированного доступа и
защиты конфиденциальной информации. Его
особый приём «Суперсоник Войс»
испускает сверхвысокочастотные звуковые волны,
которые разрушают структуру данных врага."
3,machine_phrase,данный/данные,данные,profile,patch_text01,text/digimon_profile.mbe/000_Sheet1.csv,75,digimon_0085_profile,,,"Король дигимонов-нежити, воскрешенный с
помощью темных искусств и получивший в
процессе могучие силы. Изначально
злонамеренный компьютерный вирус, который
уничтожал все данные, которые поглощал,
Миотисмон получил способность оживлять
уничтоженные данные в виде злокачественных
вирусов. У Миотиcмона чрезвычайно жестокий и
коварный характер, и его невероятно трудно
уничтожить. Однако он может полностью
использовать свои силы только ночью. Днем,
по-видимому, Миотисмон ослабевает вдвое. Его
особый приём «Найт Рейд» командует
роем летучих мышей, чтобы засада его врагов."
3,machine_phrase,данный/данные,данных,profile,patch_text01,text/digimon_profile.mbe/000_Sheet1.csv,81,digimon_0092_profile,,,"Дигимон, переполненный любопытством, который
любит подшучивать. Гатомон может быть
маленьким, но это все же редкий Священный
дигимон, чья внешность скрывает его истинную
силу. Он носит свое Святое Кольцо на хвосте,
доказывая, что он Святой дигимон, хотя он
потеряет часть своей силы, если когда-нибудь
потеряет это кольцо. Помимо Святого Кольца,
для защиты себя Гатомон также носит перчатки с
длинными острыми когтями, скопированными с
данных СэйберЛеомона. Особый приём
Гатомона «Лайтнинг По» использует его когти
для атаки противника."
3,machine_phrase,данный/данные,данные,profile,patch_text01,text/digimon_profile.mbe/000_Sheet1.csv,91,digimon_0103_profile,,,"Ракообразный дигимон, который прикрепил к
своему телу металлические данные, растворенные
в Сетевом Океане, резко увеличив свою
боевую способность. Крабмон атакует
гигантскими лезвиями на своей левой клешне и
мощной хваткой правой клешни. Для защиты он
полагается на свой колючий панцирь, чтобы
повредить атакующих, и совершенно самоуверен в
бою. Крабмон полностью осознаёт слабые места своих
суставов и брюха и поэтому редко оставляет их
открытыми. Он наслаждается ловушками для своих
противников и является несколько проказником.
Особый приём Крабмона — «Си?ззорс
Экзекьюшн», которое запускает его острую левую
клешню прямо в глотку противника."
3,machine_phrase,данный/данные,данные,profile,patch_text01,text/digimon_profile.mbe/000_Sheet1.csv,97,digimon_0112_profile,,,"Из-за устаревшего интерфейса на его лбу, этого
зверя-дигимона предполагаемый быть экспериментальным
«Прототип-дигимоном» из времени до открытия
дигимонов. Характерная для Боевого Вида
личность особенно очевидный у Дорумона. У него
сильный инстинкт к битве, он кусает и рычит на
все и вся, хотя, по-видимому, испытывает
чувство привязанности к чему-то после укуса.
Сильные данные жизненной силы легендарного
«дракона» были обнаружены сокрыты в самой
глубокой части его ДигиЯдра во время
эксперимента, и у Дорумона, по-видимому, есть
потенциал вырасти в могущественного дигимона.
Особый приём Дорумона — «Метал
Кэннон», которое выстреливает железный шар из
его рта."
3,machine_phrase,данный/данные,данные,profile,patch_text01,text/digimon_profile.mbe/000_Sheet1.csv,98,digimon_0113_profile,,,"Подвид Нюмемона, все тело которого блестит
золотом, включивший в себя данные из золотых
приисков. Особый приём ГолдНюмемона —
«Голдуриан Раш», которым он швыряет поток
золотых экскрементов."
3,machine_phrase,в процессе,в процессе,profile,patch_text01,text/digimon_profile.mbe/000_Sheet1.csv,108,digimon_0130_profile,,,"Древняя Рыба-дигимон с прочной кожей и
огромный когтями. Этот дигимон обнаруживается
в Сетевом Океане всякий раз, когда
компьютерные сети, разрушенные злонамеренными
хакерами, восстанавливаются. Телосложение
Коэламона очень примитивно, с плавниками,
развившимися в конечности. Основываясь на этих
фактах, считается, что первозданные дигимоны,
рожденные в Сетевом Океане, претерпели
различные эволюции, чтобы выйти на сушу,
становясь более многочисленными и
дифференцируясь на различные типы в процессе.
Особый приём Коэламона — «Фоссил
Байт», которое атакует врагов его массивными
когтями."
3,machine_phrase,довольно/действительно/различные перегруз,различные,profile,patch_text01,text/digimon_profile.mbe/000_Sheet1.csv,108,digimon_0130_profile,,,"Древняя Рыба-дигимон с прочной кожей и
огромный когтями. Этот дигимон обнаруживается
в Сетевом Океане всякий раз, когда
компьютерные сети, разрушенные злонамеренными
хакерами, восстанавливаются. Телосложение
Коэламона очень примитивно, с плавниками,
развившимися в конечности. Основываясь на этих
фактах, считается, что первозданные дигимоны,
рожденные в Сетевом Океане, претерпели
различные эволюции, чтобы выйти на сушу,
становясь более многочисленными и
дифференцируясь на различные типы в процессе.
Особый приём Коэламона — «Фоссил
Байт», которое атакует врагов его массивными
когтями."
3,machine_phrase,данный/данные,данных,profile,patch_text01,text/digimon_profile.mbe/000_Sheet1.csv,113,digimon_0136_profile,,,"Зверь-дигимон, рожденный через слияние данных,
полученных при наблюдении за солнцем.
Коронамон обладает сильным чувством
справедливости и чистой, простодушной
личностью. Его особый приём — «Корона
Флейм», которое преобразует всю выносливость в
его теле в силу пламени, чтобы выстрелить
огненной ракетой в врага со своего лба."
3,machine_phrase,данный/данные,данных,profile,patch_text01,text/digimon_profile.mbe/000_Sheet1.csv,123,digimon_0147_profile,,,"Бронесвященный зверь-дигимон,
эволюционировавший с Диги-Яйцом Света.
Диги-Яйцо Света имеет атрибут Света, позволяя
тем, кто его экипирует, очищать тьму сияющей
силой. Хотя Гатомон не является потомком
древнего вида дигимонов, он способен на
броневую эволюцию в Нефертимона, пробуждая
спящую особую способность в составе своих
данных. Его особый приём — «Розетта
Стоун», которое призывает огромную каменную
табличку с выгравированными древними надписями
ДигиКода для атаки врагов."
3,machine_phrase,данный/данные,данные,profile,patch_text01,text/digimon_profile.mbe/000_Sheet1.csv,127,digimon_0151_profile,,,"Полноценный рептильный дигимон, несмотря на
то, что покрыт мехом. Габумон — чрезвычайно
застенчивое, робкое существо, которое всегда
собирает данные, оставленные Гарурумоном,
чтобы носить их как шкуру. Шкура Гарурумона
также служит для защиты Габумона, поскольку
другие дигимоны боятся первоначального
владельца. Личность Габумона делает полный
разворот на 180 градусов, когда он носит
шкуру. Его особый приём — «Блю
Бластер»."
3,machine_phrase,данный/данные,данные,profile,patch_text01,text/digimon_profile.mbe/000_Sheet1.csv,131,digimon_0169_profile,,,"Полностью измененная версия Юпитермона,
который обычно объективен и контролирует свои
эмоции, вынося приговор, но становится
неспособным подавить свой гнев, сталкиваясь с
врагом, совершившим непростительный грех.
Юпитермон: Режим Гнева призывает свой
божественный клинок «Кераунос» громовым ревом,
и его тело вырастает в десятки раз в размере,
поскольку броня и молния окутывают его с
головы до ног. Его ярость становится очевидной
из-за яростной молнии, которая его окружает,
еще эффективная сдержанность его движений
оказывает невероятное давление на его врага.
Юпитермон: Режим Гнева берет Кераунос в обе
свои руки и рассекает своих противников одним
взмахом в своей атаке «Кераунос Дивайд». Он
также может призвать небеса, чтобы свершить
суд над своим побежденным врагом с помощью
«Диос Тандер». Если атака попадает, враг
признается виновным, а если промахивается —
невиновным. Дигимоны, признанные виновными по
этой атаке, имеют свои данные полностью
уничтоженными."
3,machine_phrase,довольно/действительно/различные перегруз,действительно,profile,patch_text01,text/digimon_profile.mbe/000_Sheet1.csv,139,digimon_0178_profile,,,"Этот бог-кузнец дигимонов является одним из
Олимпос XII. Вулканусмон ответственен за
создание большинства известнейшего оружия
Цифрового мира, включая печально известные
любимые дробовики Бельзебмона «Беренджена».
Вулканусмон обладает духом истинного мастера,
наряду с упрямым характером. Он оценивает всех
своих клиентов, и если считает, что они не
смогут освоить или не будут ценить оружие,
которое они запросили, он отказывает им. Даже
когда Вулканусмон соглашается сделать оружие,
он соотносит качество своей работы со своим
впечатлением о владельце. Тем не менее,
Вулканусмон был настолько впечатлен силой
Бельзебмона, что усердно трудился, чтобы
создать исключительное оружие, когда создавал
Беренджену. Вулканусмон предпочитает, чтобы
его оставили в покое, работая своими восемью
руками, но также может использовать свое
мастерство как ремесленника в бою. Своим
специальным движением «Пинпоинт Уэпон Воркс»
он мастерски использует свой огненный
сварочный аппарат «Бомбер Арт», чтобы
мгновенно создать идеальное оружие для любой
боевой ситуации. Когда он действительно хочет
выложиться по полной, он использует
«Эпроприэйт Воркс», который многократно
использует «Пинпоинт Уэпон Воркс», чтобы
выковать оружие для каждой из своих восьми
рук. Несмотря на все это, собственная боевая
способность Вулканусмона не особенно
высока, и он предпочитает избегать боя
когда бы ни возможно."
3,machine_phrase,данный/данные,данные,profile,patch_text01,text/digimon_profile.mbe/000_Sheet1.csv,140,digimon_0179_profile,,,"Одна из Олимпос XII, этот дигимон хвастается,
что он самый тяжелый пьяница Цифрового мира.
Бахусмон имеет веселый нрав и хорошо подходит
для заботы о других. Днем или ночью, он всегда
стремится собрать вместе дигимонов уровня
Ребёнок и Чемпион, чтобы устроить вечеринку.
Бахусмон обладает способностью производить
любую форму алкоголя внутри своего тела, и
если ему понравится другой дигимон на одной из
этих вечеринок, известно, что он предложит ему
напиток по его выбору. Сам Бахусмон имеет вкус
к фруктовым винам, его любимый сорт
производится из ферментированных фруктов
Карпос Хуле, леса, который несет на спине
Цересмон. Всякий раз, когда у Бахусмона есть
свободная минута, он умоляет Цересмон сделать
ему немного фруктового вина. Из-за этого пара
находится в очень хороших отношениях, и их
часто видят вместе. Особый приём
Бахусмона — «Кук оф зе Абисс», которым он
обхватывает врага руками, изменяет его
композиционные данные на подходящую закуску и
затем съедает его. Бахусмон также имеет «Парти
оф зе Хевенс», которым он производит форму
алкоголя, содержащего яды, которые могут
вызывать сонливость и паралич, а затем
обстреливает врагов этим зельем, чтобы
ошеломить их. Более того, данные яда, которые
он производит, являются одним из предметов
исследования Команды Раскола. Существует ряд
надежный слухов, которые предполагают, что
данные яда Бахусмона связаны с разработкой
бактериологического оружия и планов громких
убийств."
3,machine_phrase,данный/данные,данные,profile,patch_text01,text/digimon_profile.mbe/000_Sheet1.csv,141,digimon_0180_profile,,,"Дигимон, который правит царством мертвых и
использует страх и насилие, чтобы
терроризировать злодеев. Плутомон, окутанный
глубокой тенью, крадется по земле в поисках
злодеев и преступников, которые заслуживают
быть отправленными в царство мертвых. Плутомон
наслаждается, пережевывая злодеев своими
пастями, заполненными рядами острых клыков, и
издает зловещий стрекочущий звук, выслеживая
свою добычу. Сочетание этого и его грозной
внешности пугает даже хороших дигимонов. Все
способности Плутомона обладают тревожной
силой, чтобы швырять злодеев вниз, в царство
мертвых. В одном из этих движений, «Хеллз
Гейт», из тьмы появляется гигантская пасть и
проглатывает врагов целиком, и их данные
разбираются на лоскуты. Ход «Хаггард Кластер»
заставляет клыки на его груди выпустить тьму,
которая поглощает и испаряет любое вещество на
своем пути. Плутомон разделяет цель наказания
зла с Юпитермоном из Олимпос XII. Однако между
ними существует давняя вражда, потому что
Юпитермон не одобряет жестоких методов
Плутомона."
3,machine_phrase,данный/данные,данных,profile,patch_text01,text/digimon_profile.mbe/000_Sheet1.csv,144,digimon_0184_profile,,,"Божественный дигимон, синтезирующий
способности различных видов, использующий
человеческое тело в качестве основы. Говорят,
что этот синтез стал результатом погоня
ультиматной цели всемогущества, резко
изменив форму этого дигимона, чтобы
соответствовать его окружающей среде. Эта
форма основана на данных вида Драконов,
которые обычно оставались бы спящими в его теле,
сконцентрированные вокруг кристалла в его
груди, но Эгиохусмон проявил эти данные на
поверхность своего тела, установив их как
броню. Эта броня является силовым костюмом,
который не только для защиты, но и действует
как мышцы, резко увеличивая силу атаки.
Эгиохусмон использует свое особый приём «Болт Брейк Наокдаун», чтобы
выполнить серию ударов кулаками, обвитыми
молнией, произведенной из его рога, или
«Лайтнинг Пайл», чтобы обрушить сверху на
врага сваеобразную молнию, вбивая его в землю.
Если этот ход пронзит врага один раз,
последующие выпущенные сваи затем соединяются
без провалиться, независимо от того, куда их бросили."
3,machine_phrase,довольно/действительно/различные перегруз,различных,profile,patch_text01,text/digimon_profile.mbe/000_Sheet1.csv,144,digimon_0184_profile,,,"Божественный дигимон, синтезирующий
способности различных видов, использующий
человеческое тело в качестве основы. Говорят,
что этот синтез стал результатом погоня
ультиматной цели всемогущества, резко
изменив форму этого дигимона, чтобы
соответствовать его окружающей среде. Эта
форма основана на данных вида Драконов,
которые обычно оставались бы спящими в его теле,
сконцентрированные вокруг кристалла в его
груди, но Эгиохусмон проявил эти данные на
поверхность своего тела, установив их как
броню. Эта броня является силовым костюмом,
который не только для защиты, но и действует
как мышцы, резко увеличивая силу атаки.
Эгиохусмон использует свое особый приём «Болт Брейк Наокдаун», чтобы
выполнить серию ударов кулаками, обвитыми
молнией, произведенной из его рога, или
«Лайтнинг Пайл», чтобы обрушить сверху на
врага сваеобразную молнию, вбивая его в землю.
Если этот ход пронзит врага один раз,
последующие выпущенные сваи затем соединяются
без провалиться, независимо от того, куда их бросили."
3,machine_phrase,данный/данные,данных,profile,patch_text01,text/digimon_profile.mbe/000_Sheet1.csv,145,digimon_0185_profile,,,"Божественный дигимон, синтезирующий
способности различных видов, использующий
человеческое тело в качестве основы. Говорят,
что этот синтез стал результатом погоня
ультиматной цели всемогущества, резко
изменив форму этого дигимона, чтобы
соответствовать его окружающей среде. Эта
форма основана на данных Злого вида, которые
обычно оставались бы спящими в его теле,
сконцентрированные вокруг кристалла в его
груди, но Эгиохусмон: Тьма позволил данным Зла
распространиться по всему его телу. Злоба Злых
видов всплывает на поверхность как в разуме,
так и в теле, заставляя его относиться ко
всему, что он видит, как к добыче, на которую
нужно охотиться. Вирус таится в красном
электричестве, выделяемом из его тела, что
делает этого особого дигимона типом с
атрибутом Вакцина, который также создает
вирусы. Он вводит вирусы, которые генерирует,
в раны, которые он наносит врагам, создавая
ужасающую атаку, которая уничтожает жертв
изнутри. Эгиохусмон: Тьма использует свои
особые приёмы «Трайэнглер», чтобы
изрубить врагов тремя косами, и «Плазмаднесс»,
чтобы стрелять темным электричеством,
собранным в обеих руках."
3,machine_phrase,довольно/действительно/различные перегруз,различных,profile,patch_text01,text/digimon_profile.mbe/000_Sheet1.csv,145,digimon_0185_profile,,,"Божественный дигимон, синтезирующий
способности различных видов, использующий
человеческое тело в качестве основы. Говорят,
что этот синтез стал результатом погоня
ультиматной цели всемогущества, резко
изменив форму этого дигимона, чтобы
соответствовать его окружающей среде. Эта
форма основана на данных Злого вида, которые
обычно оставались бы спящими в его теле,
сконцентрированные вокруг кристалла в его
груди, но Эгиохусмон: Тьма позволил данным Зла
распространиться по всему его телу. Злоба Злых
видов всплывает на поверхность как в разуме,
так и в теле, заставляя его относиться ко
всему, что он видит, как к добыче, на которую
нужно охотиться. Вирус таится в красном
электричестве, выделяемом из его тела, что
делает этого особого дигимона типом с
атрибутом Вакцина, который также создает
вирусы. Он вводит вирусы, которые генерирует,
в раны, которые он наносит врагам, создавая
ужасающую атаку, которая уничтожает жертв
изнутри. Эгиохусмон: Тьма использует свои
особые приёмы «Трайэнглер», чтобы
изрубить врагов тремя косами, и «Плазмаднесс»,
чтобы стрелять темным электричеством,
собранным в обеих руках."
3,machine_phrase,данный/данные,данных,profile,patch_text01,text/digimon_profile.mbe/000_Sheet1.csv,146,digimon_0186_profile,,,"Божественный дигимон, синтезирующий
способности различных видов, использующий
человеческое тело в качестве основы. Говорят,
что этот синтез стал результатом погоня
ультиматной цели всемогущества, резко
изменив форму этого дигимона, чтобы
соответствовать его окружающей среде. Эта
форма основана на данных вида Ангелов, которые
обычно оставались бы спящими в его теле,
сконцентрированные вокруг кристалла в его
груди, но Эгиохусмон: Святой распространил эти
данные по всему своему телу, и его сердце
ясно, как бассейн отражающей воды. Используя
щиты на своих руках, он может направлять
мощную вакцину, бьющую изнутри, в
оружие, такое как короткие мечи, или в
защитный барьер, который не может проникнуть
ни одна вирусная информация. Особые приёмы Эгиохусмон: Святой — это «Лайтнинг
Шауэр», который обрушивает град коротких мечей
на врагов с неба, и «Серклет Дифенс», который
генерирует защитный барьер, отражающий атаку
врага. Атака отражается обратно с добавленным
разрядом электричества, что делает его мощным
контрударом."
3,machine_phrase,довольно/действительно/различные перегруз,различных,profile,patch_text01,text/digimon_profile.mbe/000_Sheet1.csv,146,digimon_0186_profile,,,"Божественный дигимон, синтезирующий
способности различных видов, использующий
человеческое тело в качестве основы. Говорят,
что этот синтез стал результатом погоня
ультиматной цели всемогущества, резко
изменив форму этого дигимона, чтобы
соответствовать его окружающей среде. Эта
форма основана на данных вида Ангелов, которые
обычно оставались бы спящими в его теле,
сконцентрированные вокруг кристалла в его
груди, но Эгиохусмон: Святой распространил эти
данные по всему своему телу, и его сердце
ясно, как бассейн отражающей воды. Используя
щиты на своих руках, он может направлять
мощную вакцину, бьющую изнутри, в
оружие, такое как короткие мечи, или в
защитный барьер, который не может проникнуть
ни одна вирусная информация. Особые приёмы Эгиохусмон: Святой — это «Лайтнинг
Шауэр», который обрушивает град коротких мечей
на врагов с неба, и «Серклет Дифенс», который
генерирует защитный барьер, отражающий атаку
врага. Атака отражается обратно с добавленным
разрядом электричества, что делает его мощным
контрударом."
3,machine_phrase,данный/данные,данных,profile,patch_text01,text/digimon_profile.mbe/000_Sheet1.csv,147,digimon_0187_profile,,,"Божественный дигимон, синтезирующий
способности различных видов, использующий
человеческое тело в качестве основы. Говорят,
что этот синтез стал результатом погоня
ультиматной цели всемогущества, резко
изменив форму этого дигимона, чтобы
соответствовать его окружающей среде. Эта
форма основана на данных вида Андроидов,
которые обычно оставались бы спящими в его теле,
сконцентрированные вокруг кристалла в его
груди, но Эгиохусмон: Синий сконцентрировал
эти данные в основном в верхней левой части
своего тела. Он оснащен механизмом
разблокировки мощности, характерным для
андроидов, и возможностью захвата цели,
которая гарантирует, что цели никогда не
сбежать. Эгиохусмон: Синий может даже
отсоединить свою гигантскую левую руку,
известную как его «Механизированная Силовая
Рука», чтобы найти и атаковать захваченного
врага, прежде чем снова прикрепить руку. Его
особый приём — «Пенетра-лазер»,
который выпускает луч из кончиков пальцев его
Механизированной Силовой Руки. Когда рука
прикреплена к телу Эгиохусмон: Синий, он может
использовать «Пауэрд Игнишн», который собирает
энергию в его ладони, чтобы обрушить на своего
врага в виде заряженного взрыва."
3,machine_phrase,довольно/действительно/различные перегруз,различных,profile,patch_text01,text/digimon_profile.mbe/000_Sheet1.csv,147,digimon_0187_profile,,,"Божественный дигимон, синтезирующий
способности различных видов, использующий
человеческое тело в качестве основы. Говорят,
что этот синтез стал результатом погоня
ультиматной цели всемогущества, резко
изменив форму этого дигимона, чтобы
соответствовать его окружающей среде. Эта
форма основана на данных вида Андроидов,
которые обычно оставались бы спящими в его теле,
сконцентрированные вокруг кристалла в его
груди, но Эгиохусмон: Синий сконцентрировал
эти данные в основном в верхней левой части
своего тела. Он оснащен механизмом
разблокировки мощности, характерным для
андроидов, и возможностью захвата цели,
которая гарантирует, что цели никогда не
сбежать. Эгиохусмон: Синий может даже
отсоединить свою гигантскую левую руку,
известную как его «Механизированная Силовая
Рука», чтобы найти и атаковать захваченного
врага, прежде чем снова прикрепить руку. Его
особый приём — «Пенетра-лазер»,
который выпускает луч из кончиков пальцев его
Механизированной Силовой Руки. Когда рука
прикреплена к телу Эгиохусмон: Синий, он может
использовать «Пауэрд Игнишн», который собирает
энергию в его ладони, чтобы обрушить на своего
врага в виде заряженного взрыва."
3,machine_phrase,данный/данные,данных,profile,patch_text01,text/digimon_profile.mbe/000_Sheet1.csv,148,digimon_0188_profile,,,"Божественный дигимон, синтезирующий
способности различных видов, использующий
человеческое тело в качестве основы. Говорят,
что этот синтез стал результатом погоня
ультиматной цели всемогущества, резко
изменив форму этого дигимона, чтобы
соответствовать его окружающей среде. Эта
форма основана на данных вида Растений,
которые обычно оставались бы спящими в его теле,
сконцентрированные вокруг кристалла в его
груди, но Эгиохусмон: Зеленый прикрепил данные
Растений вокруг своих рук и верхней части
тела. Из-за своей основы типа Растений его
тело резко легче, чем у других форм.
Эгиохусмон: Зеленый способен стрелять прочными
шипами из бластеров, установленных на обеих
руках. Он использует их для нападения, защиты
и хитрых маневров, которые используют их как
захваты на различных поверхностях. Эта форма
наиболее известна своими проворными
движениями, которые используют его снаряжение
и воздушный каркас. Особые приёмы
Эгиохусмон: Зеленый — это «Брамбл Байт»,
который призывает демонические шипы, которые
впиваются во врага, и «Плант Зон Крейдл»,
который выпускает бесчисленные шипы из его
тела, чтобы окружить врагов на широкой область,
разрывая их на ленты."
3,machine_phrase,довольно/действительно/различные перегруз,различных,profile,patch_text01,text/digimon_profile.mbe/000_Sheet1.csv,148,digimon_0188_profile,,,"Божественный дигимон, синтезирующий
способности различных видов, использующий
человеческое тело в качестве основы. Говорят,
что этот синтез стал результатом погоня
ультиматной цели всемогущества, резко
изменив форму этого дигимона, чтобы
соответствовать его окружающей среде. Эта
форма основана на данных вида Растений,
которые обычно оставались бы спящими в его теле,
сконцентрированные вокруг кристалла в его
груди, но Эгиохусмон: Зеленый прикрепил данные
Растений вокруг своих рук и верхней части
тела. Из-за своей основы типа Растений его
тело резко легче, чем у других форм.
Эгиохусмон: Зеленый способен стрелять прочными
шипами из бластеров, установленных на обеих
руках. Он использует их для нападения, защиты
и хитрых маневров, которые используют их как
захваты на различных поверхностях. Эта форма
наиболее известна своими проворными
движениями, которые используют его снаряжение
и воздушный каркас. Особые приёмы
Эгиохусмон: Зеленый — это «Брамбл Байт»,
который призывает демонические шипы, которые
впиваются во врага, и «Плант Зон Крейдл»,
который выпускает бесчисленные шипы из его
тела, чтобы окружить врагов на широкой область,
разрывая их на ленты."
3,machine_phrase,данный/данные,Данные,profile,patch_text01,text/digimon_profile.mbe/000_Sheet1.csv,150,digimon_0190_profile,,,"Из-за устаревшего интерфейса на его лбу, этого
зверя-дигимона предполагаемый быть экспериментальным
«Прототип-дигимоном» из времени до открытия
дигимонов. Рюдамон покрыт японской броней,
которая обладает высокой защитой, еще его
движения довольно проворны, позволяя ему прыгать
и сражаться на дерзко близкой дистанции. Чем
больше он сражается, тем больше он развивает
боевую мощь. Рюдамон обладает доблестью, духом
самурая и душой, которая делает его
бесстрашным перед могущественными вражескими
дигимонами. Данные, скрытые в самой глубокой
части его ДигиЯдра во время эксперимента,
содержат такие свирепый боевые данные, как
военачальники и драконы из японской мифологии,
и считается, что Рюдамон обладает потенциалом
вырасти в могущественного дигимона. Его
особый приём — «Иай Блейд», которым он
подпрыгивает к противнику, чтобы выстрелить
железным лезвием из своего рта в упор."
3,machine_phrase,довольно/действительно/различные перегруз,довольно,profile,patch_text01,text/digimon_profile.mbe/000_Sheet1.csv,150,digimon_0190_profile,,,"Из-за устаревшего интерфейса на его лбу, этого
зверя-дигимона предполагаемый быть экспериментальным
«Прототип-дигимоном» из времени до открытия
дигимонов. Рюдамон покрыт японской броней,
которая обладает высокой защитой, еще его
движения довольно проворны, позволяя ему прыгать
и сражаться на дерзко близкой дистанции. Чем
больше он сражается, тем больше он развивает
боевую мощь. Рюдамон обладает доблестью, духом
самурая и душой, которая делает его
бесстрашным перед могущественными вражескими
дигимонами. Данные, скрытые в самой глубокой
части его ДигиЯдра во время эксперимента,
содержат такие свирепый боевые данные, как
военачальники и драконы из японской мифологии,
и считается, что Рюдамон обладает потенциалом
вырасти в могущественного дигимона. Его
особый приём — «Иай Блейд», которым он
подпрыгивает к противнику, чтобы выстрелить
железным лезвием из своего рта в упор."
3,machine_phrase,данный/данные,данные,profile,patch_text01,text/digimon_profile.mbe/000_Sheet1.csv,152,digimon_0192_profile,,,"Зверь-Дракон-дигимон, который свободно парит в
небесах, облаченный в броню из элегантно
мерцающей чешуи. Форма Хисярюмона является
результатом того, что интерфейс на его лбу
разблокировал данные, дремавшие в его
ДигиЯдре о драконах и генералах — наполненных
свирепый боевыми инстинктами — из японских
мифов. Сферы, которые он сжимает, — это души
его потерянных товарищей. Сфера в правой руке
Хисярюмона — это душа Кинрю, а сфера в его
левой руке — душа Какурю. Говорят, что в
каждой сфере скрыты данные ДигиЯдра.
Особый приём Хисярюмона — «Легендари
Драгон Блейд», которое превращает его в
гигантский стальной клинок, чтобы рассечь
врага пополам одним ударом."
3,machine_phrase,данный/данные,данные,profile,patch_text01,text/digimon_profile.mbe/000_Sheet1.csv,153,digimon_0193_profile,,,"Воображаемый дигимон, рожденный из мечты
ДигиЯдра. Интерфейс на лбу Орюмона
чудесным образом разблокировал творческую силу его
собственного ДигиЯдра, заставив его
эволюционировать в эту форму. Возможно,
потому что это ДигиЯдро уже содержало такие
свирепый боевые данные, как военачальники и
драконы из японской мифологии, форма, которую
оно выдумало, была формой драконьего воина,
облаченного в внушительную японскую броню, с
мечом в каждой руке. Клинок в левой руке
Орюмона называется Гайрю Садайдзин, а тот, что
в правой, назван Гайрю Удайдзин. Лезвия,
выступающие из крыльев на его спине,
называются Гайба Даймэйдзин. Особые приёмы Орюмона — «Эйсэйрюодзин», которое
обрушивает атаку из клинков в обеих руках, и
«Голден Армор», которым он яростно
устремляется вперед с разрушительной силой
могучей реки, выходящей из своих берегов."
3,machine_phrase,данный/данные,данные,profile,patch_text01,text/digimon_profile.mbe/000_Sheet1.csv,158,digimon_0198_profile,,,"Напоминая паровоз, этот машинный дигимон
живет, чтобы оставаться в движении. Цель
Локомона — переносить данные по Сети Цифрового
Мира. В Цифровом Мире, где необходимо
перемещать большое количество данных,
транспортировка говорят данных как можно быстрее
— это ультиматная причина существования
дигимонов Транспортного вида, таких как
Локомон. Однако бывают времена, когда Локомон
старой модели сходил с рельсов в погоня
вечно-больших скоростей. И хотя его движение
ограничено рельсами, бывали случаи, когда он
создавал разрывы в пространстве-времени,
непрерывно двигаясь по кругу. Локомон также
может использовать свое особый приём
«Уилл Гриндер», чтобы вращаться, а затем
бросать свои шипастые колеса."
3,machine_phrase,присутствие/наличие,наличие,profile,patch_text01,text/digimon_profile.mbe/000_Sheet1.csv,160,digimon_0208_profile,,,"Дракомон — дракон-дигимон древней кровной
линии, которая, как говорят, восходит к
прародителю всех дигимонов вида Драмон. Он
обладает физическими способностями, которые
трудно даже представить, учитывая его
небольшой размер, его скорость и сила входят в
число самых лучших среди всех дигимонов уровня
Ребёнок. Хотя по натуре он чрезвычайно свиреп, у
него также есть более мягкая сторона, которую
он показывает только тем, кого считает
достойным своего доверия. Несмотря на наличие
крыльев, они не полностью развиты, поэтому
Дракомон не способен летать. Одной из его
других определяющих характеристик является его
стремление собирать «блестящие вещи», и у него
странная привязанность к драгоценным камням и
определенным типам металла. Если ему
особенно нравится какой-то блестящий
объект, он съест его. Его особый приём
— «Бейби Бреф», которое он использует, чтобы
выдохнуть поток горячего воздуха."
3,machine_phrase,данный/данные,данные,profile,patch_text01,text/digimon_profile.mbe/000_Sheet1.csv,161,digimon_0209_profile,,,"Коредрамоны с зелеными телами, как говорят,
эволюционировали из Дракомонов, которые
съели много Зеленого Малахита, драгоценного
камня, добытого в лесных регионах, густо
заросших деревьями старше 100 лет. Коредрамон
(Зеленый) не умеет летать, но имеет очень
развитые мышцы ног и способен бегать со
скоростями, кажущимися невозможными для
существа его размера. Его особый приём
— «Грин Флейр Бреф», которым он выдыхает
обжигающие зеленые пламена. «Грин Флейр Бреф»
проникает глубоко под данные поверхностной
текстуры, чтобы повредить ДигиЯдро врага
напрямую."
3,machine_phrase,довольно/действительно/различные перегруз,довольно,profile,patch_text01,text/digimon_profile.mbe/000_Sheet1.csv,163,digimon_0211_profile,,,"Земляной Дракон-дигимон с огромными руками на
спине. Эти руки, которые, как говорят,
превратились из крыльев, позволяют
Граундрамону эффективно рыть землю. Обычно он
лежит скрытый в туннелях, которые он прорыл
глубоко под землей, и редко показывает свое
лицо на поверхности. Граундрамон любит жить в
жилах редкой руды Хуанлун, и на самом деле
чешуя, покрывающая его тело, очень вероятно,
состоит из того же материала. Его характер
довольно жесток, и большинство тех, кто с ним
сталкивается, в конечном итоге теряют свои
жизни. Граундрамон использует свое особый приём «Скраплэсс Коготь», чтобы раздавить
врагов своими задними руками."
3,machine_phrase,данный/данные,данные,profile,patch_text01,text/digimon_profile.mbe/000_Sheet1.csv,165,digimon_0214_profile,,,"Массивный Машинный Дракон-дигимон, который,
как говорят, существует, чтобы уничтожить все
на земле. Всякий раз, когда он
эволюционирует, Брейкдрамон успешно
включает данные конструкции строительного
оборудования в себя через взлом, получая силу
и способности, превосходящие другие Машинные
дигимоны. Однако его выдающиеся механические
способности достигаются ценой сокращения его
органических частей до практически
незначительного количества, лишая его
намерения и эмоций. Как таковой, Брейкдрамон
не боится повредить свое собственное тело и
внушает страх как ультиматный дракон
разрушения, который продолжает сеять хаос,
пока не рассыплется в пыль. «Дэстройд Раш»
Брейкдрамона вращает его левую и правую
ковшовые руки на высоких скоростях, чтобы
разорвать землю. Его «Инфинити Боулинг»
активирует все сверла на его теле, выпуская их
залпом, способным разбить даже горы. Куда бы
Брейкдрамон ни пошел, он не оставляет ничего
на своем разрушительном пути."
3,machine_phrase,данный/данные,данных,profile,patch_text01,text/digimon_profile.mbe/000_Sheet1.csv,166,digimon_0215_profile,,,"Святой Рыцарь-дигимон и член Королевских
Рыцарей, святых защитников Цифрового мира.
Экзамон имеет абсурдно высокую массу данных,
поэтому его никогда нельзя было бы отобразить
на традиционных цифровых устройствах. Его
открытие стало возможным только тогда, когда
новейшие цифровые устройства наконец оказались
достаточно мощными, чтобы отобразить его. У
него массивные, разумные крылья, называемые
«Каледфулх», а также гигантское копье под
названием «Амброуз». Особый приём
Экзамона «Слава Пендрагона» выпускает мощный
лазерный луч из Амброуза. Экзамон также может
использовать «Драгоник Импакт», чтобы
спикировать из экзосферы и врезаться во
врагов, пока его тело еще горячее от трения
при повторном входе в атмосферу."
3,machine_phrase,данный/данные,данных,profile,patch_text01,text/digimon_profile.mbe/000_Sheet1.csv,167,digimon_0217_profile,,,"ДаркСуперСтармон — дигимон, погруженный во
тьму, рожденный из данных наблюдения за
черными дырами. У него, по-видимому, такое
мрачное прошлое, что он отказался от всех
своих надежд и мечтаний, надевая
солнцезащитные очки, чтобы никакой свет не мог
достичь его. Его особый приём — «Дарк
Эксплоужн», которое включает атаку осколками
сверхновой звезды."
3,machine_phrase,данный/данные,данные,profile,patch_text01,text/digimon_profile.mbe/000_Sheet1.csv,168,digimon_0218_profile,,,"Коредрамоны с синими телами, как говорят,
эволюционировали из Дракомонов, которые
съели много Синего Диаманте, драгоценного
камня, который можно добыть только в горных
регионах с самыми высокими пиками. Коредрамон
(Синий) развил сильные крылья, чтобы выжить
среди крутых склонов, и способен летать с
огромный скоростью. Его особый приём —
«Блю Флейр Бреф», которым он выдыхает
обжигающие синие пламена. «Блю Флейр Бреф»
разрушает данные поверхностной текстуры врага,
оставляя ДигиЯдро пораженного этим движением
дигимона открытым и уязвимым для атаки."
3,machine_phrase,данный/данные,данными,profile,patch_text01,text/digimon_profile.mbe/000_Sheet1.csv,170,digimon_0220_profile,,,"Бронированный воин-дигимон, который когда-то
был данными главного героя видеоигры, но затем
эволюционировал после заражения
компьютерным вирусом. Многочисленные битвы с
другими дигимонами превратили внешность
Мусямон в жалкого дезертира с поля боя, но это
лишь доказательство его грозной боевой мощи и
жизнеспособности. Дикий воин, переживший
бесконечные битвы — вот Мусямон в двух словах.
Демонический меч «Сиратори-мару» в его правой
руке выгравирован запретным заклинанием,
которое поглощает жизненную силу тех, кого он
режет, и, как говорят, становится острее с
каждой тысячей дигимонов, которых он срубает.
У Мусямон также есть особый приём под
названием «Кирисуте Гомен», которое он
выпускает из своего Сиратори-мару. Однажды он
сведет счеты с Леомоном, скрестив свой любимый
клинок с клинком Леомона."
3,machine_phrase,довольно/действительно/различные перегруз,довольно,profile,patch_text01,text/digimon_profile.mbe/000_Sheet1.csv,171,digimon_0222_profile,,,"Изначально тип с атрибутом Вирус, Добермон —
дигимон-Охотник, который превратился в тип
Вакцина в результате мутации. Однако, как и у
Снимон, он остается довольно свирепым, несмотря
на свой статус Вакцины, живя только для того,
чтобы охотиться на дигимонов-Вирусов. Добермон
находится за пределами контроля среднего
Объединителя. Его особый приём — «Грау
Лёрм», которым он издает вой, который мешает
его противникам использовать свои способности."
3,machine_phrase,данный/данные,данных,profile,patch_text01,text/digimon_profile.mbe/000_Sheet1.csv,173,digimon_0224_profile,,,"Церберусмон: Оборотень Режим — это мутантная
форма Церберусмона, дигимона, известного как
«Адский Сторожевой Пес», который живет в
Темной Зоне. Он превратился в свою нынешнюю
форму, чтобы предотвратить распространение
данных, созданных из человеческой злобы,
которые пронизывают Интернет в виде как
изображений, так и текста, потому что он
боится, что эти данные окажут неблагоприятный эффект
на Цифровой мир в целом. В результате его
трансформации его данные были переписаны так,
что его тело, покрытое оболочкой, теперь может
ходить на двух ногах, а его руки могут
пережевывать любые испорченные данные, которые
он находит. Своим специальным движением
«Инферно Дивайд» он может обстреливать врагов
огненными бомбами в упор, пока удерживает их в
челюстях массивных голов на концах своих рук.
У него также есть «Мэд Дог Файр», которое
выпускает взрыв обжигающего, адского пламени,
превращающего все вещи в пепел. Разрушительная
сила этой атаки на порядки за пределами силы
движения с тем же названием у
немодифицированного Церберусмона."
3,machine_phrase,данный/данные,данные,profile,patch_text01,text/digimon_profile.mbe/000_Sheet1.csv,175,digimon_0226_profile,,,"Дигимон-нежить, закутанный с головы до ног в
бинты, как мумии древнего Египта. Способность
Маммимона призывать и контролировать
задержавшиеся духи (остаточные данные)
уничтоженных дигимонов заработала ему
псевдоним «Некромант». Его молчаливая и
бесстрастная природа делает его трудным для
чтения, но любой, кто нападет на него,
столкнется с изнурительным натиском от оружия,
которое он размахивает. Если его загнать в
угол, это опасное существо начнет стрелять из
своего любимого пистолета «Обелиск» как
попало. Маммимон использует свое фирменное
движение «Снейк Бандаж», чтобы обернуть бинты
своих рук вокруг врага и сжать их, как змея."
3,machine_phrase,довольно/действительно/различные перегруз,различных,profile,patch_text01,text/digimon_profile.mbe/000_Sheet1.csv,178,digimon_0229_profile,,,"Кимерамон — композитный дигимон. Каждая часть
его тела, включая руки, ноги, туловище и
хвост, была сделана путем объединения
различных частей от других дигимонов. Что
касается причины его создания, она остается
окутанной тайной. Хотя Кимерамон похож на
Машиндрамона тем, что он был построен из
различных частей других дигимонов, природа
отношений между ними еще не обнаружена.
Возможно, Кимерамон был прототипом для
Машиндрамона, за исключением того, что он
использовал органические части вместо
металлических. Или, возможно, Кимерамон был
создан специально как контрмера против
Машиндрамона. Что ясно, однако, так это
грозный боевой инстинкт Кимерамона, наряду с
его огромной разрушительной силой. Он может
стрелять смертоносным тепловым лучом, «Хит
Вайпер», из своих четырех рук. Это ужасающая
техника, которая жестоко разрывает на части
все, пораженное лучом, со всей силой гнева
Кимерамона."
3,machine_phrase,данный/данные,данными,profile,patch_text01,text/digimon_profile.mbe/000_Sheet1.csv,179,digimon_0230_profile,,,"Миллениуммон — ультиматный композитный
дигимон, образованный, когда Машиндрамон и его
подавляющая сила слились с Кимерамоном и его
данными от различных могущественных дигимонов.
Говорят, что он непобедим, но если бы только
можно было определить причину слияния этого
дигимона, это могло бы служить ключом к тому,
как его победить. Его особый приём,
«Тайм Анлимитед», сжимает время, чтобы создать
карманное измерение, в котором оно заманивает
своих врагов на всю вечность."
3,machine_phrase,довольно/действительно/различные перегруз,различных,profile,patch_text01,text/digimon_profile.mbe/000_Sheet1.csv,179,digimon_0230_profile,,,"Миллениуммон — ультиматный композитный
дигимон, образованный, когда Машиндрамон и его
подавляющая сила слились с Кимерамоном и его
данными от различных могущественных дигимонов.
Говорят, что он непобедим, но если бы только
можно было определить причину слияния этого
дигимона, это могло бы служить ключом к тому,
как его победить. Его особый приём,
«Тайм Анлимитед», сжимает время, чтобы создать
карманное измерение, в котором оно заманивает
своих врагов на всю вечность."
3,machine_phrase,данный/данные,данными,profile,patch_text01,text/digimon_profile.mbe/000_Sheet1.csv,180,digimon_0231_profile,,,"Дигимон, напоминающий «баку», существо в
японском фольклоре, которое ест сны.
Считается, что он рожден из медицинского
компьютера, который отслеживает мозговые
волны, Тапирмон, по-видимому, питается данными
REM-сна человека. В последнем раунде
исследований также было обнаружено, что он
обладает способностью стирать кошмары и
компьютерные вирусы. Поскольку он также может
возвращать эти кошмары и вирусы в безвредное
состояние, считается, что он является Святым
дигимоном. Святое Кольцо, которое он носит на
одной из своих передних ног, кажется вероятно,
связано как с его особыми способностями, так и
со Святой природой. Особый приём
Тапирмона — «Найтмер Синдром», которое
выпускает все поглощенные им кошмары сразу,
чтобы ужаснуть его противников. Это то же
особый приём, что и у дигимона уровня
Совершенный, Дигитамамона, но то, как они
могут быть связаны, остается загадкой."
3,machine_phrase,данный/данные,данных,profile,patch_text01,text/digimon_profile.mbe/000_Sheet1.csv,186,digimon_0239_profile,,,"Гигантский дигимон-нежить, созданный, когда
некоторые из данных окаменелостей самого
крупного наземного млекопитающего были
сфальсифицированы и воссозданы. Не обладая
интеллектом и эмоциями, СкаллБалучимон
движется полностью по рефлексу согласно данным
нервов, проходящим через его тело. В
результате он продолжает атаковать без причины
и пощады, пока не может больше двигаться.
Холодный черный пар, бесконечно переполняющий
ДигиЯдро СкаллБалучимона, как говорят,
наполняет любого дигимона страхом смерти —
возможно, проклятие, вызванное его
принудительным оживлением из данных трупа. Его
особый приём — «Грейв Боун», которое
затаптывает врага под его гигантскими ногами и
закапывает его в землю."
3,machine_phrase,данный/данные,данных,profile,patch_text01,text/digimon_profile.mbe/000_Sheet1.csv,187,digimon_0240_profile,,,"Моллюск-дигимон, обнаруженный в вирусе,
который злонамеренный хакер использовал,
пытаясь обрушить компьютер соперника. Октомон
— навязчивый коллекционер, демонстрирующий
когти на концах своих щупалец, которые он
получил от данных Дэвидрамона, и покрывая себя
Диги-Сокровищами, которые он собрал со дна
Сетевого Океана. Многие Фудзицумоны — маленькие ракушечные
дигимоны — прикрепились к горшку, который Октомон носит
на своей голове. У этих Фудзицумонов очень
развиты чувства, и считается, что они живут
с Октомоном в симбиозе,
предупреждая его, когда они чувствуют
опасность. Особый приём Октомона,
«Спёртинг Инк», выпускает взрыв
очень ядовитых чернил."
3,machine_phrase,довольно/действительно/различные перегруз,довольно,profile,patch_text01,text/digimon_profile.mbe/000_Sheet1.csv,194,digimon_0305_profile,,,"эволюция Кабутеримона, обнаруженная в
тропической области Сети. Примерно в 1,5 раза
более крупного Кабутеримона, АтлаКабутеримон довольно
велик для дигимона-насекомого. Он резко
увеличил мощность своего рога —
основного оружия вида, а также
нарастил мышцы у оснований передних
конечностей, улучшив свои способности в
рукопашном бою. АтлаКабутеримон известен своим
рыцарским характером и хорошо известен защитой
более слабых существ. Его особый приём
— «Хорн Бастер», которым АтлаКабутеримон
пронзает противников своим гигантским рогом."
3,machine_phrase,данный/данные,данные,profile,patch_text01,text/digimon_profile.mbe/000_Sheet1.csv,195,digimon_0306_profile,,,"Ультиматный дигимон-насекомое,
ГераклКабутеримон эволюционировал,
объединив данные как от вида Кабутеримон, так
и от вида Кувагамон. Обладая гигантским рогом,
а также огромными клешнями,
ГераклКабутеримон, как говорят, идеально
компенсирует слабости этих двух видов с
противоположными характерами, от которых он
эволюционировал. Его тело блеск золотом,
и, вновь обретя и улучшив способность к
полету, которую он потерял как
АтлаКабутеримон, ГераклКабутеримон мчится по
Цифровому Миру на сверхзвуковых скоростях.
Немногие могут соперничать с
ГераклКабутеримоном в этой форме Мега
уровня. ГераклКабутеримон использует свое
особый приём «Гига Бластер»,
усовершенствованную версию «Электро Шокер».
Ничто не может выжить при прямом попадании
этой атаки."
3,machine_phrase,данный/данные,данные,profile,patch_text01,text/digimon_profile.mbe/000_Sheet1.csv,201,digimon_0312_profile,,,"Когда-то был чрезвычайно сильным дигимоном,
называемым «Королем дигимонов». Он искал
сильных противников, отправляясь в путешествие
жестоких встреч. Хотя он получил ценные боевые
данные, постоянные битвы оставили его с суровый
физическими повреждениями. Затем он исследовал
свои собственные слабости на основе данных,
полученных в бою, полностью покрыл поверхность
своего тела металлом Хромдигизоид — веществом,
используемым металлическими дигимонами — и
смог переизобрести себя как ультиматную боевую
машину, МеталЭтемона. Несмотря на то, что он
максимизировал свои боевые способности, он все
же использует мелкое особый приём
«Банан Слип», чтобы подставить ногу своему
противнику. Непобедимый боец, использующий как
высокоуровневые боевые техники, так и грязные
трюки, родился."
3,machine_phrase,данный/данные,данных,profile,patch_text01,text/digimon_profile.mbe/000_Sheet1.csv,202,digimon_0313_profile,,,"Противный дигимон в форме сверкающего золотого
экскремента. Скамон был рожден из накопления
и мутации обрывков данных, выброшенных в
корзину рабочего стола компьютера. Он любит
темные места и, будучи грудой данных-отходов,
так же нелюбим другими дигимонами, как и
Нюмемон. Интеллект и сила атаки Скамона
несуществующий. Его маленький грызуний партнер
Чуумон не умеет сражаться, но хитер, как они
приходить, и всегда заманивает Скамона на
совершение злодеяний."
3,machine_phrase,довольно/действительно/различные перегруз,довольно,profile,patch_text01,text/digimon_profile.mbe/000_Sheet1.csv,205,digimon_0316_profile,,,"Слизь-дигимон, полностью покрытый твердым
материалом под названием Мифриловые Волосы.
Додомон проявляет агрессивную натуру прямо с
рождения, и даже хотя его клыки еще не
отросли, он любит угрожать врагам, широко
открываясь и притворяясь, что кусает их. Из-за
такого поведения этих дигимонов часто
уничтожают другие, что делает Додомона довольно
редким. Когда враг приближается, Додомон
атакует, выстреливая «Литл Айрон Бидс» изо
рта."
3,machine_phrase,данный/данные,данные,profile,patch_text01,text/digimon_profile.mbe/000_Sheet1.csv,208,digimon_0321_profile,,,"Дигимон, который сливает данные мелких
домашних животных, таких как кошки и собаки.
Ванямон неожиданно быстр, поэтому требуется
осторожность, чтобы предотвратить его побег.
И всё же он очень привязывается, если над ним
суетятся, как над домашним питомцем. Его
особый приём — «Смайл Фанг», внезапный
переход от невинной позы к неожиданной атаке
укусом."
3,machine_phrase,данный/данные,данные,profile,patch_text01,text/digimon_profile.mbe/000_Sheet1.csv,222,digimon_0349_profile,,,"Дигимон-растение, напоминающий гигантский
кактус. Его способность хранить данные о
питательных веществах внутри своего тела
позволяет ему выживать в течение расширенный
периодов даже в бесплодных пустынных регионах.
Как очевидно из его выражения лица, обычно
невозможно сказать, о чем думает Тогемон,
поскольку он проводит большую часть дней,
бессмысленно уставившись в пространство. Но
если его достаточно спровоцировать, его
поведение становится жестоким и нестабильным.
Особый приём Тогемона — «Ни?дл Спрей»,
которым он затвердевает иглы на своих кулаках
и обрушивает град ударов."
3,machine_phrase,довольно/действительно/различные перегруз,довольно,profile,patch_text01,text/digimon_profile.mbe/000_Sheet1.csv,232,digimon_0371_profile,,,"Мохнатый Редкий Животный дигимон, покрытый
толстым белым мехом. Он обитает в отдаленных
заснеженных регионах, что делает встречи довольно
редкими. Несмотря на различные сообщения о
встречах с Моджамоном, никакие доказательства
не подтвердили его существование, и поэтому в
течение долгого времени этого дигимона считали
простой фантазией. Моджамон — нежное существо,
которое никогда не проявляет никакой
враждебности, но даже так, он считает свое
логово и территорию священными землями и не
прощает тех, кто вторгается на его святую
землю. Он швыряет массивную сосульку,
мгновенно сформированную из воды в атмосфере,
своим специальным движением «Айсикл Род»."
3,machine_phrase,данный/данные,данными,profile,patch_text01,text/digimon_profile.mbe/000_Sheet1.csv,235,digimon_0374_profile,,,"Дигимон уровня Ультимат, имеющий внешность
Диги-Яйца и являющийся альфой и омегой всех
дигимонов. Дигитамамон — вершина эволюции
и, предположительно, эволюционирует не от
обычного дигимона, а только путем слияния с
данными из другого измерения. Его яйцевидный
экзоскелет делает все атаки бесполезными. Его
особый приём «Найтмер Синдром» — это
шар тьмы."
3,machine_phrase,данный/данные,данные,profile,patch_text01,text/digimon_profile.mbe/000_Sheet1.csv,237,digimon_0376_profile,,,"Усовершенствованная версия Гекомона с
антенной, похожей на пучок феодала.
СёгунГекомон, предположительно, был впервые
создан в системе оценки караоке-машины. У него
два рога на плечах, которые играют мелодию, и
он может петь на несколько регистров ниже, чем
Гекомон, излучая господский (?) воздух. Его
особый приём «Мьюзикл Фист» использует
его голосовые связки и рога для создания
ультра-низкочастотной волны, которая
повреждает данные его врагов. Однако эти
ультра-низкие частоты, кажется, на самом деле
улучшают здоровье некоторых противников."
3,machine_phrase,данный/данные,данных,profile,patch_text01,text/digimon_profile.mbe/000_Sheet1.csv,241,digimon_0380_profile,,,"Этот мутантный дигимон — значок корзины
рабочего стола компьютера, который ожил через
эволюцию. В отличие от Скамона, который
образовался из мутации выброшенных данных,
Гарбейджмон — это сама корзина. Считалось, что
дигимоны вида Грязь — самый слабый тип до
появления Гарбейджмона, но теперь эта
условность была перевернута с ног на голову.
Его банка похожа на черную дыру, и те, кого
засасывает в нее, исчезают из Цифрового мира
без следа. Его особый приём «Пуп
Базука» — это гнусная атака, выпускаемая из
базуки, которую Гарбейджмон сделал из пустых
банок."
3,machine_phrase,довольно/действительно/различные перегруз,довольно,profile,patch_text01,text/digimon_profile.mbe/000_Sheet1.csv,254,digimon_0396_profile,,,"Свирепый Зверь-Дракон-дигимон, обладающий
характера как зверя, так и дракона, это
тяжеловесное существо заставляет большинство
дигимонов бежать при одном виде его тени.
Доругамон может быть свирепым, как дикий
зверь, в бою, но драконий интеллект в его
распоряжении означает, что он обычно довольно
послушен. Из-за устаревшего интерфейса на его
лбу, этого дигимона предполагаемый быть эволюцией
экспериментального «Прототип-дигимона».
Доругамон использует особый приём
«Пауэр Метал», чтобы выстрелить большим
железным шаром из своего рта и раздавить
своего врага."
3,machine_phrase,в процессе,в процессе,profile,patch_text01,text/digimon_profile.mbe/000_Sheet1.csv,258,digimon_0400_profile,,,"АэроВиидрамон — дальнейше-эволюционировавшая
форма Виидрамона, ставшая способной к полету.
Только сильнейшие из линии Виидрамон могут
эволюционировать в АэроВиидрамона, пройдя
через бесчисленные битв, и поскольку Виидрамон —
редкий вид, АэроВиидрамон практически является
легендой. Он также получил больше, чем крылья,
в процессе эволюции, и теперь обладает
повышенными наступательными и оборонительными
способности. Его особый приём «Драгон
Импульс» выпускает ударную волну в форме
дракона."
3,machine_phrase,данный/данные,данных,profile,patch_text01,text/digimon_profile.mbe/000_Sheet1.csv,261,digimon_0403_profile,,,"ГрэпЛеомон — дигимон-мастер боевых искусств
зверочеловек. После поглощения данных из
различных файтингов он разработал свои
собственные супер-приемы, которые использует,
чтобы сокрушить противников. Вращая турбины на
своих руках и ногах на высоких скоростях,
ГрэпЛеомон способен обрушить широкое разнообразие
техник. Однако, чтобы они продолжали
вращаться, он должен направить свой боевой дух
напрямую из своего ДигиЯдра в них все сразу,
что требует исключительный силы воли. Только
потому, что ГрэпЛеомон унаследовал данные
Леомона, «Короля Зверей», он способен вращать
свои турбины с такой невероятный скоростью,
используя чистая, целеустремленный преданность
справедливости. Его особый приём «Зе
Кинг оф Фистс» вращает турбины на его руках
так быстро, что он способен искажать
гравитацию одним ударом."
3,machine_phrase,довольно/действительно/различные перегруз,различных,profile,patch_text01,text/digimon_profile.mbe/000_Sheet1.csv,261,digimon_0403_profile,,,"ГрэпЛеомон — дигимон-мастер боевых искусств
зверочеловек. После поглощения данных из
различных файтингов он разработал свои
собственные супер-приемы, которые использует,
чтобы сокрушить противников. Вращая турбины на
своих руках и ногах на высоких скоростях,
ГрэпЛеомон способен обрушить широкое разнообразие
техник. Однако, чтобы они продолжали
вращаться, он должен направить свой боевой дух
напрямую из своего ДигиЯдра в них все сразу,
что требует исключительный силы воли. Только
потому, что ГрэпЛеомон унаследовал данные
Леомона, «Короля Зверей», он способен вращать
свои турбины с такой невероятный скоростью,
используя чистая, целеустремленный преданность
справедливости. Его особый приём «Зе
Кинг оф Фистс» вращает турбины на его руках
так быстро, что он способен искажать
гравитацию одним ударом."
3,machine_phrase,довольно/действительно/различные перегруз,различные,profile,patch_text01,text/digimon_profile.mbe/000_Sheet1.csv,263,digimon_0405_profile,,,"Даосский дигимон, который использует все
навыки веры, чтобы победить противников. Таомон
особенно талантлив в использовании
проклятий и талисманов. Он также является
мастером темных инструментов, храня различные
оружие, скрытое в его рукавах. Этот дигимон
мало говорит и обычно обитает в темноте.
Таомон также может превращать талисманы в
фамильяров, известных как шикигами. Он
использует свое особый приём «Талисман
оф Лайт», чтобы нарисовать санскритский символ
в воздухе, напевая, прежде чем швырнуть его в
врага. Любой враг, пораженный «Талисманом оф
Лайт», уничтожается в гигантский взрыве."
3,machine_phrase,данный/данные,данные,profile,patch_text01,text/digimon_profile.mbe/000_Sheet1.csv,265,digimon_0407_profile,,,"ДОРУгремон — массивный Зверь-Дракон-дигимон,
также известный как «Финальный Враг». Его
форма является результатом того, что интерфейс
на его лбу разблокировал данные дракона,
дремавшие глубоко в его ДигиЯдре,
наполненном мощной жизненной силой этого
мифического зверя. Со своим огромным
размером, он способен полностью раздавить любого
дигимона, осмелившегося противостоять ему, и
его сила позволяет ему отразить атаку от
Кошмарных Солдат одним взмахом своих крыльев.
ДОРУгремон также очень умен, и поскольку он
лишь редко показывает себя, просто найти его
чрезвычайно трудно. Его особый приём
«Метал Метеор» выпускает сверхмассивную
железную сферу, более чем в десять раз
превышающую его собственный огромный размер,
уничтожая своих врагов всех сразу."
3,machine_phrase,данный/данные,данные,profile,patch_text01,text/digimon_profile.mbe/000_Sheet1.csv,276,digimon_0420_profile,,,"Драконий Воин-дигимон, Империалдрамон: Режим
Бойца, усиленный в этого легендарного Святого
Рыцаря (Режим Паладина) путем получения силы
Святого Рыцаря Омнимона. Это финальная,
сильнейшая форма Империалдрамона,
предсказанная с древних времен, которая сошла
на Древний Цифровой мир во время огромный
бедствия, чтобы спасти его от полного
разрушения. Все детали того времени окутаны
тайной. Продолжающиеся исследования дигимонов
и Цифрового мира должен в итоге пролить
свет на этот предмет. Империалдрамон: Режим
Паладина использует свое особый приём
«Омни Блейд», чтобы рассечь врага пополам
своим ультиматным мечом, сбрасывая и
нейтрализуя его компонентные данные."
3,machine_phrase,данный/данные,данных,profile,patch_text01,text/digimon_profile.mbe/000_Sheet1.csv,284,digimon_0428_profile,,,"Пуппетмон — дигимон-Марионетка уровня Мега,
сделанный из тела грозного Черримона. Широко
считается, что злонамеренный хакер создал
Пуппетмона из данных Черримона. Хотя Пуппетмон
может выглядеть как простая марионетка, у него
есть собственная воля, и он полностью способен
двигаться самостоятельно. Пуппетмон — лгун с
извращенной личностью, и всякий раз, когда
компьютер производит плохие данные, Пуппетмон
обычно как-то вовлечен. Его самая мощная атака
— особый приём «Пуппет Памел», с
помощью которого он загружает порох в свой
револьверообразный молот, а затем разбивает им
врагов. Все, пораженное этой атакой, должно
выдержать удар не только от удара молота, но и
от взрыва, созданного порохом, что означает,
что большинство целей Пуппетмона полностью
уничтожены."
3,machine_phrase,данный/данные,данные,profile,patch_text01,text/digimon_profile.mbe/000_Sheet1.csv,285,digimon_0429_profile,,,"Принц мира Мамемонов, вобравший данные,
связанные с королевскими семьями из Сети.
ПринцМамемон сотрудничает с КингЭтемоном и
притворяется членом королевской семьи
Цифрового мира — отсюда его роскошная
внешность. Характер у него не такой уж плохой,
но КингЭтемон подталкивает его считать себя
настоящей королевской особой. К собственному
смущению, он даже верит, что Королевские
рыцари — его подчинённые. Спецприём
ПринцМамемона — «Смайл Ворхед»: мощный
удар головой с неизменной улыбкой на лице. Он
обладает огромной разрушительной силой,
обманчивой для его внешности, как и положено
дигимону уровня Мега."
3,machine_phrase,данный/данные,данные,profile,patch_text01,text/digimon_profile.mbe/000_Sheet1.csv,291,digimon_0439_profile,,,"Дигимон-Король Зла, который, как говорят,
запечатан в самых глубоких частях Темной Зоны.
Из-за его огромный силы, данные Бельфемона были
переведены в Режим Сна системами Цифрового
Мира. Бельфемон: Режим Сна не может атаковать
напрямую из-за этого глубокого сна, еще его
храп один наносит урон, что делает этого
дигимона трудным для атаки. Его особые приёмы — «Итернал Найтмер», которое
обрушивает атаки через мирный храп, и
«Лампрантус», которое стреляет черным пламенем
из цепей, обвитых вокруг его тела. «Итернал
Найтмер» рекомендуется для тех, кто страдает
от бессонницы, так как вечный сон практически
гарантирован."
3,machine_phrase,данный/данные,данных,profile,patch_text01,text/digimon_profile.mbe/000_Sheet1.csv,292,digimon_0440_profile,,,"Контратакующий Титан, рожденный из обиды
дигимона, побежденного Олимпос XII в борьбе за
превосходство над Цифровым Миром. Также известный
под псевдонимом «Дивизия одного человека»,
Титамон хранит бездонную энергию обиды в своем
могучем теле. Он перебегает с поля боя на поле
боя, все в погоня голов членов Олимпос XII.
Огромные руки Титамона покрыты большим
количеством черепов, каждый из которых
сформирован из данных силы, похищенных у
павших врагов. Его гигантский медный меч
«Дзанзинтоу» вырезан из костей СкаллГреймона,
и злоба, обитающая внутри клинка, издает
низкий рык. Особый приём Титамона
«Соул Кор Атак» рассекает прямой через броню
и тело врага, рассекая его ДигиЯдро напрямую
своим клинком. Урон, полученный от прямого
попадания, никогда не исцеляется.
«Фантом Блейд» пронзает врага Дзанзинтоу,
погружая его в галлюцинацию, что он остается
пронзенным даже после того, как клинок
вытащен. Боль от этого удара стихает только со
смертью духа врага."
3,machine_phrase,данный/данные,данные,profile,patch_text01,text/digimon_profile.mbe/000_Sheet1.csv,294,digimon_0451_profile,,,"Андроид-дигимон, искусственно созданный из
захваченного Вадемона, чьи данные состава тела
были проанализированы и улучшены. Ходят слухи,
что ЭБЭмон был произведен с использованием
внеземных технологий на объекте, известном как
Зона 51, но правда остается окутанной тайной.
Его особый приём «Брейн Рапчер»
включает выстрел взламывающей программы из
пистолета в его левой руке в мозг противника,
чтобы поглотить данные, накопленные там.
«Планет Дэстройер», напротив, включает выстрел
всей силы, которую ЭБЭмон накопил, из
пистолета в его правой руке. Этот ход, как
говорят, способен мгновенно уничтожить целую
планету. Ходят слухи, что страна, создавшая
ЭБЭмон, тайно исследует дигимонов, чтобы
править Цифровым Миром."
3,machine_phrase,данный/данные,данные,profile,patch_text01,text/digimon_profile.mbe/000_Sheet1.csv,307,digimon_0479_profile,,,"Машинный Дигимон, рожденный, когда данные САПР
строительной техники утекли на сервер и
слились с данными конфигурации Зверя-Дигимона.
Грива ЛоадерЛеомона — это пневматическая
дрель, и он работает в основном на
строительстве туннелей и добыче Хромдигизоида.
Шахты Хромдигизоида часто окружены твердыми
слоями коренной породы. В дополнение к своей
силе и выносливости, он также обладает
способностями высшего класса для Машинного
Дигимона. Многие ЛоадерЛеомоны имеют упрямые
характеры и гордятся своей работой, но другие
часто относятся к ним как к воинственным
горячим головам. Говорят, что одна шахта с
лучшими в мире запасами руды исчезла в
результате драки между несколькими
ЛоадерЛеомонами. Особое движение ЛоадерЛеомона
— Боулинг Шторм, который выпускает его гриву в
высокоскоростном вращении."
3,machine_phrase,данный/данные,данными,profile,patch_text01,text/digimon_profile.mbe/000_Sheet1.csv,312,digimon_0492_profile,,,"Темный Зверь-Дигимон, напоминающий медведя.
Хотя считается, что это эволюция от линии
Гризлимона, это мутантная эволюция от
Дигимонов с аномальными данными. Неизвестно,
являются ли эти аномалии данных, создающие
его, спонтанными или преднамеренными, и
поскольку их количество невелико, его экология
и условия эволюции остаются загадкой.
Огромные руки и оружие Каллисмона делают его
высокоэффективным в бою, и он проявляет
свирепую натуру, которая безжалостно атакует
враждебных противников, пока они не падут. Его
особые приемы — Глухой Лес, который ухудшает
данные противника, рассекая острыми когтями, и
Родео Пуля, которым он выпускает
самонаводящиеся выстрелы из своих трех пушек."
3,machine_phrase,данный/данные,данных,profile,patch_text01,text/digimon_profile.mbe/000_Sheet1.csv,321,digimon_0573_profile,,,"Дигимон-Птенец, эволюционировавший из
данных, связанных с самураями. Хёкомон
неустанно тренируется, чтобы освоить путь
меча, и также разрабатывает секретную технику.
Когда дело доходит до владения мечом, он
говорит правильно, но еще не совсем ходит
правильно. Следующая эволюция Хёкомона
произойдет только тогда, когда он вырвется из
своей скорлупы через бесконечные тренировки с
мечом. Его особое движение — Нисходящий
Рассекающий Удар, использующий его крылья и
силу ног, чтобы подпрыгнуть и опустить свой
меч прямо вниз, чтобы рассечь врага надвое."
3,machine_phrase,данный/данные,данные,profile,patch_text01,text/digimon_profile.mbe/000_Sheet1.csv,324,digimon_0576_profile,,,"Сверхминиатюрный Машинный Дигимон,
используемый для исцеления. Изначально
Дигимон-Вакцина для ремонта аварийных
компьютеров, схемы обработки мыслей Дейтамона
были повреждены после атаки сильным Вирусным
Дигимоном, что заставило его стать изгоем. Он
будет пытаться — хотя и плохо — ""перестроить""
данные правильно функционирующих компьютеров.
Его конек — уничтожение любых видов данных.
Неважно, насколько силен Дигимон, Дейтамон
легко уничтожит данные, составляющие его тело.
Его особое движение — Цифровая Бомба, которая
выпускает атаку из кончиков его пальцев."
3,machine_phrase,данный/данные,данные,profile,patch_text01,text/digimon_profile.mbe/000_Sheet1.csv,332,digimon_0588_profile,,,"Древний Дигимон, доказавший свое существование
в давно минувшие времена, благодаря множеству
свидетельств. Потепление Цифрового мира
разморозило некоторые гиперсжатые данные,
заставив Мамонмона появиться в ледяных
областях, где растаяла оттепель. Все его тело
покрыто густым мехом, и хотя этот Дигимон
обладает огромной древней силой, он
чрезвычайно восприимчив к урону от огня.
Гребень, вырезанный на маске лица Мамонмона,
является кристаллом сверхдревней мудрости, и
он обладает вторым зрением, позволяющим видеть
на большие расстояния. Его большие уши могут
различать звуки даже в отдаленных местах.
Особое движение Мамонмона — Удары Клыками,
которое пронзает врага двумя длинными бивнями."
3,machine_phrase,данный/данные,данные,profile,patch_text01,text/digimon_profile.mbe/000_Sheet1.csv,333,digimon_0590_profile,,,"Нежить-Дигимон, чьи мышцы сгнили. Рейремон
пытался продлить свою жизнь, механизируя себя,
но процесс был нестабильным, что заставило
данные, составляющие его тело, начать
распадаться. Тем не менее, его машинные части
дарят этому существу жизнь, предотвращая его
смерть и позволяя выживать в этом ужасном
состоянии. Эта разрушающаяся форма не дает ни
силы атаки, ни интеллекта, заставляя Рейремона
действовать только согласно инстинктам. Его
тело испускает зловоние, достаточно ужасное,
чтобы заставить Дигимонов в Стадии Развития
бежать, и он не будет сражаться ни с кем ниже
уровня Чемпиона."
3,machine_phrase,данный/данные,данные,profile,patch_text01,text/digimon_profile.mbe/000_Sheet1.csv,336,digimon_0595_profile,,,"Дигимон-Руда с мощными защитными
способностями, вооруживший себя, используя
данные руды из своего окружения. Буйный,
озорной и амбициозный, как любой молодой
задира, Готцумон ведет за собой группы
Дигимонов низких поколений, путешествуя по
системе. У него также есть эгоистичная
сторона, и он может стать настоящей обузой,
когда разозлится, буйствуя, как извергающийся
вулкан. Данные руды, которые Готцумон
использует для своей брони, различаются в
зависимости от того, где и как он был
сгенерирован, давая Готцумону потенциал
эволюционировать в ряд различных форм.
Особое движение Готцумона — Каменный Кулак,
которое стреляет чрезвычайно твердыми камнями
с его головы."
3,machine_phrase,довольно/действительно/различные перегруз,различных,profile,patch_text01,text/digimon_profile.mbe/000_Sheet1.csv,336,digimon_0595_profile,,,"Дигимон-Руда с мощными защитными
способностями, вооруживший себя, используя
данные руды из своего окружения. Буйный,
озорной и амбициозный, как любой молодой
задира, Готцумон ведет за собой группы
Дигимонов низких поколений, путешествуя по
системе. У него также есть эгоистичная
сторона, и он может стать настоящей обузой,
когда разозлится, буйствуя, как извергающийся
вулкан. Данные руды, которые Готцумон
использует для своей брони, различаются в
зависимости от того, где и как он был
сгенерирован, давая Готцумону потенциал
эволюционировать в ряд различных форм.
Особое движение Готцумона — Каменный Кулак,
которое стреляет чрезвычайно твердыми камнями
с его головы."
3,machine_phrase,довольно/действительно/различные перегруз,довольно,profile,patch_text01,text/digimon_profile.mbe/000_Sheet1.csv,337,digimon_0596_profile,,,"Дигимон-Плюшевая Игрушка с тыквой вместо
головы. Согласно городской легенде, Пампкинмон
был создан, когда компьютерный вирус, обычно
распространяемый во время Хэллоуина, внезапно
мутировал. Вирус не был злонамеренным, поэтому
этот Дигимон никогда не вредит людям, но
Пампкинмон довольно силен, несмотря на свою
внешность. Как покажет один взгляд на их
безучастно смотрящие лица, Дигимоны-Куклы
склонны не очень четко выражать эмоции, и
Пампкинмон не исключение. Его особое движение
— Уловка или Угощение, которое проявляет
гигантскую тыкву в воздухе, чтобы раздавить
своих врагов."
3,machine_phrase,данный/данные,данных,profile,patch_text01,text/digimon_profile.mbe/000_Sheet1.csv,338,digimon_0597_profile,,,"Экспериментальный Дигимон, построенный в
лаборатории как Охотник на Вирусы. Сделанный
из данных богомола, Снимон преследует свою
цель с машинной точностью. Его холодная
личность заставляет бояться его как типы
Вакцины, так и Данных. Косы на руках Снимона
заточены до острия, позволяя этому Дигимону
чисто рассекать что угодно. У него нет глаз,
но красные усики на голове действуют как
сенсоры, чтобы точно отслеживать позицию цели.
Особое движение Снимона — Теневой Серп,
который выпускает сверхзвуковой удар,
невидимый невооруженным глазом."
3,machine_phrase,данный/данные,данные,profile,patch_text01,text/digimon_profile.mbe/000_Sheet1.csv,340,digimon_0600_profile,,,"Истинная, эволюционировавшая форма короля
тьмы, Миотисмон. ВеномВамдемон — демон с
нижней частью тела зверя и насекомоподобным
панцирем на верхней части тела. Высвободив всю
полноту своей скрытой силы, он жаждет только
смерти и разрушения. Миотисмон, сохраняя свой
разум, интеллект и утонченное поведение, не
желает раскрывать эту отвратительную форму.
Особое движение ВеномВамдемон — Вливание Яда,
которое вводит противнику разрушительный
вирус, полностью уничтожающий его данные
конфигурации, заставляя его прекратить
функционировать."
3,machine_phrase,данный/данные,данных,profile,patch_text01,text/digimon_profile.mbe/000_Sheet1.csv,344,digimon_0604_profile,,,"Мифический Дигимон-Галактика, который, как
говорят, появился, когда беспрецедентный
кризис обрушился на Цифровой мир Илиада.
Столкновение противоположных сил солнечной и
лунной энергии заставляет ГрейсНовамон
генерировать энергию уровня Большого Взрыва
внутри своего тела. Он возник, когда Аполломон
и Дианамон из Олимпос XII слились вместе. В
результате, считается, что сам ГрейсНовамон
является галактикой, и полный объем его данных
невозможно точно измерить. Его особые приемы —
Палец Затмения, который концентрирует энергию,
усиленную внутри его тела, в его руках,
заставляя врагов плавиться, когда он касается
их, и Калидонский Лук, который выпускает
восемь лезвий Мелеагроса на его спине, чтобы
найти и уничтожить своих врагов."
3,machine_phrase,данный/данные,данных,profile,patch_text01,text/digimon_profile.mbe/000_Sheet1.csv,345,digimon_0605_profile,,,"Банк исследовательских данных, используемый
для исследования и раскопок древних форм
жизни, был заражен компьютерным вирусом,
который затем включил данные об этих формах
жизни в себя, чтобы эволюционировать.
Скорпиомон обладает ненасытным аппетитом и
хищническими навыками, подобающими существу,
стоящему на вершине древней пищевой цепи. Он
захватывает врагов щупальцами, растущими из
его головы, а затем добивает их острым
лезвием, прорастающим из его хвоста. Если
течение битвы поворачивается против
Скорпиомона, он может взбаламутить морское дно
своими острыми щупальцами, чтобы спрятаться.
Он использует Радарные Глаза, выступающие из
его головы, как очки ночного видения, чтобы
видеть в темноте. Его особое движение — Хвост
Смерти, которое пронзает врага острым лезвием
на его хвосте."
3,machine_phrase,данный/данные,данные,profile,patch_text01,text/digimon_profile.mbe/000_Sheet1.csv,355,digimon_0617_profile,,,"Результат внезапной трансформации, сродни
мутации, которая произошла, когда Дигимон,
побежденный МагнаКидмоном, стал так одержим
местью, что данные его собственных негативных
мыслей переполнили его ДигиЯдро. Чтобы излить
свою ярость из-за того, что он принял
внешность, так похожую на Дигимона, которого
он надеялся уничтожить, ЭвенджКидмон обратился
к бездумному буйству, до такой степени, что
его первоначальная цель победить МагнаКидмона
покинула его мысли. Одно из его особых
движений — Курок Разрушения, которое прижимает
врага под ногой, прежде чем выстрелить в него
взрывной пулей в упор из его пушечной ноги,
несмотря на то, что это ранит и самого
ЭвенджКидмона. Другое — Ливень Пуль Страдания,
которое запускает цель в воздух потоком
энергетических взрывов из его пальцев, а затем
обрушивает на нее град живой боеприпасы, пока
она еще в воздухе."
3,machine_phrase,довольно/действительно/различные перегруз,довольно,profile,patch_text01,text/digimon_profile.mbe/000_Sheet1.csv,357,digimon_0622_profile,,,"Дигимон-Птица, напоминающий пингвина,
найденный в компьютере антарктической базы.
Поскольку Пенмон живет в заснеженных регионах,
он плохо переносит жару. Наоборот, он довольно
хорошо ладит с людьми и с радостью будет
ковылять за ними. Крылья Пенмона
дегенерировали, поэтому он не может летать или
ходить очень быстро. Но когда он скользит по
льду на брюхе, он может достигать скоростей,
близких к 40 милям в час. Когда в воде, Пенмон
может использовать свои маленькие крылья,
чтобы искусно плавать. Его особое движение —
Супер Пощечина, где он подкрадывается к врагу,
чтобы изо всех сил шлепнуть его по щекам
обеими руками."
3,machine_phrase,данный/данные,данных,profile,patch_text01,text/digimon_profile.mbe/000_Sheet1.csv,359,digimon_0626_profile,,,"Керамон — это Дигимон уровня Ребёнок,
эволюционировавший из Цуемона. Теперь,
когда его тело выросло и рот стал больше, он
может поглощать больше данных. Керамон
способен потреблять более 100 мегабайт в
секунду, и большинство данных уничтожается в
тот момент, когда Керамон получает к ним
доступ. Чрезвычайно игривый по натуре, он
считает свои разрушительные действия своего
рода игрой. Его особое движение — Безумный
Хихикс, которым он выпускает
высокоразрушительный луч света из своего рта,
смеясь — если это можно назвать смехом."
3,machine_phrase,данный/данные,Данных,profile,patch_text01,text/digimon_profile.mbe/000_Sheet1.csv,362,digimon_0630_profile,,,"Хризалимон — это Дигимон Чемпион,
напоминающий хризалиду. Чтобы
эволюционировать в более мощную форму,
Керамон стадии Ребёнок временно входит в состояние
хризалиды, чтобы накопить свою энергию. В
результате он становится полностью неспособным
двигаться, но его прочных внешняя шкура защищает
его, пока щупальца, растущие из его спины,
позволяют ему атаковать врагов. Керамон иногда
может эволюционировать напрямую в
Ультимативного Дигимона, не проходя эту
Чемпионскую фазу, но эволюция в
Хризалимона позволяет ему достичь более
мощной Ультимативной формы. Его особое
движение Сокрушитель Данных включает
использование щупалец, простирающихся из его
спины, чтобы уничтожить состав данные
врага."
3,machine_phrase,данный/данные,данные,profile,patch_text01,text/digimon_profile.mbe/000_Sheet1.csv,363,digimon_0631_profile,,,"Дигимон в Стадии Развития,
эволюционировавший за пределы Курамона.
Кончики его щупалец имеют форму когтей,
увеличивая его свирепость. Цуемон разъедает
данные с пугающей скоростью, вызывая сбои в
сетях. Его скорость движения так же высока,
что делает этого Дигимона трудным для поимки,
однажды он эволюционировал до этого уровня. Он
использует свое особое движение Царапина
Когтем, чтобы раздирать врага когтями на своих
щупальцах."
3,machine_phrase,данный/данные,данные,profile,patch_text01,text/digimon_profile.mbe/000_Sheet1.csv,364,digimon_0632_profile,,,"Диабломон поглощает любые и все данные в
Сети, чтобы он мог неоднократно
эволюционировать и становиться больше,
тем самым истощая Цифровой мир и доводя его до
грани разрушение. Поглотив огромное
количество знаний и данных, Диабломон считает
себя всезнающим и всемогущим и упивается в
бойня и резня. Из множества существующих
Дигимонов он один из немногих с определенной
целью. Его конечная цель — захватить военный
компьютер, чтобы он мог запустить ядерный удар
и уничтожить Материальный мир, что делает его
ужасающим Дигимоном. Его особое движение —
Пушка Катастрофы, которой он выпускает
разрушительную энергетическую бомбу из пушки в
своей груди."
3,machine_phrase,данный/данные,данных,profile,patch_text01,text/digimon_profile.mbe/000_Sheet1.csv,371,digimon_0679_profile,,,"Дигимон с властью над огнем, несущий мощь
Десяти Легендарных Воинов. Кожа
БёрнингГреймона выдерживает высокие
температуры, позволяя ему двигаться даже через
лаву. Этот пожарный тушит стреляет своим
собственным мгновенным, взрывным пламенем.
Говорят, что он возник из исследовательских
данных об активных вулканах, и считается, что
он содержит неизвестную, неизмеримую энергию.
Огненный дракон индуистской мифологии,
противник бога грома Индры, воплощен в
свирепом характере БёрнингГреймона.
БёрнингГреймон использует свое особое движение
Коронный Бластер, чтобы выпускать лазер,
соперничающий солнечные тепловые лучи, из
супероружия Рудрия Дарпана на его руках."
3,machine_phrase,данный/данные,данными,profile,patch_text01,text/digimon_profile.mbe/000_Sheet1.csv,378,digimon_0697_profile,,,"Зубамон — один из Легендарных Орудий, которые
могут преобразовать свое тело в оружие.
Легендарные Орудия, как говорят, способны либо
спасти мир в руках ангела, либо разрушить его
в руках дьявола. Зубамон обладает данными
Двадцатейших и часто кричит ""Я Двадцатейший!"",
не зная, что это значит. Он не любит ничего
искривленного или искаженный и постоянно
стремится к своему идеалу остроты. В бою и в
шутку он всегда пытается выглядеть острый, и
дни, когда ему это удается, поднимают ему
настроение. Хотя у него есть атака
Двадцатикратное Погружение, которая включает
стремительный бросок на врага, истинная сила
Зубамона заключается в его оружие форма."
3,machine_phrase,данный/данные,данные,profile,patch_text01,text/digimon_profile.mbe/000_Sheet1.csv,381,digimon_0700_profile,,,"Дюрандамон - дигимон, воплощающий предельный
святой меч. Он эволюционировал, доведя собственный
меч до предела и впитав данные о святых мечах
из игр и мифов. Говорят, тот, кто держит меч
Дюрандамона, держит ключ к победе. Среди
Легендарных Орудий, превращающихся в мечи,
он считается одним из сильнейших. Его удары
настолько яростны, что способны рассечь любой
защитный барьер. Согласно записям, выдержать их
могут только сильнейшие Легендарные Орудия,
превращающиеся в щиты. Особые приемы Дюрандамона -
«Цвай Глянце», рассекающий врагов боевым духом,
направленным в клинки на руках, и «Трон Мессер»,
вращающийся разрез, способный сразить нескольких
врагов за раз. Но главной его силой остается
мощнейший рубящий удар в форме оружия."
3,machine_phrase,данный/данные,данные,profile,patch_text01,text/digimon_profile.mbe/000_Sheet1.csv,395,digimon_0719_profile,,,"Драконий дигимон-андроид драконьего типа, защищённый
специальной резиновой бронёй, которая может
противостоять любой атаке. Если Дигимон
атрибута Вирус появляется в компьютерной сети,
этот Дигимон появится мгновенно, чтобы
уничтожить его. Тем не менее, Сайбердрамон
действует в одиночку, никогда не работая с
группой справедливости, известной как
«Охотники на Вирусы», и его личность окутана
тайной. Его специальная резиновая броня
предлагает превосходную защиту, но также
служит для умножения его наступательной силы.
Его специальный приём «Коготь Разрушения»
уничтожает вражеские данные конфигурации
высокочастотной вибрацией от обеих рук, стирая
само пространство вокруг них. Всё, что
поражено этой атакой, имеет каждую последнюю
йоту данных уничтоженной."
3,machine_phrase,данный/данные,данные,profile,patch_text01,text/digimon_profile.mbe/000_Sheet1.csv,396,digimon_0720_profile,,,"Зверь-Человек Дигимон,
ДНК-эволюционировавший из Аквиламона и
Гатомона. У Сильфимона невероятно сильные
ноги, и говорят, что он может прыгать высоко в
небо. Достигнув этих высот, он затем
расправляет руки и парит в воздухе, как
планер. Сильфимон использует устройства радара
на своих ушах для сбора информации, затем
визуально обрабатывает эти данные для
просмотра на своём головном дисплее, позволяя
ему точно определять местоположение врага,
днём или ночью. Он использует свой специальный
приём «Топ Ган», чтобы вытянуть руки и
выстрелить энергетической бомбой."
3,machine_phrase,данный/данные,данных,profile,patch_text01,text/digimon_profile.mbe/000_Sheet1.csv,398,digimon_0722_profile,,,"дигимон-андроид, который эволюционировал из
Гальгомона. Ходя под прозвищем «Острый Гончий»,
Рапидмон поражает врагов точными движениями на
околосветовой скорости. Он может даже
перемещаться в полной темноте, используя свои
массивные ушные радары, которые также
позволяют ему обнаруживать врагов на
расстоянии. Его профиль вызывает ассоциации с
подстриженным пуделем. Во время битвы защитник
на шее Рапидмона закрывается. Он использует
свой специальный приём «Золотой Треугольник»,
чтобы выпустить луч света из своего тела,
который разлагает врагов на биты данных."
3,machine_phrase,довольно/действительно/различные перегруз,довольно,profile,patch_text01,text/digimon_profile.mbe/000_Sheet1.csv,411,digimon_0735_profile,,,"Херувим Дигимон в форме зверя. Так же, как
Серафим Дигимон Серафимон, Херубимон (Добрый)
— один из Трёх Небожителей. Его основная роль
— охранять Ядро (или Область Богов) Цифрового
Мира. Ангельские Дигимоны фанатично хороши, но
это на самом деле делает их довольно
восприимчивыми к коррупции. Херубимон (Добрый)
использует мощные атаки молнии, и каждый удар
считается божественным наказанием. Его
специальные приёмы включают «Копьё Молнии»,
которым он выпускает копьё из молнии, и «Суд
Небес», которым он призывает массивные
грозовые тучи, чтобы обрушить молнию на своих
врагов."
3,machine_phrase,данный/данные,данные,profile,patch_text01,text/digimon_profile.mbe/000_Sheet1.csv,426,digimon_0752_profile,,,"Дигимон из сверкающей платины, сформированный как
кусок какашки. ПлатинумСкамон — это тип
Скамона, который вобрал данные редких
металлов, придав ему великолепную внешность,
но те же способности, что и у оригинала. Не
похоже, что он получил какую-либо форму
усиления мощности. ПлатинумСкамон использует
свой специальный приём «Редкий Металлический
Кал», чтобы швырять какашки с металлическим
блеском во врага."
3,machine_phrase,данный/данные,данные,profile,patch_text01,text/digimon_profile.mbe/000_Sheet1.csv,430,digimon_0756_profile,,,"Метеормон — это Дигимон, который по какой-то
причине проявил данные метеорита, включённые в
рудные данные Гоцумона, на своей поверхности.
Состоящий из твёрдого вещества, которое можно
найти только в космосе, он может похвастаться сильной
защитой. Его специальный приём —
«Галактическая Вспышка», с помощью которой он
обрушивает на врагов странные энергетические
волны из самых дальних уголков космоса."
3,machine_phrase,данный/данные,данных,profile,patch_text01,text/digimon_profile.mbe/000_Sheet1.csv,433,digimon_0759_profile,,,"Дигимон, состоящий почти полностью из данных
земли. Считается, что МадФриджимон — это
мутант, рождённый от мутации Фриджимона. По
натуре он дружелюбен и не любит драться, но
когда припекает, он может продемонстрировать
редко видимую силу. Он использует свой
специальный приём «Большой Вес», чтобы вложить
весь свой вес в удар с размаху."
3,machine_phrase,данный/данные,данных,profile,patch_text01,text/digimon_profile.mbe/000_Sheet1.csv,434,digimon_0760_profile,,,"Охраняя шахту Хромдигизоида, Гардромон
преобразовал себя, чтобы выдерживать
безжалостные повторяющийся набеги незаконных
шахтёров. Броня Гардромона (Золотого), как
говорят, является результатом поглощения
данных пыли Хромдигизоида, плавающей в
воздухе. Эта броня более прочная, чем у
обычного Гардромона, и его специальный приём
«Разрушающая Граната» преуспевает в может похвастаться
слегка большей мощности. С другой стороны,
броня Гардромона (Золотого) тяжелее, и это
является основной причиной, по которой его
движения в целом притупились."
3,machine_phrase,данный/данные,данные,profile,patch_text01,text/digimon_profile.mbe/000_Sheet1.csv,436,digimon_0767_profile,,,"Один из Олимпос XII и самопровозглашённый
самый душевный пьяница Цифрового мира. С его
яркой личностью, Бахусмон хорош в заботе о
других. В любое время суток он собирает дигимонов уровней Ребёнок и Чемпион и устраивает грандиозные пиршества. Он может производить различные виды
напитков и счастлив делать это по просьбе
своих любимых Дигимонов, которые пришли на его
пиры. Бахусмон предпочитает фруктовые вина, и
его любимое сделано из ферментированных
фруктов, взятых из леса Карпос Хуле на спине
Цересмона. Всякий раз, когда он свободен, он
просит Цересмона позволить ему варить это
вино. В результате, эти два Дигимона чрезвычайно
близки и часто делают что-то вместе. Когда
Бахусмон слишком много выпил, узор на его теле
становится синим, и он извергает данные в
своём большом желудке в разрушительном луче
света под названием «Разворот Мёртвых». Если
атака попадает в противника, Бахусмон
поглощает данные, чтобы стать более мощным,
так что столкновение с большими группами
врагов может сделать его непостижимо сильным.
Данные, которые Бахусмон очищает в яд,
исследуются Командой Раскола. Существуют
правдоподобные слухи, что данные яда Бахусмона
используются для производства биологического
оружия и в заговорах с целью убийства
высокопоставленных лиц."
3,machine_phrase,довольно/действительно/различные перегруз,различные,profile,patch_text01,text/digimon_profile.mbe/000_Sheet1.csv,436,digimon_0767_profile,,,"Один из Олимпос XII и самопровозглашённый
самый душевный пьяница Цифрового мира. С его
яркой личностью, Бахусмон хорош в заботе о
других. В любое время суток он собирает дигимонов уровней Ребёнок и Чемпион и устраивает грандиозные пиршества. Он может производить различные виды
напитков и счастлив делать это по просьбе
своих любимых Дигимонов, которые пришли на его
пиры. Бахусмон предпочитает фруктовые вина, и
его любимое сделано из ферментированных
фруктов, взятых из леса Карпос Хуле на спине
Цересмона. Всякий раз, когда он свободен, он
просит Цересмона позволить ему варить это
вино. В результате, эти два Дигимона чрезвычайно
близки и часто делают что-то вместе. Когда
Бахусмон слишком много выпил, узор на его теле
становится синим, и он извергает данные в
своём большом желудке в разрушительном луче
света под названием «Разворот Мёртвых». Если
атака попадает в противника, Бахусмон
поглощает данные, чтобы стать более мощным,
так что столкновение с большими группами
врагов может сделать его непостижимо сильным.
Данные, которые Бахусмон очищает в яд,
исследуются Командой Раскола. Существуют
правдоподобные слухи, что данные яда Бахусмона
используются для производства биологического
оружия и в заговорах с целью убийства
высокопоставленных лиц."
3,machine_phrase,данный/данные,данные,profile,patch_text01,text/digimon_profile.mbe/000_Sheet1.csv,440,digimon_0773_profile,,,"Воин Дигимон, также появляющийся в
скандинавской мифологии. Валькиримон
путешествует с золотой птицей Фрейей, которая
предупреждает его, когда приближается
опасность. Согласно легенде, Валькиримон может
проявлять специальную ауру из своих сияющих
доспехов. Эта аура восстанавливается данные храбрых
воинов, павших в бою, позволяя им возродиться
как Диги-Яйца. Валькиримон также движется с
невероятной скоростью и способен появляться из
ниоткуда, как внезапный шквал, и срубать
врагов быстрее, чем глаз может увидеть. Его
специальные приёмы включают «Меч Фенрира»,
которым он замораживает врагов, разрубая их
своим магическим мечом абсолютного нуля,
который может остановить все жизненные функции
жертвы, и «Стрела Аурвандиля», которой он
стреляет стрелой с безошибочной точностью."
3,machine_phrase,довольно/действительно/различные перегруз,довольно,profile,patch_text01,text/digimon_profile.mbe/000_Sheet1.csv,441,digimon_0774_profile,,,"Херувим Дигимон в форме зверя. Так же, как
Серафим Дигимон Серафимон, Херубимон (Чёрный)
— один из Трёх Небожителей. Его основная роль
— охранять Ядро (или Область Богов) Цифрового
Мира. Ангельские Дигимоны фанатично хороши, но
это на самом деле делает их довольно
восприимчивыми к коррупции. Херубимон (Чёрный)
использует мощные атаки молнии, и каждый удар
считается божественным наказанием. Его
специальные приёмы включают «Копьё Молнии»,
которым он выпускает копьё из молнии, и «Суд
Небес», которым он призывает массивные
грозовые тучи, чтобы обрушить молнию на своих
врагов."
3,machine_phrase,данный/данные,данные,profile,patch_text01,text/digimon_profile.mbe/000_Sheet1.csv,447,digimon_0907_profile,,,"Огромный акулий дигимон, ставший эволюцией водного
дигимона с неутолимой жаждой пожирать добычу.
Интегрировав данные военных кораблей, он механизировал
больше половины тела. Шаркмон - злобный дигимон,
который ловит якорем и пожирает других дигимонов,
живущих в Сетевом Океане или проходящих рядом.
Его особый прием «Всеобщая Бомбардировка» выдвигает
пушки и открывает из них огонь."
3,machine_phrase,данный/данные,данные,profile,patch_text01,text/digimon_profile.mbe/000_Sheet1.csv,449,digimon_0912_profile,,,"ДигиЯдро Плутомона отключилось из-за истечения
срока жизни, но, как ни странно, его тело всё
ещё действует. Он уже не следует своей главной
миссии — поражать зло. Теперь он думает только о
том, как пожирать данные других существ, и
бесконечно странствует в поисках новых ДигиЯдер.
В отличие от прежнего себя, теперь он «ужасный
хищник» совсем в ином смысле: его разлагающееся
тело не знает насыщения, сколько бы ДигиЯдер оно
ни поглотило. Среди его особых приёмов — «Хазард
Холд», которым он хватает противника и высасывает
данные его ДигиЯдра до разложения; «Хелл Слайсер»,
выпускающий X-частицы из левой руки, чтобы
разрезать врага на части; и «Марионеточная
мерзость», укус, заражающий врагов вирусом и
превращающий их в марионеток, вынужденных
исполнять его приказы."
3,machine_phrase,данный/данные,данные,profile,patch_text01,text/digimon_profile.mbe/000_Sheet1.csv,450,digimon_0915_profile,,,"ЧерепБалучимон, считавшийся бесчувственным,
подавляющий и укрощённый Титамоном.
Компенсируя мобильность, которая была
единственной слабостью Титамона,
ЧерепБалучимон (Титамон Верхом) напоминает не
что иное, как свирепое божество, поскольку он
свободно мчится по полю боя. Обычно чёрный
холод, исходящий из Диги-Ядра ЧерепБалучимона,
вселяет страх смерти во всех, кто к нему
прикасается, лишая их сил. Однако Титамон
использовал свою несгибаемую ментальный стойкость,
чтобы поглотить тёмный холод ЧерепБалучимона и
добавить его к своей собственной силе. Кроме
того, данные ЧерепБалучимона слились с мечом
Титамона Зандзинто, превращая его из
длинного меча в огромное двулезвийное
древковое оружие. Данные обиды, клубящийся из
Зандзинто, также были дальнейший укреплены чёрным
холодом Диги-Ядра ЧерепБалучимона, заставляя
любых врагов, поражённых им, страдать от
физических и ментальный ран, которые никогда не
заживают. ЧерепБалучимон (Титамон Верхом)
использует свой специальный приём «Сэндзин
Кишинзан», чтобы вращать своё Зандзинто в
форме древкового оружия вокруг и вокруг,
измельчая Диги-Ядра своих врагов в мельчайшие
частицы."
3,machine_phrase,данный/данные,данных,text,patch_text01,text/belong.mbe/000_Sheet1.csv,468,766,,,Нет данных
3,machine_phrase,данный/данные,данных,text,patch_text01,text/belong.mbe/000_Sheet1.csv,484,804,,,Нет данных
3,machine_phrase,данный/данные,данных,text,patch_text01,text/belong.mbe/000_Sheet1.csv,485,805,,,Нет данных
3,machine_phrase,данный/данные,данных,text,patch_text01,text/belong.mbe/000_Sheet1.csv,491,812,,,Нет данных
3,machine_phrase,данный/данные,данных,text,patch_text01,text/belong.mbe/000_Sheet1.csv,492,813,,,Нет данных
3,machine_phrase,данный/данные,данных,text,patch_text01,text/belong.mbe/000_Sheet1.csv,493,814,,,Нет данных
3,machine_phrase,данный/данные,данных,text,patch_text01,text/belong.mbe/000_Sheet1.csv,494,815,,,Нет данных
3,machine_phrase,данный/данные,данных,text,patch_text01,text/belong.mbe/000_Sheet1.csv,551,886,,,Нет данных
3,machine_phrase,данный/данные,данных,text,patch_text01,text/belong.mbe/000_Sheet1.csv,552,887,,,Нет данных
3,machine_phrase,данный/данные,данных,text,patch_text01,text/belong.mbe/000_Sheet1.csv,553,888,,,Нет данных
3,machine_phrase,данный/данные,данных,text,patch_text01,text/belong.mbe/000_Sheet1.csv,554,889,,,Нет данных
3,machine_phrase,данный/данные,данных,text,patch_text01,text/belong.mbe/000_Sheet1.csv,555,890,,,Нет данных
3,machine_phrase,данный/данные,данных,text,patch_text01,text/belong.mbe/000_Sheet1.csv,556,891,,,Нет данных
3,machine_phrase,данный/данные,данных,text,patch_text01,text/belong.mbe/000_Sheet1.csv,557,892,,,Нет данных
3,machine_phrase,данный/данные,данных,text,patch_text01,text/belong.mbe/000_Sheet1.csv,558,893,,,Нет данных
3,machine_phrase,данный/данные,данных,text,patch_text01,text/belong.mbe/000_Sheet1.csv,559,894,,,Нет данных
3,machine_phrase,данный/данные,данных,text,patch_text01,text/belong.mbe/000_Sheet1.csv,560,895,,,Нет данных
3,machine_phrase,данный/данные,данных,text,patch_text01,text/belong.mbe/000_Sheet1.csv,561,896,,,Нет данных
3,machine_phrase,данный/данные,данных,text,patch_text01,text/belong.mbe/000_Sheet1.csv,562,897,,,Нет данных
3,machine_phrase,данный/данные,данных,text,patch_text01,text/belong.mbe/000_Sheet1.csv,563,898,,,Нет данных
3,machine_phrase,данный/данные,данных,text,patch_text01,text/belong.mbe/000_Sheet1.csv,564,899,,,Нет данных
3,machine_phrase,в процессе,В процессе,text,patch_text01,text/bgm_name.mbe/000_Sheet1.csv,40,309,,,Состояние: В процессе разработки
3,machine_phrase,в процессе,в процессе,text,patch_text01,text/bgm_name.mbe/000_Sheet1.csv,52,401,,,Миссия в процессе выполнения
3,machine_phrase,данный/данные,Данные,text,patch_text01,text/field_name.mbe/000_Sheet1.csv,226,40001,,,Данные о местоположении Не Определены
3,machine_phrase,данный/данные,Данные,text,patch_text01,text/field_name.mbe/000_Sheet1.csv,227,40002,,,Данные о местоположении Не Определены
3,machine_phrase,данный/данные,Данные,text,patch_text01,text/item_explanation.mbe/000_Sheet1.csv,411,1138,,,"Снижает урон от типа Данные
/Снаряжение"
3,machine_phrase,довольно/действительно/различные перегруз,Довольно,text,patch_text01,text/item_explanation.mbe/000_Sheet1.csv,191,769,,,"Довольно редкое водное растение. Говорят, его находка приносит удачу в любви."
3,machine_phrase,данный/данные,данных,text,patch_text01,text/item_explanation.mbe/000_Sheet1.csv,215,793,,,"Устройство хранения данных, содержащее идентификатор супервизора восстановления."
3,machine_phrase,данный/данные,Данные,text,patch_text01,text/item_explanation.mbe/000_Sheet1.csv,273,916,,,"Данные священного меча, которым владеет Империалдрамон ПМ."
3,machine_phrase,данный/данные,данных,text,patch_text01,text/item_name.mbe/000_Sheet1.csv,132,301,,,Набор данных: гравий
3,machine_phrase,данный/данные,Данные,text,patch_text01,text/item_name.mbe/000_Sheet1.csv,142,332,,,Данные анимации жидкости
3,machine_phrase,данный/данные,данных,text,patch_text01,text/item_name.mbe/000_Sheet1.csv,210,723,,,Фрагмент данных Багрового дракона
3,machine_phrase,данный/данные,данных,text,patch_text01,text/item_name.mbe/000_Sheet1.csv,211,724,,,Фрагмент данных Изумрудной рощи
3,machine_phrase,данный/данные,данных,text,patch_text01,text/item_name.mbe/000_Sheet1.csv,212,725,,,Фрагмент данных Синей стали
3,machine_phrase,данный/данные,данных,text,patch_text01,text/item_name.mbe/000_Sheet1.csv,213,726,,,Фрагмент данных Святого света
3,machine_phrase,данный/данные,Данные,text,patch_text01,text/item_pack_name.mbe/000_Sheet1.csv,8,99991,,,Название пакета Данные-заполнители 1
3,machine_phrase,данный/данные,Данные,text,patch_text01,text/item_pack_name.mbe/000_Sheet1.csv,9,99992,,,Название пакета Данные-заполнители 2
3,machine_phrase,данный/данные,данных,text,patch_text01,text/item_ruby.mbe/000_Sheet1.csv,104,301,,,Набор данных: гравий
3,machine_phrase,данный/данные,Данные,text,patch_text01,text/item_ruby.mbe/000_Sheet1.csv,114,332,,,Данные анимации жидкости
3,machine_phrase,данный/данные,данных,text,patch_text01,text/item_ruby.mbe/000_Sheet1.csv,137,723,,,Фрагмент данных Багрового дракона
3,machine_phrase,данный/данные,данных,text,patch_text01,text/item_ruby.mbe/000_Sheet1.csv,138,724,,,Фрагмент данных Изумрудной рощи
3,machine_phrase,данный/данные,данных,text,patch_text01,text/item_ruby.mbe/000_Sheet1.csv,139,725,,,Фрагмент данных Синей стали
3,machine_phrase,данный/данные,данных,text,patch_text01,text/item_ruby.mbe/000_Sheet1.csv,140,726,,,Фрагмент данных Святого света
3,machine_phrase,данный/данные,данных,text,patch_text01,text/jogress_skill_name.mbe/000_Sheet1.csv,133,20621,,,Поглощение данных
3,machine_phrase,данный/данные,данных,text,patch_text01,text/jogress_skill_name.mbe/000_Sheet1.csv,608,26301,,,Дробилка данных
3,machine_phrase,довольно/действительно/различные перегруз,довольно,text,patch_text01,text/quest_outline.mbe/000_Sheet1.csv,67,103,,,"Я получил подсказку о том, что кое-что происходит!
Что-то о наблюдениях фазово-электронных форм
жизни... Подсказка тоже звучит довольно убедительно.
Я сообщу вам подробности в офисе!"
3,machine_phrase,довольно/действительно/различные перегруз,действительно,text,patch_text01,text/quest_outline.mbe/000_Sheet1.csv,72,109,,,"Я просто отдыхала в Тенистом лесу, а потом появился
Этот действительно сильный на вид парень!"
3,machine_phrase,довольно/действительно/различные перегруз,действительно,text,patch_text01,text/quest_outline.mbe/000_Sheet1.csv,81,148,,,"Есть несколько дигимонов, которые действительно
боятся людей. Я поеду к тебе домой в Централ-Таун,
Чтобы рассказать тебе все об этом."
3,machine_phrase,довольно/действительно/различные перегруз,довольно,text,patch_text01,text/quest_outline.mbe/000_Sheet1.csv,118,202,,,"Курамоны буйствуют в современном материальном мире.
Используй свои способности, чтобы уничтожить их.
Однако они довольно бешеные, так что будь осторожен."
3,machine_phrase,присутствие/наличие,Присутствие,text,patch_text01,text/quest_outline.mbe/000_Sheet1.csv,16,29,,,"Присутствие группы сделало бы вечеринку более
оживленной. Мне нужна ваша помощь. Я буду ждать
вас в Деревне Шестерёнчатой Рощи."
3,machine_phrase,довольно/действительно/различные перегруз,действительно,text,patch_text01,text/quest_outline.mbe/000_Sheet1.csv,36,55,,,"Хм... Интересно, может ли любовь действительно
изменить человека?.. Привет, ты можешь прийти и
немного поговорить? Я буду в центре Централ Тауна."
3,machine_phrase,данный/данные,Данные,text,patch_text01,text/skill_explanation.mbe/000_Sheet1.csv,56,21852,,,"[Цель: 1 враг] Наносит физическую атаку {is28}{image(ui_icon_skill_010)} Тьма силой 70. Если цель — {is28}{image(ui_icon_type_020)} Данные: повышенный урон.
100% шанс снизить сопротивление {is28}{image(ui_icon_skill_010)} Тьме.
Повышенный урон по целям с особенностью «Ангел»."
3,machine_phrase,данный/данные,данных,text,patch_text01,text/skill_name.mbe/000_Sheet1.csv,517,26301,,,Дробилка данных
3,machine_phrase,довольно/действительно/различные перегруз,различные,text,patch_text01,text/worldmap_group_explanation.mbe/000_Sheet1.csv,2,1,,,Один из лучших торговых районов Японии. В его многочисленных зданиях расположены различные магазины и рестораны.
3,machine_phrase,довольно/действительно/различные перегруз,различных,text,patch_text01,text/worldmap_group_explanation.mbe/000_Sheet1.csv,3,2,,,Горячая точка японского ритейлера электроники и источник различных субкультур. Это всемирно известное туристическое направление.
3,machine_phrase,довольно/действительно/различные перегруз,довольно,text,patch_text01,text/worldmap_group_explanation.mbe/000_Sheet1.csv,5,4,,,"Торговый район недалеко от станции Синдзюку. Несмотря на сохранение традиционной атмосферы, это довольно оживленный район."
3,machine_phrase,довольно/действительно/различные перегруз,различные,text,patch_text01,text/worldmap_place_explanation.mbe/000_Sheet1.csv,21,10211,,,"Поскольку на посадочную площадку доставляются различные товары, в окрестностях есть множество сопутствующих магазинов."
3,machine_phrase,довольно/действительно/различные перегруз,различными,text,patch_text01,text/worldmap_place_explanation.mbe/000_Sheet1.csv,4,103,,,Крупнейший развлекательный район Японии с различными магазинами и оживленной атмосферой благодаря своей ночной жизни.
3,machine_phrase,довольно/действительно/различные перегруз,Довольно,text,patch_text01,text/worldmap_place_explanation.mbe/000_Sheet1.csv,15,404,,,"Довольно удобное место. Семья Мисоно арендует это старое здание как для проживания, так и для работы."
3,machine_phrase,является/являются,является,tutorial/help,patch_text01,text/tutorial_explanation.mbe/000_Sheet1.csv,191,tutorial_exp_ActionOrder_01_001,,,"Порядок Хода во время битвы определяется статом СКР каждого
Дигимона.
Порядок Хода пересчитывается, когда СКР меняется для любого
Дигимона.

{fc9Использование навыков и предметов для изменения СКР ваших
союзников и врагов с целью манипулирования Порядком Хода
является ключевой боевой стратегией.}"
3,machine_phrase,по мере их/его/её,по мере их,tutorial/help,patch_text01,text/tutorial_explanation.mbe/000_Sheet1.csv,81,tutorial_exp_DigimonRide_01_002,,,"Дигимоны, способные к Дигирайду, будут иметь значок верховой
езды на экране «Настройка».
Попробуйте прокатиться на разных Дигимонах по мере их сбора."
3,machine_phrase,относительно/касательно,относительно,tutorial/help,patch_text01,text/tutorial_explanation.mbe/000_Sheet1.csv,84,tutorial_exp_FieldAnalysis_01_001,,,"Этот режим позволяет вашему Дигивайсу отображать различную
информацию, которую нельзя увидеть невооружённым глазом.

{fc9- Видеть, какие объекты можно атаковать с помощью Дигиатаки.
- Просматривать детали относительно враждебного Дигимона
(используйте {sub2}).
- Искать сундуки с сокровищами и материалы.}

Находясь в Режиме Анализа, вы можете выполнять Дигиатаки
по враждебным Дигимонам и объектам."
3,machine_phrase,является/являются,является,tutorial/help,patch_text01,text/tutorial_explanation.mbe/000_Sheet1.csv,193,tutorial_exp_SpecialSkills_01_001,,,"Это уникальный набор навыков Дигимона, способный наносить
большой урон или вызывать определённые эффекты.

Некоторые Дигимоны даже имеют Особый Навык, который позволяет
им инициировать Смену Режима.

Понимание этих Особых Навыков является ключом к раскрытию
потенциала каждого Дигимона в битве."
3,machine_phrase,является/являются,являются,tutorial/help,patch_text01,text/tutorial_explanation.mbe/000_Sheet1.csv,181,tutorial_exp_WorldView_003_001,,,"Дигимоны — это загадочные существа с сильной корреляцией с
областями, где наблюдались аномальные явления. Хотя АДАМАС
исследует этих существ много лет, мы всё ещё знаем о них очень
мало. До недавнего времени мы могли описывать их только как то,
что люди называют «фантомами». Однако в последнее время
организация усилила свои исследовательские усилия в ответ на
внезапное увеличение числа наблюдений Дигимонов за последние
годы. Было обнаружено, что Дигимоны являются
«электронными формами жизни», обладающими характеристиками
как органической материи, так и электрических сигналов. Считается,
что они являются источником аномальных явлений."
3,machine_phrase,является/являются,являются,tutorial/help,patch_text01,text/tutorial_explanation.mbe/000_Sheet1.csv,182,tutorial_exp_WorldView_004_001,,,"Это специальное устройство было разработано АДАМАС и содержит
уникальную «программу призыва», которая использует электронные
данные Дигимона. Эти устройства выдаются агентам и позволяют им
конвертировать аспект Дигимона, соответствующий генам, в
электронные данные, состоящие из единиц и нулей. И даже хотя
Дигимоны также являются органическими формами жизни, они также
могут быть «скопированы» из-за этих данных, если соблюдены
определённые условия."
3,machine_phrase,в процессе,В процессе,ui/system,patch_text01,text/common_message.mbe/000_Sheet1.csv,42,150,,,В процессе
3,machine_phrase,является/являются,является,ui/system,patch_text01,text/common_message.mbe/000_Sheet1.csv,857,ui_launch_0010,,,"Эта игра является оригинальным художественным произведением.
Любое сходство с реальными странами, местами действия, людьми,
предприятиями, организациями или происшествиями является случайным."
2,layout,очень длинная строка,других. В любое время суток он собирает дигимонов уровней Ребёнок и Чемпион и устраивает грандиозные пиршества. Он может производить различные виды,profile,patch_text01,text/digimon_profile.mbe/000_Sheet1.csv,436,digimon_0767_profile,,,"Один из Олимпос XII и самопровозглашённый
самый душевный пьяница Цифрового мира. С его
яркой личностью, Бахусмон хорош в заботе о
других. В любое время суток он собирает дигимонов уровней Ребёнок и Чемпион и устраивает грандиозные пиршества. Он может производить различные виды
напитков и счастлив делать это по просьбе
своих любимых Дигимонов, которые пришли на его
пиры. Бахусмон предпочитает фруктовые вина, и
его любимое сделано из ферментированных
фруктов, взятых из леса Карпос Хуле на спине
Цересмона. Всякий раз, когда он свободен, он
просит Цересмона позволить ему варить это
вино. В результате, эти два Дигимона чрезвычайно
близки и часто делают что-то вместе. Когда
Бахусмон слишком много выпил, узор на его теле
становится синим, и он извергает данные в
своём большом желудке в разрушительном луче
света под названием «Разворот Мёртвых». Если
атака попадает в противника, Бахусмон
поглощает данные, чтобы стать более мощным,
так что столкновение с большими группами
врагов может сделать его непостижимо сильным.
Данные, которые Бахусмон очищает в яд,
исследуются Командой Раскола. Существуют
правдоподобные слухи, что данные яда Бахусмона
используются для производства биологического
оружия и в заговорах с целью убийства
высокопоставленных лиц."
2,layout,очень длинная строка,"{d0} излечен от {is28}{image(ui_icon_btlStatus_000)} отравления, {is28}{image(ui_icon_btlStatus_002)} смятения, {is28}{image(ui_icon_btlStatus_003)} паралича и {is28}{image(ui_icon_btlStatus_004)} сна!",text,patch_text01,text/buff_message.mbe/000_Sheet1.csv,250,100114,,,"{d0} излечен от {is28}{image(ui_icon_btlStatus_000)} отравления, {is28}{image(ui_icon_btlStatus_002)} смятения, {is28}{image(ui_icon_btlStatus_003)} паралича и {is28}{image(ui_icon_btlStatus_004)} сна!"
2,layout,очень длинная строка,"{d0} излечен от {is28}{image(ui_icon_btlStatus_000)} отравления, {is28}{image(ui_icon_btlStatus_002)} смятения, {is28}{image(ui_icon_btlStatus_003)} паралича и {is28}{image(ui_icon_btlStatus_004)} сна!",text,patch_text01,text/buff_message.mbe/000_Sheet1.csv,114,114,,,"{d0} излечен от {is28}{image(ui_icon_btlStatus_000)} отравления, {is28}{image(ui_icon_btlStatus_002)} смятения, {is28}{image(ui_icon_btlStatus_003)} паралича и {is28}{image(ui_icon_btlStatus_004)} сна!"
2,layout,очень длинная строка,Тренировочный предмет Дигифермы. Значительно повышает уровень интеллекта. Смещает личность в сторону понимания и товарищества.,text,patch_text01,text/item_explanation.mbe/000_Sheet1.csv,1066,29012,,,Тренировочный предмет Дигифермы. Значительно повышает уровень интеллекта. Смещает личность в сторону понимания и товарищества.
2,layout,очень длинная строка,"Сказка о черном козле, который приходит в ярость, когда просыпается ото сна и превращается в демона / Меняет тип личности на «Непослушный».",text,patch_text01,text/item_explanation.mbe/000_Sheet1.csv,18,56,,,"Сказка о черном козле, который приходит в ярость, когда просыпается ото сна и превращается в демона / Меняет тип личности на «Непослушный»."
2,layout,очень длинная строка,"Кольцо ручной работы от Нептунемона. Оно сделано из прочного металла, добытого на дне океана, и украшено камнем из синего хромдигизоида.",text,patch_text01,text/item_explanation.mbe/000_Sheet1.csv,184,762,,,"Кольцо ручной работы от Нептунемона. Оно сделано из прочного металла, добытого на дне океана, и украшено камнем из синего хромдигизоида."
2,layout,очень длинная строка,"Лекарство, ставшее итогом исследований Венусмон. Его мощный восстанавливающий эффект иногда даже способствует росту. Ингредиенты трудно собрать, поэтому массовое производство невозможно.",text,patch_text01,text/item_explanation.mbe/000_Sheet1.csv,185,763,,,"Лекарство, ставшее итогом исследований Венусмон. Его мощный восстанавливающий эффект иногда даже способствует росту. Ингредиенты трудно собрать, поэтому массовое производство невозможно."
2,layout,очень длинная строка,"Редкое водное растение, реагирующее на качество воды. Изначально синее, оно становится фиолетовым, когда вода вокруг портится.",text,patch_text01,text/item_explanation.mbe/000_Sheet1.csv,193,771,,,"Редкое водное растение, реагирующее на качество воды. Изначально синее, оно становится фиолетовым, когда вода вокруг портится."
2,layout,очень длинная строка,"Фрукт, который, по слухам, придает сил тем, кто его съест. Доказательств лечебных свойств нет, но некоторые уверены, что эффект зависит от настроя.",text,patch_text01,text/item_explanation.mbe/000_Sheet1.csv,195,773,,,"Фрукт, который, по слухам, придает сил тем, кто его съест. Доказательств лечебных свойств нет, но некоторые уверены, что эффект зависит от настроя."
2,layout,очень длинная строка,"Драгоценный камень, который меняет цвет на сине-зеленый при солнечном свете и красный при искусственном освещении. Может быть продан по высокой цене.",text,patch_text01,text/item_explanation.mbe/000_Sheet1.csv,48,86,,,"Драгоценный камень, который меняет цвет на сине-зеленый при солнечном свете и красный при искусственном освещении. Может быть продан по высокой цене."
2,layout,очень длинная строка,"Драгоценный камень, который бывает всех цветов, кроме красного, по твердости с которым может соперничать только алмаз. Может быть продан по высокой цене.",text,patch_text01,text/item_explanation.mbe/000_Sheet1.csv,50,88,,,"Драгоценный камень, который бывает всех цветов, кроме красного, по твердости с которым может соперничать только алмаз. Может быть продан по высокой цене."
2,layout,очень длинная строка,"Повышает {is28}{image(ui_icon_btlStatus_016)} АТК в первые 3 раунда. Чем раньше раунд, тем сильнее повышение {is28}{image(ui_icon_btlStatus_016)} АТК.",text,patch_text01,text/personality_skill_explanation.mbe/000_Sheet1.csv,12,10,,,"Повышает {is28}{image(ui_icon_btlStatus_016)} АТК в первые 3 раунда. Чем раньше раунд, тем сильнее повышение {is28}{image(ui_icon_btlStatus_016)} АТК."
2,layout,очень длинная строка,"Повышает {is28}{image(ui_icon_btlStatus_016)} АТК, когда HP 90% или ниже. Чем ниже HP, тем сильнее повышение {is28}{image(ui_icon_btlStatus_016)} АТК.",text,patch_text01,text/personality_skill_explanation.mbe/000_Sheet1.csv,19,17,,,"Повышает {is28}{image(ui_icon_btlStatus_016)} АТК, когда HP 90% или ниже. Чем ниже HP, тем сильнее повышение {is28}{image(ui_icon_btlStatus_016)} АТК."
2,layout,очень длинная строка,"Повышает {is28}{image(ui_icon_btlStatus_020)} ИНТ с 4-го раунда. Чем больше прошло раундов, тем сильнее повышение {is28}{image(ui_icon_btlStatus_020)} ИНТ.",text,patch_text01,text/personality_skill_explanation.mbe/000_Sheet1.csv,31,29,,,"Повышает {is28}{image(ui_icon_btlStatus_020)} ИНТ с 4-го раунда. Чем больше прошло раундов, тем сильнее повышение {is28}{image(ui_icon_btlStatus_020)} ИНТ."
2,layout,очень длинная строка,"Повышает {is28}{image(ui_icon_btlStatus_018)} ЗАЩ, когда HP 90% или ниже. Чем ниже HP, тем сильнее повышение {is28}{image(ui_icon_btlStatus_018)} ЗАЩ.",text,patch_text01,text/personality_skill_explanation.mbe/000_Sheet1.csv,35,33,,,"Повышает {is28}{image(ui_icon_btlStatus_018)} ЗАЩ, когда HP 90% или ниже. Чем ниже HP, тем сильнее повышение {is28}{image(ui_icon_btlStatus_018)} ЗАЩ."
2,layout,очень длинная строка,В начале боя повышает {is28}{image(ui_icon_btlStatus_016)} АТК и {is28}{image(ui_icon_btlStatus_020)} ИНТ всех союзников в зависимости от суммарной связи участников боя.,text,patch_text01,text/personality_skill_explanation.mbe/000_Sheet1.csv,43,41,,,В начале боя повышает {is28}{image(ui_icon_btlStatus_016)} АТК и {is28}{image(ui_icon_btlStatus_020)} ИНТ всех союзников в зависимости от суммарной связи участников боя.
2,layout,очень длинная строка,"Повышает {is28}{image(ui_icon_btlStatus_016)} АТК с 4-го раунда. Чем больше прошло раундов, тем сильнее повышение {is28}{image(ui_icon_btlStatus_016)} АТК.",text,patch_text01,text/personality_skill_explanation.mbe/000_Sheet1.csv,59,57,,,"Повышает {is28}{image(ui_icon_btlStatus_016)} АТК с 4-го раунда. Чем больше прошло раундов, тем сильнее повышение {is28}{image(ui_icon_btlStatus_016)} АТК."
2,layout,очень длинная строка,В начале боя снижает {is28}{image(ui_icon_btlStatus_019)} ЗАЩ и {is28}{image(ui_icon_btlStatus_023)} ДУХ всех врагов в зависимости от суммарной связи участников боя.,text,patch_text01,text/personality_skill_explanation.mbe/000_Sheet1.csv,60,58,,,В начале боя снижает {is28}{image(ui_icon_btlStatus_019)} ЗАЩ и {is28}{image(ui_icon_btlStatus_023)} ДУХ всех врагов в зависимости от суммарной связи участников боя.
2,layout,очень длинная строка,"Повышает {is28}{image(ui_icon_btlStatus_020)} ИНТ, когда HP 90% или ниже. Чем ниже HP, тем сильнее повышение {is28}{image(ui_icon_btlStatus_020)} ИНТ.",text,patch_text01,text/personality_skill_explanation.mbe/000_Sheet1.csv,67,65,,,"Повышает {is28}{image(ui_icon_btlStatus_020)} ИНТ, когда HP 90% или ниже. Чем ниже HP, тем сильнее повышение {is28}{image(ui_icon_btlStatus_020)} ИНТ."
2,layout,очень длинная строка,"Повышает {is28}{image(ui_icon_btlStatus_020)} ИНТ в первые 3 раунда. Чем раньше раунд, тем сильнее повышение {is28}{image(ui_icon_btlStatus_020)} ИНТ.",text,patch_text01,text/personality_skill_explanation.mbe/000_Sheet1.csv,76,74,,,"Повышает {is28}{image(ui_icon_btlStatus_020)} ИНТ в первые 3 раунда. Чем раньше раунд, тем сильнее повышение {is28}{image(ui_icon_btlStatus_020)} ИНТ."
2,layout,очень длинная строка,Накладывает {is28}{image(ui_icon_btlStatus_040)} иммунитет к аномалиям состояния и {is28}{image(ui_icon_btlStatus_041)} иммунитет к снижению характеристик.,text,patch_text01,text/skill_explanation.mbe/000_Sheet1.csv,6,11020,,,"[Цель: все союзники]
Умеренно восстанавливает HP.
Накладывает {is28}{image(ui_icon_btlStatus_040)} иммунитет к аномалиям состояния и {is28}{image(ui_icon_btlStatus_041)} иммунитет к снижению характеристик."
2,layout,очень длинная строка,[Цель: Все союзники] 50% повышение уровня АТК / ЗАЩ / ИНТ / ДУХ / СКР на 3 хода. Сводит к нулю физический / магический урон на 1 ход.,text,patch_text01,text/skill_explanation.mbe/000_Sheet1.csv,11,11025,,,[Цель: Все союзники] 50% повышение уровня АТК / ЗАЩ / ИНТ / ДУХ / СКР на 3 хода. Сводит к нулю физический / магический урон на 1 ход.
2,layout,очень длинная строка,[Цель: все враги] Наносит физическую атаку {is28}{image(ui_icon_skill_004)} Вода силой 55. Если цель под действием снижения ЗАЩ: 20% шанс наложить Мгновенную смерть.,text,patch_text01,text/skill_explanation.mbe/000_Sheet1.csv,116,20372,,,"[Цель: все враги] Наносит физическую атаку {is28}{image(ui_icon_skill_004)} Вода силой 55. Если цель под действием снижения ЗАЩ: 20% шанс наложить Мгновенную смерть.
Повышенный урон по целям с особенностью «Неизвестный»."
2,layout,очень длинная строка,[Цель: 1 враг] Наносит магическую атаку {is28}{image(ui_icon_skill_010)} Тьма силой 80. 100% шанс наложить {is28}{image(ui_icon_btlStatus_010)} Кристаллизацию.,text,patch_text01,text/skill_explanation.mbe/000_Sheet1.csv,63,20462,,,"[Цель: 1 враг] Наносит магическую атаку {is28}{image(ui_icon_skill_010)} Тьма силой 80. 100% шанс наложить {is28}{image(ui_icon_btlStatus_010)} Кристаллизацию.
70% шанс снизить АТК/ЗАЩ/ИНТ/ДУХ на 20%.
Если HP цели 50% или выше: повышенный урон."
2,layout,очень длинная строка,[Цель: 1 враг] Наносит физическую атаку {is28}{image(ui_icon_skill_000)} Нейтральный силой 80. 100% шанс снизить ЗАЩ на 20% на 3 хода. 50% шанс наложить {is28}{image(ui_icon_btlStatus_012)} Травму.,text,patch_text01,text/skill_explanation.mbe/000_Sheet1.csv,124,20802,,,"[Цель: 1 враг] Наносит физическую атаку {is28}{image(ui_icon_skill_000)} Нейтральный силой 80. 100% шанс снизить ЗАЩ на 20% на 3 хода. 50% шанс наложить {is28}{image(ui_icon_btlStatus_012)} Травму.
Повышенный урон по целям с особенностью «Неизвестный»."
2,layout,очень длинная строка,Если цель под действием {is28}{image(ui_icon_btlStatus_002)} Смятения/{is28}{image(ui_icon_btlStatus_007)} Хаоса: 25% шанс наложить Мгновенную смерть.,text,patch_text01,text/skill_explanation.mbe/000_Sheet1.csv,94,21031,,,"[Цель: 1 враг]
Наносит физическую атаку {is28}{image(ui_icon_skill_004)} Вода силой 45.
Если цель под действием {is28}{image(ui_icon_btlStatus_002)} Смятения/{is28}{image(ui_icon_btlStatus_007)} Хаоса: 25% шанс наложить Мгновенную смерть."
2,layout,очень длинная строка,100% шанс снизить получаемый физический/магический урон на 20% на 2 хода. 100% шанс повысить сопротивление {is28}{image(ui_icon_skill_006)} Стали на 2 хода.,text,patch_text01,text/skill_explanation.mbe/000_Sheet1.csv,33,21282,,,"[Цель: все союзники]
100% шанс снизить получаемый физический/магический урон на 20% на 2 хода. 100% шанс повысить сопротивление {is28}{image(ui_icon_skill_006)} Стали на 2 хода."
2,layout,очень длинная строка,Если цель под действием {is28}{image(ui_icon_btlStatus_002)} Смятения/{is28}{image(ui_icon_btlStatus_007)} Хаоса: 25% шанс наложить Мгновенную смерть.,text,patch_text01,text/skill_explanation.mbe/000_Sheet1.csv,103,21301,,,"[Цель: 1 враг]
Наносит физическую атаку {is28}{image(ui_icon_skill_004)} Вода силой 60.
Если цель под действием {is28}{image(ui_icon_btlStatus_002)} Смятения/{is28}{image(ui_icon_btlStatus_007)} Хаоса: 25% шанс наложить Мгновенную смерть."
2,layout,очень длинная строка,Если цель под действием {is28}{image(ui_icon_btlStatus_003)} Паралича/{is28}{image(ui_icon_btlStatus_008)} Обездвиживания: повышенный урон. Повышенный урон по целям с особенностью «Злой».,text,patch_text01,text/skill_explanation.mbe/000_Sheet1.csv,115,21691,,,"[Цель: 1 враг]
Наносит физическую атаку {is28}{image(ui_icon_skill_005)} Электричество силой 90.
Если цель под действием {is28}{image(ui_icon_btlStatus_003)} Паралича/{is28}{image(ui_icon_btlStatus_008)} Обездвиживания: повышенный урон. Повышенный урон по целям с особенностью «Злой»."
2,layout,очень длинная строка,[Цель: 1 враг] Наносит фиксированный урон мощностью 10 х 3 попадания. 100% вероятность снижения на 30% до АТК / ИНТ на 3 хода. Удаляет статусные усиления.,text,patch_text01,text/skill_explanation.mbe/000_Sheet1.csv,118,21721,,,[Цель: 1 враг] Наносит фиксированный урон мощностью 10 х 3 попадания. 100% вероятность снижения на 30% до АТК / ИНТ на 3 хода. Удаляет статусные усиления.
2,layout,очень длинная строка,[Цель: 1 враг] Наносит физическую атаку {is28}{image(ui_icon_skill_000)} Нейтральный силой 80. Если у цели есть атрибут: повышенный урон. Повышенный урон по целям с особенностью «Минеральный».,text,patch_text01,text/skill_explanation.mbe/000_Sheet1.csv,14,21782,,,[Цель: 1 враг] Наносит физическую атаку {is28}{image(ui_icon_skill_000)} Нейтральный силой 80. Если у цели есть атрибут: повышенный урон. Повышенный урон по целям с особенностью «Минеральный».
2,layout,очень длинная строка,[Цель: 1 враг] Наносит физическую атаку {is28}{image(ui_icon_skill_010)} Тьма силой 70. Если цель — {is28}{image(ui_icon_type_020)} Данные: повышенный урон.,text,patch_text01,text/skill_explanation.mbe/000_Sheet1.csv,56,21852,,,"[Цель: 1 враг] Наносит физическую атаку {is28}{image(ui_icon_skill_010)} Тьма силой 70. Если цель — {is28}{image(ui_icon_type_020)} Данные: повышенный урон.
100% шанс снизить сопротивление {is28}{image(ui_icon_skill_010)} Тьме.
Повышенный урон по целям с особенностью «Ангел»."
2,layout,очень длинная строка,[Цель: 1 враг] Наносит физическую атаку {is28}{image(ui_icon_skill_003)} Растения силой 85. Восстанавливает HP/SP на 10% от нанесённого урона.,text,patch_text01,text/skill_explanation.mbe/000_Sheet1.csv,54,21881,,,"[Цель: 1 враг] Наносит физическую атаку {is28}{image(ui_icon_skill_003)} Растения силой 85. Восстанавливает HP/SP на 10% от нанесённого урона.
100% шанс снизить сопротивление {is28}{image(ui_icon_skill_003)} Растениям.
Повышенный урон по целям с особенностью «Божество»."
2,layout,очень длинная строка,"[Цель: все враги] Наносит физическую атаку {is28}{image(ui_icon_skill_006)} Сталь силой 35 x 4 уд. Чем ниже SP пользователя, тем меньше урон. Потребляет все SP. Пользователь обездвижен на следующий ход.",text,patch_text01,text/skill_explanation.mbe/000_Sheet1.csv,53,21941,,,"[Цель: все враги] Наносит физическую атаку {is28}{image(ui_icon_skill_006)} Сталь силой 35 x 4 уд. Чем ниже SP пользователя, тем меньше урон. Потребляет все SP. Пользователь обездвижен на следующий ход.
Повышенный урон по целям с особенностью «Машина»."
2,layout,очень длинная строка,"[Цель: все враги] Наносит магическую атаку {is28}{image(ui_icon_skill_009)} Свет силой 140. Потребляет все SP. Пользователь получает нокаут от отдачи атаки. Чем ниже SP пользователя, тем меньше урон.",text,patch_text01,text/skill_explanation.mbe/000_Sheet1.csv,47,23152,,,"[Цель: все враги] Наносит магическую атаку {is28}{image(ui_icon_skill_009)} Свет силой 140. Потребляет все SP. Пользователь получает нокаут от отдачи атаки. Чем ниже SP пользователя, тем меньше урон.
Повышенный урон по целям с особенностью «Божество»."
2,layout,очень длинная строка,[Цель: все враги] Наносит магическую атаку {is28}{image(ui_icon_skill_000)} Нейтральный силой 80. 50% шанс наложить {is28}{image(ui_icon_btlStatus_008)} Обездвиживание.,text,patch_text01,text/skill_explanation.mbe/000_Sheet1.csv,45,23382,,,"[Цель: все враги] Наносит магическую атаку {is28}{image(ui_icon_skill_000)} Нейтральный силой 80. 50% шанс наложить {is28}{image(ui_icon_btlStatus_008)} Обездвиживание.
70% шанс снизить ЗАЩ на 20% на 3 хода.
Повышенный урон по целям с особенностью «Святой»."
2,layout,очень длинная строка,Если цель под действием {is28}{image(ui_icon_btlStatus_004)} Сна/{is28}{image(ui_icon_btlStatus_009)} Глубокого сна: повышенный урон. Повышенный урон по целям с особенностью «Амфибия».,text,patch_text01,text/skill_explanation.mbe/000_Sheet1.csv,108,23761,,,"[Цель: 1 враг]
Наносит магическую атаку {is28}{image(ui_icon_skill_000)} Нейтральный силой 90.
Если цель под действием {is28}{image(ui_icon_btlStatus_004)} Сна/{is28}{image(ui_icon_btlStatus_009)} Глубокого сна: повышенный урон. Повышенный урон по целям с особенностью «Амфибия»."
2,layout,очень длинная строка,Если цель под действием {is28}{image(ui_icon_btlStatus_004)} Сна/{is28}{image(ui_icon_btlStatus_009)} Глубокого сна: повышенный урон.,text,patch_text01,text/skill_explanation.mbe/000_Sheet1.csv,97,23991,,,"[Цель: 1 враг]
Наносит магическую атаку {is28}{image(ui_icon_skill_004)} Вода силой 60.
Если цель под действием {is28}{image(ui_icon_btlStatus_004)} Сна/{is28}{image(ui_icon_btlStatus_009)} Глубокого сна: повышенный урон."
2,layout,очень длинная строка,Если цель — {is28}{image(ui_icon_type_040)} Вирус: 75% шанс снизить АТК/ИНТ на 15% на 3 хода. Повышенный урон по целям с особенностью «Бессмертный».,text,patch_text01,text/skill_explanation.mbe/000_Sheet1.csv,93,24211,,,"[Цель: 1 враг]
Наносит магическую атаку {is28}{image(ui_icon_skill_009)} Свет силой 85.
Если цель — {is28}{image(ui_icon_type_040)} Вирус: 75% шанс снизить АТК/ИНТ на 15% на 3 хода. Повышенный урон по целям с особенностью «Бессмертный»."
2,layout,очень длинная строка,Если цель под действием {is28}{image(ui_icon_btlStatus_000)} Отравления/{is28}{image(ui_icon_btlStatus_005)} Смертельного отравления/{is28}{image(ui_icon_btlStatus_004)} Сна/{is28}{image(ui_icon_btlStatus_009)} Глубокого сна: 25% шанс наложить Мгновенную смерть.,text,patch_text01,text/skill_explanation.mbe/000_Sheet1.csv,79,25921,,,"[Цель: 1 враг] Наносит физическую атаку {is28}{image(ui_icon_skill_003)} Растения силой 60.
Если цель под действием {is28}{image(ui_icon_btlStatus_000)} Отравления/{is28}{image(ui_icon_btlStatus_005)} Смертельного отравления/{is28}{image(ui_icon_btlStatus_004)} Сна/{is28}{image(ui_icon_btlStatus_009)} Глубокого сна: 25% шанс наложить Мгновенную смерть.
Повышенный урон по целям с особенностью «Насекомое»."
2,layout,очень длинная строка,[Цель: 1 враг] Наносит физическую атаку {is28}{image(ui_icon_skill_000)} Нейтральный силой 85. 50% шанс наложить {is28}{image(ui_icon_btlStatus_005)} Смертельное отравление.,text,patch_text01,text/skill_explanation.mbe/000_Sheet1.csv,125,26001,,,"[Цель: 1 враг] Наносит физическую атаку {is28}{image(ui_icon_skill_000)} Нейтральный силой 85. 50% шанс наложить {is28}{image(ui_icon_btlStatus_005)} Смертельное отравление.
50% шанс наложить {is28}{image(ui_icon_btlStatus_010)} Кристаллизацию. Повышенный урон по целям с особенностью «Неизвестный»."
2,layout,очень длинная строка,"[Цель: все враги] Наносит магическую атаку {is28}{image(ui_icon_skill_002)} Лёд силой 20 x 4 уд. Если цель под действием аномалий состояния, {is28}{image(ui_icon_btlStatus_012)} Травмы или {is28}{image(ui_icon_btlStatus_013)} Болезни: повышенный урон. Повышенный урон по целям с особенностью «Огненный».",text,patch_text01,text/skill_explanation.mbe/000_Sheet1.csv,96,26042,,,"[Цель: все враги] Наносит магическую атаку {is28}{image(ui_icon_skill_002)} Лёд силой 20 x 4 уд. Если цель под действием аномалий состояния, {is28}{image(ui_icon_btlStatus_012)} Травмы или {is28}{image(ui_icon_btlStatus_013)} Болезни: повышенный урон. Повышенный урон по целям с особенностью «Огненный»."
2,layout,очень длинная строка,Если цель под действием {is28}{image(ui_icon_btlStatus_002)} Смятения/{is28}{image(ui_icon_btlStatus_007)} Хаоса: 25% шанс наложить Мгновенную смерть.,text,patch_text01,text/skill_explanation.mbe/000_Sheet1.csv,87,26051,,,"[Цель: 1 враг]
Наносит физическую атаку {is28}{image(ui_icon_skill_004)} Вода силой 35 x 2 уд.
Если цель под действием {is28}{image(ui_icon_btlStatus_002)} Смятения/{is28}{image(ui_icon_btlStatus_007)} Хаоса: 25% шанс наложить Мгновенную смерть."
2,layout,очень длинная строка,[Цель: 1 враг] Наносит физическую атаку {is28}{image(ui_icon_skill_006)} Сталь силой 35 x 3 уд. Игнорирует невыгодную совместимость.,text,patch_text01,text/skill_explanation.mbe/000_Sheet1.csv,85,26171,,,"[Цель: 1 враг] Наносит физическую атаку {is28}{image(ui_icon_skill_006)} Сталь силой 35 x 3 уд. Игнорирует невыгодную совместимость.
Получает 20% HP урона от отдачи атаки.
Повышенный урон по целям с особенностью «Оружие»."
2,layout,очень длинная строка,Если цель под действием {is28}{image(ui_icon_btlStatus_004)} Сна/{is28}{image(ui_icon_btlStatus_009)} Глубокого сна: повышенный урон. Повышенный урон по целям с особенностью «Гуманоид».,text,patch_text01,text/skill_explanation.mbe/000_Sheet1.csv,104,27332,,,"[Цель: 1 враг]
Наносит магическую атаку {is28}{image(ui_icon_skill_002)} Лёд силой 90.
Если цель под действием {is28}{image(ui_icon_btlStatus_004)} Сна/{is28}{image(ui_icon_btlStatus_009)} Глубокого сна: повышенный урон. Повышенный урон по целям с особенностью «Гуманоид»."
2,layout,очень длинная строка,[Цель: все враги] Наносит физическую атаку {is28}{image(ui_icon_skill_001)} Огонь силой 115. 100% шанс снизить ЗАЩ пользователя на 30% на 3 хода. Пользователь обездвижен на следующий ход.,text,patch_text01,text/skill_explanation.mbe/000_Sheet1.csv,105,27381,,,"[Цель: все враги] Наносит физическую атаку {is28}{image(ui_icon_skill_001)} Огонь силой 115. 100% шанс снизить ЗАЩ пользователя на 30% на 3 хода. Пользователь обездвижен на следующий ход.
Повышенный урон по целям с особенностью «Злой»."
2,layout,очень длинная строка,Активирует {is28}{image(ui_icon_btlStatus_036)} Физическую контратаку. При получении физической атаки контратакует магической атакой {is28}{image(ui_icon_skill_000)} Нейтральный силой 115. Игнорирует невыгодную совместимость.,text,patch_text01,text/skill_explanation.mbe/000_Sheet1.csv,31,27383,,,"Активирует {is28}{image(ui_icon_btlStatus_036)} Физическую контратаку. При получении физической атаки контратакует магической атакой {is28}{image(ui_icon_skill_000)} Нейтральный силой 115. Игнорирует невыгодную совместимость.
Повышенный урон по целям с особенностью «Мифический»."
2,layout,очень длинная строка,Активирует {is28}{image(ui_icon_btlStatus_036)} Физическую контратаку. При получении физической атаки контратакует физической атакой {is28}{image(ui_icon_skill_001)} Огонь силой 250. Игнорирует невыгодную совместимость. Снижает ЗАЩ на 20% на 3 хода.,text,patch_text01,text/skill_explanation.mbe/000_Sheet1.csv,29,27496,,,"Активирует {is28}{image(ui_icon_btlStatus_036)} Физическую контратаку. При получении физической атаки контратакует физической атакой {is28}{image(ui_icon_skill_001)} Огонь силой 250. Игнорирует невыгодную совместимость. Снижает ЗАЩ на 20% на 3 хода.
Повышенный урон по целям с особенностью «Гуманоид»."
2,layout,очень длинная строка,Наносит физическую атаку {is28}{image(ui_icon_skill_009)} Свет силой 105. 100% шанс снизить все характеристики пользователя на 20% на 3 хода.,text,patch_text01,text/skill_explanation.mbe/000_Sheet1.csv,34,27772,,,"[Цель: все враги]
Наносит физическую атаку {is28}{image(ui_icon_skill_009)} Свет силой 105. 100% шанс снизить все характеристики пользователя на 20% на 3 хода.
Повышенный урон по целям с особенностью «Бессмертный»."
2,layout,очень длинная строка,"Самая отдаленная земля в Цифровом мире Илиады, это суровое место, о котором часто говорят, что оно напоминает открытый космос.",text,patch_text01,text/worldmap_group_explanation.mbe/000_Sheet1.csv,6,101,,,"Самая отдаленная земля в Цифровом мире Илиады, это суровое место, о котором часто говорят, что оно напоминает открытый космос."
2,layout,очень длинная строка,Горячая точка японского ритейлера электроники и источник различных субкультур. Это всемирно известное туристическое направление.,text,patch_text01,text/worldmap_group_explanation.mbe/000_Sheet1.csv,3,2,,,Горячая точка японского ритейлера электроники и источник различных субкультур. Это всемирно известное туристическое направление.
2,layout,очень длинная строка,"Большой цифровой экран, одна из самых известных достопримечательностей Синдзюку. На нём прохожим показывают разные рекламные ролики.",text,patch_text01,text/worldmap_place_explanation.mbe/000_Sheet1.csv,2,101,,,"Большой цифровой экран, одна из самых известных достопримечательностей Синдзюку. На нём прохожим показывают разные рекламные ролики."
2,layout,очень длинная строка,"Центральная башня контролирует коммуникационную сеть цифрового мира Илиады. Хагурумоны неустанно работают над тем, чтобы она работала бесперебойно.",text,patch_text01,text/worldmap_place_explanation.mbe/000_Sheet1.csv,19,10206,,,"Центральная башня контролирует коммуникационную сеть цифрового мира Илиады. Хагурумоны неустанно работают над тем, чтобы она работала бесперебойно."
2,layout,очень длинная строка,"Самый загруженный терминал в мире, станция Синдзюку, находится рядом со многими предприятиями и магазинами, что обеспечивает нескончаемый поток людей.",text,patch_text01,text/worldmap_place_explanation.mbe/000_Sheet1.csv,5,151,,,"Самый загруженный терминал в мире, станция Синдзюку, находится рядом со многими предприятиями и магазинами, что обеспечивает нескончаемый поток людей."
2,layout,очень длинная строка,"Пространственно-временное искажение, расположенное в глухом переулке недалеко от станции Синдзюку, соединяющееся с Промежуточным театром.",text,patch_text01,text/worldmap_place_explanation.mbe/000_Sheet1.csv,8,155,,,"Пространственно-временное искажение, расположенное в глухом переулке недалеко от станции Синдзюку, соединяющееся с Промежуточным театром."
2,layout,очень длинная строка,"Перекресток на большой дороге, здесь собирается много людей, чтобы заглянуть в маленькие магазинчики, спрятанные под эстакадой.",text,patch_text01,text/worldmap_place_explanation.mbe/000_Sheet1.csv,10,250,,,"Перекресток на большой дороге, здесь собирается много людей, чтобы заглянуть в маленькие магазинчики, спрятанные под эстакадой."
2,layout,очень длинная строка,Благодаря множеству небольших ресторанов в этом районе лапша соба и другие блюда пользуются популярностью уже более полувека.,text,patch_text01,text/worldmap_place_explanation.mbe/000_Sheet1.csv,14,401,,,Благодаря множеству небольших ресторанов в этом районе лапша соба и другие блюда пользуются популярностью уже более полувека.
2,layout,очень длинная строка,"{is28}{image(ui_icon_skill_001)} Огонь, {is28}{image(ui_icon_skill_002)} Лёд, {is28}{image(ui_icon_skill_003)} Растение, {is28}{image(ui_icon_skill_004)} Вода, {is28}{image(ui_icon_skill_005)} Электричество,",tutorial/help,patch_text01,text/tutorial_explanation.mbe/000_Sheet1.csv,186,tutorial_exp_Attribute_01_001,,,"Каждый Дигимон обладает родством с каждым из элементов:

{is28}{image(ui_icon_skill_001)} Огонь, {is28}{image(ui_icon_skill_002)} Лёд, {is28}{image(ui_icon_skill_003)} Растение, {is28}{image(ui_icon_skill_004)} Вода, {is28}{image(ui_icon_skill_005)} Электричество,
{is28}{image(ui_icon_skill_006)} Сталь, {is28}{image(ui_icon_skill_007)} Ветер, {Is28}{image(ui_icon_skill_008)} Земля. {is28}{image(ui_icon_skill_009)} Свет, {is28}{image(ui_icon_skill_010)} Тьма, и
{is28}{image(ui_icon_skill_000)} Ноль.

Это влияют на их элементальные сопротивления, как показано ниже:
{fc11◎}:{fc9 урон х2}
{fc11○}:{fc9 урон х1.5}
－: Нет эффекта
{fc2△}:{fc9 урон х0.5}
{fc2×}:{fc9 Нет урона}"
2,layout,очень длинная строка,"{fc9(матрица совместимости {is28}{image(ui_icon_type_000)} Вакцина > {is28}{image(ui_icon_type_040)} Вирус > {is28}{image(ui_icon_type_020)} Данные)}, а также",tutorial/help,patch_text01,text/tutorial_explanation.mbe/000_Sheet1.csv,8,tutorial_exp_Compatibility_01_001,,,"Урон рассчитывается на основе совместимости Атрибутов
{fc9(матрица совместимости {is28}{image(ui_icon_type_000)} Вакцина > {is28}{image(ui_icon_type_040)} Вирус > {is28}{image(ui_icon_type_020)} Данные)}, а также
{fc9Элементальных Сопротивлений, Черт и уровня атакующего}."
2,layout,очень длинная строка,"{fc9Хотя Эгиомон не может заменить других дигимонов, вы можете отдавать ему приказы. Он также может экипировать дополнительные навыки и снаряжение.}",tutorial/help,patch_text01,text/tutorial_explanation.mbe/000_Sheet1.csv,56,tutorial_exp_PartyAegiomon_01_001,,,"Эгиомон стал вашим союзником в бою.

Эгиомон - особый гостевой участник.

{fc9Хотя Эгиомон не может заменить других дигимонов, вы можете отдавать ему приказы. Он также может экипировать дополнительные навыки и снаряжение.}"
2,layout,очень длинная строка,"Диски навыков можно получить разными способами: купить в магазине, найти в сундуке или получить при повышении уровня дигимона.",tutorial/help,patch_text01,text/tutorial_explanation.mbe/000_Sheet1.csv,45,tutorial_exp_SkillChange_01_001,,,"Союзные дигимоны могут экипировать «дополнительные навыки», чтобы вы свободно меняли их способности.

{fc9До 4 навыков можно поставить с помощью «дисков навыков».}

Диски навыков можно получить разными способами: купить в магазине, найти в сундуке или получить при повышении уровня дигимона."
2,layout,очень длинная строка," - {is28}{image(ui_icon_type_120)} {fc9Без атрибута}, {is28}{image(ui_icon_type_060)} {fc9Свободный}, {is28}{image(ui_icon_type_080)} {fc9Переменный} и {is28}{image(ui_icon_type_100)} {fc9Неизвестно} не имеют преимуществ перед другими атрибутами.",tutorial/help,patch_text01,text/tutorial_explanation.mbe/000_Sheet1.csv,36,tutorial_exp_Status_04_001,,,"- Преимущество: {fc9урон x2}
 - Недостаток: {fc9урон x0,5}
 - {is28}{image(ui_icon_type_120)} {fc9Без атрибута}, {is28}{image(ui_icon_type_060)} {fc9Свободный}, {is28}{image(ui_icon_type_080)} {fc9Переменный} и {is28}{image(ui_icon_type_100)} {fc9Неизвестно} не имеют преимуществ перед другими атрибутами."
2,layout,очень длинная строка,"Особый Агумон, способный эволюционировать в Агумона (Узы храбрости), и особый Габумон, способный эволюционировать в Габумона (Узы дружбы)",ui/system,patch_text01,text/common_message.mbe/000_Sheet1.csv,1116,dlc_name_06,,,"Особый Агумон, способный эволюционировать в Агумона (Узы храбрости), и особый Габумон, способный эволюционировать в Габумона (Узы дружбы)"
2,layout,очень длинная строка,"На этом демо-версия игры завершается. История о связи между людьми и дигимонами простирается сквозь миры, преодолевая границы времени и пространства.",ui/system,patch_text01,text/common_message.mbe/000_Sheet1.csv,1109,ui_end_demo_0020,,,"На этом демо-версия игры завершается. История о связи между людьми и дигимонами простирается сквозь миры, преодолевая границы времени и пространства."
2,layout,очень длинная строка,После конвертации или деконвертации дигимона изменения нельзя отменить. Убедитесь в своём решении перед выполнением конвертации или деконвертации.,ui/system,patch_text01,text/info_message.mbe/000_Sheet1.csv,20,1211,,,После конвертации или деконвертации дигимона изменения нельзя отменить. Убедитесь в своём решении перед выполнением конвертации или деконвертации.
2,layout,очень длинная строка,"Нажмите кнопку, которую вы хотите назначить выбранному действию. Отмените и вернитесь к предыдущему экрану с помощью клавиши Esc.",ui/system,patch_text01,text/info_message.mbe/000_Sheet1.csv,175,9001,,,"Нажмите кнопку, которую вы хотите назначить выбранному действию. Отмените и вернитесь к предыдущему экрану с помощью клавиши Esc."
2,layout,очень длинная строка,"Этот режим позволяет вам окунуться в приключение в Центральном городе, расположенном в самом сердце Цифрового мира Илиады. Этот режим доступен после завершения демо-версии Digimon Story: Time Stranger.",ui/system,patch_text01,text/info_message.mbe/000_Sheet1.csv,302,info_message_demo_03,,,"Этот режим позволяет вам окунуться в приключение в Центральном городе, расположенном в самом сердце Цифрового мира Илиады. Этот режим доступен после завершения демо-версии Digimon Story: Time Stranger."
2,layout,очень длинная строка,"Теперь вы можете сыграть в «Центральный город - пробная версия приключения», выбрав этот режим на титульном экране. Наслаждайтесь возможностями полной версии игры: собирайте и создавайте дигимонов, сражайтесь с ними и исследуйте Цифровой мир.",ui/system,patch_text01,text/info_message.mbe/000_Sheet1.csv,303,info_message_demo_04,,,"Теперь вы можете сыграть в «Центральный город - пробная версия приключения», выбрав этот режим на титульном экране. Наслаждайтесь возможностями полной версии игры: собирайте и создавайте дигимонов, сражайтесь с ними и исследуйте Цифровой мир."
2,layout,очень длинная строка,"Вы пытаетесь перезаписать сохранённые данные, которые можно импортировать в полную версию игры, сохранёнными данными «Пробной версии приключения в Центральном городе». Сохраните данные в другой слот. Если свободных слотов нет, удалите другие данные, чтобы освободить место.",ui/system,patch_text01,text/info_message.mbe/000_Sheet1.csv,305,info_message_demo_06,,,"Вы пытаетесь перезаписать сохранённые данные, которые можно импортировать в полную версию игры, сохранёнными данными «Пробной версии приключения в Центральном городе». Сохраните данные в другой слот. Если свободных слотов нет, удалите другие данные, чтобы освободить место."
2,layout,очень длинная строка,"Не найден {pf(контент дополнений/контент дополнений/загружаемый контент/загружаемый контент)}, присутствующий в данных сохранения.",ui/system,patch_text01,text/info_message.mbe/000_Sheet1.csv,275,info_message_dlc_disable,,,"Не найден {pf(контент дополнений/контент дополнений/загружаемый контент/загружаемый контент)}, присутствующий в данных сохранения.
Скачайте или приобретите следующий контент повторно.

{fc9{d0}}

*Если загрузка уже идёт, дождитесь её завершения."
2,layout,очень длинная строка,"Не найден {pf(контент дополнений/контент дополнений/загружаемый контент/загружаемый контент)}, присутствующий в данных сохранения.",ui/system,patch_text01,text/info_message.mbe/000_Sheet1.csv,276,info_message_dlc_disable_01,,,"Не найден {pf(контент дополнений/контент дополнений/загружаемый контент/загружаемый контент)}, присутствующий в данных сохранения.

Возврат к титульному экрану."
2,layout,очень длинная строка,"Это снаряжение подходит всем дигимонам. Чтобы надеть его на другого дигимона, сначала снимите его с экипированного дигимона в меню снаряжения.",ui/system,patch_text01,text/info_message.mbe/000_Sheet1.csv,222,info_message_item_equipment_0010,,,"Это снаряжение подходит всем дигимонам. Чтобы надеть его на другого дигимона, сначала снимите его с экипированного дигимона в меню снаряжения."
2,layout,очень длинная строка,"Этот диск навыка подходит всем дигимонам. Чтобы поставить его на другого дигимона, сначала снимите его с экипированного дигимона в меню дисков навыков.",ui/system,patch_text01,text/info_message.mbe/000_Sheet1.csv,221,info_message_item_skilldisc_0010,,,"Этот диск навыка подходит всем дигимонам. Чтобы поставить его на другого дигимона, сначала снимите его с экипированного дигимона в меню дисков навыков."
2,layout,очень длинная строка,"Игру не удается запустить из-за нехватки свободного места для автосохранения. Пожалуйста, освободите немного места и попробуйте еще раз.",ui/system,patch_text01,text/info_message.mbe/000_Sheet1.csv,246,info_message_save_error_05,,,"Игру не удается запустить из-за нехватки свободного места для автосохранения. Пожалуйста, освободите немного места и попробуйте еще раз."
2,layout,очень длинная строка,"Ваши сохранённые данные успешно импортированы. Если вы хотите продолжить игру в демо-версии, выберите ""Продолжить"" на титульном экране.",ui/system,patch_text01,text/info_message.mbe/000_Sheet1.csv,299,info_message_transfer_01,,,"Ваши сохранённые данные успешно импортированы. Если вы хотите продолжить игру в демо-версии, выберите ""Продолжить"" на титульном экране."
2,layout,очень длинная строка,"{fc9Имена главного героя и дигимонов останутся на прежнем языке. Кроме того, из-за смены шрифта имена главного героя и дигимонов могут отображаться некорректно. (Их можно изменить позже.)}",ui/system,patch_text01,text/yes_no_message.mbe/000_Sheet1.csv,119,yesno_language_0010,,,"Чтобы изменить язык текста, игра сохранит прогресс и вернётся на титульный экран.
Продолжить?

{fc9Имена главного героя и дигимонов останутся на прежнем языке. Кроме того, из-за смены шрифта имена главного героя и дигимонов могут отображаться некорректно. (Их можно изменить позже.)}"
2,layout,очень длинная строка,"{fc9Имена главного героя и дигимонов останутся на прежнем языке. Кроме того, из-за смены шрифта имена главного героя и дигимонов могут отображаться некорректно. (Их можно изменить позже.)}",ui/system,patch_text01,text/yes_no_message.mbe/000_Sheet1.csv,122,yesno_language_0040,,,"Чтобы изменить язык отображения игры,
вы вернётесь на титульный экран.
Продолжить?

{fc9Имена главного героя и дигимонов останутся на прежнем языке. Кроме того, из-за смены шрифта имена главного героя и дигимонов могут отображаться некорректно. (Их можно изменить позже.)}"
2,machine_phrase,является/являются,является,profile,addcont_01_text01,text/digimon_profile_dlc01.mbe/000_Sheet1.csv,2,digimon_0449_profile,,,"Дигимон-мутант, свободно перемещающийся между
Цифровыми мирами разных измерений. Это зловещее
существо пожирает данные дигимонов в мирах,
куда проникает, а его истинная цель остаётся тайной.
Параллельмон появляется в неожиданных местах и
в неожиданное время, предвещая миру хаос. Поэтому
исследовательские группы считают само его появление
бедствием. Один из особых приёмов Параллельмона —
«Поглощающий взрыв»: луч из глаз, поглощающий
дигимонов. Всё, что не является дигимоном и попадает
под этот луч, отбрасывается в другое измерение. Ещё
один приём — «Бесконечный транс»: Параллельмон
открывает вокруг врага бесчисленные врата и атакует
из них в одностороннем порядке."
2,machine_phrase,является/являются,является,profile,addcont_02_text01,text/digimon_profile_dlc02.mbe/000_Sheet1.csv,3,digimon_0449_profile,,,"Дигимон-мутант, свободно перемещающийся между
Цифровыми мирами разных измерений. Это зловещее
существо пожирает данные дигимонов в мирах,
куда проникает, а его истинная цель остаётся тайной.
Параллельмон появляется в неожиданных местах и
в неожиданное время, предвещая миру хаос. Поэтому
исследовательские группы считают само его появление
бедствием. Один из особых приёмов Параллельмона —
«Поглощающий взрыв»: луч из глаз, поглощающий
дигимонов. Всё, что не является дигимоном и попадает
под этот луч, отбрасывается в другое измерение. Ещё
один приём — «Бесконечный транс»: Параллельмон
открывает вокруг врага бесчисленные врата и атакует
из них в одностороннем порядке."
2,machine_phrase,является/являются,является,profile,addcont_03_text01,text/digimon_profile_dlc03.mbe/000_Sheet1.csv,6,digimon_0449_profile,,,"Дигимон-мутант, свободно перемещающийся между
Цифровыми мирами разных измерений. Это зловещее
существо пожирает данные дигимонов в мирах,
куда проникает, а его истинная цель остаётся тайной.
Параллельмон появляется в неожиданных местах и
в неожиданное время, предвещая миру хаос. Поэтому
исследовательские группы считают само его появление
бедствием. Один из особых приёмов Параллельмона —
«Поглощающий взрыв»: луч из глаз, поглощающий
дигимонов. Всё, что не является дигимоном и попадает
под этот луч, отбрасывается в другое измерение. Ещё
один приём — «Бесконечный транс»: Параллельмон
открывает вокруг врага бесчисленные врата и атакует
из них в одностороннем порядке."
2,machine_phrase,является/являются,является,profile,addcont_17_text01,text/digimon_profile_dlc17.mbe/000_Sheet1.csv,6,digimon_0712_profile,,,"Греймон (синий) — вирусный тип Греймона с чёрно-синим
телом. Он свирепее обычного Греймона, и его часто называют
совершенно диким представителем вида, но одиночкой он не
является. Он достаточно хитёр, чтобы действовать вместе
с союзниками ради достижения своих целей."
2,machine_phrase,является/являются,является,profile,patch_text01,text/digimon_profile.mbe/000_Sheet1.csv,23,digimon_0026_profile,,,"Грейдемон — дигимон-воин, известный как
«Золотой Метеор» из-за храброго способа,
которым он прорывается через авангард врага.
Он демонстрирует пылающую скорость, используя
«Близнецовый Клинок Короля Драконов» в
тандеме, но правда в том, что мечи несут
неудержимое проклятие, заставляющее владельца
впадать в берсерк. Хотя в целом не такой
мощный, считается, что мастерство Грейдемона в
владении мечом превосходит мастерство
ЛордНайтмона из Королевских Рыцарей. Синий
плащ, который носит Грейдемон, также является
знаком чести, пожалованным за его заслуги во
многих битвах. Его особый приём —
«Кросс Блейд», быстрая мечевая техника,
которая рассекает врага крестообразным узором."
2,machine_phrase,является/являются,является,profile,patch_text01,text/digimon_profile.mbe/000_Sheet1.csv,25,digimon_0028_profile,,,"Мутантный дигимон, который действует как босс
Мамемонов, и иногда упоминается как
«Улыбающийся Бомбардир». Некоторые полагают,
что БигМамемон на самом деле является
агрегацией Мамемонов. Хотя обычные Мамемоны
примерно того же размера, что и дигимоны на
стадии Обучения, они обладают большей силой в
своих маленьких телах, чем кажется.
БигМамемон, с другой стороны, оправдывает свое
имя, будучи в десятки, если не в сотни раз
крупнее своих меньших собратьев. При таком
размере неясно, почему его все еще называют
«Мамемоном», названным за его малый рост. У
БигМамемона теплый, мягкий характер, и он не
любит конфликтов или битв. Его всегда можно
найти играющим со своими
последователями-Мамемонами. Его особый приём «Биг Смайли Бомбер» использует
подчиненных ему Мамемонов в качестве оружия.
Говорят, что БигМамемон уменьшается в размерах
после использования этой техники."
2,machine_phrase,является/являются,является,profile,patch_text01,text/digimon_profile.mbe/000_Sheet1.csv,29,digimon_0033_profile,,,"Двуногий цератопсид-дигимон, напоминающий
трицератопса, со всей боевой мощью этого
могучего травоядного динозавра. Его шкура
является одной из самых прочных среди всех
биологических дигимонов. Аналогично, два
сверхтвердых рога на его лбу гораздо более
прочнее, чем рог Монокромона. Хотя обычно
спокойный по натуре, атака с разбегом
Трицерамона, несмотря на его медленные
движения, обладает достаточной разрушительной
силой, чтобы разбить даже прочные тела
минеральных дигимонов. Он использует свое
особый приём «Три-Хорн Атак», чтобы
врезаться во врагов рогами на лбу и морде."
2,machine_phrase,является/являются,является,profile,patch_text01,text/digimon_profile.mbe/000_Sheet1.csv,35,digimon_0039_profile,,,"И божественный, и дьявольский, этот Ультимат
дигимон-Король Зла является сильнейшим из Семи
Великих Демонических Лордов. Лучемон: Режим
Хаоса спровоцировал восстание в древние
времена и был запечатан в Темной Зоне вместе
со многими другими дигимонами-Королями Зла.
Его сила превышает силу дигимонов Мега-уровня
настолько, что даже соперничает с сущностями,
называемыми «богами». Хотя у него есть
богоподобная сторона, которая лелеет все
живое, у него также есть демоническая сторона,
которая хочет уничтожить сам мир. Вот почему
он стремится разрушить этот мир и построить
новый вместо него. Его особый приём
«Парадайз Лост» запускает врага высоко в
воздух дикой очередью, прежде чем схватить его
за конечности и швырнуть о землю, в то время
как «Дед орайв Алайв» запечатывает врага
внутри трехмерного магического круга,
сделанного из святых и злых сфер. Те, кто
попал в этот магический круг, имеют шанс 50/50
быть либо полностью уничтоженными, либо
получить тяжелые повреждения."
2,machine_phrase,является/являются,является,profile,patch_text01,text/digimon_profile.mbe/000_Sheet1.csv,38,digimon_0042_profile,,,"Дигимон-насекомое, связанный с загадочной
Королевской Базой, секретной плавающей медовой
базой. Хотя его повседневная жизнь может
отличаться от жизни других
дигимонов-насекомых, ФанБимон имеет веселый
нрав и является трудолюбивым работником
значительной силой. Он всегда ладит с
дигимонами-растениями, такими как Палмон или
Лилимон. Королевская База постоянно находится
в стадии строительства, и миссия Фанбимона
требует от него собирать полевые данные, такие
как цветы или растения, понемногу, в качестве
строительных материалов. Поэтому он
классифицируется как имеющий атрибут Вирус.
База также охраняется мощными дигимонами,
которые не позволяют никому приближаться,
поэтому цель строительства остается загадкой.
Особый приём ФанБимона — «Гир
Стингер», атака, которая выпускает быстрый
залп крошечных зазубренных жал."
2,machine_phrase,является/являются,является,profile,patch_text01,text/digimon_profile.mbe/000_Sheet1.csv,41,digimon_0045_profile,,,"Божественный дигимон, который, как говорят,
является материализацией системы, управляющей
временем. Течение времени в Цифровом Мире
действительно расплывчато, и известно, что
некоторые конфликты между могущественными
дигимонами или катаклизмы вызывали нарушения
пространства-времени. Именно Хрономон
появляется в таких случаях, неся
ответственность за исправление
пространства-времени. Как только он совершает
такое восстановление, даже сам факт появления
Хрономона исчезает вместе с указанным
нарушением, поэтому никто никогда не видел
этого дигимона. Вот почему о его существовании
говорится лишь в немногих легендах.
Особые приёмы Хрономона — «Холи Флейр»,
взрыв святого пламени, который сжигает сами
существования тех, кто злонамеренно стремится
исказить пространство-время, и «Хронос Кроп»,
неблокируемая атака, при которой он
размахивает своими крыльями, как лезвиями,
рассекая своего врага из ткани времени и
пространства."
2,machine_phrase,является/являются,является,profile,patch_text01,text/digimon_profile.mbe/000_Sheet1.csv,44,digimon_0048_profile,,,"Голдрамон — Святой Дракон-дигимон с шестью
затвердевшими крыльями и телом из сверкающего
золота. Поскольку он носит одно из Святых
Колец — символ Святых дигимонов — на своей
руке, считается, что он является
разновидностью Священного дигимона. Голдрамон
— один из Четырех Великих Драконов, и на его
руках он носит наручи с запечатанными в них
маленькими драконьими дигимонами: Амоном
Багрового Пламени, управляющим разрушением, на
левой, и Умоном Синей Молнии, управляющим
регенерацией, на правой. Особый приём
Голдрамона — «Год Флейм», которое включает
детонацию его Святой энергии, чтобы мгновенно
поразить врагов во всех направлениях."
2,machine_phrase,является/являются,является,profile,patch_text01,text/digimon_profile.mbe/000_Sheet1.csv,58,digimon_0068_profile,,,"Этот зверь-дигимон является результатом
развития телосложения Гаомона и того, что
когти, которые когда-то защищались перчатками,
наконец как следует отросли. Хотя ГаоГамон
является четвероногим, его задние ноги
достаточно сильны, чтобы он мог стоять, как
медведь, пока атакует. ГаоГамон выпускает
свое особый приём «Спирал Блоу», чтобы
выдохнуть мощный вихрь ветра из своего рта за
один вдох."
2,machine_phrase,является/являются,являются,profile,patch_text01,text/digimon_profile.mbe/000_Sheet1.csv,70,digimon_0080_profile,,,"Один из Олимпос XII, этот дигимон — гениальный
бог, хвастающийся величайшей скоростью в
Цифровом Мире. Непревзойденная скорость
Меркуримона не видна невооруженным глазом, и
поэтому любые его записи, как говорят,
являются его остаточными образами. Он ненавидит
оставаться на месте и всегда странствует по
Цифровому Миру, что делает его трудным
существом для встречи. Он использует свое
особый приём «Саузенд Фист», чтобы
приблизиться к врагу с почти мгновенной
скоростью, прежде чем обрушить невероятный
скорострельный залп. Меркуримон также является
искусный шаманом, позволяя ему
использовать «Спиричуал Энчантмент», рассекая
воздух своим любимым клинком «Ацтек» и
призывая демонов из другого измерения."
2,machine_phrase,является/являются,является,profile,patch_text01,text/digimon_profile.mbe/000_Sheet1.csv,74,digimon_0084_profile,,,"Священный зверь-дигимон, который, как говорят,
является Древним, рожденным при зарождении
Цифрового мира. Чиринмон обладает силой,
подобной дигимону Мега уровня, несмотря на то,
что сам является Ультиматом. Будучи невероятно
могущественным, он глубоко презирает конфликты
и никогда не проявляет жестокости. Его
сострадательный характер заставляет его
относиться с любовью ко всем живым существам в
Цифровом Мире, но, с другой стороны, он не
колеблется наказать тех, кто предается
бессмысленному насилию. Используя свое
особый приём «Винд Каттер Сорд», он
пикирует в мгновение ока, чтобы пронзить врага
рогом на своей голове."
2,machine_phrase,является/являются,является,profile,patch_text01,text/digimon_profile.mbe/000_Sheet1.csv,76,digimon_0086_profile,,,"Святой Рыцарь-дигимон и член Королевских
Рыцарей. Кентауросмон является исключением
среди в основном гуманоидных дигимонов
Королевских Рыцарей, обладая нетипичной
звериной формой. Оборонительная сила брони из
Красного Дигизоида, покрывающая его тело, делает
нанесение урона этому дигимону непростой
задачей даже для дигимонов Мега уровня. Шесть
ног обеспечивают Кентауросмону превосходную
мобильность, позволяя мгновенно перемещаться,
несмотря на его крупные размеры. Он использует
свое особый приём «Бифрост», чтобы
выстрелить ослепительной стрелой света из
святого арбалета «Муспеллсхеймр» на своей
левой руке, или «Одинс Бреф», чтобы
контролировать погоду, генерируя криогенную
метель с помощью святого щита «Нифльхеймр» на
своей правой руке."
2,machine_phrase,является/являются,является,profile,patch_text01,text/digimon_profile.mbe/000_Sheet1.csv,82,digimon_0093_profile,,,"Дигимон-Темный Ангел, облаченный в одеяние
цвета воронова крыла. Дэвимон когда-то был
сияющим дигимоном вида Анджемон, но стал
Темным Ангелом, когда пал в искаженное
пространство Цифрового мира, известное как
Темная Зона. Выдающаяся Метка Зла на его груди
является доказательство этого. Хотя у него коварный и
злобный характер, Дэвимон также чрезвычайно
умен. Говорят, что любой, кто посмотрит в его
светящиеся красные глаза, становится жертвой
его контроля над разумом и подчиняется его
прихотям. Особый приём Дэвимона — «Дез
Коготь», которое использует его две выдвижные
руки, чтобы пронзить противника."
2,machine_phrase,является/являются,является,profile,patch_text01,text/digimon_profile.mbe/000_Sheet1.csv,89,digimon_0101_profile,,,"Высший Ангел-дигимон с восемью сияющими
серебряными крыльями. МагнаАнджемон служит
маршалом Цифрового мира, наблюдая и
контролируя многих дигимонов-Ангелов внутри.
Более того, он является рупором Сущности
Света, которая пытается сохранить порядок в
Цифровом Мире. Хотя МагнаАнджемон обычно
принимает форму священника, когда Цифровой мир
окутан Сущностью Тьмы, он меняется в свой
Боевой Режим, чтобы поразить зло. В этом
Боевом Режиме МагнаАнджемон отправляет
противника в забвение с помощью Лучевого Щита
на своей левой руке и святого меча Экскалибур,
установленного на его правой руке. Особый приём МагнаАнджмона — «Хевенс Гейт»,
которое он использует, чтобы открыть дверь в
безвыходное карманное измерение, отправляя
своего врага в забвение."
2,machine_phrase,является/являются,является,profile,patch_text01,text/digimon_profile.mbe/000_Sheet1.csv,90,digimon_0102_profile,,,"Дигимон-мастер боевых искусств, обнаруженный в
глубинке горной провинции Китая. Туруйемон
странствовал по миру в погоне за своими
давними врагами — вирусами, которые используют
электронную почту для злонамеренных целей. Он
благословлен исключительный потенциалом как
мастер боевых искусств, хотя его навыки еще не
развиты. Туруйемон является практиком Тогекен,
боевого стиля его собственного создания. Его
особый приём — «Гонтлет Коготь»,
которое включает серию ударов, наносимых
Железными Когтями с Кроличьими Рогами на обеих
руках. Эта комбо-атака использует кроличью
ловкость и мощные высокие прыжки."
2,machine_phrase,является/являются,является,profile,patch_text01,text/digimon_profile.mbe/000_Sheet1.csv,91,digimon_0103_profile,,,"Ракообразный дигимон, который прикрепил к
своему телу металлические данные, растворенные
в Сетевом Океане, резко увеличив свою
боевую способность. Крабмон атакует
гигантскими лезвиями на своей левой клешне и
мощной хваткой правой клешни. Для защиты он
полагается на свой колючий панцирь, чтобы
повредить атакующих, и совершенно самоуверен в
бою. Крабмон полностью осознаёт слабые места своих
суставов и брюха и поэтому редко оставляет их
открытыми. Он наслаждается ловушками для своих
противников и является несколько проказником.
Особый приём Крабмона — «Си?ззорс
Экзекьюшн», которое запускает его острую левую
клешню прямо в глотку противника."
2,machine_phrase,является/являются,является,profile,patch_text01,text/digimon_profile.mbe/000_Sheet1.csv,99,digimon_0114_profile,,,"Новый тип дигимона, обнаруженный только
недавно. Виимон — выживший представитель вида,
который когда-то процветал на заре Цифрового
Мира. Это позволяет ему использовать Диги-Яйца
для выполнения типа псевдо-эволюции,
известного как броневая эволюция. Из всех
своих сверстников Виимон является одним из
лучших Боевых Видов. Он обладает скрытой силой
и использует броневую эволюцию, чтобы
проявить свои взрывные способности. Хотя по
натуре проказник и шутник, у Виимона также
сильное чувство справедливости. Его
особый приём — «Виимон Хедбатт»,
которое сбивает врагов с ног мощным ударом
макушкой головы."
2,machine_phrase,является/являются,являются,profile,patch_text01,text/digimon_profile.mbe/000_Sheet1.csv,101,digimon_0116_profile,,,"СэйвиорХакмон — дигимон, который много
путешествовал. После повторяющихся встреч и
расставаний с другими дигимонами и пережив
бесчисленные сцены резни, он наконец
эволюционировал в эту форму. СэйвиорХакмон
продолжает участвовать в бесконечных битвах,
которые происходят по всему Цифровому Миру,
стремясь положить конец этим враждам и помочь
местным дигимонам, пострадавшим от конфликтов.
СэйвиорХакмон ходит на двух ногах, несмотря на
то, что обе они являются лезвиями, и теперь,
когда его руки и хвост также выпустили
багровые лезвия, его стиль атаки стал более
наступательным. Кристалл в его груди служит
физическим доказательством его неутомимых
усилий стать сильнее. Особый приём
СэйвиорХакмона «Трайдент Сэйбер» использует
багровые лезвия на его руках и хвосте, чтобы
безжалостно рассекать врагов, даже тех, кто
покрыт Хромдигизоидом."
2,machine_phrase,является/являются,является,profile,patch_text01,text/digimon_profile.mbe/000_Sheet1.csv,117,digimon_0140_profile,,,"Дигимон-зверочеловек, эволюционировавший из
Гарурумона и теперь способный ходить на двух
ногах. Становление двуногим уменьшило скорость
ВереГарурумона, но превратило его в дигимона
типа Коммандос с улучшенной наступательной и
оборонительной мощью, а также склонностью к
тактике. Сохраняя силу ног Гарурумона, его
пинки чрезвычайно мощны, а его прыгучесть
является одной из лучших в мире дигимонов.
ВереГарурумон также чрезвычайно предан и сделает
все, если приказано его хозяином, что делает
его очень надежным. Его особый приём
— «Вулф Коготь», которое разрывает противников
на клочья его острыми когтями."
2,machine_phrase,является/являются,является,profile,patch_text01,text/digimon_profile.mbe/000_Sheet1.csv,123,digimon_0147_profile,,,"Бронесвященный зверь-дигимон,
эволюционировавший с Диги-Яйцом Света.
Диги-Яйцо Света имеет атрибут Света, позволяя
тем, кто его экипирует, очищать тьму сияющей
силой. Хотя Гатомон не является потомком
древнего вида дигимонов, он способен на
броневую эволюцию в Нефертимона, пробуждая
спящую особую способность в составе своих
данных. Его особый приём — «Розетта
Стоун», которое призывает огромную каменную
табличку с выгравированными древними надписями
ДигиКода для атаки врагов."
2,machine_phrase,является/являются,является,profile,patch_text01,text/digimon_profile.mbe/000_Sheet1.csv,125,digimon_0149_profile,,,"Огромный Темный Дракон-дигимон с восемью
головами. Однако семь из них — подделки, и
только черная в центре на самом деле является
частью его тела. Происхождение Орочимона берет начало
назад к давним временам, когда он сеял хаос в
Древнем Цифровом Мире. Его сила была такова,
что он довел целый регион до грани разрушения,
пока не был запечатан слугой существа,
стремящегося сохранить гармонию в Цифровом
Мире. Особый приём Орочимона — «Амэ но
Муракумо», которое превращает конец его хвоста
в острое лезвие, чтобы разрывать его врагов."
2,machine_phrase,является/являются,является,profile,patch_text01,text/digimon_profile.mbe/000_Sheet1.csv,126,digimon_0150_profile,,,"Более темная сторона Галлантмона, в которой
его природа как дигимона-Вируса вышла на
передний план. Разум и дух ХосГаллантмона были
полностью развращены, превратив его не более
чем в «Цифровую Угрозу», стремящуюся принести
разрушение в Цифровой мир. ХосГаллантмон орудует
демоническое копье «Бальмунг» в правой руке, в
то время как несет демонический щит «Горгон» в
левой. Во всех отношениях он является
антитезой Галлантмона. Особые приёмы
ХосГаллантмона — «Демоник Дизастер», которое
делает серию мощных выпадов своим демоническим
копьем, и «Джудекка Призон», которое выпускает
волну разъедающей темной энергии из своего
демонического щита."
2,machine_phrase,является/являются,является,profile,patch_text01,text/digimon_profile.mbe/000_Sheet1.csv,134,digimon_0172_profile,,,"Этот сострадательный дигимон управляет силой
любви и является одной из Олимпос XII. Даже на
самых бесплодных пустошах, куда бы Венусмон ни
пошла, прекрасный цветы расцветают, и земля
вокруг нее обновляется юной энергией. Многие
дигимоны поклоняются Венусмон из-за ее красоты
и чистоты. Надевая повязку на глаза, она
способна воспринимать мир таким, какой он
есть, своим мысленным взором, видя сквозь
любую ложь или обман. Сокрытие ее глаз также
подавляет ее ауру очарование, удваиваясь как акт
внимательности и уменьшая количество
дигимонов, которые в противном случае падали
бы в обморок в ее облик. У Венусмон есть
два маленьких, но постоянных спутника, птица
Олив и гребешок Хотан, и трое друзей
поддерживают открытый и оживленный разговор.
Поскольку Венусмон — дигимон, управляющий
любовью, каждое ее действие в бою успокаивает
сердца ее противников. С помощью «ЛАВ Ю» она
может заставить врага потерять сознание,
послав ему воздушный поцелуй и заставив его
сердце пропустить удар. Если ее птица Олив
клюнет врага по голове, он попадает под чары
«Пис Фантазия», которые могут успокоить сердце
даже самого свирепого зверя."
2,machine_phrase,является/являются,является,profile,patch_text01,text/digimon_profile.mbe/000_Sheet1.csv,136,digimon_0174_profile,,,"Этот бог войны-дигимон, напоминающий
человека-леопарда, является одной из
загадочных Олимпос XII, которые обладают
способностями, соперничающими даже с Королевскими
Рыцарей, божеств-хранителей Сети. Каждая из
Олимпос XII защищает свой собственный регион,
действуя в тени и сохраняя нейтральную позицию
во время инцидентов в Цифровом Мире. Марсмон
хорошо понимает все виды рукопашных техник в
мире — включая навыки, использующие нечестную
игру — и обладает абсолютной уверенностью в
любом бою один на один против подобных себе.
Он полагается в основном на приемы рестлинга,
но его сосредоточенность на победе и славу означает, что
он будет выхватывать скрытое оружие, такое как
его «Трая Наклз» или «Метал Котурнус», когда
оказывается в затруднительном положении. И всё же, Марсмон проявляет свою истинную силу,
когда сражается голыми руками и ногами. Его
особый приём «Корона Сэнкшнс» — это
славный техника убийства в воздухе, которая
облачает Марсмон в пламя."
2,machine_phrase,является/являются,является,profile,patch_text01,text/digimon_profile.mbe/000_Sheet1.csv,139,digimon_0178_profile,,,"Этот бог-кузнец дигимонов является одним из
Олимпос XII. Вулканусмон ответственен за
создание большинства известнейшего оружия
Цифрового мира, включая печально известные
любимые дробовики Бельзебмона «Беренджена».
Вулканусмон обладает духом истинного мастера,
наряду с упрямым характером. Он оценивает всех
своих клиентов, и если считает, что они не
смогут освоить или не будут ценить оружие,
которое они запросили, он отказывает им. Даже
когда Вулканусмон соглашается сделать оружие,
он соотносит качество своей работы со своим
впечатлением о владельце. Тем не менее,
Вулканусмон был настолько впечатлен силой
Бельзебмона, что усердно трудился, чтобы
создать исключительное оружие, когда создавал
Беренджену. Вулканусмон предпочитает, чтобы
его оставили в покое, работая своими восемью
руками, но также может использовать свое
мастерство как ремесленника в бою. Своим
специальным движением «Пинпоинт Уэпон Воркс»
он мастерски использует свой огненный
сварочный аппарат «Бомбер Арт», чтобы
мгновенно создать идеальное оружие для любой
боевой ситуации. Когда он действительно хочет
выложиться по полной, он использует
«Эпроприэйт Воркс», который многократно
использует «Пинпоинт Уэпон Воркс», чтобы
выковать оружие для каждой из своих восьми
рук. Несмотря на все это, собственная боевая
способность Вулканусмона не особенно
высока, и он предпочитает избегать боя
когда бы ни возможно."
2,machine_phrase,является/являются,являются,profile,patch_text01,text/digimon_profile.mbe/000_Sheet1.csv,140,digimon_0179_profile,,,"Одна из Олимпос XII, этот дигимон хвастается,
что он самый тяжелый пьяница Цифрового мира.
Бахусмон имеет веселый нрав и хорошо подходит
для заботы о других. Днем или ночью, он всегда
стремится собрать вместе дигимонов уровня
Ребёнок и Чемпион, чтобы устроить вечеринку.
Бахусмон обладает способностью производить
любую форму алкоголя внутри своего тела, и
если ему понравится другой дигимон на одной из
этих вечеринок, известно, что он предложит ему
напиток по его выбору. Сам Бахусмон имеет вкус
к фруктовым винам, его любимый сорт
производится из ферментированных фруктов
Карпос Хуле, леса, который несет на спине
Цересмон. Всякий раз, когда у Бахусмона есть
свободная минута, он умоляет Цересмон сделать
ему немного фруктового вина. Из-за этого пара
находится в очень хороших отношениях, и их
часто видят вместе. Особый приём
Бахусмона — «Кук оф зе Абисс», которым он
обхватывает врага руками, изменяет его
композиционные данные на подходящую закуску и
затем съедает его. Бахусмон также имеет «Парти
оф зе Хевенс», которым он производит форму
алкоголя, содержащего яды, которые могут
вызывать сонливость и паралич, а затем
обстреливает врагов этим зельем, чтобы
ошеломить их. Более того, данные яда, которые
он производит, являются одним из предметов
исследования Команды Раскола. Существует ряд
надежный слухов, которые предполагают, что
данные яда Бахусмона связаны с разработкой
бактериологического оружия и планов громких
убийств."
2,machine_phrase,является/являются,является,profile,patch_text01,text/digimon_profile.mbe/000_Sheet1.csv,144,digimon_0184_profile,,,"Божественный дигимон, синтезирующий
способности различных видов, использующий
человеческое тело в качестве основы. Говорят,
что этот синтез стал результатом погоня
ультиматной цели всемогущества, резко
изменив форму этого дигимона, чтобы
соответствовать его окружающей среде. Эта
форма основана на данных вида Драконов,
которые обычно оставались бы спящими в его теле,
сконцентрированные вокруг кристалла в его
груди, но Эгиохусмон проявил эти данные на
поверхность своего тела, установив их как
броню. Эта броня является силовым костюмом,
который не только для защиты, но и действует
как мышцы, резко увеличивая силу атаки.
Эгиохусмон использует свое особый приём «Болт Брейк Наокдаун», чтобы
выполнить серию ударов кулаками, обвитыми
молнией, произведенной из его рога, или
«Лайтнинг Пайл», чтобы обрушить сверху на
врага сваеобразную молнию, вбивая его в землю.
Если этот ход пронзит врага один раз,
последующие выпущенные сваи затем соединяются
без провалиться, независимо от того, куда их бросили."
2,machine_phrase,является/являются,является,profile,patch_text01,text/digimon_profile.mbe/000_Sheet1.csv,152,digimon_0192_profile,,,"Зверь-Дракон-дигимон, который свободно парит в
небесах, облаченный в броню из элегантно
мерцающей чешуи. Форма Хисярюмона является
результатом того, что интерфейс на его лбу
разблокировал данные, дремавшие в его
ДигиЯдре о драконах и генералах — наполненных
свирепый боевыми инстинктами — из японских
мифов. Сферы, которые он сжимает, — это души
его потерянных товарищей. Сфера в правой руке
Хисярюмона — это душа Кинрю, а сфера в его
левой руке — душа Какурю. Говорят, что в
каждой сфере скрыты данные ДигиЯдра.
Особый приём Хисярюмона — «Легендари
Драгон Блейд», которое превращает его в
гигантский стальной клинок, чтобы рассечь
врага пополам одним ударом."
2,machine_phrase,является/являются,является,profile,patch_text01,text/digimon_profile.mbe/000_Sheet1.csv,154,digimon_0194_profile,,,"Крупный дигимон, оснащенный внушительным
арсеналом огнестрельного оружия. Многие
дигимоны называют Гандрамона одним из «Трех
Мушкетеров» наряду с МагнаКидмоном и
БильСтармон из-за их очень развитой меткости.
Он также является членом Команды Раскола и
подходит для боя, как и Машиндрамон. Будучи
быстрее Машиндрамона, Гандрамон обладает всей
необходимой мобильностью, чтобы быстро занять
огневую позицию. Едкий запах пороха пропитал
каждый кусочек его полностью металлического
тела, что подходит для такого горький и крутого
дигимона. Особые приёмы Гандрамона —
«Дер Блиц», который стреляет по жизненно
важным органам противника из двух
шестизарядных револьверов в его руках, и
«Гевальт Швермер», который выпускает залп во
всех направлениях."
2,machine_phrase,является/являются,является,profile,patch_text01,text/digimon_profile.mbe/000_Sheet1.csv,157,digimon_0197_profile,,,"Гигантская птица-дигимон, облаченная в золотые
доспехи. Броня покрывает все тело Иггломона и
сделана из Хромдигизоида, позволяя ему
отражать любую атаку. Хотя его происхождение
неясно, некоторые предполагают, что Иггломон
является эволюцией Пэрротмона, дигимона
Ультимат уровня. Говорят, что долг Иггломона —
уничтожать любые инопланетные элементы,
вторгающиеся в Цифровой мир. Он использует
свое особый приём «Кайзер Феникс»,
чтобы врезаться во врага своим
цельнометаллическим телом, или «Мистик Брейк»,
чтобы выстрелить белым лучом, который
превращает врага в пепел."
2,machine_phrase,является/являются,является,profile,patch_text01,text/digimon_profile.mbe/000_Sheet1.csv,160,digimon_0208_profile,,,"Дракомон — дракон-дигимон древней кровной
линии, которая, как говорят, восходит к
прародителю всех дигимонов вида Драмон. Он
обладает физическими способностями, которые
трудно даже представить, учитывая его
небольшой размер, его скорость и сила входят в
число самых лучших среди всех дигимонов уровня
Ребёнок. Хотя по натуре он чрезвычайно свиреп, у
него также есть более мягкая сторона, которую
он показывает только тем, кого считает
достойным своего доверия. Несмотря на наличие
крыльев, они не полностью развиты, поэтому
Дракомон не способен летать. Одной из его
других определяющих характеристик является его
стремление собирать «блестящие вещи», и у него
странная привязанность к драгоценным камням и
определенным типам металла. Если ему
особенно нравится какой-то блестящий
объект, он съест его. Его особый приём
— «Бейби Бреф», которое он использует, чтобы
выдохнуть поток горячего воздуха."
2,machine_phrase,является/являются,является,profile,patch_text01,text/digimon_profile.mbe/000_Sheet1.csv,180,digimon_0231_profile,,,"Дигимон, напоминающий «баку», существо в
японском фольклоре, которое ест сны.
Считается, что он рожден из медицинского
компьютера, который отслеживает мозговые
волны, Тапирмон, по-видимому, питается данными
REM-сна человека. В последнем раунде
исследований также было обнаружено, что он
обладает способностью стирать кошмары и
компьютерные вирусы. Поскольку он также может
возвращать эти кошмары и вирусы в безвредное
состояние, считается, что он является Святым
дигимоном. Святое Кольцо, которое он носит на
одной из своих передних ног, кажется вероятно,
связано как с его особыми способностями, так и
со Святой природой. Особый приём
Тапирмона — «Найтмер Синдром», которое
выпускает все поглощенные им кошмары сразу,
чтобы ужаснуть его противников. Это то же
особый приём, что и у дигимона уровня
Совершенный, Дигитамамона, но то, как они
могут быть связаны, остается загадкой."
2,machine_phrase,является/являются,является,profile,patch_text01,text/digimon_profile.mbe/000_Sheet1.csv,190,digimon_0301_profile,,,"Мегадрамон — Черный Дракон-дигимон, который,
как говорят, обладает величайшей и самой
ужасной силой из всех Драконьих
Андроид-дигимонов Ультимат уровня. Он был
искусственно модифицирован неизвестным лицом,
который запрограммировал его уничтожать всё.
Он практически является живым воплощением
компьютерного вируса. Способный с легкостью
взламывать высокозащищенные компьютерные сети,
Мегадрамон затем без усилий модифицирует или
уничтожает хост-компьютер. Его особый приём «Эрадикейшн Атак» выпускает
бесчисленные органические ракеты из его рук."
2,machine_phrase,является/являются,является,profile,patch_text01,text/digimon_profile.mbe/000_Sheet1.csv,191,digimon_0302_profile,,,"Андроид-дигимон, у которого более половины
тела механизировано. МеталГреймон с Файл
Айленд смог резко продлить свое
жизненное функционирование с помощью
самомодификации, но его биологические части не
выдержали нагрузки и посинели. Напротив, этот
МеталГреймон Ультимат уровня является успешной
эволюцией от Греймона и является чрезвычайно
мощным Андроид-дигимоном. Сила атаки
МеталГреймона, как говорят, мощна, как ядерная
боеголовка, способная полностью уничтожить
дигимонов более низкого уровня. Его
особый приём «Гига Дэстройер» — это
атака, которая запускает бионические ракеты из
люка, открывающегося в его груди."
2,machine_phrase,является/являются,является,profile,patch_text01,text/digimon_profile.mbe/000_Sheet1.csv,199,digimon_0310_profile,,,"Святой дигимон с четырьмя сверкающими золотыми
крыльями. Лидер всех птичьих дигимонов,
Хоуоумон, как говорят, правит всеми
Священными дигимонами. Так же, как Магнадрамон
является ультиматным Зверем-дигимоном,
Хоуоумон является ультиматным Птичьим
дигимоном. Поскольку у него не одно, а два
Святых Кольца, которые выводят святую силу и
служат для идентификации Святых дигимонов,
Хоуоумон, очевидно, обладает неизмеримой
силой. Особый приём Хоуоумона —
«Старлайт Эксплоужн», которым он взмахивает
своими четырьмя божественными крыльями, чтобы
обрушить золотые частицы света. Говорят, что
все, пораженное этой атакой, очищается от
всего зла."
2,machine_phrase,является/являются,является,profile,patch_text01,text/digimon_profile.mbe/000_Sheet1.csv,212,digimon_0328_profile,,,"Загадочный дигимон, который появился, когда
негативные мысли были накоплены силой тьмы.
Никто не знает истинную природу Апокалимона, и
его нельзя даже проанализировать, чтобы
увидеть, является ли он по-настоящему дигимоном.
Причина его появления неопределенна, но он,
кажется, желает очистки хаотичного Цифрового
Мира обратно в ничто. Одна теория утверждает,
что его пришествие было предсказано в древнем
пророчестве. Его особый приём
«Даркнесс-Зон» выпускает бесконечно
расширяющуюся тьму, которая возвращает все в
пустоту. Те, кто попал в эту тьму, теряют все
чувство направления, исчезая без следа."
2,machine_phrase,является/являются,является,profile,patch_text01,text/digimon_profile.mbe/000_Sheet1.csv,215,digimon_0342_profile,,,"Андромон — андроид-дигимон гуманоидной формы.
Он достаточно мощен, чтобы одним ударом
уничтожить любого дигимона уровня менее
Ультимат. Разработанный как прототип для
андроид-дигимонов, Андромон был создан как
модель на основе машины в то же время, когда
Болтмон был создан как органическая. Затем те
же методы были присвоены для использования в
других дигимонах, включая МеталГреймона и
Мегадрамона. Поскольку Андромон является
прототипом, ему не хватает эмоций, и у него
нет собственной воли, действуя только в
соответствии со своим программированием. Он
использует свое особый приём «Спирал
Сорд», чтобы выстрелить энергетическим лезвием
из своей руки."
2,machine_phrase,является/являются,является,profile,patch_text01,text/digimon_profile.mbe/000_Sheet1.csv,224,digimon_0361_profile,,,"Саламон — молодой дигимон Священного вида с
характерными висячими ушами. Поскольку она еще
ребенок, она не способна полностью использовать
свои святые силы и еще не осознала свою
судьбу. В результате ее природа в корне
нестабильна, и она способна стать как хорошей,
так и злой. Однако, вероятно, настанет день,
когда Саламон пробудится к своей судьбе как
одна из Истребителей Вирусов. В конце концов,
она родилась священным дигимоном. Саламон
также является экспериментальным дигимоном,
созданным исследователями дигимонов, и,
поскольку она была смоделирована по образцу
человеческого питомца, она очень похожа на
настоящее животное. Ее особый приём
«Паппи Хаул» включает издание сверхзвукового
визга, который может парализовать врагов."
2,machine_phrase,является/являются,является,profile,patch_text01,text/digimon_profile.mbe/000_Sheet1.csv,227,digimon_0365_profile,,,"Мифический Дракон-дигимон, который обрел
первоначальную силу Виимона и
эволюционировал до уровня Чемпион.
ЭкcВиимон — это чистокровная порода
Виидрамона, которая, как говорят, является
производным видом. Атаки с его развитой силой
рук и ног способны разрушить гору валунов без
следа. Его боятся за эту разрушительную силу,
но на самом деле у него сильное чувство
справедливости, и он не использует свою мощь
безрассудно. Особый приём ЭкcВиимона
«Вии Лазер» выпускает энергетический луч из
X-образной метки на его груди."
2,machine_phrase,является/являются,является,profile,patch_text01,text/digimon_profile.mbe/000_Sheet1.csv,242,digimon_0382_profile,,,"БронеСвятой Рыцарь-дигимон,
эволюционировавший с Диги-Яйцом Чудес.
Диги-Яйцо Чудес имеет атрибут Металла и
сделано из суперметалла Хромдигизоид, позволяя
тем, кто обретает его силу, преодолеть любой
кризис. Магнамон обладает огромный
оборонительной способностью и силой атаки,
которая, по крайней мере, на уровне дигимона
Мега уровня, и также является членом
Королевских Рыцарей. Он использует свое
особый приём «Плазма Шот», чтобы
выстрелить шаром чистой плазмы, и «Шайнинг
Голд Солар Сторм», чтобы взорвать
сконденсированный воздух в золотой лазерный
луч, который сметает окружающих врагов."
2,machine_phrase,является/являются,является,profile,patch_text01,text/digimon_profile.mbe/000_Sheet1.csv,258,digimon_0400_profile,,,"АэроВиидрамон — дальнейше-эволюционировавшая
форма Виидрамона, ставшая способной к полету.
Только сильнейшие из линии Виидрамон могут
эволюционировать в АэроВиидрамона, пройдя
через бесчисленные битв, и поскольку Виидрамон —
редкий вид, АэроВиидрамон практически является
легендой. Он также получил больше, чем крылья,
в процессе эволюции, и теперь обладает
повышенными наступательными и оборонительными
способности. Его особый приём «Драгон
Импульс» выпускает ударную волну в форме
дракона."
2,machine_phrase,является/являются,является,profile,patch_text01,text/digimon_profile.mbe/000_Sheet1.csv,259,digimon_0401_profile,,,"эволюция Кувагамона, эволюционировавшего во
что-то даже более зловещее, чем дигимон типа
Кабутеримон. Преобладающим улучшением является
его защита, которой не хватает Кувагамону.
Способность Окувамона обнаруживать врагов
своими антеннами была усилена, и его атаки
клешнями получили повышенную точность. Более
того, ясно, что его самые заметные
характеристики — это не только инстинкт
выживания, но и импульс разрушения. По-настоящему
эволюция, пропитанный в агрессии. Его
особый приём «Дабл Си?ззор Коготь» —
это усовершенствованная версия «Си?ззор
Коготь», которая способна разрезать даже самый
твердый алмаз."
2,machine_phrase,является/являются,является,profile,patch_text01,text/digimon_profile.mbe/000_Sheet1.csv,262,digimon_0404_profile,,,"Этот скелет-дигимон — ничто иное, как кожа да
кости — минус кожа. Единственно зацикленный на
борьбе, он продлил свою жизнь одним только
боевым инстинктом, даже когда его тело гнило,
в итоге став СкаллГреймоном. Без лом
интеллекта или разума, чтобы сдерживать его
инстинкт, существование СкаллГреймона является
угрозой для других дигимонов. Его особый приём — это органическая ракета, выпущенная
из его спинного мозга. Последние исследования
предполагают, что эта атака в итоге
эволюционировала в «Обливион Бёрд», которая
добавляет новую функцию отслеживания и
резко улучшает как мощность, так и
дальность."
2,machine_phrase,является/являются,является,profile,patch_text01,text/digimon_profile.mbe/000_Sheet1.csv,263,digimon_0405_profile,,,"Даосский дигимон, который использует все
навыки веры, чтобы победить противников. Таомон
особенно талантлив в использовании
проклятий и талисманов. Он также является
мастером темных инструментов, храня различные
оружие, скрытое в его рукавах. Этот дигимон
мало говорит и обычно обитает в темноте.
Таомон также может превращать талисманы в
фамильяров, известных как шикигами. Он
использует свое особый приём «Талисман
оф Лайт», чтобы нарисовать санскритский символ
в воздухе, напевая, прежде чем швырнуть его в
врага. Любой враг, пораженный «Талисманом оф
Лайт», уничтожается в гигантский взрыве."
2,machine_phrase,является/являются,является,profile,patch_text01,text/digimon_profile.mbe/000_Sheet1.csv,265,digimon_0407_profile,,,"ДОРУгремон — массивный Зверь-Дракон-дигимон,
также известный как «Финальный Враг». Его
форма является результатом того, что интерфейс
на его лбу разблокировал данные дракона,
дремавшие глубоко в его ДигиЯдре,
наполненном мощной жизненной силой этого
мифического зверя. Со своим огромным
размером, он способен полностью раздавить любого
дигимона, осмелившегося противостоять ему, и
его сила позволяет ему отразить атаку от
Кошмарных Солдат одним взмахом своих крыльев.
ДОРУгремон также очень умен, и поскольку он
лишь редко показывает себя, просто найти его
чрезвычайно трудно. Его особый приём
«Метал Метеор» выпускает сверхмассивную
железную сферу, более чем в десять раз
превышающую его собственный огромный размер,
уничтожая своих врагов всех сразу."
2,machine_phrase,является/являются,являются,profile,patch_text01,text/digimon_profile.mbe/000_Sheet1.csv,270,digimon_0412_profile,,,"Мутантный дигимон, эволюционировавший в
жестокой среде. Милая внешность Мамемона
скрывает ужасающую разрушительную силу. За
исключением одного другого дигимона, он может
быть самым мощным видом. Гигантские руки на
его маленьком теле являются съемными и
способны становиться мощными бомбами. Его
прозвище — «Улыбающийся Бомбардир»."
2,machine_phrase,является/являются,являются,profile,patch_text01,text/digimon_profile.mbe/000_Sheet1.csv,273,digimon_0416_profile,,,"Один из 13 Королевских Рыцарей, которые, как
говорят, являются дигимонами высшего ранга,
когда дело доходит до безопасности Сети. Хотя
сам Альфамон является Святым Рыцарем, говорят,
что он действует как сдерживающий фактор для
других Святых Рыцарей. Обычно он предпочитает
оставаться скрытым и широко известен как
«Отчужденный Отшельник», распознаваемый по
синему плащу, который развевается вокруг него.
Позиция, которую он занимает в Королевских
Рыцарях, известна как «Пустое Место». В бою он
обладает способностью получать доступ к Альфа-
инФорс, ультиматной силе, которая может
мгновенно обратить вспять то, что в противном
случае было бы проигранным делом. Его
особые приёмы — «Блейд оф зе Драгон
Кинг», которое включает извлечение света,
собранного в центре магического круга, а затем
использование его, чтобы пронзить врага, и
«Соул Дигиталайзейшн», которое включает
расправление крыльев на его спине, чтобы
взлететь, а затем создание гигантского
магического круга в небе, который он
использует, чтобы призвать легендарного
монстра из другого измерения."
2,machine_phrase,является/являются,является,profile,patch_text01,text/digimon_profile.mbe/000_Sheet1.csv,311,digimon_0491_profile,,,"Самопровозглашенный сильнейший боец
врукопашную в Цифровом Мире, ГрейтГризлимон
живет, чтобы развлекать тех, кто наблюдает за
его битвами. Его выступление в бою захватывает
наблюдающих Дигимонов и оживляет поле боя. Это
трудяга, который никогда не пренебрегает
тренировками, чтобы оправдать ожидания
публики. Любой бой с ПайлВолкамоном, его
вечным соперником, является большим событием,
привлекающим толпы. Его особое движение —
Воодушевленные Когти, которым он рассекает
своих врагов своими огненными когтями."
2,machine_phrase,является/являются,являются,profile,patch_text01,text/digimon_profile.mbe/000_Sheet1.csv,312,digimon_0492_profile,,,"Темный Зверь-Дигимон, напоминающий медведя.
Хотя считается, что это эволюция от линии
Гризлимона, это мутантная эволюция от
Дигимонов с аномальными данными. Неизвестно,
являются ли эти аномалии данных, создающие
его, спонтанными или преднамеренными, и
поскольку их количество невелико, его экология
и условия эволюции остаются загадкой.
Огромные руки и оружие Каллисмона делают его
высокоэффективным в бою, и он проявляет
свирепую натуру, которая безжалостно атакует
враждебных противников, пока они не падут. Его
особые приемы — Глухой Лес, который ухудшает
данные противника, рассекая острыми когтями, и
Родео Пуля, которым он выпускает
самонаводящиеся выстрелы из своих трех пушек."
2,machine_phrase,является/являются,является,profile,patch_text01,text/digimon_profile.mbe/000_Sheet1.csv,332,digimon_0588_profile,,,"Древний Дигимон, доказавший свое существование
в давно минувшие времена, благодаря множеству
свидетельств. Потепление Цифрового мира
разморозило некоторые гиперсжатые данные,
заставив Мамонмона появиться в ледяных
областях, где растаяла оттепель. Все его тело
покрыто густым мехом, и хотя этот Дигимон
обладает огромной древней силой, он
чрезвычайно восприимчив к урону от огня.
Гребень, вырезанный на маске лица Мамонмона,
является кристаллом сверхдревней мудрости, и
он обладает вторым зрением, позволяющим видеть
на большие расстояния. Его большие уши могут
различать звуки даже в отдаленных местах.
Особое движение Мамонмона — Удары Клыками,
которое пронзает врага двумя длинными бивнями."
2,machine_phrase,является/являются,является,profile,patch_text01,text/digimon_profile.mbe/000_Sheet1.csv,343,digimon_0603_profile,,,"Дигимон-Воин, восхваляемый как легендарный
герой Витчелни, Цифрового мира другого
измерения. Древняя Витчелни была на пути к
гибели, поскольку ее магия (продвинутый язык
программирования) все еще была в зачаточном
состоянии, и ей не хватало техник для защиты
земли от вторжения внешних сил. Говорят, что
МедивалГаллантмон внезапно появился и отразил
захватчиков, и что он превосходит время, чтобы
существовать до наших дней, хотя правда этого
неопределенна. Он сражается с оружием,
созданным с помощью магии, и владеет Динасом,
предельный магическим копьем, скрывающим силу
виверна. МедивалГаллантмон получил прозвище
""Генерал Вихря"" из-за его управления
Виртуозными Воинами, Дигимонами, которые
сражаются с оружием, сделанным из магии ветра,
одного из четырех типов магии (огонь, земля,
вода и ветер). Практически никто не видел
МедивалГаллантмона в Цифровом Мире, но этот
Дигимон известен как ""Воин Фантазии"" из-за его
доспехов, покрытых великолепными украшениями,
и является торжественной фигурой, украшенной
гербом. МедивалГаллантмон использует особое
движение Гнев Виверна, чтобы выпускать энергию
из Динаса."
2,machine_phrase,является/являются,является,profile,patch_text01,text/digimon_profile.mbe/000_Sheet1.csv,344,digimon_0604_profile,,,"Мифический Дигимон-Галактика, который, как
говорят, появился, когда беспрецедентный
кризис обрушился на Цифровой мир Илиада.
Столкновение противоположных сил солнечной и
лунной энергии заставляет ГрейсНовамон
генерировать энергию уровня Большого Взрыва
внутри своего тела. Он возник, когда Аполломон
и Дианамон из Олимпос XII слились вместе. В
результате, считается, что сам ГрейсНовамон
является галактикой, и полный объем его данных
невозможно точно измерить. Его особые приемы —
Палец Затмения, который концентрирует энергию,
усиленную внутри его тела, в его руках,
заставляя врагов плавиться, когда он касается
их, и Калидонский Лук, который выпускает
восемь лезвий Мелеагроса на его спине, чтобы
найти и уничтожить своих врагов."
2,machine_phrase,является/являются,является,profile,patch_text01,text/digimon_profile.mbe/000_Sheet1.csv,351,digimon_0613_profile,,,"Дигимон-Добродетель, охраняющий Врата Зенита,
которые соединяют Цифровой мир с внешним
миром. Эти ворота запечатаны 360 дверями, и
КлависАнжемон держит ""Ключ"", мастер-ключ,
который открывает их все. Ключ особенный тем,
что только этот Дигимон может владеть им.
Некоторые подозревают, что сам КлависАнжемон
является частью этого ключа. Сила, заключенная
в Ключе, по-видимому, может обрушить сам
Цифровой мир, но используется только против
врагов, которые разрушают двери."
2,machine_phrase,является/являются,является,profile,patch_text01,text/digimon_profile.mbe/000_Sheet1.csv,387,digimon_0706_profile,,,"Спокойный, собранный и чрезвычайно учтивый
Птичий Дигимон. Как и Вимон, он является
потомком уникального вида, процветавшего в
древние времена, и может использовать силу
Диги-Яиц для бронированной псевдо-эволюции.
Хокмон использует свой специальный приём
«Перьевой Удар», чтобы метнуть перьевой
орнамент на своей голове как бумеранг."
2,machine_phrase,является/являются,является,profile,patch_text01,text/digimon_profile.mbe/000_Sheet1.csv,401,digimon_0725_profile,,,"АльтимейтБрахиомон — самый крупный и тяжёлый
наземный дигимон-андроид. Ускорители на его
спине стреляют вниз, чтобы помочь поддерживать
огромный вес его массивного каркаса, и он
полагается на них, чтобы двигаться.
АльтимейтБрахиомон был переделан, чтобы быть
экстремальным тяжеловесом, и, как результат,
он что угодно, но только не быстрый. Поскольку
его броня такая толстая, ему нет необходимости
уворачиваться от вражеских атак, и любой
другой Дигимон без хотя бы такого же веса не
смог бы выдержать отдачу при стрельбе из
суперорудия, которым является его нагрудная
пушка. Его специальные приёмы включают
«Альтимейт Взрыв», который заставляет энергию
внутри его тела взрываться, выпуская мощную
ударную волну из его нагрудной пушки, и
«Альтимейт Тряска», которым он атакует своим
гигантским хвостом, поражая врага с
потрясающей силой."
2,machine_phrase,является/являются,является,profile,patch_text01,text/digimon_profile.mbe/000_Sheet1.csv,434,digimon_0760_profile,,,"Охраняя шахту Хромдигизоида, Гардромон
преобразовал себя, чтобы выдерживать
безжалостные повторяющийся набеги незаконных
шахтёров. Броня Гардромона (Золотого), как
говорят, является результатом поглощения
данных пыли Хромдигизоида, плавающей в
воздухе. Эта броня более прочная, чем у
обычного Гардромона, и его специальный приём
«Разрушающая Граната» преуспевает в может похвастаться
слегка большей мощности. С другой стороны,
броня Гардромона (Золотого) тяжелее, и это
является основной причиной, по которой его
движения в целом притупились."
2,machine_phrase,является/являются,является,profile,patch_text01,text/digimon_profile.mbe/000_Sheet1.csv,438,digimon_0771_profile,,,"Даркдрамон — дигимон-андроид, который, как
полагают, является предельным оружием D-Бригады.
Ходят слухи, что исследователи D-Бригады
создали Даркдрамона, эволюционировав
Танкдрамона, которого они восстановили.
Предположительно, этот Танкдрамон был побеждён
в операции, предназначенной для устранения цели с
кодовым именем BAN-TYO. Однако, никакие из этих сведений не кажутся особенно надёжными. Кажется, что
в этом процессе эволюции было использовано
обширное количество тёмной материи. Возможно, в
результате, Даркдрамон немедленно впал в
берсерк и бежал. Его текущее местонахождение
неизвестно, даже для D-Бригады, хотя ходят
слухи, что он всё ещё ищет Кодовое имя
BAN-TYO. Его специальный приём «Тёмный Рев» —
это запрещённая техника, которая включает
выстрел энергетической бомбы, состоящий из
тёмной материи. Ничто не может выжить после
попадания этой атаки, как гласит молва.
Даркдрамон также имеет оружие под названием
«Гигастик Копьё», встроенное в его правую
руку, которое, как говорят, равно по мощности
святому копью Галлантмона Грам."
2,machine_phrase,довольно/действительно/различные перегруз,различных,tutorial/help,patch_text01,text/help_message.mbe/000_Sheet1.csv,11,1009,,,Смена различных настроек игры.
2,machine_phrase,данный/данные,данные,tutorial/help,patch_text01,text/help_message.mbe/000_Sheet1.csv,13,1011,,,Загрузите существующие сохранённые данные и возобновите игру.
2,machine_phrase,довольно/действительно/различные перегруз,различные,tutorial/help,patch_text01,text/help_message.mbe/000_Sheet1.csv,14,1012,,,Просмотреть различные обучающие материалы по игре.
2,machine_phrase,данный/данные,данные,tutorial/help,patch_text01,text/help_message.mbe/000_Sheet1.csv,50,2100,,,"Выберите, в каком слоте будут сохранены ваши данные."
2,machine_phrase,данный/данные,данные,tutorial/help,patch_text01,text/help_message.mbe/000_Sheet1.csv,51,2101,,,"Выберите, какие сохранённые данные следует загрузить."
2,machine_phrase,данный/данные,данных,tutorial/help,patch_text01,text/help_message.mbe/000_Sheet1.csv,89,help_clear_01,,,Выберите слот для сохранения очищенных данных.
2,machine_phrase,данный/данные,данные,tutorial/help,patch_text01,text/help_message.mbe/000_Sheet1.csv,56,help_conversion_01,,,Вернуть дигимона в данные и конвертировать его в иены.
2,machine_phrase,данный/данные,данные,tutorial/help,patch_text01,text/help_message.mbe/000_Sheet1.csv,77,help_load_02,,,Перенесите данные и начните игру с начала. Выберите данные для переноса.
2,machine_phrase,данный/данные,данные,tutorial/help,patch_text01,text/key_help_text.mbe/000_Sheet1.csv,26,key_help_0025,,,Удалить данные
2,machine_phrase,довольно/действительно/различные перегруз,различные,tutorial/help,patch_text01,text/tutorial_explanation.mbe/000_Sheet1.csv,7,tutorial_exp_AdditionalAttack_01_003,,,"Эффекты Удара имеют различные дополнительные эффекты, такие
как лечение союзников или наложение статусных аномалий на врагов.

{fc9Эффекты различаются в зависимости от атрибута и Личности
Дигимона.}
Попробуйте разные комбинации для использования в битве."
2,machine_phrase,довольно/действительно/различные перегруз,различные,tutorial/help,patch_text01,text/tutorial_explanation.mbe/000_Sheet1.csv,66,tutorial_exp_AgentLevel_01_001,,,"Это числовое выражение опыта и уровня мастерства агента.

{fc9Ранг агента повышается по мере того, как вы тратите очки аномалии
на изучение навыков агента.}

От ранга агента зависят различные возможности, например:
- усиление эффектов навыков агента;
- условия эволюции дигимонов-партнёров.

Продолжайте повышать свой ранг."
2,machine_phrase,данный/данные,Данные,tutorial/help,patch_text01,text/tutorial_explanation.mbe/000_Sheet1.csv,8,tutorial_exp_Compatibility_01_001,,,"Урон рассчитывается на основе совместимости Атрибутов
{fc9(матрица совместимости {is28}{image(ui_icon_type_000)} Вакцина > {is28}{image(ui_icon_type_040)} Вирус > {is28}{image(ui_icon_type_020)} Данные)}, а также
{fc9Элементальных Сопротивлений, Черт и уровня атакующего}."
2,machine_phrase,данный/данные,данных,tutorial/help,patch_text01,text/tutorial_explanation.mbe/000_Sheet1.csv,37,tutorial_exp_Convert_01_001,,,"Создавайте новых Дигимонов-партнёров на основе боевых данных.

{fc9Дигимонов можно Конвертировать, когда их Сканирование
составляет от 100% до 200% (максимум).}"
2,machine_phrase,данный/данные,Данные,tutorial/help,patch_text01,text/tutorial_explanation.mbe/000_Sheet1.csv,54,tutorial_exp_DataReturn_01_001,,,"К сожалению, наступят времена, когда вы должны будете попрощаться
со своим Дигимоном-партнёром.

Чтобы сделать это, выберите «Возврат в Данные», чтобы вернуть
Дигимона в его исходные данные и конвертировать его в средства.

{fc9Обратите внимание, что вы навсегда потеряете любого Дигимона,
которого вернёте в данные.} Будьте осторожны при использовании
этой функции."
2,machine_phrase,данный/данные,данные,tutorial/help,patch_text01,text/tutorial_explanation.mbe/000_Sheet1.csv,41,tutorial_exp_Evolution_01_002,,,"{fc9Есть определённые условия для эволюции:
- Соответствие требуемым статам (исключая увеличения от экипировки).
- Соответствие требуемому Рангу Агента}.

Собирайте данные о как можно большем количестве Дигимонов и
используйте их, чтобы открывать новые результаты эволюции."
2,machine_phrase,данный/данные,данных,tutorial/help,patch_text01,text/tutorial_explanation.mbe/000_Sheet1.csv,42,tutorial_exp_Evolution_01_003,,,"И наоборот, процесс сжатия данных Дигимона называется
«деволюцией».
Это эффективное средство для эволюции конкретного Дигимона
в другой экземпляр."
2,machine_phrase,данный/данные,Данных,tutorial/help,patch_text01,text/tutorial_explanation.mbe/000_Sheet1.csv,57,tutorial_exp_PartyAegiomon_02_001,,,"{fc9«Эволюция» была добавлена в боевые команды Эгиомона.}

Теперь он может претерпеть особую эволюцию только в битве.

{fc9Эгиомон может экипировать Фрагмент Данных Багрового Дракона,
чтобы начать битву в особом эволюционировавшем состоянии.}

Сила сокровища Илиона разблокировала потенциал Эгиомона, что
означает, что его настоящее развитие начинается сейчас."
2,machine_phrase,довольно/действительно/различные перегруз,различные,tutorial/help,patch_text01,text/tutorial_explanation.mbe/000_Sheet1.csv,52,tutorial_exp_PersonalitySkill_01_001,,,"Навыки Личности — это пассивные навыки, связанные с Типом
Личности Дигимона-партнёра.

Некоторые Навыки Личности вызывают различные эффекты в
зависимости от Типа Личности.

{fc9Ты можешь проверить навык личности Дигимона-партнёра в
его статах.}"
2,machine_phrase,данный/данные,данных,tutorial/help,patch_text01,text/tutorial_explanation.mbe/000_Sheet1.csv,97,tutorial_exp_PictureBook_01_001,,,"Эта база данных содержит информацию о дигимонах, с которыми вы
вступали в контакт, и находится в разделе
Агент > Полевое Руководство на вашем Дигивайсе.

{fc9Обнаруженные дигимоны}
Дигимоны, которых вы победили в битве или с помощью Дигиатаки.
Большинство деталей остаются неопознанными.

{fc9Зарегистрированные дигимоны}
Дигимоны, ставшие вашими партнёрами. Вы также можете
просмотреть подробную информацию, например их профили."
2,machine_phrase,довольно/действительно/различные перегруз,довольно,tutorial/help,patch_text01,text/tutorial_explanation.mbe/000_Sheet1.csv,211,tutorial_exp_RushOut_01_001,,,"Кажется, вы только что пережили «неожиданную встречу». Ходят
слухи, что при такой встрече неожиданно появится определённый
Дигимон и присоединится к битве.

{fc9Победите этого Дигимона, и он выпадят редкие предметы, но он,
по-видимому, довольно быстро отступает.} Я уверен, что агенту
потребуется всего лишь время, чтобы раскрыть правду."
2,machine_phrase,данный/данные,данные,tutorial/help,patch_text01,text/tutorial_explanation.mbe/000_Sheet1.csv,33,tutorial_exp_Status_01_001,,,"Внимательно изучайте данные союзных дигимонов.

Так вы лучше поймёте их скрытую силу
и найдёте подсказки для дальнейшей тренировки.

Возможно, это подскажет новые стратегии.

{fc9Дигимонов можно усиливать,
меняя дополнительные навыки и снаряжение.
Получили диск навыка или предмет снаряжения?
Не забудьте поставить его.}"
2,machine_phrase,данный/данные,Данные,tutorial/help,patch_text01,text/tutorial_explanation.mbe/000_Sheet1.csv,35,tutorial_exp_Status_03_001,,,"{fc9{is28}{image(ui_icon_type_000)} Вакцина}
{fc9{is28}{image(ui_icon_type_020)} Данные}
{fc9{is28}{image(ui_icon_type_040)} Вирус}
{fc9{is28}{image(ui_icon_type_060)} Свободный}
{fc9{is28}{image(ui_icon_type_080)} Переменный}
{fc9{is28}{image(ui_icon_type_100)} Неизвестно}
Дигимоны стадий «Малыш I» и «Малыш II» имеют {fc9{is28}{image(ui_icon_type_120)} Без атрибута}.

Атрибут дигимона можно проверить на экране характеристик."
2,machine_phrase,данный/данные,данные,tutorial/help,patch_text01,text/tutorial_explanation.mbe/000_Sheet1.csv,55,tutorial_exp_Synthetic_01_001,,,"Эта функция позволяет тебе передавать данные одного Дигимона
другому через синтез.

{fc9Данные Дигимона-ресурса (материала) будут конвертированы в
ОПТ для поглощения Дигимоном-базой. Часть его Таланта и
накопленных статов также будет унаследована.}

Дигимон-источник будет конвертирован в данные для передачи
следующему Дигимону."
2,machine_phrase,довольно/действительно/различные перегруз,различные,tutorial/help,patch_text01,text/tutorial_explanation.mbe/000_Sheet1.csv,75,tutorial_exp_Theater_01_001,,,"Этот особый театр существует между временем и пространством и
управляется загадочной личностью, известной как «Мирей».

Он включает различные функции, полезные для агентов, а также
позволяет Дигимонам-партнёрам восстанавливать своё здоровье.

Входы в это пространство можно найти в различных местах.
{fc9Эти входы будут зарегистрированы в системе навигации,
как только вы их обнаружите.}"
2,machine_phrase,данный/данные,данных,tutorial/help,patch_text01,text/tutorial_explanation.mbe/000_Sheet1.csv,180,tutorial_exp_WorldView_002_001,,,"Организация, работающая за кулисами по устранению причудливых
явлений, известных как «аномалии».

Направляя своих агентов на миссии по всему миру и собирая и
анализируя информацию для своей массивной базы данных,
АДАМАС существует, чтобы защитить мир от аномалий, с которыми
не могут справиться традиционные правительственные организации.
Помимо своей штаб-квартиры, по слухам, у неё есть филиалы,
разбросанные по разным регионам. Однако, согласно указанию её
основателя оставаться скрытными, большая часть её истинной
природы остаётся скрытой в тайне."
2,machine_phrase,данный/данные,данные,tutorial/help,patch_text01,text/tutorial_explanation.mbe/000_Sheet1.csv,182,tutorial_exp_WorldView_004_001,,,"Это специальное устройство было разработано АДАМАС и содержит
уникальную «программу призыва», которая использует электронные
данные Дигимона. Эти устройства выдаются агентам и позволяют им
конвертировать аспект Дигимона, соответствующий генам, в
электронные данные, состоящие из единиц и нулей. И даже хотя
Дигимоны также являются органическими формами жизни, они также
могут быть «скопированы» из-за этих данных, если соблюдены
определённые условия."
2,machine_phrase,данный/данные,Данные,ui/system,patch_text01,text/common_message.mbe/000_Sheet1.csv,122,1008,,,Данные {n0}
2,machine_phrase,данный/данные,Данные,ui/system,patch_text01,text/common_message.mbe/000_Sheet1.csv,127,1013,,,Данные
2,machine_phrase,данный/данные,данных,ui/system,patch_text01,text/common_message.mbe/000_Sheet1.csv,507,19071,,,Соглашение об использовании данных ({d0})
2,machine_phrase,данный/данные,Данные,ui/system,patch_text01,text/common_message.mbe/000_Sheet1.csv,918,icon_info_description_02_02,,,Атрибут (Данные)
2,machine_phrase,данный/данные,Данные,ui/system,patch_text01,text/common_message.mbe/000_Sheet1.csv,1110,ui_end_demo_0030,,,"Данные сохранения из демоверсии можно перенести в полную
версию игры.

— История об узах людей и дигимонов, охватывающая разные миры
и преодолевающая границы времени и пространства. —

Узнайте продолжение этой захватывающей истории в полной версии."
2,machine_phrase,данный/данные,Данные,ui/system,patch_text01,text/common_message.mbe/000_Sheet1.csv,1085,ui_sort_0060,,,Атрибут (Данные)
2,machine_phrase,данный/данные,данные,ui/system,patch_text01,text/info_message.mbe/000_Sheet1.csv,4,1005,,,Недостаточно свободного места. Удалите или перезапишите сохранённые данные.
2,machine_phrase,данный/данные,данные,ui/system,patch_text01,text/info_message.mbe/000_Sheet1.csv,5,1006,,,Недостаточно свободного места. Удалите или перезапишите другие сохранённые данные.
2,machine_phrase,данный/данные,данных,ui/system,patch_text01,text/info_message.mbe/000_Sheet1.csv,11,1012,,,Удаление сохранённых данных...
2,machine_phrase,данный/данные,данных,ui/system,patch_text01,text/info_message.mbe/000_Sheet1.csv,31,1400,,,Проверка системных данных...
2,machine_phrase,данный/данные,данные,ui/system,patch_text01,text/info_message.mbe/000_Sheet1.csv,91,2921,,,Не удается загрузить данные.
2,machine_phrase,данный/данные,данные,ui/system,patch_text01,text/info_message.mbe/000_Sheet1.csv,240,90000,,,Игровые данные устанавливаются. Дождитесь завершения установки.
2,machine_phrase,данный/данные,данные,ui/system,patch_text01,text/info_message.mbe/000_Sheet1.csv,301,info_message_demo_02,,,Вы можете импортировать сохранённые данные из демо-версии в полную версию игры.
2,machine_phrase,данный/данные,данные,ui/system,patch_text01,text/info_message.mbe/000_Sheet1.csv,304,info_message_demo_05,,,"Этот режим позволяет пережить приключение в Центральном городе,
расположенном в центре Цифрового мира Илиады, а также
собирать и растить Дигимонов, сражаться с ними и исследовать Цифровой мир.

{fc9В этом режиме нет функции сохранения, а данные нельзя импортировать в полную версию.}"
2,machine_phrase,данный/данные,данные,ui/system,patch_text01,text/info_message.mbe/000_Sheet1.csv,305,info_message_demo_06,,,"Вы пытаетесь перезаписать сохранённые данные, которые можно импортировать в полную версию игры, сохранёнными данными «Пробной версии приключения в Центральном городе». Сохраните данные в другой слот. Если свободных слотов нет, удалите другие данные, чтобы освободить место."
2,machine_phrase,данный/данные,данные,ui/system,patch_text01,text/info_message.mbe/000_Sheet1.csv,306,info_message_demo_07,,,На этом демо-версия завершена. Примечание: данные сохранения из демо-версии можно импортировать в полную версию игры.
2,machine_phrase,данный/данные,данных,ui/system,patch_text01,text/info_message.mbe/000_Sheet1.csv,275,info_message_dlc_disable,,,"Не найден {pf(контент дополнений/контент дополнений/загружаемый контент/загружаемый контент)}, присутствующий в данных сохранения.
Скачайте или приобретите следующий контент повторно.

{fc9{d0}}

*Если загрузка уже идёт, дождитесь её завершения."
2,machine_phrase,данный/данные,данных,ui/system,patch_text01,text/info_message.mbe/000_Sheet1.csv,276,info_message_dlc_disable_01,,,"Не найден {pf(контент дополнений/контент дополнений/загружаемый контент/загружаемый контент)}, присутствующий в данных сохранения.

Возврат к титульному экрану."
2,machine_phrase,данный/данные,данные,ui/system,patch_text01,text/info_message.mbe/000_Sheet1.csv,248,info_message_load_error_01,,,Сохранённые данные повреждены.
2,machine_phrase,данный/данные,данные,ui/system,patch_text01,text/info_message.mbe/000_Sheet1.csv,249,info_message_load_error_02,,,Сохранённые данные других пользователей не могут быть загружены.
2,machine_phrase,данный/данные,данных,ui/system,patch_text01,text/info_message.mbe/000_Sheet1.csv,242,info_message_save_error_01,,,"Недостаточно свободного места для сохранения данных. Пожалуйста, освободите немного места и попробуйте еще раз."
2,machine_phrase,данный/данные,данных,ui/system,patch_text01,text/info_message.mbe/000_Sheet1.csv,243,info_message_save_error_02,,,"Недостаточно свободного места для сохранения данных. Пожалуйста, освободите немного места и попробуйте еще раз."
2,machine_phrase,данный/данные,данные,ui/system,patch_text01,text/info_message.mbe/000_Sheet1.csv,244,info_message_save_error_03,,,Невозможно перезаписать сохранённые данные других пользователей.
2,machine_phrase,данный/данные,данных,ui/system,patch_text01,text/info_message.mbe/000_Sheet1.csv,247,info_message_save_error_06,,,Список сохранённых данных поврежден.
2,machine_phrase,данный/данные,данными,ui/system,patch_text01,text/info_message.mbe/000_Sheet1.csv,239,info_message_title_clear,,,"Открыт режим {fc9Новая игра+}!

Теперь вы можете начать игру заново с текущими данными.
Кроме того, стали доступны уровни сложности {fc9Мега} и {fc9Мега+}."
2,machine_phrase,данный/данные,данные,ui/system,patch_text01,text/info_message.mbe/000_Sheet1.csv,299,info_message_transfer_01,,,"Ваши сохранённые данные успешно импортированы. Если вы хотите продолжить игру в демо-версии, выберите ""Продолжить"" на титульном экране."
2,machine_phrase,данный/данные,данные,ui/system,patch_text01,text/yes_no_message.mbe/000_Sheet1.csv,2,1000,,,Перезаписать сохранённые данные?
2,machine_phrase,данный/данные,данные,ui/system,patch_text01,text/yes_no_message.mbe/000_Sheet1.csv,4,1002,,,"Удалить эти данные сохранения?

{fc2Примечание: это действие невозможно отменить.}"
2,machine_phrase,данный/данные,данные,ui/system,patch_text01,text/yes_no_message.mbe/000_Sheet1.csv,6,1004,,,"Вернуться к главному экрану?

{fc2Примечание: все несохранённые данные будут утеряны.}"
2,machine_phrase,данный/данные,данных,ui/system,patch_text01,text/yes_no_message.mbe/000_Sheet1.csv,126,yesno_demo_0010,,,"Это завершит демо-версию без сохранения твоих данных.

Продолжить?
Примечание: сохранённые данные из демо-версии можно
импортировать в полную версию игры."
2,machine_phrase,данный/данные,данные,ui/system,patch_text01,text/yes_no_message.mbe/000_Sheet1.csv,112,yesno_systemmenu_0010,,,"Хотите выйти из игры?

{fc2Примечание: все несохранённые данные будут утеряны.}"
2,machine_phrase,данный/данные,данные,ui/system,patch_text01,text/yes_no_message.mbe/000_Sheet1.csv,125,yesno_taransfer_0010,,,"Обнаружены данные сохранения из демо-версии.
Импортировать их и начать новую игру?

{fc9Существующие данные сохранения полной версии
будут перезаписаны.}"
2,machine_phrase,данный/данные,данные,ui/system,patch_text01,text/yes_no_message.mbe/000_Sheet1.csv,110,yesno_title_0020,,,"Перенести следующие данные и начать игру заново?

{fc9Уровни сканирования дигимонов
Навыки агента
Очки аномалий
Предметы (кроме ключевых)
Деньги
Карты}"
