category,root,relative_path,row_id,line,detail,text
english:mixed,patch_text01,message/arena01.mbe/000_Sheet1.csv,arena01_m320_010_020,228,SDGP,"Потрясающе! Это первое появление чемпиона из Материального мира!
Как продержится чемпион SDGP?!"
english:mixed,patch_text01,message/arena01.mbe/000_Sheet1.csv,arena01_m320_010_060,234,SDGP,Победителем становится... команда-чемпион SDGP!
english:mixed,patch_text01,message/arena01.mbe/000_Sheet1.csv,arena01_m320_020_020,236,SDGP,Наконец-то чемпион SDGP здесь! Приготовьтесь удивляться!
english:mixed,patch_text01,message/arena01.mbe/000_Sheet1.csv,arena01_m320_020_060,242,SDGP,Победителем становится... команда-чемпион SDGP!
machine:calque,patch_text01,message/arena01.mbe/000_Sheet1.csv,arena01_m320_030_030,245,являет,"Он горит так яростно, что заставляет забыть прошлое! Страж
Парадиз Колизея появляется в своем огненном облике!"
english:mixed,patch_text01,message/arena01.mbe/000_Sheet1.csv,arena01_m320_030_060,250,SDGP,Победителем становится... команда-чемпион SDGP!
english:mixed,patch_text01,message/arena01.mbe/000_Sheet1.csv,arena01_m320_040_060,257,SDGP,Победителем становится... команда-чемпион SDGP!
machine:calque,patch_text01,message/battle.mbe/000_Sheet1.csv,1200020054,232,осуществ,Таков был мой великий замысел... И теперь он осуществился!
machine:calque,patch_text01,message/d02.mbe/000_Sheet1.csv,f_d0201_0020_0060,9,являет,"Ходят слухи, что в этих краях появляется много Титанов. Это
правда?"
machine:calque,patch_text01,message/d02.mbe/000_Sheet1.csv,f_d0201_0050_0010,15,новичок,"Привет. Не видел тебя раньше в этих краях. Полагаю, ты
новичок... Первый раз в городе?"
machine:calque,patch_text01,message/d02.mbe/000_Sheet1.csv,f_d0201_850_0020,232,являет,"Обычно он такой невинный, но потом, когда приходит время
выходить, появляется сталь! * вздох * От него мне хочется расплавиться!"
machine:calque,patch_text01,message/d02.mbe/000_Sheet1.csv,f_d0202_0030_0030,289,новичок,"Хехехе. Если это не любимый новичок каждого. Я слышал, ты
проявил больше героизма."
machine:calque,patch_text01,message/d02.mbe/000_Sheet1.csv,f_d0204_0480_0010,695,являет,"Ого, появляется Великий Страж. Благодаря тебе мы вернули
таверну."
machine:calque,patch_text01,message/d04.mbe/000_Sheet1.csv,f_d0404_0080_0040,152,новичок,"Что? Я думаю, тот новичок, Леомон, намного симпатичнее."
machine:calque,patch_text01,message/d05.mbe/000_Sheet1.csv,f_d0501_0350_0010,163,На данный момент,На данный момент в отеле нет свободных номеров. Нам очень жаль.
machine:calque,patch_text01,message/d05.mbe/000_Sheet1.csv,f_d0513_0070_0040,579,являются,"Удовольствие от борьбы как вида спорта, радость от того, что на
лицах зрителей появляются улыбки, — всему этому я научился, сражаясь с тобой."
english:mixed,patch_text01,message/d06.mbe/000_Sheet1.csv,f_d0604_0300_0020,213,VIP,Серьёзно? Что это за VIP-сервис?
english:mixed,patch_text01,message/d09.mbe/000_Sheet1.csv,f_d0904_0220_0020,386,Kamedical,"Теперь я лидер команды Kamedical — медотряда,
который поддерживает леди Венусмон!"
english:mixed,patch_text01,message/d09.mbe/000_Sheet1.csv,f_d0904_0610_0020,519,SAT,"Асуна не единственная, кто участвует в поиске и спасении.
Похоже, D-SAT вспомнили, зачем они существуют."
machine:calque,patch_text01,message/d09.mbe/000_Sheet1.csv,f_d0905_0080_0130,583,являются,"Они тоже являются проявлением Хроник Акаши — убийцами,
созданными для уничтожения незваных гостей вроде нас!"
machine:calque,patch_text01,message/d12.mbe/000_Sheet1.csv,f_d1204_0150_0010,33,новичок,"О! Эй! Ты, там! Разве ты не тот большой новичок из далеких
времен?!"
english:mixed,patch_text01,message/d12.mbe/000_Sheet1.csv,f_d1205_0350_0020,251,SAT,"Я слышал, D-SAT уже начали действовать.
За подробностями обратись к доктору Симмонс."
machine:calque,patch_text01,message/d12.mbe/000_Sheet1.csv,f_d1206_0040_0030,262,осуществ,"Я... хотел найти способ сосуществовать с дигимонами. А когда
познакомился с ними поближе, узнал обо всем, что вы сделали восемь лет назад."
layout:long_line,patch_text01,message/d13.mbe/000_Sheet1.csv,f_d1301_0080_0020,36,131 chars,"""... Новые идентификаторы не могут быть выданы во время
чрезвычайной ситуации. Идентификатор восстановления хранится на запоминающем устройстве, подключенном к администратору Дигимон ..."""
machine:calque,patch_text01,message/d13.mbe/000_Sheet1.csv,f_d1301_0180_0010,60,Относительно,"Там есть пометка: ""Относительно хранения важных документов""."
layout:long_line,patch_text01,message/d13.mbe/000_Sheet1.csv,f_d1301_0300_0030,98,118 chars,"""Справочные документы: отчеты о проделанной работе, планы
обеспечения безопасности и список ресторанов, в которых используются контейнеры, пригодные для вторичной переработки""."
machine:calque,patch_text01,message/d13.mbe/000_Sheet1.csv,f_d1301_0430_0010,118,являет,"На экране появляется документ: ""Исследование моего
предшественника о социальных волнениях и аномальных явлениях""."
machine:calque,patch_text01,message/d13.mbe/000_Sheet1.csv,f_d1301_0440_0030,125,являются,"""Таким образом, являются ли Дигимоны нашим проклятием, сеющим
разрушение и хаос? Или, наоборот, они наше спасение во времена бедствий?"""
machine:calque,patch_text01,message/d13.mbe/000_Sheet1.csv,f_d1301_0450_0020,127,являются,"""Если дигимоны являются частью иммунной реакции мира на кризис,
тогда почему эти враждебные Дигимоны стали нападать на людей?"""
machine:calque,patch_text01,message/d14.mbe/000_Sheet1.csv,f_d1407_0050_0030,48,являлся,"Но о нём мало кто знает: он редко появлялся на публике
и отказался от всех прав на свои разработки..."
machine:calque,patch_text01,message/digimon_chat.mbe/000_Sheet1.csv,justi_001_1_reaction_char_JUSTIMON,1957,являюсь,"Он просто обвит вокруг моей шеи. В конце концов,
я появляюсь и исчезаю, словно ветер."
machine:calque,patch_text01,message/digimon_chat.mbe/000_Sheet1.csv,ruches_001_4_reaction_char_LUCEMON_SM,2395,осуществ,"Конечно, тебе это не по силам. И все же нынешнее
сосуществование меня устраивает."
machine:calque,patch_text01,message/digimon_chat.mbe/000_Sheet1.csv,common031_1_replay,3930,с вашей стороны,Спасибо. Это очень любезно с вашей стороны.
english:mixed,patch_text01,message/dlc000.mbe/000_Sheet1.csv,dlc000_070_040,49,III,"Войти в Акашический бэкдор III?
{fc9*Сложность соответствует финалу основной истории.}"
english:mixed,patch_text01,message/field_text.mbe/000_Sheet1.csv,dummy_m210_0050,75,NPC,"Идентификатор события: m210_020 ""Помощь с барьером"" беседа с
NPC."
english:mixed,patch_text01,message/field_text.mbe/000_Sheet1.csv,dummy_m220_0020,83,VIP,"Идентификатор мероприятия: m220_010 ""VIP-зал в Промежуточном
кинотеатре"" (ранг B)"
english:mixed,patch_text01,message/field_text.mbe/000_Sheet1.csv,dummy_m310_0030,167,"Bearmon, Little, NPC","Идентификатор события: m310_020 Беседа NPC ""Little Bearmon""."
english:mixed,patch_text01,message/field_text.mbe/000_Sheet1.csv,dummy_m320_0080,182,"Makino, Marsmon",Идентификатор события: m320_060 Видео Marsmon's Makino
layout:long_line,patch_text01,message/field_text.mbe/000_Sheet1.csv,dummy_m430_0050,292,117 chars,"Идентификатор события: m430_040 ""Пространство Грейсеновамона и Реальный мир сливаются, в результате чего Объединенные
Аполломон и Дайанамон, а также Объединенные Главный герой и Юпитермон становятся разделенными"" (Ранг A)"
english:mixed,patch_text01,message/field_text.mbe/000_Sheet1.csv,dummy_m440_0027,297,XII,"Идентификатор события: m440_030 ""Олимпос XII встречается с
финальным боссом"" (ранг A)"
english:mixed,patch_text01,message/field_text.mbe/000_Sheet1.csv,dummy_m440_0037,305,"Olympus, XII","Идентификатор события: m440_??? ""Активация креста искусств
Olympus XII"" (ранг A)"
english:mixed,patch_text01,message/field_text.mbe/000_Sheet1.csv,dummy_m440_0060,308,XII,"Идентификатор события: m440_??? ""Объединение Олимпа XII
(рождение)"" (ранг A)"
english:mixed,patch_text01,message/field_text.mbe/000_Sheet1.csv,g_closet_0010_0010,517,Access,"(Заглушка) {pf(дополнение/дополнения/загружаемый контент/загружаемый контент)}
костюмы и прочее, распространяемые через Access."
machine:calque,patch_text01,message/field_text.mbe/000_Sheet1.csv,g_tutorial_1002_0030,967,являлся,"И все же мало кто знает о нем, во многом из-за его личности. Он
редко появлялся на публике, и все права на свои работы передал правительству и крупным корпорациям."
machine:calque,patch_text01,message/m090.mbe/000_Sheet1.csv,m090_010_060,6,являются,"Тем не менее, ты не можешь позволить эмоциям вмешиваться в это.
Инори Мисоно и Эгиомон сами являются аномалиями."
machine:calque,patch_text01,message/m090.mbe/000_Sheet1.csv,m090_080_090,85,являет,"Я пришла из Илиады, Цифрового мира, который вроде как является
параллельной вселенной к Материальному Миру, в котором вы живёте."
machine:calque,patch_text01,message/m140.mbe/000_Sheet1.csv,m140_020_080,56,касательно,"Существование Цифрового мира, возможно, даст несколько ответов
касательно таких феноменов."
machine:calque,patch_text01,message/m150.mbe/000_Sheet1.csv,m150_070_290,103,На данный момент,На данный момент добраться до нижнего уровня области невозможно!
machine:calque,patch_text01,message/m170.mbe/000_Sheet1.csv,m170_210_130,262,являет,"Если Течение - это действительно то, к чему стремятся Титаны,
то, по всей вероятности, их целью является—"
machine:calque,patch_text01,message/m210.mbe/000_Sheet1.csv,m210_050_050,157,являются,"Об таких явлениях известно мало. Мы можем лишь предполагать, что
они буквально являются нарушениями законов времени и пространства."
english:mixed,patch_text01,message/m230.mbe/000_Sheet1.csv,m230_020_280,55,SAT,"Если на тебя донесут в D-SAT, они схватят тебя, без лишних
вопросов, и отправят прямиком обратно в район."
english:mixed,patch_text01,message/m230.mbe/000_Sheet1.csv,m230_020_290,56,SAT,"«D-SAT» — это спецгруппа по борьбе с Дигимон. Они... Они очень
строгие и используют военную силу для сдерживания Дигимон."
english:mixed,patch_text01,message/m235.mbe/000_Sheet1.csv,m235_010_030,4,SAT,"Мы из D-SAT. Мы получили сообщения от граждан о Дигимонах за
пределами района."
english:mixed,patch_text01,message/m235.mbe/000_Sheet1.csv,m235_040_050,52,SAT,"У меня на конце провода было довольно суматошно. Меня вынудили
перевестись из офиса службы безопасности в D-SAT..."
machine:calque,patch_text01,message/m240.mbe/000_Sheet1.csv,m240_020_120,16,осуществ,"Естественно, я знаю, что есть другие, подобные вам, кто способен
сосуществовать с Дигимонами…"
machine:calque,patch_text01,message/m240.mbe/000_Sheet1.csv,m240_030_050,54,являет,"...и я слышал, что в Центральном городе есть Дигимон, который
является искусным целителем."
machine:calque,patch_text01,message/m250.mbe/000_Sheet1.csv,m250_035_100,50,являет,"Ах, точно! Разве вы не говорили, что ищете определённого
Дигимона, который является искусным целителем?"
english:mixed,patch_text01,message/m270.mbe/000_Sheet1.csv,m270_010_050,6,VIP,"Обычно это сила, граничащая с табу, но на этот раз, кажется, исключение.
Направляйтесь в VIP-комнату, там вас ждут ответы, которые вы ищете."
machine:calque,patch_text01,message/m280.mbe/000_Sheet1.csv,m280_090_050,106,являюсь,"И вот здесь появляюсь я. Плутомон послал меня сюда с секретной
миссией."
machine:calque,patch_text01,message/m285.mbe/000_Sheet1.csv,m285_030_130,37,осуществ,"Он прав. Полагаю, он мог бы осуществить практически всё, что
пожелает."
machine:calque,patch_text01,message/m285.mbe/000_Sheet1.csv,m285_040_030,44,Касательно,"Касательно нашего предыдущего обсуждения... АДАМАС достиг
консенсуса."
english:mixed,patch_text01,message/m310.mbe/000_Sheet1.csv,m310_010_050,6,SAT,"Взять, к примеру, D-SAT управления общественной безопасности.
Они такие бессердечные!"
machine:calque,patch_text01,message/m310.mbe/000_Sheet1.csv,m310_010_120,13,являет,"Мы только что установили, что Эгиомон является самым
значительным единичным фактором, угрожающим гомеостазу мира."
machine:calque,patch_text01,message/m310.mbe/000_Sheet1.csv,m310_010_130,14,являются,"Таким образом, Эгиомон и его партнёр-человек теперь являются
целями для ликвидации со стороны АДАМАСа."
machine:calque,patch_text01,message/m310.mbe/000_Sheet1.csv,m310_032_050,100,осуществ,"Создание аниме всегда было моей мечтой. Я скопила достаточно
денег, снимая видео... и осуществила эту мечту."
machine:calque,patch_text01,message/m320.mbe/000_Sheet1.csv,m320_025_040,31,являет,А в западном углу! Претендент появляется эффектно!
english:mixed,patch_text01,message/m330.mbe/000_Sheet1.csv,m330_010_165,22,SAT,"Я слышал о подозрительной активности среди людей. Похоже, у
D-SAT есть какой-то заговор."
machine:calque,patch_text01,message/m330.mbe/000_Sheet1.csv,m330_080_131,70,На данный момент,На данный момент только ты можешь его убедить.{next}
machine:calque,patch_text01,message/m350.mbe/000_Sheet1.csv,m350_020_060,23,являются,"Титаны появляются в небе над зданием правительства. Затем
оставшиеся силы Меркуримона вступают с ними в бой."
machine:calque,patch_text01,message/m350.mbe/000_Sheet1.csv,m350_120_050,78,на данный момент,"Признаю, мне тоже интересно... Однако, на данный момент,
позвольте мне просто сделать это заявление."
machine:calque,patch_text01,message/m410.mbe/000_Sheet1.csv,m410_100_100,119,осуществ,"...Эгиомон был создан Хрономоном как ""запасная шестерёнка"" для
осуществления его конечной цели."
machine:calque,patch_text01,message/m410.mbe/000_Sheet1.csv,m410_110_130,137,являет,"...всё является частью ритуала для тебя, чтобы стать Хранителем
Времени."
machine:calque,patch_text01,message/m420.mbe/000_Sheet1.csv,m420_010_183,24,являет,"...оно тоже теперь является воплощением горького гнева
Хрономона. Ядро Дигимона было установлено по этой причине."
machine:calque,patch_text01,message/m420.mbe/000_Sheet1.csv,m420_010_230,27,являет,"Если война сама по себе является целью... тогда Хрономону,
вероятно, всё равно, гибнут ли Дигимоны или люди."
english:mixed,patch_text01,message/m440.mbe/000_Sheet1.csv,m440_150_140,182,XII,"Однако даже его гибель от рук Олимпос XII была частью
грандиозного замысла Хрономона."
english:mixed,patch_text01,message/m450.mbe/000_Sheet1.csv,m450_010_030,7,XII,"И пусть имена тех, кто поддерживает меня в моей клятве, Олимпос
XII..."
machine:calque,patch_text01,message/rumor_npc.mbe/000_Sheet1.csv,r_h0220_0010_0010,760,новичок,"Подойдите сюда, если вы
новичок в повышении уровня!"
machine:calque,patch_text01,message/s010_156.mbe/000_Sheet1.csv,s010_156_550,74,осуществ,"В то время это была одна из теорий, но из-за отсутствия кратера
или каких-либо других свидетельств она просуществовала недолго."
machine:calque,patch_text01,message/s020_013.mbe/000_Sheet1.csv,s020_013_490,68,удовлетворен,"Что ж, хотя я сомневаюсь, что Венусмон понял выражение моей
благодарности, я удовлетворен."
machine:calque,patch_text01,message/s030_029.mbe/000_Sheet1.csv,s030_029_360,51,удовлетворен,"Выполнив свой долг сегуна, я удовлетворен, глурп. В деревню,
глурп!"
machine:calque,patch_text01,message/s050_152.mbe/000_Sheet1.csv,s050_152_130,18,на данный момент,"Это не обязательно так, но на данный момент сила важнее
привлекательности."
machine:calque,patch_text01,message/s050_176.mbe/000_Sheet1.csv,s050_176_440,55,являет,"Мы сражались с таким могучим воином, как ты, и все же мы
выстояли. Это само по себе является доказательством нашего мужества!"
machine:calque,patch_text01,message/s090_072.mbe/000_Sheet1.csv,s090_072_090,10,осуществ,"Ты движешься в правильном направлении, так что продолжай.
У тебя хватит сил осуществить свою мечту."
english:mixed,patch_text01,message/s090_072.mbe/000_Sheet1.csv,s090_072_640,76,AltaVision,"Следующий находится рядом с Синдзюку AltaVision. Кто-то
разговаривает с ними... Хм, флиртует ... ?!"
english:mixed,patch_text01,message/s090_072.mbe/000_Sheet1.csv,s090_072_660,78,"Expo, Home","Привет, милашка! Хочешь спланировать свое будущее в выставочном
центре Home Expo вместе со мной?"
machine:calque,patch_text01,message/s100_088.mbe/000_Sheet1.csv,s100_088_070,10,являюсь,"Другими словами, как и король Драсил, я являюсь хранителем мира,
отдельного от этого."
machine:calque,patch_text01,message/s110_098.mbe/000_Sheet1.csv,s110_098_110,14,являет,"Альфамон, который занимает пустое место Королевских рыцарей!
Теперь появляется редко... Но почему?"
machine:calque,patch_text01,message/s110_101.mbe/000_Sheet1.csv,s110_101_600,73,являет,"Место добычи полезных ископаемых, о котором я упоминал, является
опасным местом, где в последнее время произошло множество краж."
machine:calque,patch_text01,message/s110_102.mbe/000_Sheet1.csv,s110_102_210,24,на данный момент,"... несмотря на то, что на данный момент у меня достаточно руды,
хрондигизойтовая руда по-прежнему остается очень редким материалом."
machine:calque,patch_text01,message/s110_103.mbe/000_Sheet1.csv,s110_103_530,63,На данный момент,"Правильно ли я поступил? На данный момент это все предположения.
В любом случае, это для тебя."
machine:calque,patch_text01,message/s110_108.mbe/000_Sheet1.csv,s110_108_080,13,являюсь,...являюсь тем... Я есмь...
machine:calque,patch_text01,message/s110_108.mbe/000_Sheet1.csv,s110_108_270,34,новичок,"Я новичок в этом мире и изо всех сил пытаюсь вернуться к
нормальной жизни. Ты знаешь способ?"
machine:calque,patch_text01,message/s110_113.mbe/000_Sheet1.csv,s110_113_330,39,на данный момент,Хорошо! Ваш счет на данный момент составляет 48 000 диги! ♪
machine:calque,patch_text01,message/s200_146.mbe/000_Sheet1.csv,s200_146_120,17,являет,"Вы приобрели эту форму на незаконном аукционе? Незаконное
использование снаряжения государственного образца является серьезным правонарушением..."
english:mixed,patch_text01,message/s200_149.mbe/000_Sheet1.csv,s200_149_080,11,SAT,"""Проникни в машину D-SAT сегодня ночью. Я сообщу тебе точное
местоположение позже""."
english:mixed,patch_text01,message/s200_149.mbe/000_Sheet1.csv,s200_149_430,54,SAT,"Давай посмотрим... ""Теперь иди в парк Синдзюку и сядь там в
автомобиль D-SAT""?!"
english:mixed,patch_text01,message/s200_149.mbe/000_Sheet1.csv,s200_149_510,64,SAT,"Да, вот и наш автомобиль, как и ожидалось! Это определенно
автомобиль D-SAT."
english:mixed,patch_text01,message/s200_149.mbe/000_Sheet1.csv,s200_149_800,94,Edion,"Так удобно, что здесь также продаются продукты питания и
канцелярские принадлежности. Но мы говорим не об Edion!"
english:mixed,patch_text01,message/s200_149.mbe/000_Sheet1.csv,s200_149_1130,131,SAT,Возни с автомобилем D-SAT для меня достаточно на один день.
layout:long_line,patch_text01,message/s910_171.mbe/000_Sheet1.csv,s910_171_930,104,152 chars,"Мы из службы общественной безопасности не спускаем глаз с лаборатория «Гениус». Ходят слухи, что они занимаются незаконными генетическими модификациями."
machine:calque,patch_text01,message/t01.mbe/000_Sheet1.csv,f_t0103_0080_0040,96,ОСУЩЕСТВ,ОДНАКО ОНО ТАКЖЕ СТАЛО ОДНИМ ИЗ ПУТЕЙ К СОСУЩЕСТВОВАНИЮ.
machine:calque,patch_text01,message/t01.mbe/000_Sheet1.csv,f_t0103_0130_0010,117,относительно,"Фух. Слава богу, что Дигимоны, сбежавшие из района, были
относительно не агрессивны."
machine:calque,patch_text01,message/t01.mbe/000_Sheet1.csv,f_t0108_0020_0040,169,являет,"Говорят, она внезапно появляется там, где раньше не было двери,
и засасывает людей внутрь!"
machine:calque,patch_text01,message/t30.mbe/000_Sheet1.csv,f_t3001_0150_0020,51,являет,"Эта сила проявляется в ключевых точках истории, точках, которые
можно назвать «сингулярностями»."
english:mixed,patch_text01,text/bgm_name.mbe/000_Sheet1.csv,508,61,Adventure,Цель～Акаи Шугеки～ (Из Digimon Adventure 02)
english:mixed,patch_text01,text/bgm_name.mbe/000_Sheet1.csv,509,62,Adventure,Расстаемся! (Из Digimon Adventure 02)
english:mixed,patch_text01,text/bgm_name.mbe/000_Sheet1.csv,510,63,Tamers,Самый Большой мечтатель (От Digimon Tamers)
english:mixed,patch_text01,text/bgm_name.mbe/000_Sheet1.csv,511,64,Tamers,УДАР!! (От Digimon Tamers)
english:mixed,patch_text01,text/bgm_name.mbe/000_Sheet1.csv,513,66,Frontier,С Завещанием (Из Digimon Frontier)
english:mixed,patch_text01,text/bgm_name.mbe/000_Sheet1.csv,514,67,Savers,Гоуинг! Ухожу! Душа моя!! (От Digimon Savers - Digimon Savers)
english:mixed,patch_text01,text/bgm_name.mbe/000_Sheet1.csv,515,68,Savers,Верующий (От Digimon Savers - Digimon Savers)
english:mixed,patch_text01,text/bgm_name.mbe/000_Sheet1.csv,516,69,"Battles, Wars, Xros",Небагиба! (Из Digimon Xros Wars - Битв Digimon Xros Wars Battles)
english:mixed,patch_text01,text/bgm_name.mbe/000_Sheet1.csv,517,70,"Battles, Wars, Xros",МЫ - сердце Xros! (Из Digimon Xros Wars - Digimon Xros Wars Battles)
english:mixed,patch_text01,text/bgm_name.mbe/000_Sheet1.csv,519,72,Adventure,Разорвать цепь (Из Digimon Adventure:)
english:mixed,patch_text01,text/bgm_name.mbe/000_Sheet1.csv,520,73,Ghost,ФРАКЦИЯ (Из игры Digimon Ghost)
english:mixed,patch_text01,text/bgm_name.mbe/000_Sheet1.csv,521,74,Ghost,Первые всадники (Из игры Digimon Ghost)
english:mixed,patch_text01,text/bgm_name.mbe/000_Sheet1.csv,523,76,Sleuth,Мчащийся через Коулун (От Cyber Sleuth)
english:mixed,patch_text01,text/bgm_name.mbe/000_Sheet1.csv,524,77,Sleuth,ЦИФРОВАЯ ЛАБОРАТОРИЯ (От Cyber Sleuth)
english:mixed,patch_text01,text/bgm_name.mbe/000_Sheet1.csv,528,81,Sleuth,ЦИФРОВЫЕ ВОЙНЫ (От Cyber Sleuth)
english:mixed,patch_text01,text/bgm_name.mbe/000_Sheet1.csv,529,82,Sleuth,Песня Победителя (из Cyber Sleuth)
english:mixed,patch_text01,text/bgm_name.mbe/000_Sheet1.csv,530,83,Sleuth,"Подключайся, прыгай! (От Cyber Sleuth)"
english:mixed,patch_text01,text/bgm_name.mbe/000_Sheet1.csv,531,84,Sleuth,День в определенном детективном агентстве (От Cyber Sleuth)
english:mixed,patch_text01,text/bgm_name.mbe/000_Sheet1.csv,533,86,Sleuth,ХОУП СТЕР (Из Cyber Sleuth)
english:mixed,patch_text01,text/bgm_name.mbe/000_Sheet1.csv,534,87,Sleuth,Блуждающий в Майохиге (Из Cyber Sleuth)
english:mixed,patch_text01,text/bgm_name.mbe/000_Sheet1.csv,540,93,Sleuth,Избавление от грусти (От Cyber Sleuth)
english:mixed,patch_text01,text/bgm_name.mbe/000_Sheet1.csv,543,96,"DIGIFARM, Sleuth",DIGIFARM (от Cyber Sleuth)
english:mixed,patch_text01,text/bgm_name.mbe/000_Sheet1.csv,544,97,Sleuth,Добро пожаловать в это Замечательное пространство (От Cyber Sleuth)
english:mixed,patch_text01,text/bgm_name.mbe/000_Sheet1.csv,548,101,Sleuth,Что-то разрушающее (От Cyber Sleuth)
english:mixed,patch_text01,text/bgm_name.mbe/000_Sheet1.csv,551,104,Sleuth,ЗАКЛЮЧИТЕЛЬНАЯ ФАЗА (От Cyber Sleuth)
english:mixed,patch_text01,text/bgm_name.mbe/000_Sheet1.csv,555,108,Sleuth,ПРОТИВОСТОЯТЬ ВРАГУ (Из Cyber Sleuth)
english:mixed,patch_text01,text/bgm_name.mbe/000_Sheet1.csv,560,113,Sleuth,ДУХОВНЫЙ МАЛЬЧИК (Из Cyber Sleuth)
english:mixed,patch_text01,text/bgm_name.mbe/000_Sheet1.csv,564,117,Sleuth,По-НАСТОЯЩЕМУ Популярная девушка (Из Cyber Sleuth)
english:mixed,patch_text01,text/bgm_name.mbe/000_Sheet1.csv,567,120,Sleuth,ГЛУБОКАЯ ЭМОЦИЯ (От Cyber Sleuth)
english:mixed,patch_text01,text/bgm_name.mbe/000_Sheet1.csv,568,121,Sleuth,ХАКЕРСКАЯ ГОРДОСТЬ (От Cyber Sleuth)
english:mixed,patch_text01,text/bgm_name.mbe/000_Sheet1.csv,570,123,Sleuth,Эфемерная Колибри (от Cyber Sleuth)
english:mixed,patch_text01,text/bgm_name.mbe/000_Sheet1.csv,576,129,Sleuth,КОРОЛЕВСКИЕ РЫЦАРИ (Из Cyber Sleuth)
english:mixed,patch_text01,text/bgm_name.mbe/000_Sheet1.csv,579,132,Sleuth,Ожидаемый Новый мир (От Cyber Sleuth)
english:mixed,patch_text01,text/bgm_name.mbe/000_Sheet1.csv,581,134,Sleuth,Переустановка (от Cyber Sleuth)
english:mixed,patch_text01,text/bgm_name.mbe/000_Sheet1.csv,598,151,Sleuth,КИБЕР-СЫЩИК (от Cyber Sleuth)
layout:long_line,patch_text01,text/buff_message.mbe/000_Sheet1.csv,114,114,201 chars,"{d0} излечен от {is28}{image(ui_icon_btlStatus_000)} отравления, {is28}{image(ui_icon_btlStatus_002)} смятения, {is28}{image(ui_icon_btlStatus_003)} паралича и {is28}{image(ui_icon_btlStatus_004)} сна!"
layout:long_line,patch_text01,text/buff_message.mbe/000_Sheet1.csv,100114,250,201 chars,"{d0} излечен от {is28}{image(ui_icon_btlStatus_000)} отравления, {is28}{image(ui_icon_btlStatus_002)} смятения, {is28}{image(ui_icon_btlStatus_003)} паралича и {is28}{image(ui_icon_btlStatus_004)} сна!"
english:mixed,patch_text01,text/char_name.mbe/000_Sheet1.csv,char_KOKUWAMON_AUN,701,amp,Кокувамон А &amp
machine:calque,patch_text01,text/common_message.mbe/000_Sheet1.csv,ui_launch_0010,857,являет,"Эта игра является оригинальным художественным произведением.
Любое сходство с реальными странами, местами действия, людьми,
предприятиями, организациями или происшествиями является случайным."
layout:long_line,patch_text01,text/common_message.mbe/000_Sheet1.csv,ui_end_demo_0020,1109,149 chars,"На этом демо-версия игры завершается. История о связи между людьми и дигимонами простирается сквозь миры, преодолевая границы времени и пространства."
english:mixed,patch_text01,text/common_message.mbe/000_Sheet1.csv,dlc_name_03,1114,"Anti, ParadoX",Дополнительный набор дигимонов и эпизодов 3: Anti-ParadoX
layout:long_line,patch_text01,text/common_message.mbe/000_Sheet1.csv,dlc_name_06,1116,137 chars,"Особый Агумон, способный эволюционировать в Агумона (Узы храбрости), и особый Габумон, способный эволюционировать в Габумона (Узы дружбы)"
english:mixed,patch_text01,text/common_message.mbe/000_Sheet1.csv,dlc_name_08,1118,Sleuth,Набор фоновой музыки Cyber Sleuth
english:mixed,patch_text01,text/common_message.mbe/000_Sheet1.csv,dlc_name_12,1121,Sleuth,Набор костюмов Cyber Sleuth
english:full,patch_text01,text/common_message_dx11.mbe/000_Sheet1.csv,1900036,83,Esc,Esc
english:full,patch_text01,text/common_message_dx11.mbe/000_Sheet1.csv,1900067,114,Home,Home
english:full,patch_text01,text/common_message_dx11.mbe/000_Sheet1.csv,1900068,115,End,End
english:full,patch_text01,text/common_message_dx11.mbe/000_Sheet1.csv,1900069,116,PgUp,PgUp
english:full,patch_text01,text/common_message_dx11.mbe/000_Sheet1.csv,1900070,117,PgDn,PgDn
english:full,patch_text01,text/common_message_dx11.mbe/000_Sheet1.csv,1900071,118,Ins,Ins
english:full,patch_text01,text/common_message_dx11.mbe/000_Sheet1.csv,1900072,119,Del,Del
english:full,patch_text01,text/common_message_dx11.mbe/000_Sheet1.csv,1900073,120,Num,Num  1
english:full,patch_text01,text/common_message_dx11.mbe/000_Sheet1.csv,1900074,121,Num,Num   2
english:full,patch_text01,text/common_message_dx11.mbe/000_Sheet1.csv,1900075,122,Num,Num   3
english:full,patch_text01,text/common_message_dx11.mbe/000_Sheet1.csv,1900076,123,Num,Num   4
english:full,patch_text01,text/common_message_dx11.mbe/000_Sheet1.csv,1900077,124,Num,Num   5
english:full,patch_text01,text/common_message_dx11.mbe/000_Sheet1.csv,1900078,125,Num,Num   6
english:full,patch_text01,text/common_message_dx11.mbe/000_Sheet1.csv,1900079,126,Num,Num   7
english:full,patch_text01,text/common_message_dx11.mbe/000_Sheet1.csv,1900080,127,Num,Num   8
english:full,patch_text01,text/common_message_dx11.mbe/000_Sheet1.csv,1900081,128,Num,Num   9
english:full,patch_text01,text/common_message_dx11.mbe/000_Sheet1.csv,1900082,129,Num,Num  0
english:full,patch_text01,text/common_message_dx11.mbe/000_Sheet1.csv,1900083,130,Num,Num  /
english:full,patch_text01,text/common_message_dx11.mbe/000_Sheet1.csv,1900084,131,Num,Num   *
english:full,patch_text01,text/common_message_dx11.mbe/000_Sheet1.csv,1900085,132,Num,Num  -
english:full,patch_text01,text/common_message_dx11.mbe/000_Sheet1.csv,1900086,133,Num,Num   +
english:full,patch_text01,text/common_message_dx11.mbe/000_Sheet1.csv,1900088,135,Num,Num   .
english:full,patch_text01,text/common_message_dx11.mbe/000_Sheet1.csv,1900089,136,Ctrl,Ctrl.
english:full,patch_text01,text/common_message_dx11.mbe/000_Sheet1.csv,1900090,137,Ctrl,.Ctrl
english:full,patch_text01,text/common_message_dx11.mbe/000_Sheet1.csv,1900099,146,Alt,Alt.
english:full,patch_text01,text/common_message_dx11.mbe/000_Sheet1.csv,1900100,147,Alt,.Alt
english:full,patch_text01,text/common_message_dx11.mbe/000_Sheet1.csv,1901004,185,FXAA,FXAA
english:full,patch_text01,text/common_message_dx11.mbe/000_Sheet1.csv,1901005,186,MSAA,MSAA
english:full,patch_text01,text/common_message_dx11.mbe/000_Sheet1.csv,1901006,187,TAA,TAA
english:full,patch_text01,text/common_message_dx11.mbe/000_Sheet1.csv,1901307,224,Debug,(Debug) 1720 x 720 (21:9)
english:full,patch_text01,text/common_message_dx11.mbe/000_Sheet1.csv,1901319,236,"Debug, Deck, Simulation",(Debug) Steam Deck Simulation
english:mixed,patch_text01,text/digimon_profile.mbe/000_Sheet1.csv,digimon_0019_profile,17,"DORU, Din","Воображаемый дигимон, рожденный из мечты
ДигиЯдра. Интерфейс на лбу Доругорамона
чудесным образом разблокировал творческую силу
его собственного ДигиЯдра, заставив его
эволюционировать в эту форму. Возможно,
потому что это ДигиЯдро уже содержало мощные
данные дракона, форма, которую оно выдумало,
была воплощением мощного разрушения и самого
воплощения «заклятого врага». Доругорамон
использует свое особый приём «Брэйв
Метал», чтобы обрушить ужасную атаку всей мощью
тела и души, и «DORU-Din», чтобы выпустить
разрушительную ударную волну."
machine:calque,patch_text01,text/digimon_profile.mbe/000_Sheet1.csv,digimon_0026_profile,23,являет,"Грейдемон — дигимон-воин, известный как
«Золотой Метеор» из-за храброго способа,
которым он прорывается через авангард врага.
Он демонстрирует пылающую скорость, используя
«Близнецовый Клинок Короля Драконов» в
тандеме, но правда в том, что мечи несут
неудержимое проклятие, заставляющее владельца
впадать в берсерк. Хотя в целом не такой
мощный, считается, что мастерство Грейдемона в
владении мечом превосходит мастерство
ЛордНайтмона из Королевских Рыцарей. Синий
плащ, который носит Грейдемон, также является
знаком чести, пожалованным за его заслуги во
многих битвах. Его особый приём —
«Кросс Блейд», быстрая мечевая техника,
которая рассекает врага крестообразным узором."
machine:calque,patch_text01,text/digimon_profile.mbe/000_Sheet1.csv,digimon_0028_profile,25,являет,"Мутантный дигимон, который действует как босс
Мамемонов, и иногда упоминается как
«Улыбающийся Бомбардир». Некоторые полагают,
что БигМамемон на самом деле является
агрегацией Мамемонов. Хотя обычные Мамемоны
примерно того же размера, что и дигимоны на
стадии Обучения, они обладают большей силой в
своих маленьких телах, чем кажется.
БигМамемон, с другой стороны, оправдывает свое
имя, будучи в десятки, если не в сотни раз
крупнее своих меньших собратьев. При таком
размере неясно, почему его все еще называют
«Мамемоном», названным за его малый рост. У
БигМамемона теплый, мягкий характер, и он не
любит конфликтов или битв. Его всегда можно
найти играющим со своими
последователями-Мамемонами. Его особый приём «Биг Смайли Бомбер» использует
подчиненных ему Мамемонов в качестве оружия.
Говорят, что БигМамемон уменьшается в размерах
после использования этой техники."
machine:calque,patch_text01,text/digimon_profile.mbe/000_Sheet1.csv,digimon_0033_profile,29,являет,"Двуногий цератопсид-дигимон, напоминающий
трицератопса, со всей боевой мощью этого
могучего травоядного динозавра. Его шкура
является одной из самых прочных среди всех
биологических дигимонов. Аналогично, два
сверхтвердых рога на его лбу гораздо более
прочнее, чем рог Монокромона. Хотя обычно
спокойный по натуре, атака с разбегом
Трицерамона, несмотря на его медленные
движения, обладает достаточной разрушительной
силой, чтобы разбить даже прочные тела
минеральных дигимонов. Он использует свое
особый приём «Три-Хорн Атак», чтобы
врезаться во врагов рогами на лбу и морде."
machine:calque,patch_text01,text/digimon_profile.mbe/000_Sheet1.csv,digimon_0035_profile,31,являет,"Бельзебмон — дигимон-Король Зла, который ценит
свою независимость, несмотря на способность
править многими дигимонами Злого вида. Один из
Семи Великих Демонических Лордов, Бельзебмон,
как говорят, способен стать главным Кошмарным
Солдатом, если пожелает, но также ходят слухи,
что есть другой дигимон-Король Зла, чья сила
превосходит даже Бельзебмона. Бельзебмон
всегда держит свои любимые дробовики
«Беренджена» близко под рукой и разъезжает на
своей гигантской мотоциклетной машине
«Бегемот». У него жестокий и безжалостный
характер, но из-за своей гордости он никогда
не появляется в группах и не нападает на
слабых. Его фирменное движение — «Даркнесс
Коготь», с помощью которого он поднимает свои
острые когти в воздух и затем рассекает своего
врага. Его особый приём «Дабл Импакт»
включает в себя двойные выстрелы из двух своих
дробовиков."
machine:calque,patch_text01,text/digimon_profile.mbe/000_Sheet1.csv,digimon_0037_profile,33,являет,"Страх перед чрезмерной силой, находящейся в
распоряжении Левиамона, заработал ему прозвище
«Дьявольский Зверь», и он считается одним из
Семи Великих Демонических Лордов. Грандиозное
существо с пастью, достаточно большой, чтобы
проглотить весь Цифровой мир, как говорят,
спит в Сетевом Океане почти Темной Зоны. Если
разбужен, Левиамон смотрит свысока на любого
дигимона, находящегося у власти, заставляя
бежать в ужасе не только других
дигимонов-Королей Зла, но даже
дигимонов-Ангелов. Однако есть пределы тому,
что можно определить об этом дигимоне, и он
почти никогда не появляется. Он считается
первозданным злым существом, которое поселилось
в Цифровом Мире. Он может использовать свое
особый приём «Байтинг Краш», чтобы
уничтожить все на своем пути своими массивными
челюстями, или «Тейл Страйк», чтобы раздробить
врагов своим длинным хвостом."
machine:calque,patch_text01,text/digimon_profile.mbe/000_Sheet1.csv,digimon_0039_profile,35,являет,"И божественный, и дьявольский, этот Ультимат
дигимон-Король Зла является сильнейшим из Семи
Великих Демонических Лордов. Лучемон: Режим
Хаоса спровоцировал восстание в древние
времена и был запечатан в Темной Зоне вместе
со многими другими дигимонами-Королями Зла.
Его сила превышает силу дигимонов Мега-уровня
настолько, что даже соперничает с сущностями,
называемыми «богами». Хотя у него есть
богоподобная сторона, которая лелеет все
живое, у него также есть демоническая сторона,
которая хочет уничтожить сам мир. Вот почему
он стремится разрушить этот мир и построить
новый вместо него. Его особый приём
«Парадайз Лост» запускает врага высоко в
воздух дикой очередью, прежде чем схватить его
за конечности и швырнуть о землю, в то время
как «Дед орайв Алайв» запечатывает врага
внутри трехмерного магического круга,
сделанного из святых и злых сфер. Те, кто
попал в этот магический круг, имеют шанс 50/50
быть либо полностью уничтоженными, либо
получить тяжелые повреждения."
machine:calque,patch_text01,text/digimon_profile.mbe/000_Sheet1.csv,digimon_0042_profile,38,являет,"Дигимон-насекомое, связанный с загадочной
Королевской Базой, секретной плавающей медовой
базой. Хотя его повседневная жизнь может
отличаться от жизни других
дигимонов-насекомых, ФанБимон имеет веселый
нрав и является трудолюбивым работником
значительной силой. Он всегда ладит с
дигимонами-растениями, такими как Палмон или
Лилимон. Королевская База постоянно находится
в стадии строительства, и миссия Фанбимона
требует от него собирать полевые данные, такие
как цветы или растения, понемногу, в качестве
строительных материалов. Поэтому он
классифицируется как имеющий атрибут Вирус.
База также охраняется мощными дигимонами,
которые не позволяют никому приближаться,
поэтому цель строительства остается загадкой.
Особый приём ФанБимона — «Гир
Стингер», атака, которая выпускает быстрый
залп крошечных зазубренных жал."
machine:calque,patch_text01,text/digimon_profile.mbe/000_Sheet1.csv,digimon_0045_profile,41,являет,"Божественный дигимон, который, как говорят,
является материализацией системы, управляющей
временем. Течение времени в Цифровом Мире
действительно расплывчато, и известно, что
некоторые конфликты между могущественными
дигимонами или катаклизмы вызывали нарушения
пространства-времени. Именно Хрономон
появляется в таких случаях, неся
ответственность за исправление
пространства-времени. Как только он совершает
такое восстановление, даже сам факт появления
Хрономона исчезает вместе с указанным
нарушением, поэтому никто никогда не видел
этого дигимона. Вот почему о его существовании
говорится лишь в немногих легендах.
Особые приёмы Хрономона — «Холи Флейр»,
взрыв святого пламени, который сжигает сами
существования тех, кто злонамеренно стремится
исказить пространство-время, и «Хронос Кроп»,
неблокируемая атака, при которой он
размахивает своими крыльями, как лезвиями,
рассекая своего врага из ткани времени и
пространства."
machine:calque,patch_text01,text/digimon_profile.mbe/000_Sheet1.csv,digimon_0048_profile,44,являет,"Голдрамон — Святой Дракон-дигимон с шестью
затвердевшими крыльями и телом из сверкающего
золота. Поскольку он носит одно из Святых
Колец — символ Святых дигимонов — на своей
руке, считается, что он является
разновидностью Священного дигимона. Голдрамон
— один из Четырех Великих Драконов, и на его
руках он носит наручи с запечатанными в них
маленькими драконьими дигимонами: Амоном
Багрового Пламени, управляющим разрушением, на
левой, и Умоном Синей Молнии, управляющим
регенерацией, на правой. Особый приём
Голдрамона — «Год Флейм», которое включает
детонацию его Святой энергии, чтобы мгновенно
поразить врагов во всех направлениях."
machine:calque,patch_text01,text/digimon_profile.mbe/000_Sheet1.csv,digimon_0068_profile,58,являет,"Этот зверь-дигимон является результатом
развития телосложения Гаомона и того, что
когти, которые когда-то защищались перчатками,
наконец как следует отросли. Хотя ГаоГамон
является четвероногим, его задние ноги
достаточно сильны, чтобы он мог стоять, как
медведь, пока атакует. ГаоГамон выпускает
свое особый приём «Спирал Блоу», чтобы
выдохнуть мощный вихрь ветра из своего рта за
один вдох."
english:mixed,patch_text01,text/digimon_profile.mbe/000_Sheet1.csv,digimon_0075_profile,65,XII,"Один из Олимпос XII, Нептунемон — морской
бог-дигимон, который управляет всеми
дигимонами Водного вида. Чешуйчатая броня,
покрывающая его тело, представляет собой сплав
Хромдигизоида под названием Синий Дигизоид,
который облегчает мобильность и скорость,
позволяя ему двигаться с устрашающей скоростью
под водой. Его замок «Абисс Санктуари» был
построен в глубокой подводной впадине, и
только те, кто может выдержать давление воды
на крайний глубинах, могут войти. Его
особые приёмы включают «Вортекс
Пенетрайшн», которым он наносит удар своим
разумным копьем «Кингс Байт», и «Вейв оф
Дефс», которым он выпускает массивное цунами,
которое поглощает все на своем пути."
machine:calque,patch_text01,text/digimon_profile.mbe/000_Sheet1.csv,digimon_0079_profile,69,являет,"Мутантный дигимон, который является ультимат
формой космического воина Стармона.
СуперСтармон дебютировал в ослепительном
костюме, уникально подходящем для его
собственных строгих стандартов. Поскольку он
суперзвезда, он пытается скрыть свою личность,
нося солнцезащитные очки, но это не очень
эффективная маскировка. Его особый приём — «Хейли Сторм», которое обрушивает
метеоры на его противника."
english:mixed,patch_text01,text/digimon_profile.mbe/000_Sheet1.csv,digimon_0080_profile,70,XII,"Один из Олимпос XII, этот дигимон — гениальный
бог, хвастающийся величайшей скоростью в
Цифровом Мире. Непревзойденная скорость
Меркуримона не видна невооруженным глазом, и
поэтому любые его записи, как говорят,
являются его остаточными образами. Он ненавидит
оставаться на месте и всегда странствует по
Цифровому Миру, что делает его трудным
существом для встречи. Он использует свое
особый приём «Саузенд Фист», чтобы
приблизиться к врагу с почти мгновенной
скоростью, прежде чем обрушить невероятный
скорострельный залп. Меркуримон также является
искусный шаманом, позволяя ему
использовать «Спиричуал Энчантмент», рассекая
воздух своим любимым клинком «Ацтек» и
призывая демонов из другого измерения."
machine:calque,patch_text01,text/digimon_profile.mbe/000_Sheet1.csv,digimon_0081_profile,71,являет,"Импмон — дигимон уровня Ребёнок, похожий на
дьяволенка. Он любит подшучивать, наслаждаясь
видом страданий своих жертв. Ходят слухи, что
всякий раз, когда появляется Импмон,
электроприборы ненадолго выходят из строя, так
что если ваш экран когда-нибудь трясется или
зависает, возможно, это Импмон шутит. Но
сколько бы Импмон ни радовался проказам и
злобе, он не из тех, кто покорно склонится
перед сильными. Вместо этого он храбрится и
противостоит им. В глубине души он на самом
деле довольно одинок. Фирменное движение
Импмона — «Саммон», которое призывает
элементалей огня и льда."
machine:calque,patch_text01,text/digimon_profile.mbe/000_Sheet1.csv,digimon_0084_profile,74,являет,"Священный зверь-дигимон, который, как говорят,
является Древним, рожденным при зарождении
Цифрового мира. Чиринмон обладает силой,
подобной дигимону Мега уровня, несмотря на то,
что сам является Ультиматом. Будучи невероятно
могущественным, он глубоко презирает конфликты
и никогда не проявляет жестокости. Его
сострадательный характер заставляет его
относиться с любовью ко всем живым существам в
Цифровом Мире, но, с другой стороны, он не
колеблется наказать тех, кто предается
бессмысленному насилию. Используя свое
особый приём «Винд Каттер Сорд», он
пикирует в мгновение ока, чтобы пронзить врага
рогом на своей голове."
machine:calque,patch_text01,text/digimon_profile.mbe/000_Sheet1.csv,digimon_0086_profile,76,являет,"Святой Рыцарь-дигимон и член Королевских
Рыцарей. Кентауросмон является исключением
среди в основном гуманоидных дигимонов
Королевских Рыцарей, обладая нетипичной
звериной формой. Оборонительная сила брони из
Красного Дигизоида, покрывающая его тело, делает
нанесение урона этому дигимону непростой
задачей даже для дигимонов Мега уровня. Шесть
ног обеспечивают Кентауросмону превосходную
мобильность, позволяя мгновенно перемещаться,
несмотря на его крупные размеры. Он использует
свое особый приём «Бифрост», чтобы
выстрелить ослепительной стрелой света из
святого арбалета «Муспеллсхеймр» на своей
левой руке, или «Одинс Бреф», чтобы
контролировать погоду, генерируя криогенную
метель с помощью святого щита «Нифльхеймр» на
своей правой руке."
machine:calque,patch_text01,text/digimon_profile.mbe/000_Sheet1.csv,digimon_0093_profile,82,являет,"Дигимон-Темный Ангел, облаченный в одеяние
цвета воронова крыла. Дэвимон когда-то был
сияющим дигимоном вида Анджемон, но стал
Темным Ангелом, когда пал в искаженное
пространство Цифрового мира, известное как
Темная Зона. Выдающаяся Метка Зла на его груди
является доказательство этого. Хотя у него коварный и
злобный характер, Дэвимон также чрезвычайно
умен. Говорят, что любой, кто посмотрит в его
светящиеся красные глаза, становится жертвой
его контроля над разумом и подчиняется его
прихотям. Особый приём Дэвимона — «Дез
Коготь», которое использует его две выдвижные
руки, чтобы пронзить противника."
machine:calque,patch_text01,text/digimon_profile.mbe/000_Sheet1.csv,digimon_0101_profile,89,являет,"Высший Ангел-дигимон с восемью сияющими
серебряными крыльями. МагнаАнджемон служит
маршалом Цифрового мира, наблюдая и
контролируя многих дигимонов-Ангелов внутри.
Более того, он является рупором Сущности
Света, которая пытается сохранить порядок в
Цифровом Мире. Хотя МагнаАнджемон обычно
принимает форму священника, когда Цифровой мир
окутан Сущностью Тьмы, он меняется в свой
Боевой Режим, чтобы поразить зло. В этом
Боевом Режиме МагнаАнджемон отправляет
противника в забвение с помощью Лучевого Щита
на своей левой руке и святого меча Экскалибур,
установленного на его правой руке. Особый приём МагнаАнджмона — «Хевенс Гейт»,
которое он использует, чтобы открыть дверь в
безвыходное карманное измерение, отправляя
своего врага в забвение."
machine:calque,patch_text01,text/digimon_profile.mbe/000_Sheet1.csv,digimon_0102_profile,90,являет,"Дигимон-мастер боевых искусств, обнаруженный в
глубинке горной провинции Китая. Туруйемон
странствовал по миру в погоне за своими
давними врагами — вирусами, которые используют
электронную почту для злонамеренных целей. Он
благословлен исключительный потенциалом как
мастер боевых искусств, хотя его навыки еще не
развиты. Туруйемон является практиком Тогекен,
боевого стиля его собственного создания. Его
особый приём — «Гонтлет Коготь»,
которое включает серию ударов, наносимых
Железными Когтями с Кроличьими Рогами на обеих
руках. Эта комбо-атака использует кроличью
ловкость и мощные высокие прыжки."
machine:calque,patch_text01,text/digimon_profile.mbe/000_Sheet1.csv,digimon_0103_profile,91,являет,"Ракообразный дигимон, который прикрепил к
своему телу металлические данные, растворенные
в Сетевом Океане, резко увеличив свою
боевую способность. Крабмон атакует
гигантскими лезвиями на своей левой клешне и
мощной хваткой правой клешни. Для защиты он
полагается на свой колючий панцирь, чтобы
повредить атакующих, и совершенно самоуверен в
бою. Крабмон полностью осознаёт слабые места своих
суставов и брюха и поэтому редко оставляет их
открытыми. Он наслаждается ловушками для своих
противников и является несколько проказником.
Особый приём Крабмона — «Си?ззорс
Экзекьюшн», которое запускает его острую левую
клешню прямо в глотку противника."
english:mixed,patch_text01,text/digimon_profile.mbe/000_Sheet1.csv,digimon_0104_profile,92,"ARMS, ZERO","Сусаноомон известен в восточном фольклоре как
ультиматный бог разрушения и правитель
регенерации. Говорят, что он появляется, когда
в Сети возникают аномалии, аннулируя
существующую систему и строя новую на ее
месте. Особые приёмы Сусаноомона — «Ама
но Хабакири», которое рассекает все и вся под
небом лезвием света, выпущенным из его
ZERO-ARMS: Ороти, и «Якуса но Икадзути»,
ультиматная техника, с помощью которой он
направляет свой ZERO-ARMS: Ороти, лезвие
света, к небесам, превращая лезвие в
разрушительную молнию, которая затем
обрушивается на мир."
machine:calque,patch_text01,text/digimon_profile.mbe/000_Sheet1.csv,digimon_0105_profile,93,являются,"Скрытая форма Галлантмона, облаченная в
сияющую багровую броню. Галлантмон: Багровый
Режим выпускает свою полную мощность, нагревая
свои бронированные части до красного каления.
В результате он не может оставаться в Багровом
Режиме долго. Грудь Галлантмона: Багровый
Режим содержит ДигиЯдро с запечатанной в нем
Цифровой Угрозой, которое заставляет
энергетические крылья излучаться из его спины,
когда он высвобождает силу в своем теле. Он
владеет копьем света «Гунгнир» и мечом света
«Блутганг», которые являются энергетическим
оружием без формы. Его особый приём
«Инвинсибл Сорд» рассекает врага Блутгангом, а
«Кво Вадис» разрывает врагов на атомном уровне
Гунгниром, прежде чем отправить их в другое
измерение."
machine:calque,patch_text01,text/digimon_profile.mbe/000_Sheet1.csv,digimon_0114_profile,99,являет,"Новый тип дигимона, обнаруженный только
недавно. Виимон — выживший представитель вида,
который когда-то процветал на заре Цифрового
Мира. Это позволяет ему использовать Диги-Яйца
для выполнения типа псевдо-эволюции,
известного как броневая эволюция. Из всех
своих сверстников Виимон является одним из
лучших Боевых Видов. Он обладает скрытой силой
и использует броневую эволюцию, чтобы
проявить свои взрывные способности. Хотя по
натуре проказник и шутник, у Виимона также
сильное чувство справедливости. Его
особый приём — «Виимон Хедбатт»,
которое сбивает врагов с ног мощным ударом
макушкой головы."
machine:calque,patch_text01,text/digimon_profile.mbe/000_Sheet1.csv,digimon_0116_profile,101,являются,"СэйвиорХакмон — дигимон, который много
путешествовал. После повторяющихся встреч и
расставаний с другими дигимонами и пережив
бесчисленные сцены резни, он наконец
эволюционировал в эту форму. СэйвиорХакмон
продолжает участвовать в бесконечных битвах,
которые происходят по всему Цифровому Миру,
стремясь положить конец этим враждам и помочь
местным дигимонам, пострадавшим от конфликтов.
СэйвиорХакмон ходит на двух ногах, несмотря на
то, что обе они являются лезвиями, и теперь,
когда его руки и хвост также выпустили
багровые лезвия, его стиль атаки стал более
наступательным. Кристалл в его груди служит
физическим доказательством его неутомимых
усилий стать сильнее. Особый приём
СэйвиорХакмона «Трайдент Сэйбер» использует
багровые лезвия на его руках и хвосте, чтобы
безжалостно рассекать врагов, даже тех, кто
покрыт Хромдигизоидом."
machine:calque,patch_text01,text/digimon_profile.mbe/000_Sheet1.csv,digimon_0140_profile,117,являет,"Дигимон-зверочеловек, эволюционировавший из
Гарурумона и теперь способный ходить на двух
ногах. Становление двуногим уменьшило скорость
ВереГарурумона, но превратило его в дигимона
типа Коммандос с улучшенной наступательной и
оборонительной мощью, а также склонностью к
тактике. Сохраняя силу ног Гарурумона, его
пинки чрезвычайно мощны, а его прыгучесть
является одной из лучших в мире дигимонов.
ВереГарурумон также чрезвычайно предан и сделает
все, если приказано его хозяином, что делает
его очень надежным. Его особый приём
— «Вулф Коготь», которое разрывает противников
на клочья его острыми когтями."
machine:calque,patch_text01,text/digimon_profile.mbe/000_Sheet1.csv,digimon_0147_profile,123,являет,"Бронесвященный зверь-дигимон,
эволюционировавший с Диги-Яйцом Света.
Диги-Яйцо Света имеет атрибут Света, позволяя
тем, кто его экипирует, очищать тьму сияющей
силой. Хотя Гатомон не является потомком
древнего вида дигимонов, он способен на
броневую эволюцию в Нефертимона, пробуждая
спящую особую способность в составе своих
данных. Его особый приём — «Розетта
Стоун», которое призывает огромную каменную
табличку с выгравированными древними надписями
ДигиКода для атаки врагов."
machine:calque,patch_text01,text/digimon_profile.mbe/000_Sheet1.csv,digimon_0149_profile,125,являет,"Огромный Темный Дракон-дигимон с восемью
головами. Однако семь из них — подделки, и
только черная в центре на самом деле является
частью его тела. Происхождение Орочимона берет начало
назад к давним временам, когда он сеял хаос в
Древнем Цифровом Мире. Его сила была такова,
что он довел целый регион до грани разрушения,
пока не был запечатан слугой существа,
стремящегося сохранить гармонию в Цифровом
Мире. Особый приём Орочимона — «Амэ но
Муракумо», которое превращает конец его хвоста
в острое лезвие, чтобы разрывать его врагов."
machine:calque,patch_text01,text/digimon_profile.mbe/000_Sheet1.csv,digimon_0150_profile,126,являет,"Более темная сторона Галлантмона, в которой
его природа как дигимона-Вируса вышла на
передний план. Разум и дух ХосГаллантмона были
полностью развращены, превратив его не более
чем в «Цифровую Угрозу», стремящуюся принести
разрушение в Цифровой мир. ХосГаллантмон орудует
демоническое копье «Бальмунг» в правой руке, в
то время как несет демонический щит «Горгон» в
левой. Во всех отношениях он является
антитезой Галлантмона. Особые приёмы
ХосГаллантмона — «Демоник Дизастер», которое
делает серию мощных выпадов своим демоническим
копьем, и «Джудекка Призон», которое выпускает
волну разъедающей темной энергии из своего
демонического щита."
english:mixed,patch_text01,text/digimon_profile.mbe/000_Sheet1.csv,digimon_0168_profile,130,XII,"Член Олимпос XII, бог, председательствующий на
небесах, и дигимон, управляющий громом и
погодой. Юпитермон всегда судит добро и зло на
поле боя, верша божественное наказание над
нечестивыми. Такой суд совершается равнодушно,
без эмоций. Те, кто не согласен с решением
Юпитермона, могут бросить ему вызов и отменить
приговор в случае победы, но на данный момент
никто никогда не совершал этот подвиг. Он
может хлопнуть молотами на обеих руках вместе,
чтобы призвать маленькие грозовые тучи. Он
использует «Паниш Джадж», чтобы ударить
противника своим молотом, выгравировать метку
на его теле и отложить его наказание. Когда
Юпитермон решает привести говорят наказание в
исполнение, приговор приводится в исполнение
ударом по тому врагу чрезвычайно высоковольтной
молнией. Он использует свое ультиматное
особый приём «Вайд Пласмент», чтобы
изменить свое тело на сверхвысоковольтную
плазму. Это наносит божественное наказание на
область вокруг Юпитермона, распадающийся любого
и все, к чему он прикасается."
english:mixed,patch_text01,text/digimon_profile.mbe/000_Sheet1.csv,digimon_0170_profile,132,XII,"Партнер Юпитермона и одна из Олимпос XII.
На поле боя Юномон выступает любящей
защитницей Юпитермона: она постоянно
предсказывает, обнаруживает и уничтожает
мятежников, осмелившихся противиться его
воле. Похоже, благодаря невероятно нежному
характеру и глубокой любви к Юпитермону она
прекрасно знает все его привычки. Особые
приемы Юномон - «Нидл Хайв», пронзающий
врагов катарами на ее руках, и «Грейсфул
Ланс», при котором разумные копья атакуют
врагов вокруг нее."
english:mixed,patch_text01,text/digimon_profile.mbe/000_Sheet1.csv,digimon_0172_profile,134,XII,"Этот сострадательный дигимон управляет силой
любви и является одной из Олимпос XII. Даже на
самых бесплодных пустошах, куда бы Венусмон ни
пошла, прекрасный цветы расцветают, и земля
вокруг нее обновляется юной энергией. Многие
дигимоны поклоняются Венусмон из-за ее красоты
и чистоты. Надевая повязку на глаза, она
способна воспринимать мир таким, какой он
есть, своим мысленным взором, видя сквозь
любую ложь или обман. Сокрытие ее глаз также
подавляет ее ауру очарование, удваиваясь как акт
внимательности и уменьшая количество
дигимонов, которые в противном случае падали
бы в обморок в ее облик. У Венусмон есть
два маленьких, но постоянных спутника, птица
Олив и гребешок Хотан, и трое друзей
поддерживают открытый и оживленный разговор.
Поскольку Венусмон — дигимон, управляющий
любовью, каждое ее действие в бою успокаивает
сердца ее противников. С помощью «ЛАВ Ю» она
может заставить врага потерять сознание,
послав ему воздушный поцелуй и заставив его
сердце пропустить удар. Если ее птица Олив
клюнет врага по голове, он попадает под чары
«Пис Фантазия», которые могут успокоить сердце
даже самого свирепого зверя."
english:mixed,patch_text01,text/digimon_profile.mbe/000_Sheet1.csv,digimon_0173_profile,135,XII,"Одна из Олимпос XII и Божественный дигимон,
обладающий энергией пламени, эквивалент самой
силе солнца. Эта впечатляющий сила, способная
расплавить и очистить любое вещество, такова,
что даже Аполломон — со всем его интенсивный пылом
и гордостью — едва может ее сдерживать.
Особые приёмы Аполломона — «Сол
Бластер», которое выпускает ослепительный
солнечный шар, сформированный из сферы пламени
на его спине, и «Фебус Блоу», которое
концентрирует всю его скрытую силу в один
удар."
english:mixed,patch_text01,text/digimon_profile.mbe/000_Sheet1.csv,digimon_0174_profile,136,XII,"Этот бог войны-дигимон, напоминающий
человека-леопарда, является одной из
загадочных Олимпос XII, которые обладают
способностями, соперничающими даже с Королевскими
Рыцарей, божеств-хранителей Сети. Каждая из
Олимпос XII защищает свой собственный регион,
действуя в тени и сохраняя нейтральную позицию
во время инцидентов в Цифровом Мире. Марсмон
хорошо понимает все виды рукопашных техник в
мире — включая навыки, использующие нечестную
игру — и обладает абсолютной уверенностью в
любом бою один на один против подобных себе.
Он полагается в основном на приемы рестлинга,
но его сосредоточенность на победе и славу означает, что
он будет выхватывать скрытое оружие, такое как
его «Трая Наклз» или «Метал Котурнус», когда
оказывается в затруднительном положении. И всё же, Марсмон проявляет свою истинную силу,
когда сражается голыми руками и ногами. Его
особый приём «Корона Сэнкшнс» — это
славный техника убийства в воздухе, которая
облачает Марсмон в пламя."
english:mixed,patch_text01,text/digimon_profile.mbe/000_Sheet1.csv,digimon_0176_profile,137,XII,"Одна из Олимпос XII, Цересмон — гигантская
птица-дигимон, несущая на спине лес Карпос
Хуле, славившийся своими плодами, известными
как самый сладкий деликатес в Цифровом Мире. С
телом, состоящим из гигантских скал и
плодородной почвы, Цересмон в полете больше
всего напоминает плавучий остров. Цересмон
Медиум, который является истинной формой
Цересмон, находится во главе острова. Цересмон
Медиум обладает почти никакой боевой
способностью и редко появляется перед другими.
Однако в редких случаях он, по-видимому,
показывает себя тем, кому доверяет, не приводя
с собой гигантскую птицу. Цересмон Медиум
обладает мягким характером и сердцем,
переполненным состраданием. Он предлагает
голодным дигимонам фрукты из Карпос Хуле и
позволяет раненым дигимонам укрыться в лесу,
пока они не восстановятся. Однако, если кто-то
окажется неблагодарным за щедрость природы,
нанесет вред деревьям или осквернит землю ради
забавы, природа Цересмон Медиума меняется, и
он становится по-настоящему ужасным лесным демоном.
Особый приём Цересмон — «Айленд
Фрифол», которым оно врезается своим массивным
телом прямо во врага, посылая мощные толчки и
яростные ветры, бурлящий на широкой область вокруг
места падения. Цересмон также имеет «Бернинг
Блад Шелл», которое выстреливает огромный,
обжигающий шар магмы из его рта."
english:mixed,patch_text01,text/digimon_profile.mbe/000_Sheet1.csv,digimon_0178_profile,139,XII,"Этот бог-кузнец дигимонов является одним из
Олимпос XII. Вулканусмон ответственен за
создание большинства известнейшего оружия
Цифрового мира, включая печально известные
любимые дробовики Бельзебмона «Беренджена».
Вулканусмон обладает духом истинного мастера,
наряду с упрямым характером. Он оценивает всех
своих клиентов, и если считает, что они не
смогут освоить или не будут ценить оружие,
которое они запросили, он отказывает им. Даже
когда Вулканусмон соглашается сделать оружие,
он соотносит качество своей работы со своим
впечатлением о владельце. Тем не менее,
Вулканусмон был настолько впечатлен силой
Бельзебмона, что усердно трудился, чтобы
создать исключительное оружие, когда создавал
Беренджену. Вулканусмон предпочитает, чтобы
его оставили в покое, работая своими восемью
руками, но также может использовать свое
мастерство как ремесленника в бою. Своим
специальным движением «Пинпоинт Уэпон Воркс»
он мастерски использует свой огненный
сварочный аппарат «Бомбер Арт», чтобы
мгновенно создать идеальное оружие для любой
боевой ситуации. Когда он действительно хочет
выложиться по полной, он использует
«Эпроприэйт Воркс», который многократно
использует «Пинпоинт Уэпон Воркс», чтобы
выковать оружие для каждой из своих восьми
рук. Несмотря на все это, собственная боевая
способность Вулканусмона не особенно
высока, и он предпочитает избегать боя
когда бы ни возможно."
english:mixed,patch_text01,text/digimon_profile.mbe/000_Sheet1.csv,digimon_0179_profile,140,XII,"Одна из Олимпос XII, этот дигимон хвастается,
что он самый тяжелый пьяница Цифрового мира.
Бахусмон имеет веселый нрав и хорошо подходит
для заботы о других. Днем или ночью, он всегда
стремится собрать вместе дигимонов уровня
Ребёнок и Чемпион, чтобы устроить вечеринку.
Бахусмон обладает способностью производить
любую форму алкоголя внутри своего тела, и
если ему понравится другой дигимон на одной из
этих вечеринок, известно, что он предложит ему
напиток по его выбору. Сам Бахусмон имеет вкус
к фруктовым винам, его любимый сорт
производится из ферментированных фруктов
Карпос Хуле, леса, который несет на спине
Цересмон. Всякий раз, когда у Бахусмона есть
свободная минута, он умоляет Цересмон сделать
ему немного фруктового вина. Из-за этого пара
находится в очень хороших отношениях, и их
часто видят вместе. Особый приём
Бахусмона — «Кук оф зе Абисс», которым он
обхватывает врага руками, изменяет его
композиционные данные на подходящую закуску и
затем съедает его. Бахусмон также имеет «Парти
оф зе Хевенс», которым он производит форму
алкоголя, содержащего яды, которые могут
вызывать сонливость и паралич, а затем
обстреливает врагов этим зельем, чтобы
ошеломить их. Более того, данные яда, которые
он производит, являются одним из предметов
исследования Команды Раскола. Существует ряд
надежный слухов, которые предполагают, что
данные яда Бахусмона связаны с разработкой
бактериологического оружия и планов громких
убийств."
english:mixed,patch_text01,text/digimon_profile.mbe/000_Sheet1.csv,digimon_0180_profile,141,XII,"Дигимон, который правит царством мертвых и
использует страх и насилие, чтобы
терроризировать злодеев. Плутомон, окутанный
глубокой тенью, крадется по земле в поисках
злодеев и преступников, которые заслуживают
быть отправленными в царство мертвых. Плутомон
наслаждается, пережевывая злодеев своими
пастями, заполненными рядами острых клыков, и
издает зловещий стрекочущий звук, выслеживая
свою добычу. Сочетание этого и его грозной
внешности пугает даже хороших дигимонов. Все
способности Плутомона обладают тревожной
силой, чтобы швырять злодеев вниз, в царство
мертвых. В одном из этих движений, «Хеллз
Гейт», из тьмы появляется гигантская пасть и
проглатывает врагов целиком, и их данные
разбираются на лоскуты. Ход «Хаггард Кластер»
заставляет клыки на его груди выпустить тьму,
которая поглощает и испаряет любое вещество на
своем пути. Плутомон разделяет цель наказания
зла с Юпитермоном из Олимпос XII. Однако между
ними существует давняя вражда, потому что
Юпитермон не одобряет жестоких методов
Плутомона."
english:mixed,patch_text01,text/digimon_profile.mbe/000_Sheet1.csv,digimon_0181_profile,142,XII,"Божественный дигимон и член Олимпос XII,
напоминающий женщину. Мервамон — это форма
Миневрамона, которая накопила опыт и
достижения с течением времени, и у нее гораздо
более спокойный и зрелый характер по сравнению
с ее предыдущей формой. Она стала стремиться к
элегантности и очарованию — наблюдаемому в
изобилии как в ее манерах, так и в поведении —
и излучает чувственность в свое окружение. Она
даже ищет очарование в битве, исполняя
утонченный, грациозный танец, чтобы очаровать
тех, кто на него смотрит. Вот почему более чем
несколько дигимонов становятся поклонниками
Мервамон, наблюдая этот танец. «Любовный Яд»,
распыляемый из рта Меддулии на ее левой руке,
очаровывает любого, кто его вдохнет, позволяя
Мервамон выжать из них жизнь. «Маднесс
Мерри-Го-Раунд DX» — это вращающийся удар ее
большим мечом «Олимпия Кай» и Меддулией,
создающий торнадо, который мгновенно разрывает
на части любого врага, которого он коснется."
machine:calque,patch_text01,text/digimon_profile.mbe/000_Sheet1.csv,digimon_0184_profile,144,являет,"Божественный дигимон, синтезирующий
способности различных видов, использующий
человеческое тело в качестве основы. Говорят,
что этот синтез стал результатом погоня
ультиматной цели всемогущества, резко
изменив форму этого дигимона, чтобы
соответствовать его окружающей среде. Эта
форма основана на данных вида Драконов,
которые обычно оставались бы спящими в его теле,
сконцентрированные вокруг кристалла в его
груди, но Эгиохусмон проявил эти данные на
поверхность своего тела, установив их как
броню. Эта броня является силовым костюмом,
который не только для защиты, но и действует
как мышцы, резко увеличивая силу атаки.
Эгиохусмон использует свое особый приём «Болт Брейк Наокдаун», чтобы
выполнить серию ударов кулаками, обвитыми
молнией, произведенной из его рога, или
«Лайтнинг Пайл», чтобы обрушить сверху на
врага сваеобразную молнию, вбивая его в землю.
Если этот ход пронзит врага один раз,
последующие выпущенные сваи затем соединяются
без провалиться, независимо от того, куда их бросили."
machine:calque,patch_text01,text/digimon_profile.mbe/000_Sheet1.csv,digimon_0189_profile,149,являет,"Цересмон Медиум, истинная форма Цересмон,
находится во главе острова на спине Цересмон.
Цересмон Медиум обладает почти никакой боевой
способностью и редко появляется перед другими.
Однако в редких случаях он, по-видимому,
показывает себя тем, кому доверяет, не приводя
с собой гигантскую птицу. Цересмон Медиум
обладает мягким характером и сердцем,
переполненным состраданием. Он предлагает
голодным дигимонам фрукты из Карпос Хуле и
позволяет раненым дигимонам укрыться в лесу,
пока они не восстановятся. Однако, если кто-то
окажется неблагодарным за щедрость природы,
нанесет вред деревьям или осквернит землю ради
забавы, природа Цересмон Медиума меняется, и
он становится по-настоящему ужасным лесным демоном."
machine:calque,patch_text01,text/digimon_profile.mbe/000_Sheet1.csv,digimon_0192_profile,152,являет,"Зверь-Дракон-дигимон, который свободно парит в
небесах, облаченный в броню из элегантно
мерцающей чешуи. Форма Хисярюмона является
результатом того, что интерфейс на его лбу
разблокировал данные, дремавшие в его
ДигиЯдре о драконах и генералах — наполненных
свирепый боевыми инстинктами — из японских
мифов. Сферы, которые он сжимает, — это души
его потерянных товарищей. Сфера в правой руке
Хисярюмона — это душа Кинрю, а сфера в его
левой руке — душа Какурю. Говорят, что в
каждой сфере скрыты данные ДигиЯдра.
Особый приём Хисярюмона — «Легендари
Драгон Блейд», которое превращает его в
гигантский стальной клинок, чтобы рассечь
врага пополам одним ударом."
machine:calque,patch_text01,text/digimon_profile.mbe/000_Sheet1.csv,digimon_0194_profile,154,являет,"Крупный дигимон, оснащенный внушительным
арсеналом огнестрельного оружия. Многие
дигимоны называют Гандрамона одним из «Трех
Мушкетеров» наряду с МагнаКидмоном и
БильСтармон из-за их очень развитой меткости.
Он также является членом Команды Раскола и
подходит для боя, как и Машиндрамон. Будучи
быстрее Машиндрамона, Гандрамон обладает всей
необходимой мобильностью, чтобы быстро занять
огневую позицию. Едкий запах пороха пропитал
каждый кусочек его полностью металлического
тела, что подходит для такого горький и крутого
дигимона. Особые приёмы Гандрамона —
«Дер Блиц», который стреляет по жизненно
важным органам противника из двух
шестизарядных револьверов в его руках, и
«Гевальт Швермер», который выпускает залп во
всех направлениях."
machine:calque,patch_text01,text/digimon_profile.mbe/000_Sheet1.csv,digimon_0197_profile,157,являет,"Гигантская птица-дигимон, облаченная в золотые
доспехи. Броня покрывает все тело Иггломона и
сделана из Хромдигизоида, позволяя ему
отражать любую атаку. Хотя его происхождение
неясно, некоторые предполагают, что Иггломон
является эволюцией Пэрротмона, дигимона
Ультимат уровня. Говорят, что долг Иггломона —
уничтожать любые инопланетные элементы,
вторгающиеся в Цифровой мир. Он использует
свое особый приём «Кайзер Феникс»,
чтобы врезаться во врага своим
цельнометаллическим телом, или «Мистик Брейк»,
чтобы выстрелить белым лучом, который
превращает врага в пепел."
machine:calque,patch_text01,text/digimon_profile.mbe/000_Sheet1.csv,digimon_0208_profile,160,являет,"Дракомон — дракон-дигимон древней кровной
линии, которая, как говорят, восходит к
прародителю всех дигимонов вида Драмон. Он
обладает физическими способностями, которые
трудно даже представить, учитывая его
небольшой размер, его скорость и сила входят в
число самых лучших среди всех дигимонов уровня
Ребёнок. Хотя по натуре он чрезвычайно свиреп, у
него также есть более мягкая сторона, которую
он показывает только тем, кого считает
достойным своего доверия. Несмотря на наличие
крыльев, они не полностью развиты, поэтому
Дракомон не способен летать. Одной из его
других определяющих характеристик является его
стремление собирать «блестящие вещи», и у него
странная привязанность к драгоценным камням и
определенным типам металла. Если ему
особенно нравится какой-то блестящий
объект, он съест его. Его особый приём
— «Бейби Бреф», которое он использует, чтобы
выдохнуть поток горячего воздуха."
machine:calque,patch_text01,text/digimon_profile.mbe/000_Sheet1.csv,digimon_0227_profile,176,являет,"Дигимон-волшебник уровня Мега со зловещим
золотым блеском. Как говорят,
эволюционировавший из дигимона вида Мумия,
Фараомон правил многими областями Древнего
Цифрового мира с абсолютной властью. Он
контролировал многих дигимонов во время
зарождение Цифрового мира, и тот факт, что
Фараомон смог построить загадочные древние
руины, разбросанные вокруг Цифрового мира, за
несколько дней, является доказательство того
господства. Он использует свое особый приём «Некромист», чтобы украсть волю
враждебных дигимонов, а затем выпускает газ
страха, который постепенно высушивает их
плоть. Те, кто поддается этой атаке,
сталкиваются с одной из двух судеб: полное
приглашение в мир мертвых или служба под
началом Фараомона в качестве нежити."
english:mixed,patch_text01,text/digimon_profile.mbe/000_Sheet1.csv,digimon_0231_profile,180,REM,"Дигимон, напоминающий «баку», существо в
японском фольклоре, которое ест сны.
Считается, что он рожден из медицинского
компьютера, который отслеживает мозговые
волны, Тапирмон, по-видимому, питается данными
REM-сна человека. В последнем раунде
исследований также было обнаружено, что он
обладает способностью стирать кошмары и
компьютерные вирусы. Поскольку он также может
возвращать эти кошмары и вирусы в безвредное
состояние, считается, что он является Святым
дигимоном. Святое Кольцо, которое он носит на
одной из своих передних ног, кажется вероятно,
связано как с его особыми способностями, так и
со Святой природой. Особый приём
Тапирмона — «Найтмер Синдром», которое
выпускает все поглощенные им кошмары сразу,
чтобы ужаснуть его противников. Это то же
особый приём, что и у дигимона уровня
Совершенный, Дигитамамона, но то, как они
могут быть связаны, остается загадкой."
machine:calque,patch_text01,text/digimon_profile.mbe/000_Sheet1.csv,digimon_0240_profile,187,являются,"Моллюск-дигимон, обнаруженный в вирусе,
который злонамеренный хакер использовал,
пытаясь обрушить компьютер соперника. Октомон
— навязчивый коллекционер, демонстрирующий
когти на концах своих щупалец, которые он
получил от данных Дэвидрамона, и покрывая себя
Диги-Сокровищами, которые он собрал со дна
Сетевого Океана. Многие Фудзицумоны, которые
являются маленьким типом ракушечных дигимонов,
прикрепились к горшку, который Октомон носит
на своей голове. У этих Фудзицумонов очень
развиты чувства, и считается, что они являются
частью симбиотических отношений с Октомоном,
предупреждая его, когда они чувствуют
опасность. Особый приём Октомона,
«Спёртинг Инк», выпускает взрыв
очень ядовитых чернил."
machine:calque,patch_text01,text/digimon_profile.mbe/000_Sheet1.csv,digimon_0301_profile,190,являет,"Мегадрамон — Черный Дракон-дигимон, который,
как говорят, обладает величайшей и самой
ужасной силой из всех Драконьих
Андроид-дигимонов Ультимат уровня. Он был
искусственно модифицирован неизвестным лицом,
который запрограммировал его уничтожать всё.
Он практически является живым воплощением
компьютерного вируса. Способный с легкостью
взламывать высокозащищенные компьютерные сети,
Мегадрамон затем без усилий модифицирует или
уничтожает хост-компьютер. Его особый приём «Эрадикейшн Атак» выпускает
бесчисленные органические ракеты из его рук."
machine:calque,patch_text01,text/digimon_profile.mbe/000_Sheet1.csv,digimon_0302_profile,191,являет,"Андроид-дигимон, у которого более половины
тела механизировано. МеталГреймон с Файл
Айленд смог резко продлить свое
жизненное функционирование с помощью
самомодификации, но его биологические части не
выдержали нагрузки и посинели. Напротив, этот
МеталГреймон Ультимат уровня является успешной
эволюцией от Греймона и является чрезвычайно
мощным Андроид-дигимоном. Сила атаки
МеталГреймона, как говорят, мощна, как ядерная
боеголовка, способная полностью уничтожить
дигимонов более низкого уровня. Его
особый приём «Гига Дэстройер» — это
атака, которая запускает бионические ракеты из
люка, открывающегося в его груди."
machine:calque,patch_text01,text/digimon_profile.mbe/000_Sheet1.csv,digimon_0305_profile,194,являет,"эволюция Кабутеримона, обнаруженная в
тропической области Сети. Примерно в 1,5 раза
более крупного Кабутеримона, АтлаКабутеримон довольно
велик для дигимона-насекомого. Он резко
увеличил мощность своего рога, который
является основным оружием вида, а также
нарастил мышцы у оснований передних
конечностей, улучшив свои способности в
рукопашном бою. АтлаКабутеримон известен своим
рыцарским характером и хорошо известен защитой
более слабых существ. Его особый приём
— «Хорн Бастер», которым АтлаКабутеримон
пронзает противников своим гигантским рогом."
machine:calque,patch_text01,text/digimon_profile.mbe/000_Sheet1.csv,digimon_0309_profile,198,являет,"Птица-Человек-дигимон с большими когтями и
крыльями, которые позволяют ему свободно
летать по небу. Гарудамон ценит порядок и
справедливость превыше всего, а также известен
как любящий природу Хранитель Ветра и Земли.
Даже среди птичьих дигимонов, Гарудамона
почитают как дигимона, в которого лишь
немногие избранные, очень интеллектуальные,
боевой искусные, могут эволюционировать.
Всякий раз, когда Цифровой мир в хаосе,
говорят, что появляется Гарудамон, устраняя
источник беспорядка и направляя все обратно к
более мирному курсу. Гарудамон также близкий
друг героя Леомона, который обладает тем же
духом. Особый приём Гарудамона —
«Шэдоу Винг», которым он посылает вакуумное
лезвие с невероятной скоростью, чтобы
разрезать противников на клочья."
machine:calque,patch_text01,text/digimon_profile.mbe/000_Sheet1.csv,digimon_0310_profile,199,являет,"Святой дигимон с четырьмя сверкающими золотыми
крыльями. Лидер всех птичьих дигимонов,
Хоуоумон, как говорят, правит всеми
Священными дигимонами. Так же, как Магнадрамон
является ультиматным Зверем-дигимоном,
Хоуоумон является ультиматным Птичьим
дигимоном. Поскольку у него не одно, а два
Святых Кольца, которые выводят святую силу и
служат для идентификации Святых дигимонов,
Хоуоумон, очевидно, обладает неизмеримой
силой. Особый приём Хоуоумона —
«Старлайт Эксплоужн», которым он взмахивает
своими четырьмя божественными крыльями, чтобы
обрушить золотые частицы света. Говорят, что
все, пораженное этой атакой, очищается от
всего зла."
machine:calque,patch_text01,text/digimon_profile.mbe/000_Sheet1.csv,digimon_0316_profile,205,являет,"Слизь-дигимон, полностью покрытый твердым
материалом под названием Мифриловые Волосы.
Додомон проявляет агрессивную натуру прямо с
рождения, и даже хотя его клыки еще не
отросли, он любит угрожать врагам, широко
открываясь и притворяясь, что кусает их. Из-за
такого поведения этих дигимонов часто
уничтожают другие, что делает Додомона довольно
редким. Когда враг приближается, Додомон
атакует, выстреливая «Литл Айрон Бидс» изо
рта."
machine:calque,patch_text01,text/digimon_profile.mbe/000_Sheet1.csv,digimon_0328_profile,212,являет,"Загадочный дигимон, который появился, когда
негативные мысли были накоплены силой тьмы.
Никто не знает истинную природу Апокалимона, и
его нельзя даже проанализировать, чтобы
увидеть, является ли он по-настоящему дигимоном.
Причина его появления неопределенна, но он,
кажется, желает очистки хаотичного Цифрового
Мира обратно в ничто. Одна теория утверждает,
что его пришествие было предсказано в древнем
пророчестве. Его особый приём
«Даркнесс-Зон» выпускает бесконечно
расширяющуюся тьму, которая возвращает все в
пустоту. Те, кто попал в эту тьму, теряют все
чувство направления, исчезая без следа."
machine:calque,patch_text01,text/digimon_profile.mbe/000_Sheet1.csv,digimon_0342_profile,215,являет,"Андромон — андроид-дигимон гуманоидной формы.
Он достаточно мощен, чтобы одним ударом
уничтожить любого дигимона уровня менее
Ультимат. Разработанный как прототип для
андроид-дигимонов, Андромон был создан как
модель на основе машины в то же время, когда
Болтмон был создан как органическая. Затем те
же методы были присвоены для использования в
других дигимонах, включая МеталГреймона и
Мегадрамона. Поскольку Андромон является
прототипом, ему не хватает эмоций, и у него
нет собственной воли, действуя только в
соответствии со своим программированием. Он
использует свое особый приём «Спирал
Сорд», чтобы выстрелить энергетическим лезвием
из своей руки."
machine:calque,patch_text01,text/digimon_profile.mbe/000_Sheet1.csv,digimon_0361_profile,224,являет,"Саламон — молодой дигимон Священного вида с
характерными висячими ушами. Поскольку она еще
ребенок, она не способна полностью использовать
свои святые силы и еще не осознала свою
судьбу. В результате ее природа в корне
нестабильна, и она способна стать как хорошей,
так и злой. Однако, вероятно, настанет день,
когда Саламон пробудится к своей судьбе как
одна из Истребителей Вирусов. В конце концов,
она родилась священным дигимоном. Саламон
также является экспериментальным дигимоном,
созданным исследователями дигимонов, и,
поскольку она была смоделирована по образцу
человеческого питомца, она очень похожа на
настоящее животное. Ее особый приём
«Паппи Хаул» включает издание сверхзвукового
визга, который может парализовать врагов."
machine:calque,patch_text01,text/digimon_profile.mbe/000_Sheet1.csv,digimon_0365_profile,227,являет,"Мифический Дракон-дигимон, который обрел
первоначальную силу Виимона и
эволюционировал до уровня Чемпион.
ЭкcВиимон — это чистокровная порода
Виидрамона, которая, как говорят, является
производным видом. Атаки с его развитой силой
рук и ног способны разрушить гору валунов без
следа. Его боятся за эту разрушительную силу,
но на самом деле у него сильное чувство
справедливости, и он не использует свою мощь
безрассудно. Особый приём ЭкcВиимона
«Вии Лазер» выпускает энергетический луч из
X-образной метки на его груди."
machine:calque,patch_text01,text/digimon_profile.mbe/000_Sheet1.csv,digimon_0371_profile,232,являет,"Мохнатый Редкий Животный дигимон, покрытый
толстым белым мехом. Он обитает в отдаленных
заснеженных регионах, что делает встречи довольно
редкими. Несмотря на различные сообщения о
встречах с Моджамоном, никакие доказательства
не подтвердили его существование, и поэтому в
течение долгого времени этого дигимона считали
простой фантазией. Моджамон — нежное существо,
которое никогда не проявляет никакой
враждебности, но даже так, он считает свое
логово и территорию священными землями и не
прощает тех, кто вторгается на его святую
землю. Он швыряет массивную сосульку,
мгновенно сформированную из воды в атмосфере,
своим специальным движением «Айсикл Род»."
machine:calque,patch_text01,text/digimon_profile.mbe/000_Sheet1.csv,digimon_0382_profile,242,являет,"БронеСвятой Рыцарь-дигимон,
эволюционировавший с Диги-Яйцом Чудес.
Диги-Яйцо Чудес имеет атрибут Металла и
сделано из суперметалла Хромдигизоид, позволяя
тем, кто обретает его силу, преодолеть любой
кризис. Магнамон обладает огромный
оборонительной способностью и силой атаки,
которая, по крайней мере, на уровне дигимона
Мега уровня, и также является членом
Королевских Рыцарей. Он использует свое
особый приём «Плазма Шот», чтобы
выстрелить шаром чистой плазмы, и «Шайнинг
Голд Солар Сторм», чтобы взорвать
сконденсированный воздух в золотой лазерный
луч, который сметает окружающих врагов."
machine:calque,patch_text01,text/digimon_profile.mbe/000_Sheet1.csv,digimon_0400_profile,258,являет,"АэроВиидрамон — дальнейше-эволюционировавшая
форма Виидрамона, ставшая способной к полету.
Только сильнейшие из линии Виидрамон могут
эволюционировать в АэроВиидрамона, пройдя
через бесчисленные битв, и поскольку Виидрамон —
редкий вид, АэроВиидрамон практически является
легендой. Он также получил больше, чем крылья,
в процессе эволюции, и теперь обладает
повышенными наступательными и оборонительными
способности. Его особый приём «Драгон
Импульс» выпускает ударную волну в форме
дракона."
machine:calque,patch_text01,text/digimon_profile.mbe/000_Sheet1.csv,digimon_0401_profile,259,являет,"эволюция Кувагамона, эволюционировавшего во
что-то даже более зловещее, чем дигимон типа
Кабутеримон. Преобладающим улучшением является
его защита, которой не хватает Кувагамону.
Способность Окувамона обнаруживать врагов
своими антеннами была усилена, и его атаки
клешнями получили повышенную точность. Более
того, ясно, что его самые заметные
характеристики — это не только инстинкт
выживания, но и импульс разрушения. По-настоящему
эволюция, пропитанный в агрессии. Его
особый приём «Дабл Си?ззор Коготь» —
это усовершенствованная версия «Си?ззор
Коготь», которая способна разрезать даже самый
твердый алмаз."
machine:calque,patch_text01,text/digimon_profile.mbe/000_Sheet1.csv,digimon_0404_profile,262,являет,"Этот скелет-дигимон — ничто иное, как кожа да
кости — минус кожа. Единственно зацикленный на
борьбе, он продлил свою жизнь одним только
боевым инстинктом, даже когда его тело гнило,
в итоге став СкаллГреймоном. Без лом
интеллекта или разума, чтобы сдерживать его
инстинкт, существование СкаллГреймона является
угрозой для других дигимонов. Его особый приём — это органическая ракета, выпущенная
из его спинного мозга. Последние исследования
предполагают, что эта атака в итоге
эволюционировала в «Обливион Бёрд», которая
добавляет новую функцию отслеживания и
резко улучшает как мощность, так и
дальность."
machine:calque,patch_text01,text/digimon_profile.mbe/000_Sheet1.csv,digimon_0405_profile,263,являет,"Даосский дигимон, который использует все
навыки веры, чтобы победить противников. Таомон
особенно талантлив в использовании
проклятий и талисманов. Он также является
мастером темных инструментов, храня различные
оружие, скрытое в его рукавах. Этот дигимон
мало говорит и обычно обитает в темноте.
Таомон также может превращать талисманы в
фамильяров, известных как шикигами. Он
использует свое особый приём «Талисман
оф Лайт», чтобы нарисовать санскритский символ
в воздухе, напевая, прежде чем швырнуть его в
врага. Любой враг, пораженный «Талисманом оф
Лайт», уничтожается в гигантский взрыве."
machine:calque,patch_text01,text/digimon_profile.mbe/000_Sheet1.csv,digimon_0407_profile,265,являет,"ДОРУгремон — массивный Зверь-Дракон-дигимон,
также известный как «Финальный Враг». Его
форма является результатом того, что интерфейс
на его лбу разблокировал данные дракона,
дремавшие глубоко в его ДигиЯдре,
наполненном мощной жизненной силой этого
мифического зверя. Со своим огромным
размером, он способен полностью раздавить любого
дигимона, осмелившегося противостоять ему, и
его сила позволяет ему отразить атаку от
Кошмарных Солдат одним взмахом своих крыльев.
ДОРУгремон также очень умен, и поскольку он
лишь редко показывает себя, просто найти его
чрезвычайно трудно. Его особый приём
«Метал Метеор» выпускает сверхмассивную
железную сферу, более чем в десять раз
превышающую его собственный огромный размер,
уничтожая своих врагов всех сразу."
machine:calque,patch_text01,text/digimon_profile.mbe/000_Sheet1.csv,digimon_0412_profile,270,являются,"Мутантный дигимон, эволюционировавший в
жестокой среде. Милая внешность Мамемона
скрывает ужасающую разрушительную силу. За
исключением одного другого дигимона, он может
быть самым мощным видом. Гигантские руки на
его маленьком теле являются съемными и
способны становиться мощными бомбами. Его
прозвище — «Улыбающийся Бомбардир»."
machine:calque,patch_text01,text/digimon_profile.mbe/000_Sheet1.csv,digimon_0416_profile,273,являются,"Один из 13 Королевских Рыцарей, которые, как
говорят, являются дигимонами высшего ранга,
когда дело доходит до безопасности Сети. Хотя
сам Альфамон является Святым Рыцарем, говорят,
что он действует как сдерживающий фактор для
других Святых Рыцарей. Обычно он предпочитает
оставаться скрытым и широко известен как
«Отчужденный Отшельник», распознаваемый по
синему плащу, который развевается вокруг него.
Позиция, которую он занимает в Королевских
Рыцарях, известна как «Пустое Место». В бою он
обладает способностью получать доступ к Альфа-
инФорс, ультиматной силе, которая может
мгновенно обратить вспять то, что в противном
случае было бы проигранным делом. Его
особые приёмы — «Блейд оф зе Драгон
Кинг», которое включает извлечение света,
собранного в центре магического круга, а затем
использование его, чтобы пронзить врага, и
«Соул Дигиталайзейшн», которое включает
расправление крыльев на его спине, чтобы
взлететь, а затем создание гигантского
магического круга в небе, который он
использует, чтобы призвать легендарного
монстра из другого измерения."
machine:calque,patch_text01,text/digimon_profile.mbe/000_Sheet1.csv,digimon_0419_profile,275,являет,"Эта форма Режима Бойца появляется, когда
Империалдрамон: Режим Дракона, древний
дракон-дигимон, высвобождает всю свою силу
и превращается в легендарного Драконьего Воина.
Оставив позади неуклюжую драконью форму,
он обретает гуманоидный облик, высокий интеллект
и силу дигимона Мега уровня. Говорят, его атаки
способны уничтожить планету. Особый прием
«Позитрон Лазер» выпускается из оружия на правой
руке. Прием «Гига Дез» соединяет Позитрон Лазер
с драконьей мордой на груди и обрушивает на врага
разрушительную волну всей накопленной энергии.
Эта атака в десять раз мощнее «Мега Дез» Режима
Дракона. Ходят слухи, что, пробудив идеальную
справедливость, он может достичь еще более
могущественного режима."
machine:calque,patch_text01,text/digimon_profile.mbe/000_Sheet1.csv,digimon_0421_profile,277,являет,"Супер Ангел-дигимон, который является
ультиматной формой всех женственных
дигимонов-Ангелов. Вместе с Серафимоном и
Керубимоном, Офанимон является одной из Трех
Небесных дигимонов, которые охраняют область,
известную как Ядро (или Владения Богов) в
сердце Цифрового мира. Офанимон представляет
милосердные и сострадательные аспекты богов,
служа святой матерью Цифрового мира, в то
время как Серафимон — неумолимый маршал богов,
а Керубимон — стойкий защитник богов и
мудрости. У каждого своя роль. Особые приёмы Офанимон — «Копье Эдема» и «Сефирот
Кристалл»."
english:mixed,patch_text01,text/digimon_profile.mbe/000_Sheet1.csv,digimon_0440_profile,292,XII,"Контратакующий Титан, рожденный из обиды
дигимона, побежденного Олимпос XII в борьбе за
превосходство над Цифровым Миром. Также известный
под псевдонимом «Дивизия одного человека»,
Титамон хранит бездонную энергию обиды в своем
могучем теле. Он перебегает с поля боя на поле
боя, все в погоня голов членов Олимпос XII.
Огромные руки Титамона покрыты большим
количеством черепов, каждый из которых
сформирован из данных силы, похищенных у
павших врагов. Его гигантский медный меч
«Дзанзинтоу» вырезан из костей СкаллГреймона,
и злоба, обитающая внутри клинка, издает
низкий рык. Особый приём Титамона
«Соул Кор Атак» рассекает прямой через броню
и тело врага, рассекая его ДигиЯдро напрямую
своим клинком. Урон, полученный от прямого
попадания, никогда не исцеляется.
«Фантом Блейд» пронзает врага Дзанзинтоу,
погружая его в галлюцинацию, что он остается
пронзенным даже после того, как клинок
вытащен. Боль от этого удара стихает только со
смертью духа врага."
machine:calque,patch_text01,text/digimon_profile.mbe/000_Sheet1.csv,digimon_0491_profile,311,являет,"Самопровозглашенный сильнейший боец
врукопашную в Цифровом Мире, ГрейтГризлимон
живет, чтобы развлекать тех, кто наблюдает за
его битвами. Его выступление в бою захватывает
наблюдающих Дигимонов и оживляет поле боя. Это
трудяга, который никогда не пренебрегает
тренировками, чтобы оправдать ожидания
публики. Любой бой с ПайлВолкамоном, его
вечным соперником, является большим событием,
привлекающим толпы. Его особое движение —
Воодушевленные Когти, которым он рассекает
своих врагов своими огненными когтями."
machine:calque,patch_text01,text/digimon_profile.mbe/000_Sheet1.csv,digimon_0492_profile,312,являются,"Темный Зверь-Дигимон, напоминающий медведя.
Хотя считается, что это эволюция от линии
Гризлимона, это мутантная эволюция от
Дигимонов с аномальными данными. Неизвестно,
являются ли эти аномалии данных, создающие
его, спонтанными или преднамеренными, и
поскольку их количество невелико, его экология
и условия эволюции остаются загадкой.
Огромные руки и оружие Каллисмона делают его
высокоэффективным в бою, и он проявляет
свирепую натуру, которая безжалостно атакует
враждебных противников, пока они не падут. Его
особые приемы — Глухой Лес, который ухудшает
данные противника, рассекая острыми когтями, и
Родео Пуля, которым он выпускает
самонаводящиеся выстрелы из своих трех пушек."
machine:calque,patch_text01,text/digimon_profile.mbe/000_Sheet1.csv,digimon_0588_profile,332,являет,"Древний Дигимон, доказавший свое существование
в давно минувшие времена, благодаря множеству
свидетельств. Потепление Цифрового мира
разморозило некоторые гиперсжатые данные,
заставив Мамонмона появиться в ледяных
областях, где растаяла оттепель. Все его тело
покрыто густым мехом, и хотя этот Дигимон
обладает огромной древней силой, он
чрезвычайно восприимчив к урону от огня.
Гребень, вырезанный на маске лица Мамонмона,
является кристаллом сверхдревней мудрости, и
он обладает вторым зрением, позволяющим видеть
на большие расстояния. Его большие уши могут
различать звуки даже в отдаленных местах.
Особое движение Мамонмона — Удары Клыками,
которое пронзает врага двумя длинными бивнями."
machine:calque,patch_text01,text/digimon_profile.mbe/000_Sheet1.csv,digimon_0594_profile,335,являет,"Дигимон-Морское Животное с плавниками на
ногах, чтобы грести в воде. Гидзамон более
приспособлен к жизни под водой, чем на суше,
используя свои плавники и сильные задние лапы,
чтобы быстро плавать в водных областях. На
суше, однако, он подпрыгивает, как лягушка.
Гидзамон ведет себя трусливо на суше, но
проявляет свирепый нрав,?? возвращается в
воду. Его особое движение — Спиральное Лезвие,
которое атакует врагов его острыми спинными
плавниками."
machine:calque,patch_text01,text/digimon_profile.mbe/000_Sheet1.csv,digimon_0596_profile,337,являет,"Дигимон-Плюшевая Игрушка с тыквой вместо
головы. Согласно городской легенде, Пампкинмон
был создан, когда компьютерный вирус, обычно
распространяемый во время Хэллоуина, внезапно
мутировал. Вирус не был злонамеренным, поэтому
этот Дигимон никогда не вредит людям, но
Пампкинмон довольно силен, несмотря на свою
внешность. Как покажет один взгляд на их
безучастно смотрящие лица, Дигимоны-Куклы
склонны не очень четко выражать эмоции, и
Пампкинмон не исключение. Его особое движение
— Уловка или Угощение, которое проявляет
гигантскую тыкву в воздухе, чтобы раздавить
своих врагов."
machine:calque,patch_text01,text/digimon_profile.mbe/000_Sheet1.csv,digimon_0603_profile,343,являет,"Дигимон-Воин, восхваляемый как легендарный
герой Витчелни, Цифрового мира другого
измерения. Древняя Витчелни была на пути к
гибели, поскольку ее магия (продвинутый язык
программирования) все еще была в зачаточном
состоянии, и ей не хватало техник для защиты
земли от вторжения внешних сил. Говорят, что
МедивалГаллантмон внезапно появился и отразил
захватчиков, и что он превосходит время, чтобы
существовать до наших дней, хотя правда этого
неопределенна. Он сражается с оружием,
созданным с помощью магии, и владеет Динасом,
предельный магическим копьем, скрывающим силу
виверна. МедивалГаллантмон получил прозвище
""Генерал Вихря"" из-за его управления
Виртуозными Воинами, Дигимонами, которые
сражаются с оружием, сделанным из магии ветра,
одного из четырех типов магии (огонь, земля,
вода и ветер). Практически никто не видел
МедивалГаллантмона в Цифровом Мире, но этот
Дигимон известен как ""Воин Фантазии"" из-за его
доспехов, покрытых великолепными украшениями,
и является торжественной фигурой, украшенной
гербом. МедивалГаллантмон использует особое
движение Гнев Виверна, чтобы выпускать энергию
из Динаса."
english:mixed,patch_text01,text/digimon_profile.mbe/000_Sheet1.csv,digimon_0604_profile,344,XII,"Мифический Дигимон-Галактика, который, как
говорят, появился, когда беспрецедентный
кризис обрушился на Цифровой мир Илиада.
Столкновение противоположных сил солнечной и
лунной энергии заставляет ГрейсНовамон
генерировать энергию уровня Большого Взрыва
внутри своего тела. Он возник, когда Аполломон
и Дианамон из Олимпос XII слились вместе. В
результате, считается, что сам ГрейсНовамон
является галактикой, и полный объем его данных
невозможно точно измерить. Его особые приемы —
Палец Затмения, который концентрирует энергию,
усиленную внутри его тела, в его руках,
заставляя врагов плавиться, когда он касается
их, и Калидонский Лук, который выпускает
восемь лезвий Мелеагроса на его спине, чтобы
найти и уничтожить своих врагов."
machine:calque,patch_text01,text/digimon_profile.mbe/000_Sheet1.csv,digimon_0613_profile,351,являет,"Дигимон-Добродетель, охраняющий Врата Зенита,
которые соединяют Цифровой мир с внешним
миром. Эти ворота запечатаны 360 дверями, и
КлависАнжемон держит ""Ключ"", мастер-ключ,
который открывает их все. Ключ особенный тем,
что только этот Дигимон может владеть им.
Некоторые подозревают, что сам КлависАнжемон
является частью этого ключа. Сила, заключенная
в Ключе, по-видимому, может обрушить сам
Цифровой мир, но используется только против
врагов, которые разрушают двери."
machine:calque,patch_text01,text/digimon_profile.mbe/000_Sheet1.csv,digimon_0623_profile,358,являет,"Нелетающий Дигимон-Птица, который является
вылитой копией Пенмона. Выращенный в
тропических землях на юге, Мучомон живет
жизнью постоянной радости. Он переполнен
страстью, танцует под ритм самбы и любит свою
яркую, насыщенную цветами шкурку. Особое
движение Мучомона — Тропический Клюв, клюет
противника своим красочным клювом."
machine:calque,patch_text01,text/digimon_profile.mbe/000_Sheet1.csv,digimon_0701_profile,382,являет,"Загадочный Дигимон с массивным рогом, растущим
из его головы. Хотя состав Терриермона
достаточен, чтобы считать его
Зверем-Дигимоном, форма, которую он принимает
после эволюции, все еще неизвестна. Ходят
слухи, что он иногда рождается с близнецом.
Крайняя миловидность и спокойное поведение
Терриермона не создают впечатления, что этот
Дигимон относится к Боевому Виду. Тем не
менее, сила, которую он проявляет в бою,
противоречит его внешности. Он использует свое
фирменное движение Торнадо Терьера, чтобы
вращать оба своих уха, как пропеллер, создавая
небольшой торнадо."
machine:calque,patch_text01,text/digimon_profile.mbe/000_Sheet1.csv,digimon_0706_profile,387,являет,"Спокойный, собранный и чрезвычайно учтивый
Птичий Дигимон. Как и Вимон, он является
потомком уникального вида, процветавшего в
древние времена, и может использовать силу
Диги-Яиц для бронированной псевдо-эволюции.
Хокмон использует свой специальный приём
«Перьевой Удар», чтобы метнуть перьевой
орнамент на своей голове как бумеранг."
machine:calque,patch_text01,text/digimon_profile.mbe/000_Sheet1.csv,digimon_0711_profile,392,являет,"Бронированный Дракон Дигимон, полностью
покрытый затвердевшей кожей. Жёсткие выступы
покрывают его всего, придавая его атаке
тараном невероятную разрушительную силу. Хотя,
будучи травоядным, ему не хватает свирепости,
Анкиломон, тем не менее, проявляет храбрый
характер. Он использует свой специальный приём
«Хвост-Молот», чтобы яростно избивать врага
железным шаром на кончике своего хвоста. Любой
Дигимон, поражённый этой техникой, имеет весь
свой скелет (или каркас) полностью
уничтоженным."
machine:calque,patch_text01,text/digimon_profile.mbe/000_Sheet1.csv,digimon_0719_profile,395,являет,"Драконий дигимон-андроид драконьего типа, защищённый
специальной резиновой бронёй, которая может
противостоять любой атаке. Если Дигимон
атрибута Вирус появляется в компьютерной сети,
этот Дигимон появится мгновенно, чтобы
уничтожить его. Тем не менее, Сайбердрамон
действует в одиночку, никогда не работая с
группой справедливости, известной как
«Охотники на Вирусы», и его личность окутана
тайной. Его специальная резиновая броня
предлагает превосходную защиту, но также
служит для умножения его наступательной силы.
Его специальный приём «Коготь Разрушения»
уничтожает вражеские данные конфигурации
высокочастотной вибрацией от обеих рук, стирая
само пространство вокруг них. Всё, что
поражено этой атакой, имеет каждую последнюю
йоту данных уничтоженной."
machine:calque,patch_text01,text/digimon_profile.mbe/000_Sheet1.csv,digimon_0725_profile,401,являет,"АльтимейтБрахиомон — самый крупный и тяжёлый
наземный дигимон-андроид. Ускорители на его
спине стреляют вниз, чтобы помочь поддерживать
огромный вес его массивного каркаса, и он
полагается на них, чтобы двигаться.
АльтимейтБрахиомон был переделан, чтобы быть
экстремальным тяжеловесом, и, как результат,
он что угодно, но только не быстрый. Поскольку
его броня такая толстая, ему нет необходимости
уворачиваться от вражеских атак, и любой
другой Дигимон без хотя бы такого же веса не
смог бы выдержать отдачу при стрельбе из
суперорудия, которым является его нагрудная
пушка. Его специальные приёмы включают
«Альтимейт Взрыв», который заставляет энергию
внутри его тела взрываться, выпуская мощную
ударную волну из его нагрудной пушки, и
«Альтимейт Тряска», которым он атакует своим
гигантским хвостом, поражая врага с
потрясающей силой."
english:mixed,patch_text01,text/digimon_profile.mbe/000_Sheet1.csv,digimon_0733_profile,409,XII,"Одна из Олимпос XII, Дианамон — Божественный
Дигимон, который контролирует воду и лёд,
позволяя ему сражаться даже в условиях
абсолютного нуля. Его личность двусторонняя,
как светлая и тёмная стороны луны, и его
красота скрывает грозную силу. Дианамон
использует свой специальный приём «Стрела
Артемиды», чтобы натянуть и выстрелить длинной
стрелой из ослепительного льда из выступа на
своей спине. Он также использует «Спокойной
Ночи, Луна», чтобы окутать своего врага лунным
светом, выпущенным из Сестёр Спокойной Ночи на
обеих ногах, усыпляя его."
english:mixed,patch_text01,text/digimon_profile.mbe/000_Sheet1.csv,digimon_0737_profile,412,"Accel, Arm, Blitz, Critical","Героический Дигимон в развевающемся красном
шарфе. Горя чувством справедливости, этот
Дигимон никогда не оставляет без внимания
несправедливость или злодеяния, что делает его
любимцем Дигимонов в Стадии Развития.
Джастимон приходит как ветер, обрушивает
железный молот правосудия и затем исчезает так
же быстро. Также, кажется, ему нравится
принимать позу на утёсе, спиной к заходящему
солнцу. Переключение между тремя штекерами
Расширенного Передатчика, оборудованного на
его спине, позволяет ему чередовать силовой
тип Accel Arm, электрический тип Blitz Arm и
режущий тип Critical Arm. Его фирменный приём
«Троичная Рука» позволяет Джастимону
переключаться между своими тремя руками, а
специальный приём «Удар Правосудия» может
похвастаться более чем 45 тоннами
разрушительной силы."
english:mixed,patch_text01,text/digimon_profile.mbe/000_Sheet1.csv,digimon_0747_profile,421,XII,"Божественный Дигимон и член Олимпос XII,
который напоминает молодую девушку. Несмотря
на совсем небольшое телосложение
Минервамона, этот невероятно сильный Дигимон
способен орудовать огромный меч размером с его
собственное тело. Хотя этот Дигимон невинен и
весел, как молодая девушка, его настроение
может дико колебаться. Когда он в плохом
настроении, его поведение быстро становится
расстроенным и своевольным (то есть,
«проблематичным») таким образом, что выходит
из-под контроля. Минервамон использует свой
специальный приём «Ударный Кувырок», чтобы
обрушить накатывающий удар вперёд от своего
огромного меча Олимпия, и «Безумная Карусель»,
чтобы выполнить горизонтальный вращающий удар
быстрее, чем глаз может увидеть. «Ударный
Кувырок» может расколоть землю, в то время как
«Безумная Карусель» генерирует массивный
торнадо."
machine:calque,patch_text01,text/digimon_profile.mbe/000_Sheet1.csv,digimon_0748_profile,422,являет,"Ангел-дигимон, который, по преданию, появляется,
когда Цифровому миру грозит беспрецедентный кризис.
Мастемон рождается через джогресс-эволюцию Ангела
и Темного Ангела, обычно несовместимых существ.
Он управляет силами обоих кланов, призванных через
врата из другого Цифрового мира, и потому получил
прозвище «Тактик из Другого Мира». Мастемон способен
заставить обычно враждующие фракции действовать
сообща. Несмотря на происхождение от конфликтующих
существ, он сохраняет единую волю, управляет светлой
и темной энергией, поддерживает дигимонов в разных
ситуациях и даже в одиночку бросается на грозных врагов.
Его особые приемы: «Святое Желание», уничтожающее
злодеев стрелами света из правой руки; «Темное Отчаяние»,
которым он хватает врага левой рукой и стирает его,
сокрушая все Диги-Ядро; и «Хаос Деградация», создающая
врата из слияния светлой и темной энергии в обеих руках
и отправляющая врага в забвение другого измерения."
machine:calque,patch_text01,text/digimon_profile.mbe/000_Sheet1.csv,digimon_0760_profile,434,являет,"Охраняя шахту Хромдигизоида, Гардромон
преобразовал себя, чтобы выдерживать
безжалостные повторяющийся набеги незаконных
шахтёров. Броня Гардромона (Золотого), как
говорят, является результатом поглощения
данных пыли Хромдигизоида, плавающей в
воздухе. Эта броня более прочная, чем у
обычного Гардромона, и его специальный приём
«Разрушающая Граната» преуспевает в может похвастаться
слегка большей мощности. С другой стороны,
броня Гардромона (Золотого) тяжелее, и это
является основной причиной, по которой его
движения в целом притупились."
english:mixed,patch_text01,text/digimon_profile.mbe/000_Sheet1.csv,digimon_0767_profile,436,XII,"Один из Олимпос XII и самопровозглашённый
самый душевный пьяница Цифрового мира. С его
яркой личностью, Бахусмон хорош в заботе о
других. В любое время суток он собирает дигимонов уровней Ребёнок и Чемпион и устраивает грандиозные пиршества. Он может производить различные виды
напитков и счастлив делать это по просьбе
своих любимых Дигимонов, которые пришли на его
пиры. Бахусмон предпочитает фруктовые вина, и
его любимое сделано из ферментированных
фруктов, взятых из леса Карпос Хуле на спине
Цересмона. Всякий раз, когда он свободен, он
просит Цересмона позволить ему варить это
вино. В результате, эти два Дигимона чрезвычайно
близки и часто делают что-то вместе. Когда
Бахусмон слишком много выпил, узор на его теле
становится синим, и он извергает данные в
своём большом желудке в разрушительном луче
света под названием «Разворот Мёртвых». Если
атака попадает в противника, Бахусмон
поглощает данные, чтобы стать более мощным,
так что столкновение с большими группами
врагов может сделать его непостижимо сильным.
Данные, которые Бахусмон очищает в яд,
исследуются Командой Раскола. Существуют
правдоподобные слухи, что данные яда Бахусмона
используются для производства биологического
оружия и в заговорах с целью убийства
высокопоставленных лиц."
english:mixed,patch_text01,text/digimon_profile.mbe/000_Sheet1.csv,digimon_0771_profile,438,"BAN, TYO","Даркдрамон — дигимон-андроид, который, как
полагают, является предельным оружием D-Бригады.
Ходят слухи, что исследователи D-Бригады
создали Даркдрамона, эволюционировав
Танкдрамона, которого они восстановили.
Предположительно, этот Танкдрамон был побеждён
в операции, предназначенной для устранения цели с
кодовым именем BAN-TYO. Однако, никакие из этих сведений не кажутся особенно надёжными. Кажется, что
в этом процессе эволюции было использовано
обширное количество тёмной материи. Возможно, в
результате, Даркдрамон немедленно впал в
берсерк и бежал. Его текущее местонахождение
неизвестно, даже для D-Бригады, хотя ходят
слухи, что он всё ещё ищет Кодовое имя
BAN-TYO. Его специальный приём «Тёмный Рев» —
это запрещённая техника, которая включает
выстрел энергетической бомбы, состоящий из
тёмной материи. Ничто не может выжить после
попадания этой атаки, как гласит молва.
Даркдрамон также имеет оружие под названием
«Гигастик Копьё», встроенное в его правую
руку, которое, как говорят, равно по мощности
святому копью Галлантмона Грам."
machine:calque,patch_text01,text/digitter_message.mbe/000_Sheet1.csv,main_235_040_012,133,осуществ,"Ты бы хотел снова увидеть своего приёмного отца, не так ли? Я
надеялся помочь осуществить это, если бы мог..."
machine:calque,patch_text01,text/digitter_message.mbe/000_Sheet1.csv,main_290_080_010,165,На данный момент,"На данный момент... ты представитель, работающий над остановкой
войны в другом мире. Агент в самом истинном смысле этого слова."
machine:calque,patch_text01,text/digitter_message.mbe/000_Sheet1.csv,main_310_020_020,182,осуществ,"Я накопил достаточно денег через видеостриминг... и осуществил
эту мечту."
english:mixed,patch_text01,text/digitter_message.mbe/000_Sheet1.csv,sub_100_087_1,290,VIP,"Я знаю, что они не привыкли к этому миру, но чтобы нам
понадобилась помощь людей... Ах, ну. Пожалуйста, приходи в
VIP-комнату театра. Просмотреть детали миссии {decision}"
english:mixed,patch_text01,text/digitter_message.mbe/000_Sheet1.csv,sub_100_088_1,292,VIP,"Загляни в VIP-комнату. Мне нужно попросить тебя
об одолжении. Для тебя это тоже будет выгодно.
Просмотреть детали миссии {decision}"
english:mixed,patch_text01,text/digitter_message.mbe/000_Sheet1.csv,sub_010_158_1,333,TBD,(TBD) sub_010_158_1 Стартовый Дигиттер
english:mixed,patch_text01,text/digitter_message.mbe/000_Sheet1.csv,sub_100_178_1,359,VIP,"Трое ведущих хотят передать тебе кое-что. Пожалуйста, приходи в
VIP-комнату Промежуточного Театра.
Просмотреть детали миссии {decision}"
machine:calque,patch_text01,text/digitter_message.mbe/000_Sheet1.csv,sub_clear_010_010,441,На данный момент,"На данный момент все побочные миссии выполнены. Ваш вклад будет
использован для анализа данных АДАМАСА."
machine:calque,patch_text01,text/digitter_message.mbe/000_Sheet1.csv,sub_clear_010_030,443,На данный момент,"На данный момент все побочные миссии завершены. База данных
ADAMAS будет постоянно обновляться."
layout:long_line,patch_text01,text/digitter_message.mbe/000_Sheet1.csv,hazama_99_130_1,561,119 chars,"Этот «Молот Тора» Зудомона, похоже, сделан из чрезвычайно ценного металла, который называют «хромдигизоидным металлом»."
machine:calque,patch_text01,text/digitter_message.mbe/000_Sheet1.csv,hazama_99_200_1,575,являет,"Я слышал, что Цифровой мир является домом для группы Дигимонов,
известных как ""Семь Великих Повелителей Демонов""..."
layout:long_line,patch_text01,text/help_message.mbe/000_Sheet1.csv,help_bgm_06,88,117 chars,"Изменить фоновую музыку, воспроизводимую во время сражений с боссами. (Не распространяется на определенные сражения.)"
layout:long_line,patch_text01,text/info_message.mbe/000_Sheet1.csv,1211,20,146 chars,После конвертации или деконвертации дигимона изменения нельзя отменить. Убедитесь в своём решении перед выполнением конвертации или деконвертации.
english:mixed,patch_text01,text/info_message.mbe/000_Sheet1.csv,9001,175,Esc,"Нажмите кнопку, которую вы хотите назначить выбранному действию. Отмените и вернитесь к предыдущему экрану с помощью клавиши Esc."
layout:long_line,patch_text01,text/info_message.mbe/000_Sheet1.csv,9002,176,117 chars,"Некоторые элементы управления не были установлены. Пожалуйста, убедитесь, что все элементы управления были настроены."
layout:long_line,patch_text01,text/info_message.mbe/000_Sheet1.csv,info_message_item_skilldisc_0010,221,151 chars,"Этот диск навыка подходит всем дигимонам. Чтобы поставить его на другого дигимона, сначала снимите его с экипированного дигимона в меню дисков навыков."
layout:long_line,patch_text01,text/info_message.mbe/000_Sheet1.csv,info_message_item_equipment_0010,222,142 chars,"Это снаряжение подходит всем дигимонам. Чтобы надеть его на другого дигимона, сначала снимите его с экипированного дигимона в меню снаряжения."
layout:long_line,patch_text01,text/info_message.mbe/000_Sheet1.csv,info_message_save_error_05,246,136 chars,"Игру не удается запустить из-за нехватки свободного места для автосохранения. Пожалуйста, освободите немного места и попробуйте еще раз."
layout:long_line,patch_text01,text/info_message.mbe/000_Sheet1.csv,info_message_dlc_disable,275,130 chars,"Не найден {pf(контент дополнений/контент дополнений/загружаемый контент/загружаемый контент)}, присутствующий в данных сохранения.
Скачайте или приобретите следующий контент повторно.

{fc9{d0}}

*Если загрузка уже идёт, дождитесь её завершения."
layout:long_line,patch_text01,text/info_message.mbe/000_Sheet1.csv,info_message_dlc_disable_01,276,130 chars,"Не найден {pf(контент дополнений/контент дополнений/загружаемый контент/загружаемый контент)}, присутствующий в данных сохранения.

Возврат к титульному экрану."
english:mixed,patch_text01,text/info_message.mbe/000_Sheet1.csv,info_message_dlc_18,293,Story,"Бонусный набор за предзаказ Digimon Story Time Stranger:
{fc9костюм «Форма определённой школы»} теперь доступен.

Переодеться в этот костюм можно через меню
Агент > Костюмы на вашем Дигивайсе."
english:mixed,patch_text01,text/info_message.mbe/000_Sheet1.csv,info_message_dlc_19,294,Story,"Бонусный набор за предзаказ Digimon Story Time Stranger:
{fc9набор предметов для приключений} теперь доступен.

Получить эти предметы можно через меню
Предметы > Наборы предметов на вашем Дигивайсе."
layout:long_line,patch_text01,text/info_message.mbe/000_Sheet1.csv,info_message_transfer_01,299,135 chars,"Ваши сохранённые данные успешно импортированы. Если вы хотите продолжить игру в демо-версии, выберите ""Продолжить"" на титульном экране."
english:mixed,patch_text01,text/info_message.mbe/000_Sheet1.csv,info_message_demo_03,302,Story,"Этот режим позволяет вам окунуться в приключение в Центральном городе, расположенном в самом сердце Цифрового мира Илиады. Этот режим доступен после завершения демо-версии Digimon Story: Time Stranger."
layout:long_line,patch_text01,text/info_message.mbe/000_Sheet1.csv,info_message_demo_04,303,242 chars,"Теперь вы можете сыграть в «Центральный город - пробная версия приключения», выбрав этот режим на титульном экране. Наслаждайтесь возможностями полной версии игры: собирайте и создавайте дигимонов, сражайтесь с ними и исследуйте Цифровой мир."
layout:long_line,patch_text01,text/info_message.mbe/000_Sheet1.csv,info_message_demo_06,305,273 chars,"Вы пытаетесь перезаписать сохранённые данные, которые можно импортировать в полную версию игры, сохранёнными данными «Пробной версии приключения в Центральном городе». Сохраните данные в другой слот. Если свободных слотов нет, удалите другие данные, чтобы освободить место."
layout:long_line,patch_text01,text/info_message.mbe/000_Sheet1.csv,info_message_demo_07,306,117 chars,На этом демо-версия завершена. Примечание: данные сохранения из демо-версии можно импортировать в полную версию игры.
layout:long_line,patch_text01,text/item_explanation.mbe/000_Sheet1.csv,52,14,117 chars,"Месть человека, оказавшегося в ловушке в пещере и превратившегося в голема / Меняет тип личности на «Жестокосердный»."
layout:long_line,patch_text01,text/item_explanation.mbe/000_Sheet1.csv,53,15,118 chars,"История об одиноком драконе, который приходит в себя с помощью упрямого мужчины / Меняет тип личности на «Заботливый»."
layout:long_line,patch_text01,text/item_explanation.mbe/000_Sheet1.csv,55,17,120 chars,"Трогательная история обо мне и таинственном мальчике, который называет себя принцем / Меняет тип личности на «Невинный»."
layout:long_line,patch_text01,text/item_explanation.mbe/000_Sheet1.csv,56,18,139 chars,"Сказка о черном козле, который приходит в ярость, когда просыпается ото сна и превращается в демона / Меняет тип личности на «Непослушный»."
layout:long_line,patch_text01,text/item_explanation.mbe/000_Sheet1.csv,83,45,140 chars,"Драгоценный камень, добываемый из моллюсков. Не путать с черным жемчугом, производимым компанией Сякомон. Может продаваться по высокой цене."
layout:long_line,patch_text01,text/item_explanation.mbe/000_Sheet1.csv,86,48,149 chars,"Драгоценный камень, который меняет цвет на сине-зеленый при солнечном свете и красный при искусственном освещении. Может быть продан по высокой цене."
layout:long_line,patch_text01,text/item_explanation.mbe/000_Sheet1.csv,88,50,153 chars,"Драгоценный камень, который бывает всех цветов, кроме красного, по твердости с которым может соперничать только алмаз. Может быть продан по высокой цене."
layout:long_line,patch_text01,text/item_explanation.mbe/000_Sheet1.csv,90,52,119 chars,"Старый зануда сказал бы, что он сделан из того же материала, что и обычный карандаш. Может продаваться по высокой цене."
layout:long_line,patch_text01,text/item_explanation.mbe/000_Sheet1.csv,762,184,136 chars,"Кольцо ручной работы от Нептунемона. Оно сделано из прочного металла, добытого на дне океана, и украшено камнем из синего хромдигизоида."
layout:long_line,patch_text01,text/item_explanation.mbe/000_Sheet1.csv,763,185,186 chars,"Лекарство, ставшее итогом исследований Венусмон. Его мощный восстанавливающий эффект иногда даже способствует росту. Ингредиенты трудно собрать, поэтому массовое производство невозможно."
layout:long_line,patch_text01,text/item_explanation.mbe/000_Sheet1.csv,767,189,117 chars,"Драгоценность ПлатинумНумемона, одно из его самых роскошных украшений. Он бережно хранит ее внутри собственного тела."
layout:long_line,patch_text01,text/item_explanation.mbe/000_Sheet1.csv,771,193,126 chars,"Редкое водное растение, реагирующее на качество воды. Изначально синее, оно становится фиолетовым, когда вода вокруг портится."
layout:long_line,patch_text01,text/item_explanation.mbe/000_Sheet1.csv,773,195,147 chars,"Фрукт, который, по слухам, придает сил тем, кто его съест. Доказательств лечебных свойств нет, но некоторые уверены, что эффект зависит от настроя."
layout:long_line,patch_text01,text/item_explanation.mbe/000_Sheet1.csv,780,202,124 chars,"Обогревает помещение теплым воздухом. Модель немного устарела, но для домашнего использования по-прежнему греет превосходно."
layout:long_line,patch_text01,text/item_explanation.mbe/000_Sheet1.csv,800,222,120 chars,"Редкая карта Джогмона, на которой ничего нет. Что-то может случиться, если вы отдадите ее кому-то, кто знаком с картами."
english:mixed,patch_text01,text/item_explanation.mbe/000_Sheet1.csv,824,246,"Sleuth, Story","Костюм. Наряд, вдохновлённый Digimon Story: Cyber Sleuth."
english:mixed,patch_text01,text/item_explanation.mbe/000_Sheet1.csv,825,247,Adventure,"Костюм. Наряд, вдохновлённый Digimon Adventure."
english:mixed,patch_text01,text/item_explanation.mbe/000_Sheet1.csv,835,257,"BEATBREAK, DIGIMON",Костюм. Наряд с футболкой DIGIMON BEATBREAK.
layout:long_line,patch_text01,text/item_explanation.mbe/000_Sheet1.csv,1136,409,118 chars,Увеличивает значение датчика пикового давления по умолчанию (в зависимости от количества пользователей) / Оборудования
layout:long_line,patch_text01,text/item_explanation.mbe/000_Sheet1.csv,1151,419,121 chars,"СКР +300.
Нейтрализует {is28}{image(ui_icon_btlStatus_000)} Отравление/{is28}{image(ui_icon_btlStatus_005)} Смертельное отравление.
Повышает сопротивление {is28}{image(ui_icon_skill_007)} ветру."
layout:long_line,patch_text01,text/item_explanation.mbe/000_Sheet1.csv,1152,420,121 chars,"Шанс крита +20%.
Нейтрализует {is28}{image(ui_icon_btlStatus_000)} Отравление/{is28}{image(ui_icon_btlStatus_005)} Смертельное отравление.
Повышает сопротивление {is28}{image(ui_icon_skill_006)} стали."
layout:long_line,patch_text01,text/item_explanation.mbe/000_Sheet1.csv,1156,424,121 chars,"ЗАЩ +300.
Нейтрализует {is28}{image(ui_icon_btlStatus_000)} Отравление/{is28}{image(ui_icon_btlStatus_005)} Смертельное отравление.
Повышает сопротивление {is28}{image(ui_icon_skill_003)} растениям."
layout:long_line,patch_text01,text/item_explanation.mbe/000_Sheet1.csv,1171,432,121 chars,Нейтрализует {is28}{image(ui_icon_btlStatus_000)} Отравление/{is28}{image(ui_icon_btlStatus_005)} Смертельное отравление.
layout:long_line,patch_text01,text/item_explanation.mbe/000_Sheet1.csv,29011,1065,116 chars,Тренировочный предмет Дигифермы. Значительно повышает защиту. Смещает личность в сторону сердечности и товарищества.
layout:long_line,patch_text01,text/item_explanation.mbe/000_Sheet1.csv,29012,1066,126 chars,Тренировочный предмет Дигифермы. Значительно повышает уровень интеллекта. Смещает личность в сторону понимания и товарищества.
english:mixed,patch_text01,text/item_name.mbe/000_Sheet1.csv,3,4,III,Капсула ОЗ III
english:mixed,patch_text01,text/item_name.mbe/000_Sheet1.csv,6,7,III,Спрей ОЗ III
english:mixed,patch_text01,text/item_name.mbe/000_Sheet1.csv,9,10,III,Капсула ОС III
english:mixed,patch_text01,text/item_name.mbe/000_Sheet1.csv,12,13,III,Спрей ОС III
english:mixed,patch_text01,text/item_name.mbe/000_Sheet1.csv,42,43,III,Очко мужества III
english:mixed,patch_text01,text/item_name.mbe/000_Sheet1.csv,63,64,III,Чип усиления ОЗ III
english:mixed,patch_text01,text/item_name.mbe/000_Sheet1.csv,66,67,III,Чип усиления ОС III
english:mixed,patch_text01,text/item_name.mbe/000_Sheet1.csv,69,70,III,Чип усиления АТК III
english:mixed,patch_text01,text/item_name.mbe/000_Sheet1.csv,72,73,III,Чип усиления ЗАЩ III
english:mixed,patch_text01,text/item_name.mbe/000_Sheet1.csv,75,76,III,Чип усиления ИНТ III
english:mixed,patch_text01,text/item_name.mbe/000_Sheet1.csv,78,79,III,Чип усиления ДУХ III
english:mixed,patch_text01,text/item_name.mbe/000_Sheet1.csv,81,82,III,Чип усиления СКР III
english:mixed,patch_text01,text/item_name.mbe/000_Sheet1.csv,814,278,Ramen,Футболка для персонала ресторана Ramen
english:mixed,patch_text01,text/item_name.mbe/000_Sheet1.csv,816,280,"Center, Game",Новинка-Футболка Game Center
english:mixed,patch_text01,text/item_name.mbe/000_Sheet1.csv,824,288,Sleuth,Костюм Cyber Sleuth
english:mixed,patch_text01,text/item_name.mbe/000_Sheet1.csv,828,292,TEKKEN,Футболка TEKKEN 8
english:mixed,patch_text01,text/item_name.mbe/000_Sheet1.csv,829,293,TEKKEN,Футболка TEKKEN 8 (Лили)
english:mixed,patch_text01,text/item_name.mbe/000_Sheet1.csv,830,294,"MAN, PAC",Футболка к 45-летию PAC-MAN
english:mixed,patch_text01,text/item_name.mbe/000_Sheet1.csv,831,295,"Taiko, Tatsujin",Футболка Taiko no Tatsujin
english:mixed,patch_text01,text/item_name.mbe/000_Sheet1.csv,832,296,"Arise, Hootle, Tales",Футболка Tales of Arise (Hootle)
english:mixed,patch_text01,text/item_name.mbe/000_Sheet1.csv,833,297,"Idolmaster, The",Футболка The Idolmaster (Харука Амами)
english:mixed,patch_text01,text/item_name.mbe/000_Sheet1.csv,835,299,"BEATBREAK, DIGIMON",Футболка DIGIMON BEATBREAK
english:mixed,patch_text01,text/item_name.mbe/000_Sheet1.csv,1003,318,III,Модуль ОЗ III
english:mixed,patch_text01,text/item_name.mbe/000_Sheet1.csv,1006,321,III,Модуль ОС III
english:mixed,patch_text01,text/item_name.mbe/000_Sheet1.csv,1009,324,III,Модуль АТК III
english:mixed,patch_text01,text/item_name.mbe/000_Sheet1.csv,1012,327,III,Модуль ЗАЩ III
english:mixed,patch_text01,text/item_name.mbe/000_Sheet1.csv,1015,330,III,Модуль ИНТ III
english:mixed,patch_text01,text/item_name.mbe/000_Sheet1.csv,1018,333,III,Модуль ДУХ III
english:mixed,patch_text01,text/item_name.mbe/000_Sheet1.csv,1021,336,III,Модуль СКР III
english:mixed,patch_text01,text/item_name.mbe/000_Sheet1.csv,20613,1027,amp,Героическая статуя (Кокувамон A &amp
english:mixed,patch_text01,text/item_ruby.mbe/000_Sheet1.csv,3,4,III,Капсула HP III
english:mixed,patch_text01,text/item_ruby.mbe/000_Sheet1.csv,6,7,III,Спрей ОЗ III
english:mixed,patch_text01,text/item_ruby.mbe/000_Sheet1.csv,9,10,III,Капсула SP III
english:mixed,patch_text01,text/item_ruby.mbe/000_Sheet1.csv,12,13,III,Спрей ОС III
english:mixed,patch_text01,text/item_ruby.mbe/000_Sheet1.csv,42,43,III,Очко мужества III
english:mixed,patch_text01,text/item_ruby.mbe/000_Sheet1.csv,63,54,III,Чип усиления ОЗ III
english:mixed,patch_text01,text/item_ruby.mbe/000_Sheet1.csv,66,57,III,Чип усиления ОС III
english:mixed,patch_text01,text/item_ruby.mbe/000_Sheet1.csv,69,60,III,Чип усиления АТК III
english:mixed,patch_text01,text/item_ruby.mbe/000_Sheet1.csv,72,63,III,Чип усиления ЗАЩ III
english:mixed,patch_text01,text/item_ruby.mbe/000_Sheet1.csv,75,66,III,Чип усиления ИНТ III
english:mixed,patch_text01,text/item_ruby.mbe/000_Sheet1.csv,78,69,III,Чип усиления ДУХ III
english:mixed,patch_text01,text/item_ruby.mbe/000_Sheet1.csv,81,72,III,Чип усиления СКР III
english:mixed,patch_text01,text/item_ruby.mbe/000_Sheet1.csv,814,205,Ramen,Футболка для персонала ресторана Ramen
english:mixed,patch_text01,text/item_ruby.mbe/000_Sheet1.csv,824,215,Sleuth,Костюм Cyber Sleuth
english:mixed,patch_text01,text/item_ruby.mbe/000_Sheet1.csv,828,219,Tekken,Футболка Tekken 8
english:mixed,patch_text01,text/item_ruby.mbe/000_Sheet1.csv,829,220,Tekken,Футболка Tekken 8 (Лили)
english:mixed,patch_text01,text/item_ruby.mbe/000_Sheet1.csv,830,221,"MAN, PAC",Футболка к 45-летию PAC-MAN
english:mixed,patch_text01,text/item_ruby.mbe/000_Sheet1.csv,831,222,"Taiko, Tatsujin",Футболка Taiko no Tatsujin
english:mixed,patch_text01,text/item_ruby.mbe/000_Sheet1.csv,832,223,"Arise, Hootle, Tales",Футболка Tales of Arise (Hootle)
english:mixed,patch_text01,text/item_ruby.mbe/000_Sheet1.csv,833,224,"Idolmaster, The",Футболка The Idolmaster (Харука Амами)
english:mixed,patch_text01,text/item_ruby.mbe/000_Sheet1.csv,835,226,"BEATBREAK, DIGIMON",Футболка DIGIMON BEATBREAK
english:mixed,patch_text01,text/item_ruby.mbe/000_Sheet1.csv,1003,245,III,Модуль ОЗ III
english:mixed,patch_text01,text/item_ruby.mbe/000_Sheet1.csv,1006,248,III,Модуль ОС III
english:mixed,patch_text01,text/item_ruby.mbe/000_Sheet1.csv,1009,251,III,Модуль АТК III
english:mixed,patch_text01,text/item_ruby.mbe/000_Sheet1.csv,1012,254,III,Модуль ЗАЩ III
english:mixed,patch_text01,text/item_ruby.mbe/000_Sheet1.csv,1015,257,III,Модуль ИНТ III
english:mixed,patch_text01,text/item_ruby.mbe/000_Sheet1.csv,1018,260,III,Модуль ДУХ III
english:mixed,patch_text01,text/item_ruby.mbe/000_Sheet1.csv,1021,263,III,Модуль СКР III
english:mixed,patch_text01,text/item_ruby.mbe/000_Sheet1.csv,20619,438,"Bros, Central, Town","Героическая статуя (Central Town Bros., 1)"
english:mixed,patch_text01,text/item_ruby.mbe/000_Sheet1.csv,20620,439,"Bros, Central, Town",Героическая статуя (Central Town Bros 2)
english:mixed,patch_text01,text/jogress_skill_name.mbe/000_Sheet1.csv,30013,821,III,Напалм III
english:mixed,patch_text01,text/jogress_skill_name.mbe/000_Sheet1.csv,30023,824,III,Вспышка пламени III
english:mixed,patch_text01,text/jogress_skill_name.mbe/000_Sheet1.csv,30033,827,III,Магмопад III
english:mixed,patch_text01,text/jogress_skill_name.mbe/000_Sheet1.csv,30036,830,III,Пламенный всполох III
english:mixed,patch_text01,text/jogress_skill_name.mbe/000_Sheet1.csv,30043,833,III,Водяное давление III
english:mixed,patch_text01,text/jogress_skill_name.mbe/000_Sheet1.csv,30053,836,III,Гидровода III
english:mixed,patch_text01,text/jogress_skill_name.mbe/000_Sheet1.csv,30063,839,III,Океанская волна III
english:mixed,patch_text01,text/jogress_skill_name.mbe/000_Sheet1.csv,30066,842,III,Приливный поток III
english:mixed,patch_text01,text/jogress_skill_name.mbe/000_Sheet1.csv,30073,845,III,Серповидный лист III
english:mixed,patch_text01,text/jogress_skill_name.mbe/000_Sheet1.csv,30083,848,III,Удар шипами III
english:mixed,patch_text01,text/jogress_skill_name.mbe/000_Sheet1.csv,30093,851,III,Рунический лес III
english:mixed,patch_text01,text/jogress_skill_name.mbe/000_Sheet1.csv,30096,854,III,Игольчатое растение III
english:mixed,patch_text01,text/jogress_skill_name.mbe/000_Sheet1.csv,30103,857,III,Ледяная кромка III
english:mixed,patch_text01,text/jogress_skill_name.mbe/000_Sheet1.csv,30113,860,III,Ледяная пуля III
english:mixed,patch_text01,text/jogress_skill_name.mbe/000_Sheet1.csv,30123,863,III,Смертельная метель III
english:mixed,patch_text01,text/jogress_skill_name.mbe/000_Sheet1.csv,30126,866,III,Алмазная пыль III
english:mixed,patch_text01,text/jogress_skill_name.mbe/000_Sheet1.csv,30133,869,III,Сбой наномашин III
english:mixed,patch_text01,text/jogress_skill_name.mbe/000_Sheet1.csv,30143,872,III,Ударная плазма III
english:mixed,patch_text01,text/jogress_skill_name.mbe/000_Sheet1.csv,30153,875,III,Громопад III
english:mixed,patch_text01,text/jogress_skill_name.mbe/000_Sheet1.csv,30156,878,III,Молниеносный коготь III
english:mixed,patch_text01,text/jogress_skill_name.mbe/000_Sheet1.csv,30163,881,III,Кометный молот III
english:mixed,patch_text01,text/jogress_skill_name.mbe/000_Sheet1.csv,30173,884,III,Бластер Геи III
english:mixed,patch_text01,text/jogress_skill_name.mbe/000_Sheet1.csv,30183,887,III,Сокрушительное землетрясение III
english:mixed,patch_text01,text/jogress_skill_name.mbe/000_Sheet1.csv,30186,890,III,Каменный рассекатель III
english:mixed,patch_text01,text/jogress_skill_name.mbe/000_Sheet1.csv,30193,893,III,Коготь ветра III
english:mixed,patch_text01,text/jogress_skill_name.mbe/000_Sheet1.csv,30203,896,III,Звуковой выстрел III
english:mixed,patch_text01,text/jogress_skill_name.mbe/000_Sheet1.csv,30213,899,III,Штормовой ветер III
english:mixed,patch_text01,text/jogress_skill_name.mbe/000_Sheet1.csv,30216,902,III,Буря III
english:mixed,patch_text01,text/jogress_skill_name.mbe/000_Sheet1.csv,30223,905,III,Сокрушительный клинок III
english:mixed,patch_text01,text/jogress_skill_name.mbe/000_Sheet1.csv,30233,908,III,Металлический ускоритель III
english:mixed,patch_text01,text/jogress_skill_name.mbe/000_Sheet1.csv,30243,911,III,Цельнометаллический свайный удар III
english:mixed,patch_text01,text/jogress_skill_name.mbe/000_Sheet1.csv,30246,914,III,Железный кулак III
english:mixed,patch_text01,text/jogress_skill_name.mbe/000_Sheet1.csv,30253,917,III,Святой кулак III
english:mixed,patch_text01,text/jogress_skill_name.mbe/000_Sheet1.csv,30263,920,III,Святой свет III
english:mixed,patch_text01,text/jogress_skill_name.mbe/000_Sheet1.csv,30273,923,III,Сияющий взрыв III
english:mixed,patch_text01,text/jogress_skill_name.mbe/000_Sheet1.csv,30276,926,III,Ангельская лестница III
english:mixed,patch_text01,text/jogress_skill_name.mbe/000_Sheet1.csv,30283,929,III,Теневой клык III
english:mixed,patch_text01,text/jogress_skill_name.mbe/000_Sheet1.csv,30293,932,III,Кошмар III
english:mixed,patch_text01,text/jogress_skill_name.mbe/000_Sheet1.csv,30303,935,III,Адский сокрушитель III
english:mixed,patch_text01,text/jogress_skill_name.mbe/000_Sheet1.csv,30306,938,III,Страх души III
english:mixed,patch_text01,text/jogress_skill_name.mbe/000_Sheet1.csv,30313,941,III,Тяжёлый удар III
english:mixed,patch_text01,text/jogress_skill_name.mbe/000_Sheet1.csv,30323,944,III,Силовая энергия III
english:mixed,patch_text01,text/jogress_skill_name.mbe/000_Sheet1.csv,30333,947,III,Луч пустоты III
english:mixed,patch_text01,text/jogress_skill_name.mbe/000_Sheet1.csv,30336,950,III,Врата безумия III
english:mixed,patch_text01,text/main_quest_step.mbe/000_Sheet1.csv,310064,209,SDGP,"Победите Граплеомона, чемпиона SDGP."
layout:long_line,patch_text01,text/personality_skill_explanation.mbe/000_Sheet1.csv,10,12,150 chars,"Повышает {is28}{image(ui_icon_btlStatus_016)} АТК в первые 3 раунда. Чем раньше раунд, тем сильнее повышение {is28}{image(ui_icon_btlStatus_016)} АТК."
layout:long_line,patch_text01,text/personality_skill_explanation.mbe/000_Sheet1.csv,17,19,150 chars,"Повышает {is28}{image(ui_icon_btlStatus_016)} АТК, когда HP 90% или ниже. Чем ниже HP, тем сильнее повышение {is28}{image(ui_icon_btlStatus_016)} АТК."
layout:long_line,patch_text01,text/personality_skill_explanation.mbe/000_Sheet1.csv,29,31,155 chars,"Повышает {is28}{image(ui_icon_btlStatus_020)} ИНТ с 4-го раунда. Чем больше прошло раундов, тем сильнее повышение {is28}{image(ui_icon_btlStatus_020)} ИНТ."
layout:long_line,patch_text01,text/personality_skill_explanation.mbe/000_Sheet1.csv,33,35,150 chars,"Повышает {is28}{image(ui_icon_btlStatus_018)} ЗАЩ, когда HP 90% или ниже. Чем ниже HP, тем сильнее повышение {is28}{image(ui_icon_btlStatus_018)} ЗАЩ."
layout:long_line,patch_text01,text/personality_skill_explanation.mbe/000_Sheet1.csv,41,43,169 chars,В начале боя повышает {is28}{image(ui_icon_btlStatus_016)} АТК и {is28}{image(ui_icon_btlStatus_020)} ИНТ всех союзников в зависимости от суммарной связи участников боя.
layout:long_line,patch_text01,text/personality_skill_explanation.mbe/000_Sheet1.csv,57,59,155 chars,"Повышает {is28}{image(ui_icon_btlStatus_016)} АТК с 4-го раунда. Чем больше прошло раундов, тем сильнее повышение {is28}{image(ui_icon_btlStatus_016)} АТК."
layout:long_line,patch_text01,text/personality_skill_explanation.mbe/000_Sheet1.csv,58,60,165 chars,В начале боя снижает {is28}{image(ui_icon_btlStatus_019)} ЗАЩ и {is28}{image(ui_icon_btlStatus_023)} ДУХ всех врагов в зависимости от суммарной связи участников боя.
layout:long_line,patch_text01,text/personality_skill_explanation.mbe/000_Sheet1.csv,65,67,150 chars,"Повышает {is28}{image(ui_icon_btlStatus_020)} ИНТ, когда HP 90% или ниже. Чем ниже HP, тем сильнее повышение {is28}{image(ui_icon_btlStatus_020)} ИНТ."
layout:long_line,patch_text01,text/personality_skill_explanation.mbe/000_Sheet1.csv,74,76,150 chars,"Повышает {is28}{image(ui_icon_btlStatus_020)} ИНТ в первые 3 раунда. Чем раньше раунд, тем сильнее повышение {is28}{image(ui_icon_btlStatus_020)} ИНТ."
english:mixed,patch_text01,text/quest_outline.mbe/000_Sheet1.csv,88,55,VIP,"Загляни в VIP-зал. Мне нужно попросить тебя
об одолжении. Для тебя это тоже будет выгодно."
machine:calque,patch_text01,text/quest_outline.mbe/000_Sheet1.csv,200,116,являет,"Какие странные сны, но они кажутся такими реальными...
словно я и правда там. И в них тоже появляется дигимон.
Это может стать моей следующей сенсацией! Хе-хе.
Запишу заметку, когда это случится в следующий раз!"
english:mixed,patch_text01,text/quest_step.mbe/000_Sheet1.csv,168020,360,TBD,Продайте топаз (TBD) Кокувамону.
english:mixed,patch_text01,text/quest_step.mbe/000_Sheet1.csv,178010,385,VIP,Идите в VIP-зал.
english:mixed,patch_text01,text/quest_title.mbe/000_Sheet1.csv,217,123,XII,Тестовый матч Олимпоса XII
layout:long_line,patch_text01,text/skill_explanation.mbe/000_Sheet1.csv,11020,6,155 chars,"[Цель: все союзники]
Умеренно восстанавливает HP.
Накладывает {is28}{image(ui_icon_btlStatus_040)} иммунитет к аномалиям состояния и {is28}{image(ui_icon_btlStatus_041)} иммунитет к снижению характеристик."
layout:long_line,patch_text01,text/skill_explanation.mbe/000_Sheet1.csv,11025,11,133 chars,[Цель: Все союзники] 50% повышение уровня АТК / ЗАЩ / ИНТ / ДУХ / СКР на 3 хода. Сводит к нулю физический / магический урон на 1 ход.
layout:long_line,patch_text01,text/skill_explanation.mbe/000_Sheet1.csv,21782,14,192 chars,[Цель: 1 враг] Наносит физическую атаку {is28}{image(ui_icon_skill_000)} Нейтральный силой 80. Если у цели есть атрибут: повышенный урон. Повышенный урон по целям с особенностью «Минеральный».
layout:long_line,patch_text01,text/skill_explanation.mbe/000_Sheet1.csv,27375,16,122 chars,"[Цель: 1 враг] Наносит физическую атаку со случайной силой/элементом/эффектом:
 - Сила 110 {is28}{image(ui_icon_skill_006)} Сталь; повышенный урон по «Минеральный»; игнорирует невыгодную совместимость.
 - Сила 100 {is28}{image(ui_icon_skill_000)} Нейтральный; повышенный урон по «Оружие»; шанс крита 20%.
 - Сила 105 {is28}{image(ui_icon_skill_005)} Электричество; повышенный урон по «Амфибия»."
layout:long_line,patch_text01,text/skill_explanation.mbe/000_Sheet1.csv,31061,23,119 chars,"[Цель: 1 союзник]
Снимает аномалии состояния, {is28}{image(ui_icon_btlStatus_012)} Травму и {is28}{image(ui_icon_btlStatus_013)} Болезнь."
layout:long_line,patch_text01,text/skill_explanation.mbe/000_Sheet1.csv,27496,29,249 chars,"Активирует {is28}{image(ui_icon_btlStatus_036)} Физическую контратаку. При получении физической атаки контратакует физической атакой {is28}{image(ui_icon_skill_001)} Огонь силой 250. Игнорирует невыгодную совместимость. Снижает ЗАЩ на 20% на 3 хода.
Повышенный урон по целям с особенностью «Гуманоид»."
layout:long_line,patch_text01,text/skill_explanation.mbe/000_Sheet1.csv,27383,31,225 chars,"Активирует {is28}{image(ui_icon_btlStatus_036)} Физическую контратаку. При получении физической атаки контратакует магической атакой {is28}{image(ui_icon_skill_000)} Нейтральный силой 115. Игнорирует невыгодную совместимость.
Повышенный урон по целям с особенностью «Мифический»."
layout:long_line,patch_text01,text/skill_explanation.mbe/000_Sheet1.csv,21282,33,156 chars,"[Цель: все союзники]
100% шанс снизить получаемый физический/магический урон на 20% на 2 хода. 100% шанс повысить сопротивление {is28}{image(ui_icon_skill_006)} Стали на 2 хода."
layout:long_line,patch_text01,text/skill_explanation.mbe/000_Sheet1.csv,27772,34,141 chars,"[Цель: все враги]
Наносит физическую атаку {is28}{image(ui_icon_skill_009)} Свет силой 105. 100% шанс снизить все характеристики пользователя на 20% на 3 хода.
Повышенный урон по целям с особенностью «Бессмертный»."
layout:long_line,patch_text01,text/skill_explanation.mbe/000_Sheet1.csv,23382,45,168 chars,"[Цель: все враги] Наносит магическую атаку {is28}{image(ui_icon_skill_000)} Нейтральный силой 80. 50% шанс наложить {is28}{image(ui_icon_btlStatus_008)} Обездвиживание.
70% шанс снизить ЗАЩ на 20% на 3 хода.
Повышенный урон по целям с особенностью «Святой»."
layout:long_line,patch_text01,text/skill_explanation.mbe/000_Sheet1.csv,23152,47,199 chars,"[Цель: все враги] Наносит магическую атаку {is28}{image(ui_icon_skill_009)} Свет силой 140. Потребляет все SP. Пользователь получает нокаут от отдачи атаки. Чем ниже SP пользователя, тем меньше урон.
Повышенный урон по целям с особенностью «Божество»."
layout:long_line,patch_text01,text/skill_explanation.mbe/000_Sheet1.csv,21941,53,202 chars,"[Цель: все враги] Наносит физическую атаку {is28}{image(ui_icon_skill_006)} Сталь силой 35 x 4 уд. Чем ниже SP пользователя, тем меньше урон. Потребляет все SP. Пользователь обездвижен на следующий ход.
Повышенный урон по целям с особенностью «Машина»."
layout:long_line,patch_text01,text/skill_explanation.mbe/000_Sheet1.csv,21881,54,142 chars,"[Цель: 1 враг] Наносит физическую атаку {is28}{image(ui_icon_skill_003)} Растения силой 85. Восстанавливает HP/SP на 10% от нанесённого урона.
100% шанс снизить сопротивление {is28}{image(ui_icon_skill_003)} Растениям.
Повышенный урон по целям с особенностью «Божество»."
layout:long_line,patch_text01,text/skill_explanation.mbe/000_Sheet1.csv,21863,55,118 chars,"Активирует {is28}{image(ui_icon_btlStatus_036)} Физическую контратаку.
При получении физической атаки контратакует магической атакой {is28}{image(ui_icon_skill_005)} Электричество силой 90."
layout:long_line,patch_text01,text/skill_explanation.mbe/000_Sheet1.csv,21852,56,156 chars,"[Цель: 1 враг] Наносит физическую атаку {is28}{image(ui_icon_skill_010)} Тьма силой 70. Если цель — {is28}{image(ui_icon_type_020)} Данные: повышенный урон.
100% шанс снизить сопротивление {is28}{image(ui_icon_skill_010)} Тьме.
Повышенный урон по целям с особенностью «Ангел»."
layout:long_line,patch_text01,text/skill_explanation.mbe/000_Sheet1.csv,21703,58,122 chars,"Активирует {is28}{image(ui_icon_btlStatus_036)} Физическую контратаку.
При получении физической атаки контратакует всех врагов физической атакой {is28}{image(ui_icon_skill_010)} Тьма силой 105.
Повышенный урон по целям с особенностью «Неизвестный»."
layout:long_line,patch_text01,text/skill_explanation.mbe/000_Sheet1.csv,20472,62,123 chars,"[Цель: 1 враг] Наносит физическую атаку {is28}{image(ui_icon_skill_000)} Нейтральный силой 80. 70% шанс снизить ИНТ на 20%.
70% шанс наложить {is28}{image(ui_icon_btlStatus_010)} Кристаллизацию.
Повышенный урон по целям с особенностью «Неизвестный»."
layout:long_line,patch_text01,text/skill_explanation.mbe/000_Sheet1.csv,20462,63,159 chars,"[Цель: 1 враг] Наносит магическую атаку {is28}{image(ui_icon_skill_010)} Тьма силой 80. 100% шанс наложить {is28}{image(ui_icon_btlStatus_010)} Кристаллизацию.
70% шанс снизить АТК/ЗАЩ/ИНТ/ДУХ на 20%.
Если HP цели 50% или выше: повышенный урон."
layout:long_line,patch_text01,text/skill_explanation.mbe/000_Sheet1.csv,25921,79,262 chars,"[Цель: 1 враг] Наносит физическую атаку {is28}{image(ui_icon_skill_003)} Растения силой 60.
Если цель под действием {is28}{image(ui_icon_btlStatus_000)} Отравления/{is28}{image(ui_icon_btlStatus_005)} Смертельного отравления/{is28}{image(ui_icon_btlStatus_004)} Сна/{is28}{image(ui_icon_btlStatus_009)} Глубокого сна: 25% шанс наложить Мгновенную смерть.
Повышенный урон по целям с особенностью «Насекомое»."
layout:long_line,patch_text01,text/skill_explanation.mbe/000_Sheet1.csv,26171,85,132 chars,"[Цель: 1 враг] Наносит физическую атаку {is28}{image(ui_icon_skill_006)} Сталь силой 35 x 3 уд. Игнорирует невыгодную совместимость.
Получает 20% HP урона от отдачи атаки.
Повышенный урон по целям с особенностью «Оружие»."
layout:long_line,patch_text01,text/skill_explanation.mbe/000_Sheet1.csv,26051,87,150 chars,"[Цель: 1 враг]
Наносит физическую атаку {is28}{image(ui_icon_skill_004)} Вода силой 35 x 2 уд.
Если цель под действием {is28}{image(ui_icon_btlStatus_002)} Смятения/{is28}{image(ui_icon_btlStatus_007)} Хаоса: 25% шанс наложить Мгновенную смерть."
layout:long_line,patch_text01,text/skill_explanation.mbe/000_Sheet1.csv,24211,93,148 chars,"[Цель: 1 враг]
Наносит магическую атаку {is28}{image(ui_icon_skill_009)} Свет силой 85.
Если цель — {is28}{image(ui_icon_type_040)} Вирус: 75% шанс снизить АТК/ИНТ на 15% на 3 хода. Повышенный урон по целям с особенностью «Бессмертный»."
layout:long_line,patch_text01,text/skill_explanation.mbe/000_Sheet1.csv,21031,94,150 chars,"[Цель: 1 враг]
Наносит физическую атаку {is28}{image(ui_icon_skill_004)} Вода силой 45.
Если цель под действием {is28}{image(ui_icon_btlStatus_002)} Смятения/{is28}{image(ui_icon_btlStatus_007)} Хаоса: 25% шанс наложить Мгновенную смерть."
layout:long_line,patch_text01,text/skill_explanation.mbe/000_Sheet1.csv,26042,96,303 chars,"[Цель: все враги] Наносит магическую атаку {is28}{image(ui_icon_skill_002)} Лёд силой 20 x 4 уд. Если цель под действием аномалий состояния, {is28}{image(ui_icon_btlStatus_012)} Травмы или {is28}{image(ui_icon_btlStatus_013)} Болезни: повышенный урон. Повышенный урон по целям с особенностью «Огненный»."
layout:long_line,patch_text01,text/skill_explanation.mbe/000_Sheet1.csv,23991,97,133 chars,"[Цель: 1 враг]
Наносит магическую атаку {is28}{image(ui_icon_skill_004)} Вода силой 60.
Если цель под действием {is28}{image(ui_icon_btlStatus_004)} Сна/{is28}{image(ui_icon_btlStatus_009)} Глубокого сна: повышенный урон."
layout:long_line,patch_text01,text/skill_explanation.mbe/000_Sheet1.csv,21301,103,150 chars,"[Цель: 1 враг]
Наносит физическую атаку {is28}{image(ui_icon_skill_004)} Вода силой 60.
Если цель под действием {is28}{image(ui_icon_btlStatus_002)} Смятения/{is28}{image(ui_icon_btlStatus_007)} Хаоса: 25% шанс наложить Мгновенную смерть."
layout:long_line,patch_text01,text/skill_explanation.mbe/000_Sheet1.csv,27332,104,185 chars,"[Цель: 1 враг]
Наносит магическую атаку {is28}{image(ui_icon_skill_002)} Лёд силой 90.
Если цель под действием {is28}{image(ui_icon_btlStatus_004)} Сна/{is28}{image(ui_icon_btlStatus_009)} Глубокого сна: повышенный урон. Повышенный урон по целям с особенностью «Гуманоид»."
layout:long_line,patch_text01,text/skill_explanation.mbe/000_Sheet1.csv,27381,105,187 chars,"[Цель: все враги] Наносит физическую атаку {is28}{image(ui_icon_skill_001)} Огонь силой 115. 100% шанс снизить ЗАЩ пользователя на 30% на 3 хода. Пользователь обездвижен на следующий ход.
Повышенный урон по целям с особенностью «Злой»."
layout:long_line,patch_text01,text/skill_explanation.mbe/000_Sheet1.csv,23761,108,184 chars,"[Цель: 1 враг]
Наносит магическую атаку {is28}{image(ui_icon_skill_000)} Нейтральный силой 90.
Если цель под действием {is28}{image(ui_icon_btlStatus_004)} Сна/{is28}{image(ui_icon_btlStatus_009)} Глубокого сна: повышенный урон. Повышенный урон по целям с особенностью «Амфибия»."
layout:long_line,patch_text01,text/skill_explanation.mbe/000_Sheet1.csv,21691,115,187 chars,"[Цель: 1 враг]
Наносит физическую атаку {is28}{image(ui_icon_skill_005)} Электричество силой 90.
Если цель под действием {is28}{image(ui_icon_btlStatus_003)} Паралича/{is28}{image(ui_icon_btlStatus_008)} Обездвиживания: повышенный урон. Повышенный урон по целям с особенностью «Злой»."
layout:long_line,patch_text01,text/skill_explanation.mbe/000_Sheet1.csv,20372,116,165 chars,"[Цель: все враги] Наносит физическую атаку {is28}{image(ui_icon_skill_004)} Вода силой 55. Если цель под действием снижения ЗАЩ: 20% шанс наложить Мгновенную смерть.
Повышенный урон по целям с особенностью «Неизвестный»."
layout:long_line,patch_text01,text/skill_explanation.mbe/000_Sheet1.csv,22353,117,116 chars,"Активирует {is28}{image(ui_icon_btlStatus_036)} Физическую контратаку.
При получении физической атаки контратакует физической атакой {is28}{image(ui_icon_skill_000)} Нейтральный силой 85."
layout:long_line,patch_text01,text/skill_explanation.mbe/000_Sheet1.csv,21721,118,154 chars,[Цель: 1 враг] Наносит фиксированный урон мощностью 10 х 3 попадания. 100% вероятность снижения на 30% до АТК / ИНТ на 3 хода. Удаляет статусные усиления.
layout:long_line,patch_text01,text/skill_explanation.mbe/000_Sheet1.csv,20802,124,197 chars,"[Цель: 1 враг] Наносит физическую атаку {is28}{image(ui_icon_skill_000)} Нейтральный силой 80. 100% шанс снизить ЗАЩ на 20% на 3 хода. 50% шанс наложить {is28}{image(ui_icon_btlStatus_012)} Травму.
Повышенный урон по целям с особенностью «Неизвестный»."
layout:long_line,patch_text01,text/skill_explanation.mbe/000_Sheet1.csv,26001,125,173 chars,"[Цель: 1 враг] Наносит физическую атаку {is28}{image(ui_icon_skill_000)} Нейтральный силой 85. 50% шанс наложить {is28}{image(ui_icon_btlStatus_005)} Смертельное отравление.
50% шанс наложить {is28}{image(ui_icon_btlStatus_010)} Кристаллизацию. Повышенный урон по целям с особенностью «Неизвестный»."
english:mixed,patch_text01,text/skill_name.mbe/000_Sheet1.csv,30013,685,III,Напалм III
english:mixed,patch_text01,text/skill_name.mbe/000_Sheet1.csv,30023,688,III,Вспышка пламени III
english:mixed,patch_text01,text/skill_name.mbe/000_Sheet1.csv,30033,691,III,Магмопад III
english:mixed,patch_text01,text/skill_name.mbe/000_Sheet1.csv,30036,694,III,Пламенный всполох III
english:mixed,patch_text01,text/skill_name.mbe/000_Sheet1.csv,30043,697,III,Водяное давление III
english:mixed,patch_text01,text/skill_name.mbe/000_Sheet1.csv,30053,700,III,Гидровода III
english:mixed,patch_text01,text/skill_name.mbe/000_Sheet1.csv,30063,703,III,Океанская волна III
english:mixed,patch_text01,text/skill_name.mbe/000_Sheet1.csv,30066,706,III,Приливный поток III
english:mixed,patch_text01,text/skill_name.mbe/000_Sheet1.csv,30073,709,III,Серповидный лист III
english:mixed,patch_text01,text/skill_name.mbe/000_Sheet1.csv,30083,712,III,Удар шипами III
english:mixed,patch_text01,text/skill_name.mbe/000_Sheet1.csv,30093,715,III,Рунический лес III
english:mixed,patch_text01,text/skill_name.mbe/000_Sheet1.csv,30096,718,III,Игольчатое растение III
english:mixed,patch_text01,text/skill_name.mbe/000_Sheet1.csv,30103,721,III,Ледяная кромка III
english:mixed,patch_text01,text/skill_name.mbe/000_Sheet1.csv,30113,724,III,Ледяная пуля III
english:mixed,patch_text01,text/skill_name.mbe/000_Sheet1.csv,30123,727,III,Смертельная метель III
english:mixed,patch_text01,text/skill_name.mbe/000_Sheet1.csv,30126,730,III,Алмазная пыль III
english:mixed,patch_text01,text/skill_name.mbe/000_Sheet1.csv,30133,733,III,Сбой наномашин III
english:mixed,patch_text01,text/skill_name.mbe/000_Sheet1.csv,30143,736,III,Ударная плазма III
english:mixed,patch_text01,text/skill_name.mbe/000_Sheet1.csv,30153,739,III,Громопад III
english:mixed,patch_text01,text/skill_name.mbe/000_Sheet1.csv,30156,742,III,Молниеносный коготь III
english:mixed,patch_text01,text/skill_name.mbe/000_Sheet1.csv,30163,745,III,Кометный молот III
english:mixed,patch_text01,text/skill_name.mbe/000_Sheet1.csv,30173,748,III,Бластер Геи III
english:mixed,patch_text01,text/skill_name.mbe/000_Sheet1.csv,30183,751,III,Сокрушительное землетрясение III
english:mixed,patch_text01,text/skill_name.mbe/000_Sheet1.csv,30186,754,III,Каменный рассекатель III
english:mixed,patch_text01,text/skill_name.mbe/000_Sheet1.csv,30193,757,III,Коготь ветра III
english:mixed,patch_text01,text/skill_name.mbe/000_Sheet1.csv,30203,760,III,Звуковой выстрел III
english:mixed,patch_text01,text/skill_name.mbe/000_Sheet1.csv,30213,763,III,Штормовой ветер III
english:mixed,patch_text01,text/skill_name.mbe/000_Sheet1.csv,30216,766,III,Буря III
english:mixed,patch_text01,text/skill_name.mbe/000_Sheet1.csv,30223,769,III,Сокрушительный клинок III
english:mixed,patch_text01,text/skill_name.mbe/000_Sheet1.csv,30233,772,III,Металлический ускоритель III
english:mixed,patch_text01,text/skill_name.mbe/000_Sheet1.csv,30243,775,III,Цельнометаллический свайный удар III
english:mixed,patch_text01,text/skill_name.mbe/000_Sheet1.csv,30246,778,III,Железный кулак III
english:mixed,patch_text01,text/skill_name.mbe/000_Sheet1.csv,30253,781,III,Святой кулак III
english:mixed,patch_text01,text/skill_name.mbe/000_Sheet1.csv,30263,784,III,Святой свет III
english:mixed,patch_text01,text/skill_name.mbe/000_Sheet1.csv,30273,787,III,Сияющий взрыв III
english:mixed,patch_text01,text/skill_name.mbe/000_Sheet1.csv,30276,790,III,Ангельская лестница III
english:mixed,patch_text01,text/skill_name.mbe/000_Sheet1.csv,30283,793,III,Теневой клык III
english:mixed,patch_text01,text/skill_name.mbe/000_Sheet1.csv,30293,796,III,Кошмар III
english:mixed,patch_text01,text/skill_name.mbe/000_Sheet1.csv,30303,799,III,Адский сокрушитель III
english:mixed,patch_text01,text/skill_name.mbe/000_Sheet1.csv,30306,802,III,Страх души III
english:mixed,patch_text01,text/skill_name.mbe/000_Sheet1.csv,30313,805,III,Тяжёлый удар III
english:mixed,patch_text01,text/skill_name.mbe/000_Sheet1.csv,30323,808,III,Силовая энергия III
english:mixed,patch_text01,text/skill_name.mbe/000_Sheet1.csv,30333,811,III,Луч пустоты III
english:mixed,patch_text01,text/skill_name.mbe/000_Sheet1.csv,30336,814,III,Врата безумия III
english:mixed,patch_text01,text/skill_ruby.mbe/000_Sheet1.csv,30013,4,III,Напалм III
english:mixed,patch_text01,text/skill_ruby.mbe/000_Sheet1.csv,30023,7,III,Вспышка пламени III
english:mixed,patch_text01,text/skill_ruby.mbe/000_Sheet1.csv,30033,10,III,Магмопад III
english:mixed,patch_text01,text/skill_ruby.mbe/000_Sheet1.csv,30036,13,III,Пламенный всполох III
english:mixed,patch_text01,text/skill_ruby.mbe/000_Sheet1.csv,30043,16,III,Водяное давление III
english:mixed,patch_text01,text/skill_ruby.mbe/000_Sheet1.csv,30053,19,III,Гидровода III
english:mixed,patch_text01,text/skill_ruby.mbe/000_Sheet1.csv,30063,22,III,Океанская волна III
english:mixed,patch_text01,text/skill_ruby.mbe/000_Sheet1.csv,30066,25,III,Приливный поток III
english:mixed,patch_text01,text/skill_ruby.mbe/000_Sheet1.csv,30073,28,III,Серповидный лист III
english:mixed,patch_text01,text/skill_ruby.mbe/000_Sheet1.csv,30083,31,III,Удар шипами III
english:mixed,patch_text01,text/skill_ruby.mbe/000_Sheet1.csv,30093,34,III,Рунический лес III
english:mixed,patch_text01,text/skill_ruby.mbe/000_Sheet1.csv,30096,37,III,Игольчатое растение III
english:mixed,patch_text01,text/skill_ruby.mbe/000_Sheet1.csv,30103,40,III,Ледяная кромка III
english:mixed,patch_text01,text/skill_ruby.mbe/000_Sheet1.csv,30113,43,III,Ледяная пуля III
english:mixed,patch_text01,text/skill_ruby.mbe/000_Sheet1.csv,30123,46,III,Смертельная метель III
english:mixed,patch_text01,text/skill_ruby.mbe/000_Sheet1.csv,30126,49,III,Алмазная пыль III
english:mixed,patch_text01,text/skill_ruby.mbe/000_Sheet1.csv,30133,52,III,Сбой наномашин III
english:mixed,patch_text01,text/skill_ruby.mbe/000_Sheet1.csv,30143,55,III,Ударная плазма III
english:mixed,patch_text01,text/skill_ruby.mbe/000_Sheet1.csv,30153,58,III,Громопад III
english:mixed,patch_text01,text/skill_ruby.mbe/000_Sheet1.csv,30156,61,III,Молниеносный коготь III
english:mixed,patch_text01,text/skill_ruby.mbe/000_Sheet1.csv,30163,64,III,Кометный молот III
english:mixed,patch_text01,text/skill_ruby.mbe/000_Sheet1.csv,30173,67,III,Бластер Геи III
english:mixed,patch_text01,text/skill_ruby.mbe/000_Sheet1.csv,30183,70,III,Сокрушительное землетрясение III
english:mixed,patch_text01,text/skill_ruby.mbe/000_Sheet1.csv,30186,73,III,Каменный рассекатель III
english:mixed,patch_text01,text/skill_ruby.mbe/000_Sheet1.csv,30193,76,III,Коготь ветра III
english:mixed,patch_text01,text/skill_ruby.mbe/000_Sheet1.csv,30203,79,III,Звуковой выстрел III
english:mixed,patch_text01,text/skill_ruby.mbe/000_Sheet1.csv,30213,82,III,Штормовой ветер III
english:mixed,patch_text01,text/skill_ruby.mbe/000_Sheet1.csv,30216,85,III,Буря III
english:mixed,patch_text01,text/skill_ruby.mbe/000_Sheet1.csv,30223,88,III,Сокрушительный клинок III
english:mixed,patch_text01,text/skill_ruby.mbe/000_Sheet1.csv,30233,91,III,Металлический ускоритель III
english:mixed,patch_text01,text/skill_ruby.mbe/000_Sheet1.csv,30243,94,III,Цельнометаллический свайный удар III
english:mixed,patch_text01,text/skill_ruby.mbe/000_Sheet1.csv,30246,97,III,Железный кулак III
english:mixed,patch_text01,text/skill_ruby.mbe/000_Sheet1.csv,30253,100,III,Святой кулак III
english:mixed,patch_text01,text/skill_ruby.mbe/000_Sheet1.csv,30263,103,III,Святой свет III
english:mixed,patch_text01,text/skill_ruby.mbe/000_Sheet1.csv,30273,106,III,Сияющий взрыв III
english:mixed,patch_text01,text/skill_ruby.mbe/000_Sheet1.csv,30276,109,III,Ангельская лестница III
english:mixed,patch_text01,text/skill_ruby.mbe/000_Sheet1.csv,30283,112,III,Теневой клык III
english:mixed,patch_text01,text/skill_ruby.mbe/000_Sheet1.csv,30293,115,III,Кошмар III
english:mixed,patch_text01,text/skill_ruby.mbe/000_Sheet1.csv,30303,118,III,Адский сокрушитель III
english:mixed,patch_text01,text/skill_ruby.mbe/000_Sheet1.csv,30306,121,III,Страх души III
english:mixed,patch_text01,text/skill_ruby.mbe/000_Sheet1.csv,30313,124,III,Тяжёлый удар III
english:mixed,patch_text01,text/skill_ruby.mbe/000_Sheet1.csv,30323,127,III,Силовая энергия III
english:mixed,patch_text01,text/skill_ruby.mbe/000_Sheet1.csv,30333,130,III,Луч пустоты III
english:mixed,patch_text01,text/skill_ruby.mbe/000_Sheet1.csv,30336,133,III,Врата безумия III
layout:long_line,patch_text01,text/tamer_skill_explanation.mbe/000_Sheet1.csv,212,213,119 chars,"Обучает Комбинированному Искусству: Аура.
Эффект: Умеренно восстанавливает ОЗ всех союзников. Накладывает
{is28}{image(ui_icon_btlStatus_040)} иммунитет к статусным аномалиям и {is28}{image(ui_icon_btlStatus_041)} Иммунитет к
ослаблению характеристик.
{fc9Прим.: Через меню Комбинированных Искусств.}"
english:mixed,patch_text01,text/tutorial_explanation.mbe/000_Sheet1.csv,tutorial_exp_AdditionalAttack_01_002,6,HUD,"Когда активируются Дополнительные удары, на HUD появится круг.

{fc9Нажмите {decision}, когда круг достигнет центра, чтобы вызвать
«Эффект Удара»}."
layout:long_line,patch_text01,text/tutorial_explanation.mbe/000_Sheet1.csv,tutorial_exp_Compatibility_01_001,8,158 chars,"Урон рассчитывается на основе совместимости Атрибутов
{fc9(матрица совместимости {is28}{image(ui_icon_type_000)} Вакцина > {is28}{image(ui_icon_type_040)} Вирус > {is28}{image(ui_icon_type_020)} Данные)}, а также
{fc9Элементальных Сопротивлений, Черт и уровня атакующего}."
layout:long_line,patch_text01,text/tutorial_explanation.mbe/000_Sheet1.csv,tutorial_exp_Status_04_001,36,246 chars," - Преимущество: {fc9урон x2}
 - Недостаток: {fc9урон x0,5}
 - {is28}{image(ui_icon_type_120)} {fc9Без атрибута}, {is28}{image(ui_icon_type_060)} {fc9Свободный}, {is28}{image(ui_icon_type_080)} {fc9Переменный} и {is28}{image(ui_icon_type_100)} {fc9Неизвестно} не имеют преимуществ перед другими атрибутами."
layout:long_line,patch_text01,text/tutorial_explanation.mbe/000_Sheet1.csv,tutorial_exp_SkillChange_01_001,45,126 chars,"Союзные дигимоны могут экипировать «дополнительные навыки», чтобы вы свободно меняли их способности.

{fc9До 4 навыков можно поставить с помощью «дисков навыков».}

Диски навыков можно получить разными способами: купить в магазине, найти в сундуке или получить при повышении уровня дигимона."
layout:long_line,patch_text01,text/tutorial_explanation.mbe/000_Sheet1.csv,tutorial_exp_PartyAegiomon_01_001,56,148 chars,"Эгиомон стал вашим союзником в бою.

Эгиомон - особый гостевой участник.

{fc9Хотя Эгиомон не может заменить других дигимонов, вы можете отдавать ему приказы. Он также может экипировать дополнительные навыки и снаряжение.}"
machine:calque,patch_text01,text/tutorial_explanation.mbe/000_Sheet1.csv,tutorial_exp_Encounter_01_001,68,являет,"Вступите в контакт с враждебным Дигимоном, и вы начнёте битву.

Хотя это может быть сурово и беспощадно, опыт, полученный в битве,
необходим. От помощи в развитии твоего Дигимона-партнёра до
увеличения Сканирования для Конвертации Дигимонов — битва
является ключом к преодолению вызовов, ожидающих тебя в миссии.

Активно вступайте в битвы и становитесь сильнее, Агент."
machine:calque,patch_text01,text/tutorial_explanation.mbe/000_Sheet1.csv,tutorial_exp_FieldAnalysis_01_001,84,относительно,"Этот режим позволяет вашему Дигивайсу отображать различную
информацию, которую нельзя увидеть невооружённым глазом.

{fc9- Видеть, какие объекты можно атаковать с помощью Дигиатаки.
- Просматривать детали относительно враждебного Дигимона
(используйте {sub2}).
- Искать сундуки с сокровищами и материалы.}

Находясь в Режиме Анализа, вы можете выполнять Дигиатаки
по враждебным Дигимонам и объектам."
english:mixed,patch_text01,text/tutorial_explanation.mbe/000_Sheet1.csv,tutorial_exp_CardsRule_01_004,125,JUCG,"[Таинственное Дублирование после Битв JUCG]
{fc9После карточной битвы использованные карты, которых у тебя
ещё нет, дублируются для вашего выбора.}

Чем больше раундов вы выиграете, тем больше карт вы можете
получить.
5 побед = 3 карты
3–4 победы = 2 карты
1–2 победы = 1 карта
0 побед = 0 карт"
machine:calque,patch_text01,text/tutorial_explanation.mbe/000_Sheet1.csv,tutorial_exp_WorldView_003_001,181,являются,"Дигимоны — это загадочные существа с сильной корреляцией с
областями, где наблюдались аномальные явления. Хотя АДАМАС
исследует этих существ много лет, мы всё ещё знаем о них очень
мало. До недавнего времени мы могли описывать их только как то,
что люди называют «фантомами». Однако в последнее время
организация усилила свои исследовательские усилия в ответ на
внезапное увеличение числа наблюдений Дигимонов за последние
годы. Было обнаружено, что Дигимоны являются
«электронными формами жизни», обладающими характеристиками
как органической материи, так и электрических сигналов. Считается,
что они являются источником аномальных явлений."
machine:calque,patch_text01,text/tutorial_explanation.mbe/000_Sheet1.csv,tutorial_exp_WorldView_004_001,182,являются,"Это специальное устройство было разработано АДАМАС и содержит
уникальную «программу призыва», которая использует электронные
данные Дигимона. Эти устройства выдаются агентам и позволяют им
конвертировать аспект Дигимона, соответствующий генам, в
электронные данные, состоящие из единиц и нулей. И даже хотя
Дигимоны также являются органическими формами жизни, они также
могут быть «скопированы» из-за этих данных, если соблюдены
определённые условия."
layout:long_line,patch_text01,text/tutorial_explanation.mbe/000_Sheet1.csv,tutorial_exp_Attribute_01_001,186,207 chars,"Каждый Дигимон обладает родством с каждым из элементов:

{is28}{image(ui_icon_skill_001)} Огонь, {is28}{image(ui_icon_skill_002)} Лёд, {is28}{image(ui_icon_skill_003)} Растение, {is28}{image(ui_icon_skill_004)} Вода, {is28}{image(ui_icon_skill_005)} Электричество,
{is28}{image(ui_icon_skill_006)} Сталь, {is28}{image(ui_icon_skill_007)} Ветер, {Is28}{image(ui_icon_skill_008)} Земля. {is28}{image(ui_icon_skill_009)} Свет, {is28}{image(ui_icon_skill_010)} Тьма, и
{is28}{image(ui_icon_skill_000)} Ноль.

Это влияют на их элементальные сопротивления, как показано ниже:
{fc11◎}:{fc9 урон х2}
{fc11○}:{fc9 урон х1.5}
－: Нет эффекта
{fc2△}:{fc9 урон х0.5}
{fc2×}:{fc9 Нет урона}"
machine:calque,patch_text01,text/tutorial_explanation.mbe/000_Sheet1.csv,tutorial_exp_ActionOrder_01_001,191,являет,"Порядок Хода во время битвы определяется статом СКР каждого
Дигимона.
Порядок Хода пересчитывается, когда СКР меняется для любого
Дигимона.

{fc9Использование навыков и предметов для изменения СКР ваших
союзников и врагов с целью манипулирования Порядком Хода
является ключевой боевой стратегией.}"
machine:calque,patch_text01,text/tutorial_explanation.mbe/000_Sheet1.csv,tutorial_exp_SpecialSkills_01_001,193,являет,"Это уникальный набор навыков Дигимона, способный наносить
большой урон или вызывать определённые эффекты.

Некоторые Дигимоны даже имеют Особый Навык, который позволяет
им инициировать Смену Режима.

Понимание этих Особых Навыков является ключом к раскрытию
потенциала каждого Дигимона в битве."
machine:calque,patch_text01,text/tutorial_explanation.mbe/000_Sheet1.csv,tutorial_exp_FusionSkills_01_001,194,являются,"Это мощные навыки, которые используют определённые пары Дигимонов.
{fc9Навыки джогресс-эволюции появляются в меню навыков подходящих
Дигимонов во время боя.}

Они становятся доступны только после выполнения условий:
 - Оба Дигимона, способные к джогресс-эволюции, находятся в боевой
   группе или запасе.
 - Участники достигли нужных уровней и характеристик.

При выполнении этих условий выберите навык в бою, чтобы активировать
совместную атаку."
layout:long_line,patch_text01,text/worldmap_group_explanation.mbe/000_Sheet1.csv,2,3,128 chars,Горячая точка японского ритейлера электроники и источник различных субкультур. Это всемирно известное туристическое направление.
layout:long_line,patch_text01,text/worldmap_group_explanation.mbe/000_Sheet1.csv,3,4,120 chars,"Офисный район, заполненный множеством небоскребов. Здесь работает множество деловых людей, в отличие от Хигаси-Синдзюку."
layout:long_line,patch_text01,text/worldmap_group_explanation.mbe/000_Sheet1.csv,4,5,122 chars,"Торговый район недалеко от станции Синдзюку. Несмотря на сохранение традиционной атмосферы, это довольно оживленный район."
layout:long_line,patch_text01,text/worldmap_group_explanation.mbe/000_Sheet1.csv,101,6,126 chars,"Самая отдаленная земля в Цифровом мире Илиады, это суровое место, о котором часто говорят, что оно напоминает открытый космос."
layout:long_line,patch_text01,text/worldmap_group_explanation.mbe/000_Sheet1.csv,106,11,124 chars,"В этом районе находится храм, посвященный Божественному Оракулу Юномон, который управляет вратами, связанными с миром людей."
machine:calque,patch_text01,text/worldmap_place_explanation.mbe/000_Sheet1.csv,101,2,являет,"Большой цифровой экран, который является одной из самых известных достопримечательностей Синдзюку, показывает прохожим различные рекламные ролики."
layout:long_line,patch_text01,text/worldmap_place_explanation.mbe/000_Sheet1.csv,103,4,117 chars,Крупнейший развлекательный район Японии с различными магазинами и оживленной атмосферой благодаря своей ночной жизни.
layout:long_line,patch_text01,text/worldmap_place_explanation.mbe/000_Sheet1.csv,151,5,150 chars,"Самый загруженный терминал в мире, станция Синдзюку, находится рядом со многими предприятиями и магазинами, что обеспечивает нескончаемый поток людей."
layout:long_line,patch_text01,text/worldmap_place_explanation.mbe/000_Sheet1.csv,155,8,137 chars,"Пространственно-временное искажение, расположенное в глухом переулке недалеко от станции Синдзюку, соединяющееся с Промежуточным театром."
layout:long_line,patch_text01,text/worldmap_place_explanation.mbe/000_Sheet1.csv,201,9,152 chars,"Ворота в Акихабару, о чем свидетельствует его целевая реклама. Аркады и другие достопримечательности для ботаников находятся сразу за входом на станцию."
layout:long_line,patch_text01,text/worldmap_place_explanation.mbe/000_Sheet1.csv,250,10,127 chars,"Перекресток на большой дороге, здесь собирается много людей, чтобы заглянуть в маленькие магазинчики, спрятанные под эстакадой."
layout:long_line,patch_text01,text/worldmap_place_explanation.mbe/000_Sheet1.csv,401,14,125 chars,Благодаря множеству небольших ресторанов в этом районе лапша соба и другие блюда пользуются популярностью уже более полувека.
layout:long_line,patch_text01,text/worldmap_place_explanation.mbe/000_Sheet1.csv,10201,18,121 chars,"Оживленная площадь у центрального городского вокзала железной дороги Локомон, куда приходит и уходит множество дигимонов."
layout:long_line,patch_text01,text/worldmap_place_explanation.mbe/000_Sheet1.csv,10206,19,147 chars,"Центральная башня контролирует коммуникационную сеть цифрового мира Илиады. Хагурумоны неустанно работают над тем, чтобы она работала бесперебойно."
layout:long_line,patch_text01,text/worldmap_place_explanation.mbe/000_Sheet1.csv,10210,20,122 chars,"Эта площадка недалеко от вершины Центральной башни иногда бывает закрыта облаками. Не идеально для тех, кто боится высоты."
layout:long_line,patch_text01,text/worldmap_place_explanation.mbe/000_Sheet1.csv,10211,21,118 chars,"Поскольку на посадочную площадку доставляются различные товары, в окрестностях есть множество сопутствующих магазинов."
layout:long_line,patch_text01,text/worldmap_place_explanation.mbe/000_Sheet1.csv,10212,22,122 chars,"Эта площадка недалеко от вершины Центральной башни иногда бывает закрыта облаками. Не идеально для тех, кто боится высоты."
layout:long_line,patch_text01,text/worldmap_place_explanation.mbe/000_Sheet1.csv,10401,25,117 chars,"Площадь у станции Зубчатого леса железной дороги Локомотив. Говорят, что отсюда слышны гуляния в близлежащей деревне."
layout:long_line,patch_text01,text/worldmap_place_explanation.mbe/000_Sheet1.csv,10701,33,119 chars,"Несмотря на то, что он соединен с замком Плутомона, предводителя Титанов, плохие дороги делают это путешествие трудным."
english:mixed,patch_text01,text/yes_no_message.mbe/000_Sheet1.csv,yesno_dlc_0010,113,"Microsoft, Nintendo, eShop","{pf(Чтобы сыграть во Внешнее подземелье, необходимо {fc9приобрести дополнение}.

Перейти в PlayStation®Store?

{fc9Примечание: приобретённые дополнения будут активированы
только после возврата на титульный экран.}/Чтобы сыграть во Внешнее подземелье, необходимо {fc9приобрести дополнение}.

Перейти в Microsoft Store?

{fc9Примечание: приобретённые дополнения будут активированы
только после возврата на титульный экран.}/Чтобы сыграть во Внешнее подземелье, требуется {fc9загружаемый контент}.

Перейти в Nintendo eShop?

{fc9Примечание: приобретённый загружаемый контент будет активирован
только после возврата на титульный экран.}/Чтобы сыграть во Внешнее подземелье, требуется {fc9загружаемый контент}.

Перейти в интернет-магазин?

{fc9Примечание: приобретённый загружаемый контент будет активирован
только после возврата на титульный экран.})}"
english:mixed,patch_text01,text/yes_no_message.mbe/000_Sheet1.csv,yesno_dlc_0020,114,"Microsoft, Nintendo, eShop","{pf(Чтобы надеть этот костюм, необходимо {fc9приобрести дополнение}.

Перейти в PlayStation®Store?

{fc9Примечание: приобретённые дополнения будут активированы
только после возврата на титульный экран.}/Чтобы надеть этот костюм, необходимо {fc9приобрести дополнение}.

Перейти в Microsoft Store?

{fc9Примечание: приобретённые дополнения будут активированы
только после возврата на титульный экран.}/Чтобы надеть этот костюм, требуется {fc9загружаемый контент}.

Перейти в Nintendo eShop?

{fc9Примечание: приобретённый загружаемый контент будет активирован
только после возврата на титульный экран.}/Чтобы надеть этот костюм, требуется {fc9загружаемый контент}.

Перейти в интернет-магазин?

{fc9Примечание: приобретённый загружаемый контент будет активирован
только после возврата на титульный экран.})}"
english:mixed,patch_text01,text/yes_no_message.mbe/000_Sheet1.csv,yesno_dlc_0030,115,"Microsoft, Nintendo, eShop","{pf(Чтобы выбрать эту музыку, необходимо {fc9приобрести дополнение}.

Перейти в PlayStation®Store?

{fc9Примечание: приобретённые дополнения будут активированы
только после возврата на титульный экран.}/Чтобы выбрать эту музыку, необходимо {fc9приобрести дополнение}.

Перейти в Microsoft Store?

{fc9Примечание: приобретённые дополнения будут активированы
только после возврата на титульный экран.}/Чтобы выбрать эту музыку, требуется {fc9загружаемый контент}.

Перейти в Nintendo eShop?

{fc9Примечание: приобретённый загружаемый контент будет активирован
только после возврата на титульный экран.}/Чтобы выбрать эту музыку, требуется {fc9загружаемый контент}.

Перейти в интернет-магазин?

{fc9Примечание: приобретённый загружаемый контент будет активирован
только после возврата на титульный экран.})}"
english:mixed,patch_text01,text/yes_no_message.mbe/000_Sheet1.csv,yesno_dlc_0040,116,"Microsoft, Nintendo, eShop","{pf(Перейти в PlayStation®Store?

{fc9Примечание: приобретённые дополнения будут активированы
только после возврата на титульный экран.}/Перейти в Microsoft Store?

{fc9Примечание: приобретённые дополнения будут активированы
только после возврата на титульный экран.}/Перейти в Nintendo eShop?

{fc9Примечание: приобретённый загружаемый контент будет активирован
только после возврата на титульный экран.}/Перейти в интернет-магазин?

{fc9Примечание: приобретённый загружаемый контент будет активирован
только после возврата на титульный экран.})}"
layout:long_line,patch_text01,text/yes_no_message.mbe/000_Sheet1.csv,yesno_language_0010,119,188 chars,"Чтобы изменить язык текста, игра сохранит прогресс и вернётся на титульный экран.
Продолжить?

{fc9Имена главного героя и дигимонов останутся на прежнем языке. Кроме того, из-за смены шрифта имена главного героя и дигимонов могут отображаться некорректно. (Их можно изменить позже.)}"
layout:long_line,patch_text01,text/yes_no_message.mbe/000_Sheet1.csv,yesno_language_0040,122,188 chars,"Чтобы изменить язык отображения игры,
вы вернётесь на титульный экран.
Продолжить?

{fc9Имена главного героя и дигимонов останутся на прежнем языке. Кроме того, из-за смены шрифта имена главного героя и дигимонов могут отображаться некорректно. (Их можно изменить позже.)}"
machine:calque,addcont_01_text01,message/d130.mbe/000_Sheet1.csv,d130_060_120,52,осуществ,"«Пусть мир устроен именно так, я все равно верю:
люди и дигимоны могут сосуществовать»."
machine:calque,addcont_01_text01,message/d140.mbe/000_Sheet1.csv,d140_040_140,65,осуществ,"Теперь и я хочу верить, что люди и дигимоны
могут сосуществовать... и связывать себя узами дружбы."
machine:calque,addcont_01_text01,text/digimon_profile_dlc01.mbe/000_Sheet1.csv,digimon_0449_profile,2,являет,"Дигимон-мутант, свободно перемещающийся между
Цифровыми мирами разных измерений. Это зловещее
существо пожирает данные дигимонов в мирах,
куда проникает, а его истинная цель остаётся тайной.
Параллельмон появляется в неожиданных местах и
в неожиданное время, предвещая миру хаос. Поэтому
исследовательские группы считают само его появление
бедствием. Один из особых приёмов Параллельмона —
«Поглощающий взрыв»: луч из глаз, поглощающий
дигимонов. Всё, что не является дигимоном и попадает
под этот луч, отбрасывается в другое измерение. Ещё
один приём — «Бесконечный транс»: Параллельмон
открывает вокруг врага бесчисленные врата и атакует
из них в одностороннем порядке."
english:mixed,addcont_01_text01,text/digimon_profile_dlc01.mbe/000_Sheet1.csv,digimon_0692_profile,6,Zwart,"Форма Омегамона Цварта, превращённая неизвестной
сущностью в берсерка через вирусную программу.
Любой дигимон, пересёкший путь Омегамона Zwart Defeat,
воспринимается им как зловещий враг, а приблизившихся
ждёт беспощадный натиск. Борьба между буйным вирусом
и остаточной вакцинной программой в его теле сделала
его нестабильным: он то изнемогает, то впадает в ярость
и не способен залечить раны. В один из редких мигов,
когда вакцинная программа позволила ему вернуть
самосознание, он связал оба оружия, чтобы ограничить
ущерб, который может причинить."
english:mixed,addcont_02_text01,message/d220.mbe/000_Sheet1.csv,d220_080_050,87,"GAKU, RAN","Понятно... Значит, куртка GAKU-RAN
и у тебя на плечах..."
machine:calque,addcont_02_text01,message/d220.mbe/000_Sheet1.csv,d220_100_030,114,осуществ,"Пытаясь осуществить мечту и создать свое аниме,
я обходила разные компании и предлагала им идеи."
english:mixed,addcont_02_text01,text/digimon_profile_dlc02.mbe/000_Sheet1.csv,digimon_0448_profile,2,"Garuru, Grey, Hou, Photon, Spreads, Tou","Ангельская форма Омегамона с белыми крыльями,
развевающимися словно шарф. Осознав, что некоторых
можно спасти лишь через бой и поражение, Омегамон
преобразовал свою печаль и решимость в форму
Омегамон: Милосердный режим. Светло-голубые линии
Photon Spreads, похожие на слёзы на щеках, струятся
по всему телу и на короткое время резко усиливают его.
Это существо вершит суд над дигимонами, безвозвратно
сошедшими со своего пути, и тем самым спасает их.
Целями атак Омегамона: Милосердный режим всегда
становятся те, кто изначально обладал добрым сердцем.

Серый меч Омегамона преобразился в катану «Grey Tou»,
которой он одним неохотным взмахом обезглавливает
цель. Особый приём «Гаруру-пушка» также изменился:
теперь это «Garuru Hou», лазер абсолютного нуля."
machine:calque,addcont_02_text01,text/digimon_profile_dlc02.mbe/000_Sheet1.csv,digimon_0449_profile,3,являет,"Дигимон-мутант, свободно перемещающийся между
Цифровыми мирами разных измерений. Это зловещее
существо пожирает данные дигимонов в мирах,
куда проникает, а его истинная цель остаётся тайной.
Параллельмон появляется в неожиданных местах и
в неожиданное время, предвещая миру хаос. Поэтому
исследовательские группы считают само его появление
бедствием. Один из особых приёмов Параллельмона —
«Поглощающий взрыв»: луч из глаз, поглощающий
дигимонов. Всё, что не является дигимоном и попадает
под этот луч, отбрасывается в другое измерение. Ещё
один приём — «Бесконечный транс»: Параллельмон
открывает вокруг врага бесчисленные врата и атакует
из них в одностороннем порядке."
english:mixed,addcont_02_text01,text/digimon_profile_dlc02.mbe/000_Sheet1.csv,digimon_0485_profile,4,"GAKU, RAN","Крайне заносчивый дигимон-насекомое, привыкший жить,
подавляя окружающих. БанчоСтингмона называют самым
высокомерным среди дигимонов: свою гордость он ставит
превыше всего. Любая попытка её задеть встречает
безжалостное возмездие, кто бы ни был виновником.
Именно эта непримиримая гордость принесла ему титул
«Банчо». Панцири разных насекомых тщательно вплетены
в его символический GAKU-RAN, делая одежду прочной
как броня. Его особые приёмы — «Кровавый финиш»,
пронзающий врагов бурами на руках, и «Взрывная гроза»,
выпускающая минных жуков, взрывающихся при контакте."
english:mixed,addcont_02_text01,text/digimon_profile_dlc02.mbe/000_Sheet1.csv,digimon_0486_profile,5,"Assemble, Nightmare","Фея-дигимон в тёмно-багровой куртке токко-фуку.
Яркие лепестки, оставшиеся со времён Лилимона,
потемнели, и прежняя мягкая прелесть уступила место
суровому облику. БанчоЛилимон убеждённо сражается
за слабых в беспощадном Цифровом мире и спас
бесчисленные жизни от нападений злобных дигимонов.
Куртка токко-фуку и титул «Банчо» служат доказательством
этой решимости. Его йо-йо становятся оружием в особых
приёмах: «Абсолютная территория» рассеивает врага вместе
с пространством вокруг него, «Nightmare Assemble» бросает
йо-йо во врага и поглощает его, а «Двойной лепесток»
обрушивает молниеносные удары ногами."
english:mixed,addcont_02_text01,text/digimon_profile_dlc02.mbe/000_Sheet1.csv,digimon_0487_profile,6,"Dust, Kanshaku","Минерал-дигимон, обладающий собственной волей,
в отличие от обычного бесчувственного Големона.
БанчоГолемон — один из немногих дигимонов, носящих
титул «Банчо». Он невозмутим, суров ко всем одинаково
и не допускает в поведении даже намёка на поблажку.
Выбрав тяжёлую жизнь глубоко в горе Муген, он постоянно
подвергает себя изнурительным тренировкам. При этом
БанчоГолемон полон неожиданностей: он может не откликнуться
на просьбу о помощи, но внезапно появиться и спасти
товарища, с которым когда-то обменивался ударами. Его
подавляющая сила часто позволяет в одиночку переломить
ход битвы. Особые приёмы — «Kanshaku Dust», отражающий
луч из Кансякудамы в животе от падающих камней для
широкой атаки, и «Когтевой бур Ёбори», пронзающий врага
буром на левой руке, способным дробить даже хромдигизоид."
english:mixed,addcont_02_text01,text/digimon_profile_dlc02.mbe/000_Sheet1.csv,digimon_0488_profile,7,"Bats, Black, GAKU, Golden, Hickeys, RAN","Один из немногих носителей титула «Банчо», этот
рыцарственный и сострадательный дигимон отлично дерётся,
несмотря на малый рост. БанчоМамемон живёт независимо,
игнорируя законы Цифрового мира. Он помогает дигимонам,
которые, как и он сам, оказались отрезаны от мира, и даже
создал объединение «Маме-мон Рэнго», где они живут вместе.
Но идти против мирового порядка непросто: под предлогом
реорганизации ему бесчисленное число раз приходилось
сражаться с дигимонами, следующими правилам. И всё же он
посвящает Маме-мон Рэнго все силы. Титул «Банчо» он получил
за то, что отражал врагов, не потеряв ни одного товарища,
какой бы тяжёлой ни была ситуация. Как БанчоЛеомон, он
носит GAKU-RAN, защищающий от физических ударов, но почти
всегда отдаёт эту защиту товарищам. Его особые приёмы —
«Золотой натиск» с любимыми дубинками Golden Bats,
«Сэнбон Доккан», выбивающий братские Black Hickeys из
этих дубинок, и «Буккоми Отокодама», рывок вперёд на
тюремных цепях, свисающих с тела."
english:mixed,addcont_02_text01,text/field_name_dlc02.mbe/000_Sheet1.csv,140201,8,"Electric, Town",Станция Акихабара: южный выход Electric Town
english:mixed,app_text01,message/arena01.mbe/000_Sheet1.csv,arena01_m320_010_020,228,SDGP,"Потрясающе! Это первое появление чемпиона из Материального мира!
Как продержится чемпион SDGP?!"
english:mixed,app_text01,message/arena01.mbe/000_Sheet1.csv,arena01_m320_010_060,234,SDGP,Победителем становится... команда-чемпион SDGP!
english:mixed,app_text01,message/arena01.mbe/000_Sheet1.csv,arena01_m320_020_020,236,SDGP,Наконец-то чемпион SDGP здесь! Приготовьтесь удивляться!
english:mixed,app_text01,message/arena01.mbe/000_Sheet1.csv,arena01_m320_020_060,242,SDGP,Победителем становится... команда-чемпион SDGP!
machine:calque,app_text01,message/arena01.mbe/000_Sheet1.csv,arena01_m320_030_030,245,являет,"Он горит так яростно, что заставляет забыть прошлое! Страж
Парадиз Колизея появляется в своем огненном облике!"
english:mixed,app_text01,message/arena01.mbe/000_Sheet1.csv,arena01_m320_030_060,250,SDGP,Победителем становится... команда-чемпион SDGP!
english:mixed,app_text01,message/arena01.mbe/000_Sheet1.csv,arena01_m320_040_060,257,SDGP,Победителем становится... команда-чемпион SDGP!
machine:calque,app_text01,message/battle.mbe/000_Sheet1.csv,1200020054,232,осуществ,Таков был мой великий замысел... И теперь он осуществился!
machine:calque,app_text01,message/d02.mbe/000_Sheet1.csv,f_d0201_0020_0060,9,являет,"Ходят слухи, что в этих краях появляется много Титанов. Это
правда?"
machine:calque,app_text01,message/d02.mbe/000_Sheet1.csv,f_d0201_0050_0010,15,новичок,"Привет. Не видел тебя раньше в этих краях. Полагаю, ты
новичок... Первый раз в городе?"
machine:calque,app_text01,message/d02.mbe/000_Sheet1.csv,f_d0201_850_0020,232,являет,"Обычно он такой невинный, но потом, когда приходит время
выходить, появляется сталь! * вздох * От него мне хочется расплавиться!"
machine:calque,app_text01,message/d02.mbe/000_Sheet1.csv,f_d0202_0030_0030,289,новичок,"Хехехе. Если это не любимый новичок каждого. Я слышал, ты
проявил больше героизма."
machine:calque,app_text01,message/d02.mbe/000_Sheet1.csv,f_d0204_0480_0010,695,являет,"Ого, появляется Великий Страж. Благодаря тебе мы вернули
таверну."
machine:calque,app_text01,message/d04.mbe/000_Sheet1.csv,f_d0404_0080_0040,152,новичок,"Что? Я думаю, тот новичок, Леомон, намного симпатичнее."
machine:calque,app_text01,message/d05.mbe/000_Sheet1.csv,f_d0501_0350_0010,163,На данный момент,На данный момент в отеле нет свободных номеров. Нам очень жаль.
machine:calque,app_text01,message/d05.mbe/000_Sheet1.csv,f_d0513_0070_0040,579,являются,"Удовольствие от борьбы как вида спорта, радость от того, что на
лицах зрителей появляются улыбки, — всему этому я научился, сражаясь с тобой."
english:mixed,app_text01,message/d06.mbe/000_Sheet1.csv,f_d0604_0300_0020,213,VIP,Серьёзно? Что это за VIP-сервис?
english:mixed,app_text01,message/d09.mbe/000_Sheet1.csv,f_d0904_0220_0020,386,Kamedical,"Теперь я лидер команды Kamedical — медотряда,
который поддерживает леди Венусмон!"
english:mixed,app_text01,message/d09.mbe/000_Sheet1.csv,f_d0904_0610_0020,519,SAT,"Асуна не единственная, кто участвует в поиске и спасении.
Похоже, D-SAT вспомнили, зачем они существуют."
machine:calque,app_text01,message/d09.mbe/000_Sheet1.csv,f_d0905_0080_0130,583,являются,"Они тоже являются проявлением Хроник Акаши — убийцами,
созданными для уничтожения незваных гостей вроде нас!"
machine:calque,app_text01,message/d12.mbe/000_Sheet1.csv,f_d1204_0150_0010,33,новичок,"О! Эй! Ты, там! Разве ты не тот большой новичок из далеких
времен?!"
english:mixed,app_text01,message/d12.mbe/000_Sheet1.csv,f_d1205_0350_0020,251,SAT,"Я слышал, D-SAT уже начали действовать.
За подробностями обратись к доктору Симмонс."
machine:calque,app_text01,message/d12.mbe/000_Sheet1.csv,f_d1206_0040_0030,262,осуществ,"Я... хотел найти способ сосуществовать с дигимонами. А когда
познакомился с ними поближе, узнал обо всем, что вы сделали восемь лет назад."
layout:long_line,app_text01,message/d13.mbe/000_Sheet1.csv,f_d1301_0080_0020,36,131 chars,"""... Новые идентификаторы не могут быть выданы во время
чрезвычайной ситуации. Идентификатор восстановления хранится на запоминающем устройстве, подключенном к администратору Дигимон ..."""
machine:calque,app_text01,message/d13.mbe/000_Sheet1.csv,f_d1301_0180_0010,60,Относительно,"Там есть пометка: ""Относительно хранения важных документов""."
layout:long_line,app_text01,message/d13.mbe/000_Sheet1.csv,f_d1301_0300_0030,98,118 chars,"""Справочные документы: отчеты о проделанной работе, планы
обеспечения безопасности и список ресторанов, в которых используются контейнеры, пригодные для вторичной переработки""."
machine:calque,app_text01,message/d13.mbe/000_Sheet1.csv,f_d1301_0430_0010,118,являет,"На экране появляется документ: ""Исследование моего
предшественника о социальных волнениях и аномальных явлениях""."
machine:calque,app_text01,message/d13.mbe/000_Sheet1.csv,f_d1301_0440_0030,125,являются,"""Таким образом, являются ли Дигимоны нашим проклятием, сеющим
разрушение и хаос? Или, наоборот, они наше спасение во времена бедствий?"""
machine:calque,app_text01,message/d13.mbe/000_Sheet1.csv,f_d1301_0450_0020,127,являются,"""Если дигимоны являются частью иммунной реакции мира на кризис,
тогда почему эти враждебные Дигимоны стали нападать на людей?"""
machine:calque,app_text01,message/d14.mbe/000_Sheet1.csv,f_d1407_0050_0030,48,являлся,"Но о нём мало кто знает: он редко появлялся на публике
и отказался от всех прав на свои разработки..."
machine:calque,app_text01,message/digimon_chat.mbe/000_Sheet1.csv,justi_001_1_reaction_char_JUSTIMON,1957,являюсь,"Он просто обвит вокруг моей шеи. В конце концов,
я появляюсь и исчезаю, словно ветер."
machine:calque,app_text01,message/digimon_chat.mbe/000_Sheet1.csv,ruches_001_4_reaction_char_LUCEMON_SM,2395,осуществ,"Конечно, тебе это не по силам. И все же нынешнее
сосуществование меня устраивает."
machine:calque,app_text01,message/digimon_chat.mbe/000_Sheet1.csv,common031_1_replay,3930,с вашей стороны,Спасибо. Это очень любезно с вашей стороны.
english:mixed,app_text01,message/dlc000.mbe/000_Sheet1.csv,dlc000_070_040,49,III,"Войти в Акашический бэкдор III?
{fc9*Сложность соответствует финалу основной истории.}"
english:mixed,app_text01,message/field_text.mbe/000_Sheet1.csv,dummy_m210_0050,75,NPC,"Идентификатор события: m210_020 ""Помощь с барьером"" беседа с
NPC."
english:mixed,app_text01,message/field_text.mbe/000_Sheet1.csv,dummy_m220_0020,83,VIP,"Идентификатор мероприятия: m220_010 ""VIP-зал в Промежуточном
кинотеатре"" (ранг B)"
english:mixed,app_text01,message/field_text.mbe/000_Sheet1.csv,dummy_m310_0030,167,"Bearmon, Little, NPC","Идентификатор события: m310_020 Беседа NPC ""Little Bearmon""."
english:mixed,app_text01,message/field_text.mbe/000_Sheet1.csv,dummy_m320_0080,182,"Makino, Marsmon",Идентификатор события: m320_060 Видео Marsmon's Makino
layout:long_line,app_text01,message/field_text.mbe/000_Sheet1.csv,dummy_m430_0050,292,117 chars,"Идентификатор события: m430_040 ""Пространство Грейсеновамона и Реальный мир сливаются, в результате чего Объединенные
Аполломон и Дайанамон, а также Объединенные Главный герой и Юпитермон становятся разделенными"" (Ранг A)"
english:mixed,app_text01,message/field_text.mbe/000_Sheet1.csv,dummy_m440_0027,297,XII,"Идентификатор события: m440_030 ""Олимпос XII встречается с
финальным боссом"" (ранг A)"
english:mixed,app_text01,message/field_text.mbe/000_Sheet1.csv,dummy_m440_0037,305,"Olympus, XII","Идентификатор события: m440_??? ""Активация креста искусств
Olympus XII"" (ранг A)"
english:mixed,app_text01,message/field_text.mbe/000_Sheet1.csv,dummy_m440_0060,308,XII,"Идентификатор события: m440_??? ""Объединение Олимпа XII
(рождение)"" (ранг A)"
english:mixed,app_text01,message/field_text.mbe/000_Sheet1.csv,g_closet_0010_0010,517,Access,"(Заглушка) {pf(дополнение/дополнения/загружаемый контент/загружаемый контент)}
костюмы и прочее, распространяемые через Access."
machine:calque,app_text01,message/field_text.mbe/000_Sheet1.csv,g_tutorial_1002_0030,963,являлся,"И все же мало кто знает о нем, во многом из-за его личности. Он
редко появлялся на публике, и все права на свои работы передал правительству и крупным корпорациям."
machine:calque,app_text01,message/m090.mbe/000_Sheet1.csv,m090_010_060,6,являются,"Тем не менее, ты не можешь позволить эмоциям вмешиваться в это.
Инори Мисоно и Эгиомон сами являются аномалиями."
machine:calque,app_text01,message/m090.mbe/000_Sheet1.csv,m090_080_090,85,являет,"Я пришла из Илиады, Цифрового мира, который вроде как является
параллельной вселенной к Материальному Миру, в котором вы живёте."
machine:calque,app_text01,message/m140.mbe/000_Sheet1.csv,m140_020_080,56,касательно,"Существование Цифрового мира, возможно, даст несколько ответов
касательно таких феноменов."
machine:calque,app_text01,message/m150.mbe/000_Sheet1.csv,m150_070_290,103,На данный момент,На данный момент добраться до нижнего уровня области невозможно!
machine:calque,app_text01,message/m170.mbe/000_Sheet1.csv,m170_210_130,262,являет,"Если Течение - это действительно то, к чему стремятся Титаны,
то, по всей вероятности, их целью является—"
machine:calque,app_text01,message/m210.mbe/000_Sheet1.csv,m210_050_050,157,являются,"Об таких явлениях известно мало. Мы можем лишь предполагать, что
они буквально являются нарушениями законов времени и пространства."
english:mixed,app_text01,message/m230.mbe/000_Sheet1.csv,m230_020_280,55,SAT,"Если на тебя донесут в D-SAT, они схватят тебя, без лишних
вопросов, и отправят прямиком обратно в район."
english:mixed,app_text01,message/m230.mbe/000_Sheet1.csv,m230_020_290,56,SAT,"«D-SAT» — это спецгруппа по борьбе с Дигимон. Они... Они очень
строгие и используют военную силу для сдерживания Дигимон."
english:mixed,app_text01,message/m235.mbe/000_Sheet1.csv,m235_010_030,4,SAT,"Мы из D-SAT. Мы получили сообщения от граждан о Дигимонах за
пределами района."
english:mixed,app_text01,message/m235.mbe/000_Sheet1.csv,m235_040_050,52,SAT,"У меня на конце провода было довольно суматошно. Меня вынудили
перевестись из офиса службы безопасности в D-SAT..."
machine:calque,app_text01,message/m240.mbe/000_Sheet1.csv,m240_020_120,16,осуществ,"Естественно, я знаю, что есть другие, подобные вам, кто способен
сосуществовать с Дигимонами…"
machine:calque,app_text01,message/m240.mbe/000_Sheet1.csv,m240_030_050,54,являет,"...и я слышал, что в Центральном городе есть Дигимон, который
является искусным целителем."
machine:calque,app_text01,message/m250.mbe/000_Sheet1.csv,m250_035_100,50,являет,"Ах, точно! Разве вы не говорили, что ищете определённого
Дигимона, который является искусным целителем?"
english:mixed,app_text01,message/m270.mbe/000_Sheet1.csv,m270_010_050,6,VIP,"Обычно это сила, граничащая с табу, но на этот раз, кажется, исключение.
Направляйтесь в VIP-комнату, там вас ждут ответы, которые вы ищете."
machine:calque,app_text01,message/m280.mbe/000_Sheet1.csv,m280_090_050,106,являюсь,"И вот здесь появляюсь я. Плутомон послал меня сюда с секретной
миссией."
machine:calque,app_text01,message/m285.mbe/000_Sheet1.csv,m285_030_130,37,осуществ,"Он прав. Полагаю, он мог бы осуществить практически всё, что
пожелает."
machine:calque,app_text01,message/m285.mbe/000_Sheet1.csv,m285_040_030,44,Касательно,"Касательно нашего предыдущего обсуждения... АДАМАС достиг
консенсуса."
english:mixed,app_text01,message/m310.mbe/000_Sheet1.csv,m310_010_050,6,SAT,"Взять, к примеру, D-SAT управления общественной безопасности.
Они такие бессердечные!"
machine:calque,app_text01,message/m310.mbe/000_Sheet1.csv,m310_010_120,13,являет,"Мы только что установили, что Эгиомон является самым
значительным единичным фактором, угрожающим гомеостазу мира."
machine:calque,app_text01,message/m310.mbe/000_Sheet1.csv,m310_010_130,14,являются,"Таким образом, Эгиомон и его партнёр-человек теперь являются
целями для ликвидации со стороны АДАМАСа."
machine:calque,app_text01,message/m310.mbe/000_Sheet1.csv,m310_032_050,100,осуществ,"Создание аниме всегда было моей мечтой. Я скопила достаточно
денег, снимая видео... и осуществила эту мечту."
machine:calque,app_text01,message/m320.mbe/000_Sheet1.csv,m320_025_040,31,являет,А в западном углу! Претендент появляется эффектно!
english:mixed,app_text01,message/m330.mbe/000_Sheet1.csv,m330_010_165,22,SAT,"Я слышал о подозрительной активности среди людей. Похоже, у
D-SAT есть какой-то заговор."
machine:calque,app_text01,message/m330.mbe/000_Sheet1.csv,m330_080_131,70,На данный момент,На данный момент только ты можешь его убедить.{next}
machine:calque,app_text01,message/m350.mbe/000_Sheet1.csv,m350_020_060,23,являются,"Титаны появляются в небе над зданием правительства. Затем
оставшиеся силы Меркуримона вступают с ними в бой."
machine:calque,app_text01,message/m350.mbe/000_Sheet1.csv,m350_120_050,78,на данный момент,"Признаю, мне тоже интересно... Однако, на данный момент,
позвольте мне просто сделать это заявление."
machine:calque,app_text01,message/m410.mbe/000_Sheet1.csv,m410_100_100,119,осуществ,"...Эгиомон был создан Хрономоном как ""запасная шестерёнка"" для
осуществления его конечной цели."
machine:calque,app_text01,message/m410.mbe/000_Sheet1.csv,m410_110_130,137,являет,"...всё является частью ритуала для тебя, чтобы стать Хранителем
Времени."
machine:calque,app_text01,message/m420.mbe/000_Sheet1.csv,m420_010_183,24,являет,"...оно тоже теперь является воплощением горького гнева
Хрономона. Ядро Дигимона было установлено по этой причине."
machine:calque,app_text01,message/m420.mbe/000_Sheet1.csv,m420_010_230,27,являет,"Если война сама по себе является целью... тогда Хрономону,
вероятно, всё равно, гибнут ли Дигимоны или люди."
english:mixed,app_text01,message/m440.mbe/000_Sheet1.csv,m440_150_140,182,XII,"Однако даже его гибель от рук Олимпос XII была частью
грандиозного замысла Хрономона."
english:mixed,app_text01,message/m450.mbe/000_Sheet1.csv,m450_010_030,7,XII,"И пусть имена тех, кто поддерживает меня в моей клятве, Олимпос
XII..."
machine:calque,app_text01,message/rumor_npc.mbe/000_Sheet1.csv,r_h0220_0010_0010,760,новичок,"Подойдите сюда, если вы
новичок в повышении уровня!"
machine:calque,app_text01,message/s010_156.mbe/000_Sheet1.csv,s010_156_550,74,осуществ,"В то время это была одна из теорий, но из-за отсутствия кратера
или каких-либо других свидетельств она просуществовала недолго."
machine:calque,app_text01,message/s020_013.mbe/000_Sheet1.csv,s020_013_490,68,удовлетворен,"Что ж, хотя я сомневаюсь, что Венусмон понял выражение моей
благодарности, я удовлетворен."
machine:calque,app_text01,message/s030_029.mbe/000_Sheet1.csv,s030_029_360,51,удовлетворен,"Выполнив свой долг сегуна, я удовлетворен, глурп. В деревню,
глурп!"
machine:calque,app_text01,message/s050_152.mbe/000_Sheet1.csv,s050_152_130,18,на данный момент,"Это не обязательно так, но на данный момент сила важнее
привлекательности."
machine:calque,app_text01,message/s050_176.mbe/000_Sheet1.csv,s050_176_440,55,являет,"Мы сражались с таким могучим воином, как ты, и все же мы
выстояли. Это само по себе является доказательством нашего мужества!"
machine:calque,app_text01,message/s090_072.mbe/000_Sheet1.csv,s090_072_090,10,осуществ,"Ты движешься в правильном направлении, так что продолжай.
У тебя хватит сил осуществить свою мечту."
english:mixed,app_text01,message/s090_072.mbe/000_Sheet1.csv,s090_072_640,76,AltaVision,"Следующий находится рядом с Синдзюку AltaVision. Кто-то
разговаривает с ними... Хм, флиртует ... ?!"
english:mixed,app_text01,message/s090_072.mbe/000_Sheet1.csv,s090_072_660,78,"Expo, Home","Привет, милашка! Хочешь спланировать свое будущее в выставочном
центре Home Expo вместе со мной?"
machine:calque,app_text01,message/s100_088.mbe/000_Sheet1.csv,s100_088_070,10,являюсь,"Другими словами, как и король Драсил, я являюсь хранителем мира,
отдельного от этого."
machine:calque,app_text01,message/s110_098.mbe/000_Sheet1.csv,s110_098_110,14,являет,"Альфамон, который занимает пустое место Королевских рыцарей!
Теперь появляется редко... Но почему?"
machine:calque,app_text01,message/s110_101.mbe/000_Sheet1.csv,s110_101_600,73,являет,"Место добычи полезных ископаемых, о котором я упоминал, является
опасным местом, где в последнее время произошло множество краж."
machine:calque,app_text01,message/s110_102.mbe/000_Sheet1.csv,s110_102_210,24,на данный момент,"... несмотря на то, что на данный момент у меня достаточно руды,
хрондигизойтовая руда по-прежнему остается очень редким материалом."
machine:calque,app_text01,message/s110_103.mbe/000_Sheet1.csv,s110_103_530,63,На данный момент,"Правильно ли я поступил? На данный момент это все предположения.
В любом случае, это для тебя."
machine:calque,app_text01,message/s110_108.mbe/000_Sheet1.csv,s110_108_080,13,являюсь,...являюсь тем... Я есмь...
machine:calque,app_text01,message/s110_108.mbe/000_Sheet1.csv,s110_108_270,34,новичок,"Я новичок в этом мире и изо всех сил пытаюсь вернуться к
нормальной жизни. Ты знаешь способ?"
machine:calque,app_text01,message/s110_113.mbe/000_Sheet1.csv,s110_113_330,39,на данный момент,Хорошо! Ваш счет на данный момент составляет 48 000 диги! ♪
machine:calque,app_text01,message/s200_146.mbe/000_Sheet1.csv,s200_146_120,17,являет,"Вы приобрели эту форму на незаконном аукционе? Незаконное
использование снаряжения государственного образца является серьезным правонарушением..."
english:mixed,app_text01,message/s200_149.mbe/000_Sheet1.csv,s200_149_080,11,SAT,"""Проникни в машину D-SAT сегодня ночью. Я сообщу тебе точное
местоположение позже""."
english:mixed,app_text01,message/s200_149.mbe/000_Sheet1.csv,s200_149_430,54,SAT,"Давай посмотрим... ""Теперь иди в парк Синдзюку и сядь там в
автомобиль D-SAT""?!"
english:mixed,app_text01,message/s200_149.mbe/000_Sheet1.csv,s200_149_510,64,SAT,"Да, вот и наш автомобиль, как и ожидалось! Это определенно
автомобиль D-SAT."
english:mixed,app_text01,message/s200_149.mbe/000_Sheet1.csv,s200_149_800,94,Edion,"Так удобно, что здесь также продаются продукты питания и
канцелярские принадлежности. Но мы говорим не об Edion!"
english:mixed,app_text01,message/s200_149.mbe/000_Sheet1.csv,s200_149_1130,131,SAT,Возни с автомобилем D-SAT для меня достаточно на один день.
english:mixed,app_text01,message/s900_217.mbe/000_Sheet1.csv,s900_217_070,10,XII,"Я пришла испытать свою силу. Со мной здесь
и остальные из Олимпос XII."
english:mixed,app_text01,message/s900_217.mbe/000_Sheet1.csv,s900_217_480,64,XII,"Я признаю твою силу. Поздравляю с победой
над всеми Олимпос XII!"
layout:long_line,app_text01,message/s910_171.mbe/000_Sheet1.csv,s910_171_930,104,152 chars,"Мы из службы общественной безопасности не спускаем глаз с лаборатория «Гениус». Ходят слухи, что они занимаются незаконными генетическими модификациями."
machine:calque,app_text01,message/t01.mbe/000_Sheet1.csv,f_t0103_0080_0040,96,ОСУЩЕСТВ,ОДНАКО ОНО ТАКЖЕ СТАЛО ОДНИМ ИЗ ПУТЕЙ К СОСУЩЕСТВОВАНИЮ.
machine:calque,app_text01,message/t01.mbe/000_Sheet1.csv,f_t0103_0130_0010,117,относительно,"Фух. Слава богу, что Дигимоны, сбежавшие из района, были
относительно не агрессивны."
machine:calque,app_text01,message/t01.mbe/000_Sheet1.csv,f_t0108_0020_0040,169,являет,"Говорят, она внезапно появляется там, где раньше не было двери,
и засасывает людей внутрь!"
machine:calque,app_text01,message/t30.mbe/000_Sheet1.csv,f_t3001_0150_0020,51,являет,"Эта сила проявляется в ключевых точках истории, точках, которые
можно назвать «сингулярностями»."
english:mixed,app_text01,text/bgm_name.mbe/000_Sheet1.csv,508,61,Adventure,Цель～Акаи Шугеки～ (Из Digimon Adventure 02)
english:mixed,app_text01,text/bgm_name.mbe/000_Sheet1.csv,509,62,Adventure,Расстаемся! (Из Digimon Adventure 02)
english:mixed,app_text01,text/bgm_name.mbe/000_Sheet1.csv,510,63,Tamers,Самый Большой мечтатель (От Digimon Tamers)
english:mixed,app_text01,text/bgm_name.mbe/000_Sheet1.csv,511,64,Tamers,УДАР!! (От Digimon Tamers)
english:mixed,app_text01,text/bgm_name.mbe/000_Sheet1.csv,513,66,Frontier,С Завещанием (Из Digimon Frontier)
english:mixed,app_text01,text/bgm_name.mbe/000_Sheet1.csv,514,67,Savers,Гоуинг! Ухожу! Душа моя!! (От Digimon Savers - Digimon Savers)
english:mixed,app_text01,text/bgm_name.mbe/000_Sheet1.csv,515,68,Savers,Верующий (От Digimon Savers - Digimon Savers)
english:mixed,app_text01,text/bgm_name.mbe/000_Sheet1.csv,516,69,"Battles, Wars, Xros",Небагиба! (Из Digimon Xros Wars - Битв Digimon Xros Wars Battles)
english:mixed,app_text01,text/bgm_name.mbe/000_Sheet1.csv,517,70,"Battles, Wars, Xros",МЫ - сердце Xros! (Из Digimon Xros Wars - Digimon Xros Wars Battles)
english:mixed,app_text01,text/bgm_name.mbe/000_Sheet1.csv,519,72,Adventure,Разорвать цепь (Из Digimon Adventure:)
english:mixed,app_text01,text/bgm_name.mbe/000_Sheet1.csv,520,73,Ghost,ФРАКЦИЯ (Из игры Digimon Ghost)
english:mixed,app_text01,text/bgm_name.mbe/000_Sheet1.csv,521,74,Ghost,Первые всадники (Из игры Digimon Ghost)
english:mixed,app_text01,text/bgm_name.mbe/000_Sheet1.csv,523,76,Sleuth,Мчащийся через Коулун (От Cyber Sleuth)
english:mixed,app_text01,text/bgm_name.mbe/000_Sheet1.csv,524,77,Sleuth,ЦИФРОВАЯ ЛАБОРАТОРИЯ (От Cyber Sleuth)
english:mixed,app_text01,text/bgm_name.mbe/000_Sheet1.csv,528,81,Sleuth,ЦИФРОВЫЕ ВОЙНЫ (От Cyber Sleuth)
english:mixed,app_text01,text/bgm_name.mbe/000_Sheet1.csv,529,82,Sleuth,Песня Победителя (из Cyber Sleuth)
english:mixed,app_text01,text/bgm_name.mbe/000_Sheet1.csv,530,83,Sleuth,"Подключайся, прыгай! (От Cyber Sleuth)"
english:mixed,app_text01,text/bgm_name.mbe/000_Sheet1.csv,531,84,Sleuth,День в определенном детективном агентстве (От Cyber Sleuth)
english:mixed,app_text01,text/bgm_name.mbe/000_Sheet1.csv,533,86,Sleuth,ХОУП СТЕР (Из Cyber Sleuth)
english:mixed,app_text01,text/bgm_name.mbe/000_Sheet1.csv,534,87,Sleuth,Блуждающий в Майохиге (Из Cyber Sleuth)
english:mixed,app_text01,text/bgm_name.mbe/000_Sheet1.csv,540,93,Sleuth,Избавление от грусти (От Cyber Sleuth)
english:mixed,app_text01,text/bgm_name.mbe/000_Sheet1.csv,543,96,"DIGIFARM, Sleuth",DIGIFARM (от Cyber Sleuth)
english:mixed,app_text01,text/bgm_name.mbe/000_Sheet1.csv,544,97,Sleuth,Добро пожаловать в это Замечательное пространство (От Cyber Sleuth)
english:mixed,app_text01,text/bgm_name.mbe/000_Sheet1.csv,548,101,Sleuth,Что-то разрушающее (От Cyber Sleuth)
english:mixed,app_text01,text/bgm_name.mbe/000_Sheet1.csv,551,104,Sleuth,ЗАКЛЮЧИТЕЛЬНАЯ ФАЗА (От Cyber Sleuth)
english:mixed,app_text01,text/bgm_name.mbe/000_Sheet1.csv,555,108,Sleuth,ПРОТИВОСТОЯТЬ ВРАГУ (Из Cyber Sleuth)
english:mixed,app_text01,text/bgm_name.mbe/000_Sheet1.csv,560,113,Sleuth,ДУХОВНЫЙ МАЛЬЧИК (Из Cyber Sleuth)
english:mixed,app_text01,text/bgm_name.mbe/000_Sheet1.csv,564,117,Sleuth,По-НАСТОЯЩЕМУ Популярная девушка (Из Cyber Sleuth)
english:mixed,app_text01,text/bgm_name.mbe/000_Sheet1.csv,567,120,Sleuth,ГЛУБОКАЯ ЭМОЦИЯ (От Cyber Sleuth)
english:mixed,app_text01,text/bgm_name.mbe/000_Sheet1.csv,568,121,Sleuth,ХАКЕРСКАЯ ГОРДОСТЬ (От Cyber Sleuth)
english:mixed,app_text01,text/bgm_name.mbe/000_Sheet1.csv,570,123,Sleuth,Эфемерная Колибри (от Cyber Sleuth)
english:mixed,app_text01,text/bgm_name.mbe/000_Sheet1.csv,576,129,Sleuth,КОРОЛЕВСКИЕ РЫЦАРИ (Из Cyber Sleuth)
english:mixed,app_text01,text/bgm_name.mbe/000_Sheet1.csv,579,132,Sleuth,Ожидаемый Новый мир (От Cyber Sleuth)
english:mixed,app_text01,text/bgm_name.mbe/000_Sheet1.csv,581,134,Sleuth,Переустановка (от Cyber Sleuth)
english:mixed,app_text01,text/bgm_name.mbe/000_Sheet1.csv,598,151,Sleuth,КИБЕР-СЫЩИК (от Cyber Sleuth)
layout:long_line,app_text01,text/buff_message.mbe/000_Sheet1.csv,114,114,201 chars,"{d0} излечен от {is28}{image(ui_icon_btlStatus_000)} отравления, {is28}{image(ui_icon_btlStatus_002)} смятения, {is28}{image(ui_icon_btlStatus_003)} паралича и {is28}{image(ui_icon_btlStatus_004)} сна!"
layout:long_line,app_text01,text/buff_message.mbe/000_Sheet1.csv,100114,250,201 chars,"{d0} излечен от {is28}{image(ui_icon_btlStatus_000)} отравления, {is28}{image(ui_icon_btlStatus_002)} смятения, {is28}{image(ui_icon_btlStatus_003)} паралича и {is28}{image(ui_icon_btlStatus_004)} сна!"
english:mixed,app_text01,text/char_name.mbe/000_Sheet1.csv,char_KOKUWAMON_AUN,701,amp,Кокувамон А &amp
machine:calque,app_text01,text/common_message.mbe/000_Sheet1.csv,ui_launch_0010,857,являет,"Эта игра является оригинальным художественным произведением.
Любое сходство с реальными странами, местами действия, людьми,
предприятиями, организациями или происшествиями является случайным."
layout:long_line,app_text01,text/common_message.mbe/000_Sheet1.csv,ui_end_demo_0020,1109,149 chars,"На этом демо-версия игры завершается. История о связи между людьми и дигимонами простирается сквозь миры, преодолевая границы времени и пространства."
english:mixed,app_text01,text/common_message.mbe/000_Sheet1.csv,dlc_name_03,1114,"Anti, ParadoX",Дополнительный набор дигимонов и эпизодов 3: Anti-ParadoX
layout:long_line,app_text01,text/common_message.mbe/000_Sheet1.csv,dlc_name_06,1116,137 chars,"Особый Агумон, способный эволюционировать в Агумона (Узы храбрости), и особый Габумон, способный эволюционировать в Габумона (Узы дружбы)"
english:mixed,app_text01,text/common_message.mbe/000_Sheet1.csv,dlc_name_08,1118,Sleuth,Набор фоновой музыки Cyber Sleuth
english:mixed,app_text01,text/common_message.mbe/000_Sheet1.csv,dlc_name_12,1121,Sleuth,Набор костюмов Cyber Sleuth
english:full,app_text01,text/common_message_dx11.mbe/000_Sheet1.csv,1900036,83,Esc,Esc
english:full,app_text01,text/common_message_dx11.mbe/000_Sheet1.csv,1900067,114,Home,Home
english:full,app_text01,text/common_message_dx11.mbe/000_Sheet1.csv,1900068,115,End,End
english:full,app_text01,text/common_message_dx11.mbe/000_Sheet1.csv,1900071,118,Insert,Insert
english:full,app_text01,text/common_message_dx11.mbe/000_Sheet1.csv,1900072,119,Delete,Delete
english:full,app_text01,text/common_message_dx11.mbe/000_Sheet1.csv,1900073,120,Num,"Num
1"
english:full,app_text01,text/common_message_dx11.mbe/000_Sheet1.csv,1900074,121,Num,"Num 
2"
english:full,app_text01,text/common_message_dx11.mbe/000_Sheet1.csv,1900075,122,Num,"Num 
3"
english:full,app_text01,text/common_message_dx11.mbe/000_Sheet1.csv,1900076,123,Num,"Num 
4"
english:full,app_text01,text/common_message_dx11.mbe/000_Sheet1.csv,1900077,124,Num,"Num 
5"
english:full,app_text01,text/common_message_dx11.mbe/000_Sheet1.csv,1900078,125,Num,"Num 
6"
english:full,app_text01,text/common_message_dx11.mbe/000_Sheet1.csv,1900079,126,Num,"Num 
7"
english:full,app_text01,text/common_message_dx11.mbe/000_Sheet1.csv,1900080,127,Num,"Num 
8"
english:full,app_text01,text/common_message_dx11.mbe/000_Sheet1.csv,1900081,128,Num,"Num 
9"
english:full,app_text01,text/common_message_dx11.mbe/000_Sheet1.csv,1900082,129,Num,"Num
0"
english:full,app_text01,text/common_message_dx11.mbe/000_Sheet1.csv,1900083,130,Num,"Num
/"
english:full,app_text01,text/common_message_dx11.mbe/000_Sheet1.csv,1900084,131,Num,"Num 
*"
english:full,app_text01,text/common_message_dx11.mbe/000_Sheet1.csv,1900085,132,Num,"Num
-"
english:full,app_text01,text/common_message_dx11.mbe/000_Sheet1.csv,1900086,133,Num,"Num 
+"
english:full,app_text01,text/common_message_dx11.mbe/000_Sheet1.csv,1900088,135,Num,"Num 
."
english:full,app_text01,text/common_message_dx11.mbe/000_Sheet1.csv,1900089,136,Ctrl,Ctrl.
english:full,app_text01,text/common_message_dx11.mbe/000_Sheet1.csv,1900090,137,Ctrl,.Ctrl
english:full,app_text01,text/common_message_dx11.mbe/000_Sheet1.csv,1900099,146,Alt,Alt.
english:full,app_text01,text/common_message_dx11.mbe/000_Sheet1.csv,1900100,147,Alt,.Alt
english:full,app_text01,text/common_message_dx11.mbe/000_Sheet1.csv,1901004,185,FXAA,FXAA
english:full,app_text01,text/common_message_dx11.mbe/000_Sheet1.csv,1901005,186,MSAA,MSAA
english:full,app_text01,text/common_message_dx11.mbe/000_Sheet1.csv,1901006,187,TAA,TAA
english:full,app_text01,text/common_message_dx11.mbe/000_Sheet1.csv,1901307,224,Debug,(Debug) 1720 x 720 (21:9)
english:full,app_text01,text/common_message_dx11.mbe/000_Sheet1.csv,1901319,236,"Debug, Deck, Simulation",(Debug) Steam Deck Simulation
english:mixed,app_text01,text/digimon_class_name.mbe/000_Sheet1.csv,1,3,XII,Олимп XII
english:mixed,app_text01,text/digimon_profile.mbe/000_Sheet1.csv,digimon_0019_profile,17,"DORU, Din","Воображаемый дигимон, рожденный из мечты
ДигиЯдра. Интерфейс на лбу Доругорамона
чудесным образом разблокировал творческую силу
его собственного ДигиЯдра, заставив его
эволюционировать в эту форму. Возможно,
потому что это ДигиЯдро уже содержало мощные
данные дракона, форма, которую оно выдумало,
была воплощением мощного разрушения и самого
воплощения «заклятого врага». Доругорамон
использует свое особый приём «Брэйв
Метал», чтобы обрушить ужасную атаку всей мощью
тела и души, и «DORU-Din», чтобы выпустить
разрушительную ударную волну."
machine:calque,app_text01,text/digimon_profile.mbe/000_Sheet1.csv,digimon_0026_profile,23,являет,"Грейдемон — дигимон-воин, известный как
«Золотой Метеор» из-за храброго способа,
которым он прорывается через авангард врага.
Он демонстрирует пылающую скорость, используя
«Близнецовый Клинок Короля Драконов» в
тандеме, но правда в том, что мечи несут
неудержимое проклятие, заставляющее владельца
впадать в берсерк. Хотя в целом не такой
мощный, считается, что мастерство Грейдемона в
владении мечом превосходит мастерство
ЛордНайтмона из Королевских Рыцарей. Синий
плащ, который носит Грейдемон, также является
знаком чести, пожалованным за его заслуги во
многих битвах. Его особый приём —
«Кросс Блейд», быстрая мечевая техника,
которая рассекает врага крестообразным узором."
machine:calque,app_text01,text/digimon_profile.mbe/000_Sheet1.csv,digimon_0028_profile,25,являет,"Мутантный дигимон, который действует как босс
Мамемонов, и иногда упоминается как
«Улыбающийся Бомбардир». Некоторые полагают,
что БигМамемон на самом деле является
агрегацией Мамемонов. Хотя обычные Мамемоны
примерно того же размера, что и дигимоны на
стадии Обучения, они обладают большей силой в
своих маленьких телах, чем кажется.
БигМамемон, с другой стороны, оправдывает свое
имя, будучи в десятки, если не в сотни раз
крупнее своих меньших собратьев. При таком
размере неясно, почему его все еще называют
«Мамемоном», названным за его малый рост. У
БигМамемона теплый, мягкий характер, и он не
любит конфликтов или битв. Его всегда можно
найти играющим со своими
последователями-Мамемонами. Его особый приём «Биг Смайли Бомбер» использует
подчиненных ему Мамемонов в качестве оружия.
Говорят, что БигМамемон уменьшается в размерах
после использования этой техники."
machine:calque,app_text01,text/digimon_profile.mbe/000_Sheet1.csv,digimon_0033_profile,29,являет,"Двуногий цератопсид-дигимон, напоминающий
трицератопса, со всей боевой мощью этого
могучего травоядного динозавра. Его шкура
является одной из самых прочных среди всех
биологических дигимонов. Аналогично, два
сверхтвердых рога на его лбу гораздо более
прочнее, чем рог Монокромона. Хотя обычно
спокойный по натуре, атака с разбегом
Трицерамона, несмотря на его медленные
движения, обладает достаточной разрушительной
силой, чтобы разбить даже прочные тела
минеральных дигимонов. Он использует свое
особый приём «Три-Хорн Атак», чтобы
врезаться во врагов рогами на лбу и морде."
machine:calque,app_text01,text/digimon_profile.mbe/000_Sheet1.csv,digimon_0035_profile,31,являет,"Бельзебмон — дигимон-Король Зла, который ценит
свою независимость, несмотря на способность
править многими дигимонами Злого вида. Один из
Семи Великих Демонических Лордов, Бельзебмон,
как говорят, способен стать главным Кошмарным
Солдатом, если пожелает, но также ходят слухи,
что есть другой дигимон-Король Зла, чья сила
превосходит даже Бельзебмона. Бельзебмон
всегда держит свои любимые дробовики
«Беренджена» близко под рукой и разъезжает на
своей гигантской мотоциклетной машине
«Бегемот». У него жестокий и безжалостный
характер, но из-за своей гордости он никогда
не появляется в группах и не нападает на
слабых. Его фирменное движение — «Даркнесс
Коготь», с помощью которого он поднимает свои
острые когти в воздух и затем рассекает своего
врага. Его особый приём «Дабл Импакт»
включает в себя двойные выстрелы из двух своих
дробовиков."
machine:calque,app_text01,text/digimon_profile.mbe/000_Sheet1.csv,digimon_0037_profile,33,являет,"Страх перед чрезмерной силой, находящейся в
распоряжении Левиамона, заработал ему прозвище
«Дьявольский Зверь», и он считается одним из
Семи Великих Демонических Лордов. Грандиозное
существо с пастью, достаточно большой, чтобы
проглотить весь Цифровой мир, как говорят,
спит в Сетевом Океане почти Темной Зоны. Если
разбужен, Левиамон смотрит свысока на любого
дигимона, находящегося у власти, заставляя
бежать в ужасе не только других
дигимонов-Королей Зла, но даже
дигимонов-Ангелов. Однако есть пределы тому,
что можно определить об этом дигимоне, и он
почти никогда не появляется. Он считается
первозданным злым существом, которое поселилось
в Цифровом Мире. Он может использовать свое
особый приём «Байтинг Краш», чтобы
уничтожить все на своем пути своими массивными
челюстями, или «Тейл Страйк», чтобы раздробить
врагов своим длинным хвостом."
machine:calque,app_text01,text/digimon_profile.mbe/000_Sheet1.csv,digimon_0039_profile,35,являет,"И божественный, и дьявольский, этот Ультимат
дигимон-Король Зла является сильнейшим из Семи
Великих Демонических Лордов. Лучемон: Режим
Хаоса спровоцировал восстание в древние
времена и был запечатан в Темной Зоне вместе
со многими другими дигимонами-Королями Зла.
Его сила превышает силу дигимонов Мега-уровня
настолько, что даже соперничает с сущностями,
называемыми «богами». Хотя у него есть
богоподобная сторона, которая лелеет все
живое, у него также есть демоническая сторона,
которая хочет уничтожить сам мир. Вот почему
он стремится разрушить этот мир и построить
новый вместо него. Его особый приём
«Парадайз Лост» запускает врага высоко в
воздух дикой очередью, прежде чем схватить его
за конечности и швырнуть о землю, в то время
как «Дед орайв Алайв» запечатывает врага
внутри трехмерного магического круга,
сделанного из святых и злых сфер. Те, кто
попал в этот магический круг, имеют шанс 50/50
быть либо полностью уничтоженными, либо
получить тяжелые повреждения."
machine:calque,app_text01,text/digimon_profile.mbe/000_Sheet1.csv,digimon_0042_profile,38,являет,"Дигимон-насекомое, связанный с загадочной
Королевской Базой, секретной плавающей медовой
базой. Хотя его повседневная жизнь может
отличаться от жизни других
дигимонов-насекомых, ФанБимон имеет веселый
нрав и является трудолюбивым работником
значительной силой. Он всегда ладит с
дигимонами-растениями, такими как Палмон или
Лилимон. Королевская База постоянно находится
в стадии строительства, и миссия Фанбимона
требует от него собирать полевые данные, такие
как цветы или растения, понемногу, в качестве
строительных материалов. Поэтому он
классифицируется как имеющий атрибут Вирус.
База также охраняется мощными дигимонами,
которые не позволяют никому приближаться,
поэтому цель строительства остается загадкой.
Особый приём ФанБимона — «Гир
Стингер», атака, которая выпускает быстрый
залп крошечных зазубренных жал."
machine:calque,app_text01,text/digimon_profile.mbe/000_Sheet1.csv,digimon_0045_profile,41,являет,"Божественный дигимон, который, как говорят,
является материализацией системы, управляющей
временем. Течение времени в Цифровом Мире
действительно расплывчато, и известно, что
некоторые конфликты между могущественными
дигимонами или катаклизмы вызывали нарушения
пространства-времени. Именно Хрономон
появляется в таких случаях, неся
ответственность за исправление
пространства-времени. Как только он совершает
такое восстановление, даже сам факт появления
Хрономона исчезает вместе с указанным
нарушением, поэтому никто никогда не видел
этого дигимона. Вот почему о его существовании
говорится лишь в немногих легендах.
Особые приёмы Хрономона — «Холи Флейр»,
взрыв святого пламени, который сжигает сами
существования тех, кто злонамеренно стремится
исказить пространство-время, и «Хронос Кроп»,
неблокируемая атака, при которой он
размахивает своими крыльями, как лезвиями,
рассекая своего врага из ткани времени и
пространства."
machine:calque,app_text01,text/digimon_profile.mbe/000_Sheet1.csv,digimon_0048_profile,44,являет,"Голдрамон — Святой Дракон-дигимон с шестью
затвердевшими крыльями и телом из сверкающего
золота. Поскольку он носит одно из Святых
Колец — символ Святых дигимонов — на своей
руке, считается, что он является
разновидностью Священного дигимона. Голдрамон
— один из Четырех Великих Драконов, и на его
руках он носит наручи с запечатанными в них
маленькими драконьими дигимонами: Амоном
Багрового Пламени, управляющим разрушением, на
левой, и Умоном Синей Молнии, управляющим
регенерацией, на правой. Особый приём
Голдрамона — «Год Флейм», которое включает
детонацию его Святой энергии, чтобы мгновенно
поразить врагов во всех направлениях."
machine:calque,app_text01,text/digimon_profile.mbe/000_Sheet1.csv,digimon_0068_profile,58,являет,"Этот зверь-дигимон является результатом
развития телосложения Гаомона и того, что
когти, которые когда-то защищались перчатками,
наконец как следует отросли. Хотя ГаоГамон
является четвероногим, его задние ноги
достаточно сильны, чтобы он мог стоять, как
медведь, пока атакует. ГаоГамон выпускает
свое особый приём «Спирал Блоу», чтобы
выдохнуть мощный вихрь ветра из своего рта за
один вдох."
english:mixed,app_text01,text/digimon_profile.mbe/000_Sheet1.csv,digimon_0075_profile,65,XII,"Один из Олимпос XII, Нептунемон — морской
бог-дигимон, который управляет всеми
дигимонами Водного вида. Чешуйчатая броня,
покрывающая его тело, представляет собой сплав
Хромдигизоида под названием Синий Дигизоид,
который облегчает мобильность и скорость,
позволяя ему двигаться с устрашающей скоростью
под водой. Его замок «Абисс Санктуари» был
построен в глубокой подводной впадине, и
только те, кто может выдержать давление воды
на крайний глубинах, могут войти. Его
особые приёмы включают «Вортекс
Пенетрайшн», которым он наносит удар своим
разумным копьем «Кингс Байт», и «Вейв оф
Дефс», которым он выпускает массивное цунами,
которое поглощает все на своем пути."
machine:calque,app_text01,text/digimon_profile.mbe/000_Sheet1.csv,digimon_0079_profile,69,являет,"Мутантный дигимон, который является ультимат
формой космического воина Стармона.
СуперСтармон дебютировал в ослепительном
костюме, уникально подходящем для его
собственных строгих стандартов. Поскольку он
суперзвезда, он пытается скрыть свою личность,
нося солнцезащитные очки, но это не очень
эффективная маскировка. Его особый приём — «Хейли Сторм», которое обрушивает
метеоры на его противника."
english:mixed,app_text01,text/digimon_profile.mbe/000_Sheet1.csv,digimon_0080_profile,70,XII,"Один из Олимпос XII, этот дигимон — гениальный
бог, хвастающийся величайшей скоростью в
Цифровом Мире. Непревзойденная скорость
Меркуримона не видна невооруженным глазом, и
поэтому любые его записи, как говорят,
являются его остаточными образами. Он ненавидит
оставаться на месте и всегда странствует по
Цифровому Миру, что делает его трудным
существом для встречи. Он использует свое
особый приём «Саузенд Фист», чтобы
приблизиться к врагу с почти мгновенной
скоростью, прежде чем обрушить невероятный
скорострельный залп. Меркуримон также является
искусный шаманом, позволяя ему
использовать «Спиричуал Энчантмент», рассекая
воздух своим любимым клинком «Ацтек» и
призывая демонов из другого измерения."
machine:calque,app_text01,text/digimon_profile.mbe/000_Sheet1.csv,digimon_0081_profile,71,являет,"Импмон — дигимон уровня Ребёнок, похожий на
дьяволенка. Он любит подшучивать, наслаждаясь
видом страданий своих жертв. Ходят слухи, что
всякий раз, когда появляется Импмон,
электроприборы ненадолго выходят из строя, так
что если ваш экран когда-нибудь трясется или
зависает, возможно, это Импмон шутит. Но
сколько бы Импмон ни радовался проказам и
злобе, он не из тех, кто покорно склонится
перед сильными. Вместо этого он храбрится и
противостоит им. В глубине души он на самом
деле довольно одинок. Фирменное движение
Импмона — «Саммон», которое призывает
элементалей огня и льда."
machine:calque,app_text01,text/digimon_profile.mbe/000_Sheet1.csv,digimon_0084_profile,74,являет,"Священный зверь-дигимон, который, как говорят,
является Древним, рожденным при зарождении
Цифрового мира. Чиринмон обладает силой,
подобной дигимону Мега уровня, несмотря на то,
что сам является Ультиматом. Будучи невероятно
могущественным, он глубоко презирает конфликты
и никогда не проявляет жестокости. Его
сострадательный характер заставляет его
относиться с любовью ко всем живым существам в
Цифровом Мире, но, с другой стороны, он не
колеблется наказать тех, кто предается
бессмысленному насилию. Используя свое
особый приём «Винд Каттер Сорд», он
пикирует в мгновение ока, чтобы пронзить врага
рогом на своей голове."
machine:calque,app_text01,text/digimon_profile.mbe/000_Sheet1.csv,digimon_0086_profile,76,являет,"Святой Рыцарь-дигимон и член Королевских
Рыцарей. Кентауросмон является исключением
среди в основном гуманоидных дигимонов
Королевских Рыцарей, обладая нетипичной
звериной формой. Оборонительная сила брони из
Красного Дигизоида, покрывающая его тело, делает
нанесение урона этому дигимону непростой
задачей даже для дигимонов Мега уровня. Шесть
ног обеспечивают Кентауросмону превосходную
мобильность, позволяя мгновенно перемещаться,
несмотря на его крупные размеры. Он использует
свое особый приём «Бифрост», чтобы
выстрелить ослепительной стрелой света из
святого арбалета «Муспеллсхеймр» на своей
левой руке, или «Одинс Бреф», чтобы
контролировать погоду, генерируя криогенную
метель с помощью святого щита «Нифльхеймр» на
своей правой руке."
machine:calque,app_text01,text/digimon_profile.mbe/000_Sheet1.csv,digimon_0093_profile,82,являет,"Дигимон-Темный Ангел, облаченный в одеяние
цвета воронова крыла. Дэвимон когда-то был
сияющим дигимоном вида Анджемон, но стал
Темным Ангелом, когда пал в искаженное
пространство Цифрового мира, известное как
Темная Зона. Выдающаяся Метка Зла на его груди
является доказательство этого. Хотя у него коварный и
злобный характер, Дэвимон также чрезвычайно
умен. Говорят, что любой, кто посмотрит в его
светящиеся красные глаза, становится жертвой
его контроля над разумом и подчиняется его
прихотям. Особый приём Дэвимона — «Дез
Коготь», которое использует его две выдвижные
руки, чтобы пронзить противника."
machine:calque,app_text01,text/digimon_profile.mbe/000_Sheet1.csv,digimon_0101_profile,89,являет,"Высший Ангел-дигимон с восемью сияющими
серебряными крыльями. МагнаАнджемон служит
маршалом Цифрового мира, наблюдая и
контролируя многих дигимонов-Ангелов внутри.
Более того, он является рупором Сущности
Света, которая пытается сохранить порядок в
Цифровом Мире. Хотя МагнаАнджемон обычно
принимает форму священника, когда Цифровой мир
окутан Сущностью Тьмы, он меняется в свой
Боевой Режим, чтобы поразить зло. В этом
Боевом Режиме МагнаАнджемон отправляет
противника в забвение с помощью Лучевого Щита
на своей левой руке и святого меча Экскалибур,
установленного на его правой руке. Особый приём МагнаАнджмона — «Хевенс Гейт»,
которое он использует, чтобы открыть дверь в
безвыходное карманное измерение, отправляя
своего врага в забвение."
machine:calque,app_text01,text/digimon_profile.mbe/000_Sheet1.csv,digimon_0102_profile,90,являет,"Дигимон-мастер боевых искусств, обнаруженный в
глубинке горной провинции Китая. Туруйемон
странствовал по миру в погоне за своими
давними врагами — вирусами, которые используют
электронную почту для злонамеренных целей. Он
благословлен исключительный потенциалом как
мастер боевых искусств, хотя его навыки еще не
развиты. Туруйемон является практиком Тогекен,
боевого стиля его собственного создания. Его
особый приём — «Гонтлет Коготь»,
которое включает серию ударов, наносимых
Железными Когтями с Кроличьими Рогами на обеих
руках. Эта комбо-атака использует кроличью
ловкость и мощные высокие прыжки."
machine:calque,app_text01,text/digimon_profile.mbe/000_Sheet1.csv,digimon_0103_profile,91,являет,"Ракообразный дигимон, который прикрепил к
своему телу металлические данные, растворенные
в Сетевом Океане, резко увеличив свою
боевую способность. Крабмон атакует
гигантскими лезвиями на своей левой клешне и
мощной хваткой правой клешни. Для защиты он
полагается на свой колючий панцирь, чтобы
повредить атакующих, и совершенно самоуверен в
бою. Крабмон полностью осознаёт слабые места своих
суставов и брюха и поэтому редко оставляет их
открытыми. Он наслаждается ловушками для своих
противников и является несколько проказником.
Особый приём Крабмона — «Си?ззорс
Экзекьюшн», которое запускает его острую левую
клешню прямо в глотку противника."
english:mixed,app_text01,text/digimon_profile.mbe/000_Sheet1.csv,digimon_0104_profile,92,"ARMS, ZERO","Сусаноомон известен в восточном фольклоре как
ультиматный бог разрушения и правитель
регенерации. Говорят, что он появляется, когда
в Сети возникают аномалии, аннулируя
существующую систему и строя новую на ее
месте. Особые приёмы Сусаноомона — «Ама
но Хабакири», которое рассекает все и вся под
небом лезвием света, выпущенным из его
ZERO-ARMS: Ороти, и «Якуса но Икадзути»,
ультиматная техника, с помощью которой он
направляет свой ZERO-ARMS: Ороти, лезвие
света, к небесам, превращая лезвие в
разрушительную молнию, которая затем
обрушивается на мир."
machine:calque,app_text01,text/digimon_profile.mbe/000_Sheet1.csv,digimon_0105_profile,93,являются,"Скрытая форма Галлантмона, облаченная в
сияющую багровую броню. Галлантмон: Багровый
Режим выпускает свою полную мощность, нагревая
свои бронированные части до красного каления.
В результате он не может оставаться в Багровом
Режиме долго. Грудь Галлантмона: Багровый
Режим содержит ДигиЯдро с запечатанной в нем
Цифровой Угрозой, которое заставляет
энергетические крылья излучаться из его спины,
когда он высвобождает силу в своем теле. Он
владеет копьем света «Гунгнир» и мечом света
«Блутганг», которые являются энергетическим
оружием без формы. Его особый приём
«Инвинсибл Сорд» рассекает врага Блутгангом, а
«Кво Вадис» разрывает врагов на атомном уровне
Гунгниром, прежде чем отправить их в другое
измерение."
machine:calque,app_text01,text/digimon_profile.mbe/000_Sheet1.csv,digimon_0114_profile,99,являет,"Новый тип дигимона, обнаруженный только
недавно. Виимон — выживший представитель вида,
который когда-то процветал на заре Цифрового
Мира. Это позволяет ему использовать Диги-Яйца
для выполнения типа псевдо-эволюции,
известного как броневая эволюция. Из всех
своих сверстников Виимон является одним из
лучших Боевых Видов. Он обладает скрытой силой
и использует броневую эволюцию, чтобы
проявить свои взрывные способности. Хотя по
натуре проказник и шутник, у Виимона также
сильное чувство справедливости. Его
особый приём — «Виимон Хедбатт»,
которое сбивает врагов с ног мощным ударом
макушкой головы."
machine:calque,app_text01,text/digimon_profile.mbe/000_Sheet1.csv,digimon_0116_profile,101,являются,"СэйвиорХакмон — дигимон, который много
путешествовал. После повторяющихся встреч и
расставаний с другими дигимонами и пережив
бесчисленные сцены резни, он наконец
эволюционировал в эту форму. СэйвиорХакмон
продолжает участвовать в бесконечных битвах,
которые происходят по всему Цифровому Миру,
стремясь положить конец этим враждам и помочь
местным дигимонам, пострадавшим от конфликтов.
СэйвиорХакмон ходит на двух ногах, несмотря на
то, что обе они являются лезвиями, и теперь,
когда его руки и хвост также выпустили
багровые лезвия, его стиль атаки стал более
наступательным. Кристалл в его груди служит
физическим доказательством его неутомимых
усилий стать сильнее. Особый приём
СэйвиорХакмона «Трайдент Сэйбер» использует
багровые лезвия на его руках и хвосте, чтобы
безжалостно рассекать врагов, даже тех, кто
покрыт Хромдигизоидом."
machine:calque,app_text01,text/digimon_profile.mbe/000_Sheet1.csv,digimon_0140_profile,117,являет,"Дигимон-зверочеловек, эволюционировавший из
Гарурумона и теперь способный ходить на двух
ногах. Становление двуногим уменьшило скорость
ВереГарурумона, но превратило его в дигимона
типа Коммандос с улучшенной наступательной и
оборонительной мощью, а также склонностью к
тактике. Сохраняя силу ног Гарурумона, его
пинки чрезвычайно мощны, а его прыгучесть
является одной из лучших в мире дигимонов.
ВереГарурумон также чрезвычайно предан и сделает
все, если приказано его хозяином, что делает
его очень надежным. Его особый приём
— «Вулф Коготь», которое разрывает противников
на клочья его острыми когтями."
machine:calque,app_text01,text/digimon_profile.mbe/000_Sheet1.csv,digimon_0147_profile,123,являет,"Бронесвященный зверь-дигимон,
эволюционировавший с Диги-Яйцом Света.
Диги-Яйцо Света имеет атрибут Света, позволяя
тем, кто его экипирует, очищать тьму сияющей
силой. Хотя Гатомон не является потомком
древнего вида дигимонов, он способен на
броневую эволюцию в Нефертимона, пробуждая
спящую особую способность в составе своих
данных. Его особый приём — «Розетта
Стоун», которое призывает огромную каменную
табличку с выгравированными древними надписями
ДигиКода для атаки врагов."
machine:calque,app_text01,text/digimon_profile.mbe/000_Sheet1.csv,digimon_0149_profile,125,являет,"Огромный Темный Дракон-дигимон с восемью
головами. Однако семь из них — подделки, и
только черная в центре на самом деле является
частью его тела. Происхождение Орочимона берет начало
назад к давним временам, когда он сеял хаос в
Древнем Цифровом Мире. Его сила была такова,
что он довел целый регион до грани разрушения,
пока не был запечатан слугой существа,
стремящегося сохранить гармонию в Цифровом
Мире. Особый приём Орочимона — «Амэ но
Муракумо», которое превращает конец его хвоста
в острое лезвие, чтобы разрывать его врагов."
machine:calque,app_text01,text/digimon_profile.mbe/000_Sheet1.csv,digimon_0150_profile,126,являет,"Более темная сторона Галлантмона, в которой
его природа как дигимона-Вируса вышла на
передний план. Разум и дух ХосГаллантмона были
полностью развращены, превратив его не более
чем в «Цифровую Угрозу», стремящуюся принести
разрушение в Цифровой мир. ХосГаллантмон орудует
демоническое копье «Бальмунг» в правой руке, в
то время как несет демонический щит «Горгон» в
левой. Во всех отношениях он является
антитезой Галлантмона. Особые приёмы
ХосГаллантмона — «Демоник Дизастер», которое
делает серию мощных выпадов своим демоническим
копьем, и «Джудекка Призон», которое выпускает
волну разъедающей темной энергии из своего
демонического щита."
english:mixed,app_text01,text/digimon_profile.mbe/000_Sheet1.csv,digimon_0168_profile,130,XII,"Член Олимпос XII, бог, председательствующий на
небесах, и дигимон, управляющий громом и
погодой. Юпитермон всегда судит добро и зло на
поле боя, верша божественное наказание над
нечестивыми. Такой суд совершается равнодушно,
без эмоций. Те, кто не согласен с решением
Юпитермона, могут бросить ему вызов и отменить
приговор в случае победы, но на данный момент
никто никогда не совершал этот подвиг. Он
может хлопнуть молотами на обеих руках вместе,
чтобы призвать маленькие грозовые тучи. Он
использует «Паниш Джадж», чтобы ударить
противника своим молотом, выгравировать метку
на его теле и отложить его наказание. Когда
Юпитермон решает привести говорят наказание в
исполнение, приговор приводится в исполнение
ударом по тому врагу чрезвычайно высоковольтной
молнией. Он использует свое ультиматное
особый приём «Вайд Пласмент», чтобы
изменить свое тело на сверхвысоковольтную
плазму. Это наносит божественное наказание на
область вокруг Юпитермона, распадающийся любого
и все, к чему он прикасается."
english:mixed,app_text01,text/digimon_profile.mbe/000_Sheet1.csv,digimon_0170_profile,132,XII,"Партнер Юпитермона и одна из Олимпос XII.
На поле боя Юномон выступает любящей
защитницей Юпитермона: она постоянно
предсказывает, обнаруживает и уничтожает
мятежников, осмелившихся противиться его
воле. Похоже, благодаря невероятно нежному
характеру и глубокой любви к Юпитермону она
прекрасно знает все его привычки. Особые
приемы Юномон - «Нидл Хайв», пронзающий
врагов катарами на ее руках, и «Грейсфул
Ланс», при котором разумные копья атакуют
врагов вокруг нее."
english:mixed,app_text01,text/digimon_profile.mbe/000_Sheet1.csv,digimon_0172_profile,134,XII,"Этот сострадательный дигимон управляет силой
любви и является одной из Олимпос XII. Даже на
самых бесплодных пустошах, куда бы Венусмон ни
пошла, прекрасный цветы расцветают, и земля
вокруг нее обновляется юной энергией. Многие
дигимоны поклоняются Венусмон из-за ее красоты
и чистоты. Надевая повязку на глаза, она
способна воспринимать мир таким, какой он
есть, своим мысленным взором, видя сквозь
любую ложь или обман. Сокрытие ее глаз также
подавляет ее ауру очарование, удваиваясь как акт
внимательности и уменьшая количество
дигимонов, которые в противном случае падали
бы в обморок в ее облик. У Венусмон есть
два маленьких, но постоянных спутника, птица
Олив и гребешок Хотан, и трое друзей
поддерживают открытый и оживленный разговор.
Поскольку Венусмон — дигимон, управляющий
любовью, каждое ее действие в бою успокаивает
сердца ее противников. С помощью «ЛАВ Ю» она
может заставить врага потерять сознание,
послав ему воздушный поцелуй и заставив его
сердце пропустить удар. Если ее птица Олив
клюнет врага по голове, он попадает под чары
«Пис Фантазия», которые могут успокоить сердце
даже самого свирепого зверя."
english:mixed,app_text01,text/digimon_profile.mbe/000_Sheet1.csv,digimon_0173_profile,135,XII,"Одна из Олимпос XII и Божественный дигимон,
обладающий энергией пламени, эквивалент самой
силе солнца. Эта впечатляющий сила, способная
расплавить и очистить любое вещество, такова,
что даже Аполломон — со всем его интенсивный пылом
и гордостью — едва может ее сдерживать.
Особые приёмы Аполломона — «Сол
Бластер», которое выпускает ослепительный
солнечный шар, сформированный из сферы пламени
на его спине, и «Фебус Блоу», которое
концентрирует всю его скрытую силу в один
удар."
english:mixed,app_text01,text/digimon_profile.mbe/000_Sheet1.csv,digimon_0174_profile,136,XII,"Этот бог войны-дигимон, напоминающий
человека-леопарда, является одной из
загадочных Олимпос XII, которые обладают
способностями, соперничающими даже с Королевскими
Рыцарей, божеств-хранителей Сети. Каждая из
Олимпос XII защищает свой собственный регион,
действуя в тени и сохраняя нейтральную позицию
во время инцидентов в Цифровом Мире. Марсмон
хорошо понимает все виды рукопашных техник в
мире — включая навыки, использующие нечестную
игру — и обладает абсолютной уверенностью в
любом бою один на один против подобных себе.
Он полагается в основном на приемы рестлинга,
но его сосредоточенность на победе и славу означает, что
он будет выхватывать скрытое оружие, такое как
его «Трая Наклз» или «Метал Котурнус», когда
оказывается в затруднительном положении. И всё же, Марсмон проявляет свою истинную силу,
когда сражается голыми руками и ногами. Его
особый приём «Корона Сэнкшнс» — это
славный техника убийства в воздухе, которая
облачает Марсмон в пламя."
english:mixed,app_text01,text/digimon_profile.mbe/000_Sheet1.csv,digimon_0176_profile,137,XII,"Одна из Олимпос XII, Цересмон — гигантская
птица-дигимон, несущая на спине лес Карпос
Хуле, славившийся своими плодами, известными
как самый сладкий деликатес в Цифровом Мире. С
телом, состоящим из гигантских скал и
плодородной почвы, Цересмон в полете больше
всего напоминает плавучий остров. Цересмон
Медиум, который является истинной формой
Цересмон, находится во главе острова. Цересмон
Медиум обладает почти никакой боевой
способностью и редко появляется перед другими.
Однако в редких случаях он, по-видимому,
показывает себя тем, кому доверяет, не приводя
с собой гигантскую птицу. Цересмон Медиум
обладает мягким характером и сердцем,
переполненным состраданием. Он предлагает
голодным дигимонам фрукты из Карпос Хуле и
позволяет раненым дигимонам укрыться в лесу,
пока они не восстановятся. Однако, если кто-то
окажется неблагодарным за щедрость природы,
нанесет вред деревьям или осквернит землю ради
забавы, природа Цересмон Медиума меняется, и
он становится по-настоящему ужасным лесным демоном.
Особый приём Цересмон — «Айленд
Фрифол», которым оно врезается своим массивным
телом прямо во врага, посылая мощные толчки и
яростные ветры, бурлящий на широкой область вокруг
места падения. Цересмон также имеет «Бернинг
Блад Шелл», которое выстреливает огромный,
обжигающий шар магмы из его рта."
english:mixed,app_text01,text/digimon_profile.mbe/000_Sheet1.csv,digimon_0178_profile,139,XII,"Этот бог-кузнец дигимонов является одним из
Олимпос XII. Вулканусмон ответственен за
создание большинства известнейшего оружия
Цифрового мира, включая печально известные
любимые дробовики Бельзебмона «Беренджена».
Вулканусмон обладает духом истинного мастера,
наряду с упрямым характером. Он оценивает всех
своих клиентов, и если считает, что они не
смогут освоить или не будут ценить оружие,
которое они запросили, он отказывает им. Даже
когда Вулканусмон соглашается сделать оружие,
он соотносит качество своей работы со своим
впечатлением о владельце. Тем не менее,
Вулканусмон был настолько впечатлен силой
Бельзебмона, что усердно трудился, чтобы
создать исключительное оружие, когда создавал
Беренджену. Вулканусмон предпочитает, чтобы
его оставили в покое, работая своими восемью
руками, но также может использовать свое
мастерство как ремесленника в бою. Своим
специальным движением «Пинпоинт Уэпон Воркс»
он мастерски использует свой огненный
сварочный аппарат «Бомбер Арт», чтобы
мгновенно создать идеальное оружие для любой
боевой ситуации. Когда он действительно хочет
выложиться по полной, он использует
«Эпроприэйт Воркс», который многократно
использует «Пинпоинт Уэпон Воркс», чтобы
выковать оружие для каждой из своих восьми
рук. Несмотря на все это, собственная боевая
способность Вулканусмона не особенно
высока, и он предпочитает избегать боя
когда бы ни возможно."
english:mixed,app_text01,text/digimon_profile.mbe/000_Sheet1.csv,digimon_0179_profile,140,XII,"Одна из Олимпос XII, этот дигимон хвастается,
что он самый тяжелый пьяница Цифрового мира.
Бахусмон имеет веселый нрав и хорошо подходит
для заботы о других. Днем или ночью, он всегда
стремится собрать вместе дигимонов уровня
Ребёнок и Чемпион, чтобы устроить вечеринку.
Бахусмон обладает способностью производить
любую форму алкоголя внутри своего тела, и
если ему понравится другой дигимон на одной из
этих вечеринок, известно, что он предложит ему
напиток по его выбору. Сам Бахусмон имеет вкус
к фруктовым винам, его любимый сорт
производится из ферментированных фруктов
Карпос Хуле, леса, который несет на спине
Цересмон. Всякий раз, когда у Бахусмона есть
свободная минута, он умоляет Цересмон сделать
ему немного фруктового вина. Из-за этого пара
находится в очень хороших отношениях, и их
часто видят вместе. Особый приём
Бахусмона — «Кук оф зе Абисс», которым он
обхватывает врага руками, изменяет его
композиционные данные на подходящую закуску и
затем съедает его. Бахусмон также имеет «Парти
оф зе Хевенс», которым он производит форму
алкоголя, содержащего яды, которые могут
вызывать сонливость и паралич, а затем
обстреливает врагов этим зельем, чтобы
ошеломить их. Более того, данные яда, которые
он производит, являются одним из предметов
исследования Команды Раскола. Существует ряд
надежный слухов, которые предполагают, что
данные яда Бахусмона связаны с разработкой
бактериологического оружия и планов громких
убийств."
english:mixed,app_text01,text/digimon_profile.mbe/000_Sheet1.csv,digimon_0180_profile,141,XII,"Дигимон, который правит царством мертвых и
использует страх и насилие, чтобы
терроризировать злодеев. Плутомон, окутанный
глубокой тенью, крадется по земле в поисках
злодеев и преступников, которые заслуживают
быть отправленными в царство мертвых. Плутомон
наслаждается, пережевывая злодеев своими
пастями, заполненными рядами острых клыков, и
издает зловещий стрекочущий звук, выслеживая
свою добычу. Сочетание этого и его грозной
внешности пугает даже хороших дигимонов. Все
способности Плутомона обладают тревожной
силой, чтобы швырять злодеев вниз, в царство
мертвых. В одном из этих движений, «Хеллз
Гейт», из тьмы появляется гигантская пасть и
проглатывает врагов целиком, и их данные
разбираются на лоскуты. Ход «Хаггард Кластер»
заставляет клыки на его груди выпустить тьму,
которая поглощает и испаряет любое вещество на
своем пути. Плутомон разделяет цель наказания
зла с Юпитермоном из Олимпос XII. Однако между
ними существует давняя вражда, потому что
Юпитермон не одобряет жестоких методов
Плутомона."
english:mixed,app_text01,text/digimon_profile.mbe/000_Sheet1.csv,digimon_0181_profile,142,XII,"Божественный дигимон и член Олимпос XII,
напоминающий женщину. Мервамон — это форма
Миневрамона, которая накопила опыт и
достижения с течением времени, и у нее гораздо
более спокойный и зрелый характер по сравнению
с ее предыдущей формой. Она стала стремиться к
элегантности и очарованию — наблюдаемому в
изобилии как в ее манерах, так и в поведении —
и излучает чувственность в свое окружение. Она
даже ищет очарование в битве, исполняя
утонченный, грациозный танец, чтобы очаровать
тех, кто на него смотрит. Вот почему более чем
несколько дигимонов становятся поклонниками
Мервамон, наблюдая этот танец. «Любовный Яд»,
распыляемый из рта Меддулии на ее левой руке,
очаровывает любого, кто его вдохнет, позволяя
Мервамон выжать из них жизнь. «Маднесс
Мерри-Го-Раунд DX» — это вращающийся удар ее
большим мечом «Олимпия Кай» и Меддулией,
создающий торнадо, который мгновенно разрывает
на части любого врага, которого он коснется."
machine:calque,app_text01,text/digimon_profile.mbe/000_Sheet1.csv,digimon_0184_profile,144,являет,"Божественный дигимон, синтезирующий
способности различных видов, использующий
человеческое тело в качестве основы. Говорят,
что этот синтез стал результатом погоня
ультиматной цели всемогущества, резко
изменив форму этого дигимона, чтобы
соответствовать его окружающей среде. Эта
форма основана на данных вида Драконов,
которые обычно оставались бы спящими в его теле,
сконцентрированные вокруг кристалла в его
груди, но Эгиохусмон проявил эти данные на
поверхность своего тела, установив их как
броню. Эта броня является силовым костюмом,
который не только для защиты, но и действует
как мышцы, резко увеличивая силу атаки.
Эгиохусмон использует свое особый приём «Болт Брейк Наокдаун», чтобы
выполнить серию ударов кулаками, обвитыми
молнией, произведенной из его рога, или
«Лайтнинг Пайл», чтобы обрушить сверху на
врага сваеобразную молнию, вбивая его в землю.
Если этот ход пронзит врага один раз,
последующие выпущенные сваи затем соединяются
без провалиться, независимо от того, куда их бросили."
machine:calque,app_text01,text/digimon_profile.mbe/000_Sheet1.csv,digimon_0189_profile,149,являет,"Цересмон Медиум, истинная форма Цересмон,
находится во главе острова на спине Цересмон.
Цересмон Медиум обладает почти никакой боевой
способностью и редко появляется перед другими.
Однако в редких случаях он, по-видимому,
показывает себя тем, кому доверяет, не приводя
с собой гигантскую птицу. Цересмон Медиум
обладает мягким характером и сердцем,
переполненным состраданием. Он предлагает
голодным дигимонам фрукты из Карпос Хуле и
позволяет раненым дигимонам укрыться в лесу,
пока они не восстановятся. Однако, если кто-то
окажется неблагодарным за щедрость природы,
нанесет вред деревьям или осквернит землю ради
забавы, природа Цересмон Медиума меняется, и
он становится по-настоящему ужасным лесным демоном."
machine:calque,app_text01,text/digimon_profile.mbe/000_Sheet1.csv,digimon_0192_profile,152,являет,"Зверь-Дракон-дигимон, который свободно парит в
небесах, облаченный в броню из элегантно
мерцающей чешуи. Форма Хисярюмона является
результатом того, что интерфейс на его лбу
разблокировал данные, дремавшие в его
ДигиЯдре о драконах и генералах — наполненных
свирепый боевыми инстинктами — из японских
мифов. Сферы, которые он сжимает, — это души
его потерянных товарищей. Сфера в правой руке
Хисярюмона — это душа Кинрю, а сфера в его
левой руке — душа Какурю. Говорят, что в
каждой сфере скрыты данные ДигиЯдра.
Особый приём Хисярюмона — «Легендари
Драгон Блейд», которое превращает его в
гигантский стальной клинок, чтобы рассечь
врага пополам одним ударом."
machine:calque,app_text01,text/digimon_profile.mbe/000_Sheet1.csv,digimon_0194_profile,154,являет,"Крупный дигимон, оснащенный внушительным
арсеналом огнестрельного оружия. Многие
дигимоны называют Гандрамона одним из «Трех
Мушкетеров» наряду с МагнаКидмоном и
БильСтармон из-за их очень развитой меткости.
Он также является членом Команды Раскола и
подходит для боя, как и Машиндрамон. Будучи
быстрее Машиндрамона, Гандрамон обладает всей
необходимой мобильностью, чтобы быстро занять
огневую позицию. Едкий запах пороха пропитал
каждый кусочек его полностью металлического
тела, что подходит для такого горький и крутого
дигимона. Особые приёмы Гандрамона —
«Дер Блиц», который стреляет по жизненно
важным органам противника из двух
шестизарядных револьверов в его руках, и
«Гевальт Швермер», который выпускает залп во
всех направлениях."
machine:calque,app_text01,text/digimon_profile.mbe/000_Sheet1.csv,digimon_0197_profile,157,являет,"Гигантская птица-дигимон, облаченная в золотые
доспехи. Броня покрывает все тело Иггломона и
сделана из Хромдигизоида, позволяя ему
отражать любую атаку. Хотя его происхождение
неясно, некоторые предполагают, что Иггломон
является эволюцией Пэрротмона, дигимона
Ультимат уровня. Говорят, что долг Иггломона —
уничтожать любые инопланетные элементы,
вторгающиеся в Цифровой мир. Он использует
свое особый приём «Кайзер Феникс»,
чтобы врезаться во врага своим
цельнометаллическим телом, или «Мистик Брейк»,
чтобы выстрелить белым лучом, который
превращает врага в пепел."
machine:calque,app_text01,text/digimon_profile.mbe/000_Sheet1.csv,digimon_0208_profile,160,являет,"Дракомон — дракон-дигимон древней кровной
линии, которая, как говорят, восходит к
прародителю всех дигимонов вида Драмон. Он
обладает физическими способностями, которые
трудно даже представить, учитывая его
небольшой размер, его скорость и сила входят в
число самых лучших среди всех дигимонов уровня
Ребёнок. Хотя по натуре он чрезвычайно свиреп, у
него также есть более мягкая сторона, которую
он показывает только тем, кого считает
достойным своего доверия. Несмотря на наличие
крыльев, они не полностью развиты, поэтому
Дракомон не способен летать. Одной из его
других определяющих характеристик является его
стремление собирать «блестящие вещи», и у него
странная привязанность к драгоценным камням и
определенным типам металла. Если ему
особенно нравится какой-то блестящий
объект, он съест его. Его особый приём
— «Бейби Бреф», которое он использует, чтобы
выдохнуть поток горячего воздуха."
machine:calque,app_text01,text/digimon_profile.mbe/000_Sheet1.csv,digimon_0227_profile,176,являет,"Дигимон-волшебник уровня Мега со зловещим
золотым блеском. Как говорят,
эволюционировавший из дигимона вида Мумия,
Фараомон правил многими областями Древнего
Цифрового мира с абсолютной властью. Он
контролировал многих дигимонов во время
зарождение Цифрового мира, и тот факт, что
Фараомон смог построить загадочные древние
руины, разбросанные вокруг Цифрового мира, за
несколько дней, является доказательство того
господства. Он использует свое особый приём «Некромист», чтобы украсть волю
враждебных дигимонов, а затем выпускает газ
страха, который постепенно высушивает их
плоть. Те, кто поддается этой атаке,
сталкиваются с одной из двух судеб: полное
приглашение в мир мертвых или служба под
началом Фараомона в качестве нежити."
english:mixed,app_text01,text/digimon_profile.mbe/000_Sheet1.csv,digimon_0231_profile,180,REM,"Дигимон, напоминающий «баку», существо в
японском фольклоре, которое ест сны.
Считается, что он рожден из медицинского
компьютера, который отслеживает мозговые
волны, Тапирмон, по-видимому, питается данными
REM-сна человека. В последнем раунде
исследований также было обнаружено, что он
обладает способностью стирать кошмары и
компьютерные вирусы. Поскольку он также может
возвращать эти кошмары и вирусы в безвредное
состояние, считается, что он является Святым
дигимоном. Святое Кольцо, которое он носит на
одной из своих передних ног, кажется вероятно,
связано как с его особыми способностями, так и
со Святой природой. Особый приём
Тапирмона — «Найтмер Синдром», которое
выпускает все поглощенные им кошмары сразу,
чтобы ужаснуть его противников. Это то же
особый приём, что и у дигимона уровня
Совершенный, Дигитамамона, но то, как они
могут быть связаны, остается загадкой."
machine:calque,app_text01,text/digimon_profile.mbe/000_Sheet1.csv,digimon_0240_profile,187,являются,"Моллюск-дигимон, обнаруженный в вирусе,
который злонамеренный хакер использовал,
пытаясь обрушить компьютер соперника. Октомон
— навязчивый коллекционер, демонстрирующий
когти на концах своих щупалец, которые он
получил от данных Дэвидрамона, и покрывая себя
Диги-Сокровищами, которые он собрал со дна
Сетевого Океана. Многие Фудзицумоны, которые
являются маленьким типом ракушечных дигимонов,
прикрепились к горшку, который Октомон носит
на своей голове. У этих Фудзицумонов очень
развиты чувства, и считается, что они являются
частью симбиотических отношений с Октомоном,
предупреждая его, когда они чувствуют
опасность. Особый приём Октомона,
«Спёртинг Инк», выпускает взрыв
очень ядовитых чернил."
machine:calque,app_text01,text/digimon_profile.mbe/000_Sheet1.csv,digimon_0301_profile,190,являет,"Мегадрамон — Черный Дракон-дигимон, который,
как говорят, обладает величайшей и самой
ужасной силой из всех Драконьих
Андроид-дигимонов Ультимат уровня. Он был
искусственно модифицирован неизвестным лицом,
который запрограммировал его уничтожать всё.
Он практически является живым воплощением
компьютерного вируса. Способный с легкостью
взламывать высокозащищенные компьютерные сети,
Мегадрамон затем без усилий модифицирует или
уничтожает хост-компьютер. Его особый приём «Эрадикейшн Атак» выпускает
бесчисленные органические ракеты из его рук."
machine:calque,app_text01,text/digimon_profile.mbe/000_Sheet1.csv,digimon_0302_profile,191,являет,"Андроид-дигимон, у которого более половины
тела механизировано. МеталГреймон с Файл
Айленд смог резко продлить свое
жизненное функционирование с помощью
самомодификации, но его биологические части не
выдержали нагрузки и посинели. Напротив, этот
МеталГреймон Ультимат уровня является успешной
эволюцией от Греймона и является чрезвычайно
мощным Андроид-дигимоном. Сила атаки
МеталГреймона, как говорят, мощна, как ядерная
боеголовка, способная полностью уничтожить
дигимонов более низкого уровня. Его
особый приём «Гига Дэстройер» — это
атака, которая запускает бионические ракеты из
люка, открывающегося в его груди."
machine:calque,app_text01,text/digimon_profile.mbe/000_Sheet1.csv,digimon_0305_profile,194,являет,"эволюция Кабутеримона, обнаруженная в
тропической области Сети. Примерно в 1,5 раза
более крупного Кабутеримона, АтлаКабутеримон довольно
велик для дигимона-насекомого. Он резко
увеличил мощность своего рога, который
является основным оружием вида, а также
нарастил мышцы у оснований передних
конечностей, улучшив свои способности в
рукопашном бою. АтлаКабутеримон известен своим
рыцарским характером и хорошо известен защитой
более слабых существ. Его особый приём
— «Хорн Бастер», которым АтлаКабутеримон
пронзает противников своим гигантским рогом."
machine:calque,app_text01,text/digimon_profile.mbe/000_Sheet1.csv,digimon_0309_profile,198,являет,"Птица-Человек-дигимон с большими когтями и
крыльями, которые позволяют ему свободно
летать по небу. Гарудамон ценит порядок и
справедливость превыше всего, а также известен
как любящий природу Хранитель Ветра и Земли.
Даже среди птичьих дигимонов, Гарудамона
почитают как дигимона, в которого лишь
немногие избранные, очень интеллектуальные,
боевой искусные, могут эволюционировать.
Всякий раз, когда Цифровой мир в хаосе,
говорят, что появляется Гарудамон, устраняя
источник беспорядка и направляя все обратно к
более мирному курсу. Гарудамон также близкий
друг героя Леомона, который обладает тем же
духом. Особый приём Гарудамона —
«Шэдоу Винг», которым он посылает вакуумное
лезвие с невероятной скоростью, чтобы
разрезать противников на клочья."
machine:calque,app_text01,text/digimon_profile.mbe/000_Sheet1.csv,digimon_0310_profile,199,являет,"Святой дигимон с четырьмя сверкающими золотыми
крыльями. Лидер всех птичьих дигимонов,
Хоуоумон, как говорят, правит всеми
Священными дигимонами. Так же, как Магнадрамон
является ультиматным Зверем-дигимоном,
Хоуоумон является ультиматным Птичьим
дигимоном. Поскольку у него не одно, а два
Святых Кольца, которые выводят святую силу и
служат для идентификации Святых дигимонов,
Хоуоумон, очевидно, обладает неизмеримой
силой. Особый приём Хоуоумона —
«Старлайт Эксплоужн», которым он взмахивает
своими четырьмя божественными крыльями, чтобы
обрушить золотые частицы света. Говорят, что
все, пораженное этой атакой, очищается от
всего зла."
machine:calque,app_text01,text/digimon_profile.mbe/000_Sheet1.csv,digimon_0316_profile,205,являет,"Слизь-дигимон, полностью покрытый твердым
материалом под названием Мифриловые Волосы.
Додомон проявляет агрессивную натуру прямо с
рождения, и даже хотя его клыки еще не
отросли, он любит угрожать врагам, широко
открываясь и притворяясь, что кусает их. Из-за
такого поведения этих дигимонов часто
уничтожают другие, что делает Додомона довольно
редким. Когда враг приближается, Додомон
атакует, выстреливая «Литл Айрон Бидс» изо
рта."
machine:calque,app_text01,text/digimon_profile.mbe/000_Sheet1.csv,digimon_0328_profile,212,являет,"Загадочный дигимон, который появился, когда
негативные мысли были накоплены силой тьмы.
Никто не знает истинную природу Апокалимона, и
его нельзя даже проанализировать, чтобы
увидеть, является ли он по-настоящему дигимоном.
Причина его появления неопределенна, но он,
кажется, желает очистки хаотичного Цифрового
Мира обратно в ничто. Одна теория утверждает,
что его пришествие было предсказано в древнем
пророчестве. Его особый приём
«Даркнесс-Зон» выпускает бесконечно
расширяющуюся тьму, которая возвращает все в
пустоту. Те, кто попал в эту тьму, теряют все
чувство направления, исчезая без следа."
machine:calque,app_text01,text/digimon_profile.mbe/000_Sheet1.csv,digimon_0342_profile,215,являет,"Андромон — андроид-дигимон гуманоидной формы.
Он достаточно мощен, чтобы одним ударом
уничтожить любого дигимона уровня менее
Ультимат. Разработанный как прототип для
андроид-дигимонов, Андромон был создан как
модель на основе машины в то же время, когда
Болтмон был создан как органическая. Затем те
же методы были присвоены для использования в
других дигимонах, включая МеталГреймона и
Мегадрамона. Поскольку Андромон является
прототипом, ему не хватает эмоций, и у него
нет собственной воли, действуя только в
соответствии со своим программированием. Он
использует свое особый приём «Спирал
Сорд», чтобы выстрелить энергетическим лезвием
из своей руки."
machine:calque,app_text01,text/digimon_profile.mbe/000_Sheet1.csv,digimon_0361_profile,224,являет,"Саламон — молодой дигимон Священного вида с
характерными висячими ушами. Поскольку она еще
ребенок, она не способна полностью использовать
свои святые силы и еще не осознала свою
судьбу. В результате ее природа в корне
нестабильна, и она способна стать как хорошей,
так и злой. Однако, вероятно, настанет день,
когда Саламон пробудится к своей судьбе как
одна из Истребителей Вирусов. В конце концов,
она родилась священным дигимоном. Саламон
также является экспериментальным дигимоном,
созданным исследователями дигимонов, и,
поскольку она была смоделирована по образцу
человеческого питомца, она очень похожа на
настоящее животное. Ее особый приём
«Паппи Хаул» включает издание сверхзвукового
визга, который может парализовать врагов."
machine:calque,app_text01,text/digimon_profile.mbe/000_Sheet1.csv,digimon_0365_profile,227,являет,"Мифический Дракон-дигимон, который обрел
первоначальную силу Виимона и
эволюционировал до уровня Чемпион.
ЭкcВиимон — это чистокровная порода
Виидрамона, которая, как говорят, является
производным видом. Атаки с его развитой силой
рук и ног способны разрушить гору валунов без
следа. Его боятся за эту разрушительную силу,
но на самом деле у него сильное чувство
справедливости, и он не использует свою мощь
безрассудно. Особый приём ЭкcВиимона
«Вии Лазер» выпускает энергетический луч из
X-образной метки на его груди."
machine:calque,app_text01,text/digimon_profile.mbe/000_Sheet1.csv,digimon_0371_profile,232,являет,"Мохнатый Редкий Животный дигимон, покрытый
толстым белым мехом. Он обитает в отдаленных
заснеженных регионах, что делает встречи довольно
редкими. Несмотря на различные сообщения о
встречах с Моджамоном, никакие доказательства
не подтвердили его существование, и поэтому в
течение долгого времени этого дигимона считали
простой фантазией. Моджамон — нежное существо,
которое никогда не проявляет никакой
враждебности, но даже так, он считает свое
логово и территорию священными землями и не
прощает тех, кто вторгается на его святую
землю. Он швыряет массивную сосульку,
мгновенно сформированную из воды в атмосфере,
своим специальным движением «Айсикл Род»."
machine:calque,app_text01,text/digimon_profile.mbe/000_Sheet1.csv,digimon_0382_profile,242,являет,"БронеСвятой Рыцарь-дигимон,
эволюционировавший с Диги-Яйцом Чудес.
Диги-Яйцо Чудес имеет атрибут Металла и
сделано из суперметалла Хромдигизоид, позволяя
тем, кто обретает его силу, преодолеть любой
кризис. Магнамон обладает огромный
оборонительной способностью и силой атаки,
которая, по крайней мере, на уровне дигимона
Мега уровня, и также является членом
Королевских Рыцарей. Он использует свое
особый приём «Плазма Шот», чтобы
выстрелить шаром чистой плазмы, и «Шайнинг
Голд Солар Сторм», чтобы взорвать
сконденсированный воздух в золотой лазерный
луч, который сметает окружающих врагов."
machine:calque,app_text01,text/digimon_profile.mbe/000_Sheet1.csv,digimon_0400_profile,258,являет,"АэроВиидрамон — дальнейше-эволюционировавшая
форма Виидрамона, ставшая способной к полету.
Только сильнейшие из линии Виидрамон могут
эволюционировать в АэроВиидрамона, пройдя
через бесчисленные битв, и поскольку Виидрамон —
редкий вид, АэроВиидрамон практически является
легендой. Он также получил больше, чем крылья,
в процессе эволюции, и теперь обладает
повышенными наступательными и оборонительными
способности. Его особый приём «Драгон
Импульс» выпускает ударную волну в форме
дракона."
machine:calque,app_text01,text/digimon_profile.mbe/000_Sheet1.csv,digimon_0401_profile,259,являет,"эволюция Кувагамона, эволюционировавшего во
что-то даже более зловещее, чем дигимон типа
Кабутеримон. Преобладающим улучшением является
его защита, которой не хватает Кувагамону.
Способность Окувамона обнаруживать врагов
своими антеннами была усилена, и его атаки
клешнями получили повышенную точность. Более
того, ясно, что его самые заметные
характеристики — это не только инстинкт
выживания, но и импульс разрушения. По-настоящему
эволюция, пропитанный в агрессии. Его
особый приём «Дабл Си?ззор Коготь» —
это усовершенствованная версия «Си?ззор
Коготь», которая способна разрезать даже самый
твердый алмаз."
machine:calque,app_text01,text/digimon_profile.mbe/000_Sheet1.csv,digimon_0404_profile,262,являет,"Этот скелет-дигимон — ничто иное, как кожа да
кости — минус кожа. Единственно зацикленный на
борьбе, он продлил свою жизнь одним только
боевым инстинктом, даже когда его тело гнило,
в итоге став СкаллГреймоном. Без лом
интеллекта или разума, чтобы сдерживать его
инстинкт, существование СкаллГреймона является
угрозой для других дигимонов. Его особый приём — это органическая ракета, выпущенная
из его спинного мозга. Последние исследования
предполагают, что эта атака в итоге
эволюционировала в «Обливион Бёрд», которая
добавляет новую функцию отслеживания и
резко улучшает как мощность, так и
дальность."
machine:calque,app_text01,text/digimon_profile.mbe/000_Sheet1.csv,digimon_0405_profile,263,являет,"Даосский дигимон, который использует все
навыки веры, чтобы победить противников. Таомон
особенно талантлив в использовании
проклятий и талисманов. Он также является
мастером темных инструментов, храня различные
оружие, скрытое в его рукавах. Этот дигимон
мало говорит и обычно обитает в темноте.
Таомон также может превращать талисманы в
фамильяров, известных как шикигами. Он
использует свое особый приём «Талисман
оф Лайт», чтобы нарисовать санскритский символ
в воздухе, напевая, прежде чем швырнуть его в
врага. Любой враг, пораженный «Талисманом оф
Лайт», уничтожается в гигантский взрыве."
machine:calque,app_text01,text/digimon_profile.mbe/000_Sheet1.csv,digimon_0407_profile,265,являет,"ДОРУгремон — массивный Зверь-Дракон-дигимон,
также известный как «Финальный Враг». Его
форма является результатом того, что интерфейс
на его лбу разблокировал данные дракона,
дремавшие глубоко в его ДигиЯдре,
наполненном мощной жизненной силой этого
мифического зверя. Со своим огромным
размером, он способен полностью раздавить любого
дигимона, осмелившегося противостоять ему, и
его сила позволяет ему отразить атаку от
Кошмарных Солдат одним взмахом своих крыльев.
ДОРУгремон также очень умен, и поскольку он
лишь редко показывает себя, просто найти его
чрезвычайно трудно. Его особый приём
«Метал Метеор» выпускает сверхмассивную
железную сферу, более чем в десять раз
превышающую его собственный огромный размер,
уничтожая своих врагов всех сразу."
machine:calque,app_text01,text/digimon_profile.mbe/000_Sheet1.csv,digimon_0412_profile,270,являются,"Мутантный дигимон, эволюционировавший в
жестокой среде. Милая внешность Мамемона
скрывает ужасающую разрушительную силу. За
исключением одного другого дигимона, он может
быть самым мощным видом. Гигантские руки на
его маленьком теле являются съемными и
способны становиться мощными бомбами. Его
прозвище — «Улыбающийся Бомбардир»."
machine:calque,app_text01,text/digimon_profile.mbe/000_Sheet1.csv,digimon_0416_profile,273,являются,"Один из 13 Королевских Рыцарей, которые, как
говорят, являются дигимонами высшего ранга,
когда дело доходит до безопасности Сети. Хотя
сам Альфамон является Святым Рыцарем, говорят,
что он действует как сдерживающий фактор для
других Святых Рыцарей. Обычно он предпочитает
оставаться скрытым и широко известен как
«Отчужденный Отшельник», распознаваемый по
синему плащу, который развевается вокруг него.
Позиция, которую он занимает в Королевских
Рыцарях, известна как «Пустое Место». В бою он
обладает способностью получать доступ к Альфа-
инФорс, ультиматной силе, которая может
мгновенно обратить вспять то, что в противном
случае было бы проигранным делом. Его
особые приёмы — «Блейд оф зе Драгон
Кинг», которое включает извлечение света,
собранного в центре магического круга, а затем
использование его, чтобы пронзить врага, и
«Соул Дигиталайзейшн», которое включает
расправление крыльев на его спине, чтобы
взлететь, а затем создание гигантского
магического круга в небе, который он
использует, чтобы призвать легендарного
монстра из другого измерения."
machine:calque,app_text01,text/digimon_profile.mbe/000_Sheet1.csv,digimon_0419_profile,275,являет,"Эта форма Режима Бойца появляется, когда
Империалдрамон: Режим Дракона, древний
дракон-дигимон, высвобождает всю свою силу
и превращается в легендарного Драконьего Воина.
Оставив позади неуклюжую драконью форму,
он обретает гуманоидный облик, высокий интеллект
и силу дигимона Мега уровня. Говорят, его атаки
способны уничтожить планету. Особый прием
«Позитрон Лазер» выпускается из оружия на правой
руке. Прием «Гига Дез» соединяет Позитрон Лазер
с драконьей мордой на груди и обрушивает на врага
разрушительную волну всей накопленной энергии.
Эта атака в десять раз мощнее «Мега Дез» Режима
Дракона. Ходят слухи, что, пробудив идеальную
справедливость, он может достичь еще более
могущественного режима."
machine:calque,app_text01,text/digimon_profile.mbe/000_Sheet1.csv,digimon_0421_profile,277,являет,"Супер Ангел-дигимон, который является
ультиматной формой всех женственных
дигимонов-Ангелов. Вместе с Серафимоном и
Керубимоном, Офанимон является одной из Трех
Небесных дигимонов, которые охраняют область,
известную как Ядро (или Владения Богов) в
сердце Цифрового мира. Офанимон представляет
милосердные и сострадательные аспекты богов,
служа святой матерью Цифрового мира, в то
время как Серафимон — неумолимый маршал богов,
а Керубимон — стойкий защитник богов и
мудрости. У каждого своя роль. Особые приёмы Офанимон — «Копье Эдема» и «Сефирот
Кристалл»."
english:mixed,app_text01,text/digimon_profile.mbe/000_Sheet1.csv,digimon_0440_profile,292,XII,"Контратакующий Титан, рожденный из обиды
дигимона, побежденного Олимпос XII в борьбе за
превосходство над Цифровым Миром. Также известный
под псевдонимом «Дивизия одного человека»,
Титамон хранит бездонную энергию обиды в своем
могучем теле. Он перебегает с поля боя на поле
боя, все в погоня голов членов Олимпос XII.
Огромные руки Титамона покрыты большим
количеством черепов, каждый из которых
сформирован из данных силы, похищенных у
павших врагов. Его гигантский медный меч
«Дзанзинтоу» вырезан из костей СкаллГреймона,
и злоба, обитающая внутри клинка, издает
низкий рык. Особый приём Титамона
«Соул Кор Атак» рассекает прямой через броню
и тело врага, рассекая его ДигиЯдро напрямую
своим клинком. Урон, полученный от прямого
попадания, никогда не исцеляется.
«Фантом Блейд» пронзает врага Дзанзинтоу,
погружая его в галлюцинацию, что он остается
пронзенным даже после того, как клинок
вытащен. Боль от этого удара стихает только со
смертью духа врага."
machine:calque,app_text01,text/digimon_profile.mbe/000_Sheet1.csv,digimon_0491_profile,311,являет,"Самопровозглашенный сильнейший боец
врукопашную в Цифровом Мире, ГрейтГризлимон
живет, чтобы развлекать тех, кто наблюдает за
его битвами. Его выступление в бою захватывает
наблюдающих Дигимонов и оживляет поле боя. Это
трудяга, который никогда не пренебрегает
тренировками, чтобы оправдать ожидания
публики. Любой бой с ПайлВолкамоном, его
вечным соперником, является большим событием,
привлекающим толпы. Его особое движение —
Воодушевленные Когти, которым он рассекает
своих врагов своими огненными когтями."
machine:calque,app_text01,text/digimon_profile.mbe/000_Sheet1.csv,digimon_0492_profile,312,являются,"Темный Зверь-Дигимон, напоминающий медведя.
Хотя считается, что это эволюция от линии
Гризлимона, это мутантная эволюция от
Дигимонов с аномальными данными. Неизвестно,
являются ли эти аномалии данных, создающие
его, спонтанными или преднамеренными, и
поскольку их количество невелико, его экология
и условия эволюции остаются загадкой.
Огромные руки и оружие Каллисмона делают его
высокоэффективным в бою, и он проявляет
свирепую натуру, которая безжалостно атакует
враждебных противников, пока они не падут. Его
особые приемы — Глухой Лес, который ухудшает
данные противника, рассекая острыми когтями, и
Родео Пуля, которым он выпускает
самонаводящиеся выстрелы из своих трех пушек."
machine:calque,app_text01,text/digimon_profile.mbe/000_Sheet1.csv,digimon_0588_profile,332,являет,"Древний Дигимон, доказавший свое существование
в давно минувшие времена, благодаря множеству
свидетельств. Потепление Цифрового мира
разморозило некоторые гиперсжатые данные,
заставив Мамонмона появиться в ледяных
областях, где растаяла оттепель. Все его тело
покрыто густым мехом, и хотя этот Дигимон
обладает огромной древней силой, он
чрезвычайно восприимчив к урону от огня.
Гребень, вырезанный на маске лица Мамонмона,
является кристаллом сверхдревней мудрости, и
он обладает вторым зрением, позволяющим видеть
на большие расстояния. Его большие уши могут
различать звуки даже в отдаленных местах.
Особое движение Мамонмона — Удары Клыками,
которое пронзает врага двумя длинными бивнями."
machine:calque,app_text01,text/digimon_profile.mbe/000_Sheet1.csv,digimon_0594_profile,335,являет,"Дигимон-Морское Животное с плавниками на
ногах, чтобы грести в воде. Гидзамон более
приспособлен к жизни под водой, чем на суше,
используя свои плавники и сильные задние лапы,
чтобы быстро плавать в водных областях. На
суше, однако, он подпрыгивает, как лягушка.
Гидзамон ведет себя трусливо на суше, но
проявляет свирепый нрав,?? возвращается в
воду. Его особое движение — Спиральное Лезвие,
которое атакует врагов его острыми спинными
плавниками."
machine:calque,app_text01,text/digimon_profile.mbe/000_Sheet1.csv,digimon_0596_profile,337,являет,"Дигимон-Плюшевая Игрушка с тыквой вместо
головы. Согласно городской легенде, Пампкинмон
был создан, когда компьютерный вирус, обычно
распространяемый во время Хэллоуина, внезапно
мутировал. Вирус не был злонамеренным, поэтому
этот Дигимон никогда не вредит людям, но
Пампкинмон довольно силен, несмотря на свою
внешность. Как покажет один взгляд на их
безучастно смотрящие лица, Дигимоны-Куклы
склонны не очень четко выражать эмоции, и
Пампкинмон не исключение. Его особое движение
— Уловка или Угощение, которое проявляет
гигантскую тыкву в воздухе, чтобы раздавить
своих врагов."
machine:calque,app_text01,text/digimon_profile.mbe/000_Sheet1.csv,digimon_0603_profile,343,являет,"Дигимон-Воин, восхваляемый как легендарный
герой Витчелни, Цифрового мира другого
измерения. Древняя Витчелни была на пути к
гибели, поскольку ее магия (продвинутый язык
программирования) все еще была в зачаточном
состоянии, и ей не хватало техник для защиты
земли от вторжения внешних сил. Говорят, что
МедивалГаллантмон внезапно появился и отразил
захватчиков, и что он превосходит время, чтобы
существовать до наших дней, хотя правда этого
неопределенна. Он сражается с оружием,
созданным с помощью магии, и владеет Динасом,
предельный магическим копьем, скрывающим силу
виверна. МедивалГаллантмон получил прозвище
""Генерал Вихря"" из-за его управления
Виртуозными Воинами, Дигимонами, которые
сражаются с оружием, сделанным из магии ветра,
одного из четырех типов магии (огонь, земля,
вода и ветер). Практически никто не видел
МедивалГаллантмона в Цифровом Мире, но этот
Дигимон известен как ""Воин Фантазии"" из-за его
доспехов, покрытых великолепными украшениями,
и является торжественной фигурой, украшенной
гербом. МедивалГаллантмон использует особое
движение Гнев Виверна, чтобы выпускать энергию
из Динаса."
english:mixed,app_text01,text/digimon_profile.mbe/000_Sheet1.csv,digimon_0604_profile,344,XII,"Мифический Дигимон-Галактика, который, как
говорят, появился, когда беспрецедентный
кризис обрушился на Цифровой мир Илиада.
Столкновение противоположных сил солнечной и
лунной энергии заставляет ГрейсНовамон
генерировать энергию уровня Большого Взрыва
внутри своего тела. Он возник, когда Аполломон
и Дианамон из Олимпос XII слились вместе. В
результате, считается, что сам ГрейсНовамон
является галактикой, и полный объем его данных
невозможно точно измерить. Его особые приемы —
Палец Затмения, который концентрирует энергию,
усиленную внутри его тела, в его руках,
заставляя врагов плавиться, когда он касается
их, и Калидонский Лук, который выпускает
восемь лезвий Мелеагроса на его спине, чтобы
найти и уничтожить своих врагов."
machine:calque,app_text01,text/digimon_profile.mbe/000_Sheet1.csv,digimon_0613_profile,351,являет,"Дигимон-Добродетель, охраняющий Врата Зенита,
которые соединяют Цифровой мир с внешним
миром. Эти ворота запечатаны 360 дверями, и
КлависАнжемон держит ""Ключ"", мастер-ключ,
который открывает их все. Ключ особенный тем,
что только этот Дигимон может владеть им.
Некоторые подозревают, что сам КлависАнжемон
является частью этого ключа. Сила, заключенная
в Ключе, по-видимому, может обрушить сам
Цифровой мир, но используется только против
врагов, которые разрушают двери."
machine:calque,app_text01,text/digimon_profile.mbe/000_Sheet1.csv,digimon_0623_profile,358,являет,"Нелетающий Дигимон-Птица, который является
вылитой копией Пенмона. Выращенный в
тропических землях на юге, Мучомон живет
жизнью постоянной радости. Он переполнен
страстью, танцует под ритм самбы и любит свою
яркую, насыщенную цветами шкурку. Особое
движение Мучомона — Тропический Клюв, клюет
противника своим красочным клювом."
machine:calque,app_text01,text/digimon_profile.mbe/000_Sheet1.csv,digimon_0701_profile,382,являет,"Загадочный Дигимон с массивным рогом, растущим
из его головы. Хотя состав Терриермона
достаточен, чтобы считать его
Зверем-Дигимоном, форма, которую он принимает
после эволюции, все еще неизвестна. Ходят
слухи, что он иногда рождается с близнецом.
Крайняя миловидность и спокойное поведение
Терриермона не создают впечатления, что этот
Дигимон относится к Боевому Виду. Тем не
менее, сила, которую он проявляет в бою,
противоречит его внешности. Он использует свое
фирменное движение Торнадо Терьера, чтобы
вращать оба своих уха, как пропеллер, создавая
небольшой торнадо."
machine:calque,app_text01,text/digimon_profile.mbe/000_Sheet1.csv,digimon_0706_profile,387,являет,"Спокойный, собранный и чрезвычайно учтивый
Птичий Дигимон. Как и Вимон, он является
потомком уникального вида, процветавшего в
древние времена, и может использовать силу
Диги-Яиц для бронированной псевдо-эволюции.
Хокмон использует свой специальный приём
«Перьевой Удар», чтобы метнуть перьевой
орнамент на своей голове как бумеранг."
machine:calque,app_text01,text/digimon_profile.mbe/000_Sheet1.csv,digimon_0711_profile,392,являет,"Бронированный Дракон Дигимон, полностью
покрытый затвердевшей кожей. Жёсткие выступы
покрывают его всего, придавая его атаке
тараном невероятную разрушительную силу. Хотя,
будучи травоядным, ему не хватает свирепости,
Анкиломон, тем не менее, проявляет храбрый
характер. Он использует свой специальный приём
«Хвост-Молот», чтобы яростно избивать врага
железным шаром на кончике своего хвоста. Любой
Дигимон, поражённый этой техникой, имеет весь
свой скелет (или каркас) полностью
уничтоженным."
machine:calque,app_text01,text/digimon_profile.mbe/000_Sheet1.csv,digimon_0719_profile,395,являет,"Драконий дигимон-андроид драконьего типа, защищённый
специальной резиновой бронёй, которая может
противостоять любой атаке. Если Дигимон
атрибута Вирус появляется в компьютерной сети,
этот Дигимон появится мгновенно, чтобы
уничтожить его. Тем не менее, Сайбердрамон
действует в одиночку, никогда не работая с
группой справедливости, известной как
«Охотники на Вирусы», и его личность окутана
тайной. Его специальная резиновая броня
предлагает превосходную защиту, но также
служит для умножения его наступательной силы.
Его специальный приём «Коготь Разрушения»
уничтожает вражеские данные конфигурации
высокочастотной вибрацией от обеих рук, стирая
само пространство вокруг них. Всё, что
поражено этой атакой, имеет каждую последнюю
йоту данных уничтоженной."
machine:calque,app_text01,text/digimon_profile.mbe/000_Sheet1.csv,digimon_0725_profile,401,являет,"АльтимейтБрахиомон — самый крупный и тяжёлый
наземный дигимон-андроид. Ускорители на его
спине стреляют вниз, чтобы помочь поддерживать
огромный вес его массивного каркаса, и он
полагается на них, чтобы двигаться.
АльтимейтБрахиомон был переделан, чтобы быть
экстремальным тяжеловесом, и, как результат,
он что угодно, но только не быстрый. Поскольку
его броня такая толстая, ему нет необходимости
уворачиваться от вражеских атак, и любой
другой Дигимон без хотя бы такого же веса не
смог бы выдержать отдачу при стрельбе из
суперорудия, которым является его нагрудная
пушка. Его специальные приёмы включают
«Альтимейт Взрыв», который заставляет энергию
внутри его тела взрываться, выпуская мощную
ударную волну из его нагрудной пушки, и
«Альтимейт Тряска», которым он атакует своим
гигантским хвостом, поражая врага с
потрясающей силой."
english:mixed,app_text01,text/digimon_profile.mbe/000_Sheet1.csv,digimon_0733_profile,409,XII,"Одна из Олимпос XII, Дианамон — Божественный
Дигимон, который контролирует воду и лёд,
позволяя ему сражаться даже в условиях
абсолютного нуля. Его личность двусторонняя,
как светлая и тёмная стороны луны, и его
красота скрывает грозную силу. Дианамон
использует свой специальный приём «Стрела
Артемиды», чтобы натянуть и выстрелить длинной
стрелой из ослепительного льда из выступа на
своей спине. Он также использует «Спокойной
Ночи, Луна», чтобы окутать своего врага лунным
светом, выпущенным из Сестёр Спокойной Ночи на
обеих ногах, усыпляя его."
english:mixed,app_text01,text/digimon_profile.mbe/000_Sheet1.csv,digimon_0737_profile,412,"Accel, Arm, Blitz, Critical","Героический Дигимон в развевающемся красном
шарфе. Горя чувством справедливости, этот
Дигимон никогда не оставляет без внимания
несправедливость или злодеяния, что делает его
любимцем Дигимонов в Стадии Развития.
Джастимон приходит как ветер, обрушивает
железный молот правосудия и затем исчезает так
же быстро. Также, кажется, ему нравится
принимать позу на утёсе, спиной к заходящему
солнцу. Переключение между тремя штекерами
Расширенного Передатчика, оборудованного на
его спине, позволяет ему чередовать силовой
тип Accel Arm, электрический тип Blitz Arm и
режущий тип Critical Arm. Его фирменный приём
«Троичная Рука» позволяет Джастимону
переключаться между своими тремя руками, а
специальный приём «Удар Правосудия» может
похвастаться более чем 45 тоннами
разрушительной силы."
english:mixed,app_text01,text/digimon_profile.mbe/000_Sheet1.csv,digimon_0747_profile,421,XII,"Божественный Дигимон и член Олимпос XII,
который напоминает молодую девушку. Несмотря
на совсем небольшое телосложение
Минервамона, этот невероятно сильный Дигимон
способен орудовать огромный меч размером с его
собственное тело. Хотя этот Дигимон невинен и
весел, как молодая девушка, его настроение
может дико колебаться. Когда он в плохом
настроении, его поведение быстро становится
расстроенным и своевольным (то есть,
«проблематичным») таким образом, что выходит
из-под контроля. Минервамон использует свой
специальный приём «Ударный Кувырок», чтобы
обрушить накатывающий удар вперёд от своего
огромного меча Олимпия, и «Безумная Карусель»,
чтобы выполнить горизонтальный вращающий удар
быстрее, чем глаз может увидеть. «Ударный
Кувырок» может расколоть землю, в то время как
«Безумная Карусель» генерирует массивный
торнадо."
machine:calque,app_text01,text/digimon_profile.mbe/000_Sheet1.csv,digimon_0748_profile,422,являет,"Ангел-дигимон, который, по преданию, появляется,
когда Цифровому миру грозит беспрецедентный кризис.
Мастемон рождается через джогресс-эволюцию Ангела
и Темного Ангела, обычно несовместимых существ.
Он управляет силами обоих кланов, призванных через
врата из другого Цифрового мира, и потому получил
прозвище «Тактик из Другого Мира». Мастемон способен
заставить обычно враждующие фракции действовать
сообща. Несмотря на происхождение от конфликтующих
существ, он сохраняет единую волю, управляет светлой
и темной энергией, поддерживает дигимонов в разных
ситуациях и даже в одиночку бросается на грозных врагов.
Его особые приемы: «Святое Желание», уничтожающее
злодеев стрелами света из правой руки; «Темное Отчаяние»,
которым он хватает врага левой рукой и стирает его,
сокрушая все Диги-Ядро; и «Хаос Деградация», создающая
врата из слияния светлой и темной энергии в обеих руках
и отправляющая врага в забвение другого измерения."
machine:calque,app_text01,text/digimon_profile.mbe/000_Sheet1.csv,digimon_0760_profile,434,являет,"Охраняя шахту Хромдигизоида, Гардромон
преобразовал себя, чтобы выдерживать
безжалостные повторяющийся набеги незаконных
шахтёров. Броня Гардромона (Золотого), как
говорят, является результатом поглощения
данных пыли Хромдигизоида, плавающей в
воздухе. Эта броня более прочная, чем у
обычного Гардромона, и его специальный приём
«Разрушающая Граната» преуспевает в может похвастаться
слегка большей мощности. С другой стороны,
броня Гардромона (Золотого) тяжелее, и это
является основной причиной, по которой его
движения в целом притупились."
english:mixed,app_text01,text/digimon_profile.mbe/000_Sheet1.csv,digimon_0767_profile,436,XII,"Один из Олимпос XII и самопровозглашённый
самый душевный пьяница Цифрового мира. С его
яркой личностью, Бахусмон хорош в заботе о
других. В любое время суток он собирает дигимонов уровней Ребёнок и Чемпион и устраивает грандиозные пиршества. Он может производить различные виды
напитков и счастлив делать это по просьбе
своих любимых Дигимонов, которые пришли на его
пиры. Бахусмон предпочитает фруктовые вина, и
его любимое сделано из ферментированных
фруктов, взятых из леса Карпос Хуле на спине
Цересмона. Всякий раз, когда он свободен, он
просит Цересмона позволить ему варить это
вино. В результате, эти два Дигимона чрезвычайно
близки и часто делают что-то вместе. Когда
Бахусмон слишком много выпил, узор на его теле
становится синим, и он извергает данные в
своём большом желудке в разрушительном луче
света под названием «Разворот Мёртвых». Если
атака попадает в противника, Бахусмон
поглощает данные, чтобы стать более мощным,
так что столкновение с большими группами
врагов может сделать его непостижимо сильным.
Данные, которые Бахусмон очищает в яд,
исследуются Командой Раскола. Существуют
правдоподобные слухи, что данные яда Бахусмона
используются для производства биологического
оружия и в заговорах с целью убийства
высокопоставленных лиц."
english:mixed,app_text01,text/digimon_profile.mbe/000_Sheet1.csv,digimon_0771_profile,438,"BAN, TYO","Даркдрамон — дигимон-андроид, который, как
полагают, является предельным оружием D-Бригады.
Ходят слухи, что исследователи D-Бригады
создали Даркдрамона, эволюционировав
Танкдрамона, которого они восстановили.
Предположительно, этот Танкдрамон был побеждён
в операции, предназначенной для устранения цели с
кодовым именем BAN-TYO. Однако, никакие из этих сведений не кажутся особенно надёжными. Кажется, что
в этом процессе эволюции было использовано
обширное количество тёмной материи. Возможно, в
результате, Даркдрамон немедленно впал в
берсерк и бежал. Его текущее местонахождение
неизвестно, даже для D-Бригады, хотя ходят
слухи, что он всё ещё ищет Кодовое имя
BAN-TYO. Его специальный приём «Тёмный Рев» —
это запрещённая техника, которая включает
выстрел энергетической бомбы, состоящий из
тёмной материи. Ничто не может выжить после
попадания этой атаки, как гласит молва.
Даркдрамон также имеет оружие под названием
«Гигастик Копьё», встроенное в его правую
руку, которое, как говорят, равно по мощности
святому копью Галлантмона Грам."
machine:calque,app_text01,text/digitter_message.mbe/000_Sheet1.csv,main_235_040_012,133,осуществ,"Ты бы хотел снова увидеть своего приёмного отца, не так ли? Я
надеялся помочь осуществить это, если бы мог..."
machine:calque,app_text01,text/digitter_message.mbe/000_Sheet1.csv,main_290_080_010,165,На данный момент,"На данный момент... ты представитель, работающий над остановкой
войны в другом мире. Агент в самом истинном смысле этого слова."
machine:calque,app_text01,text/digitter_message.mbe/000_Sheet1.csv,main_310_020_020,182,осуществ,"Я накопил достаточно денег через видеостриминг... и осуществил
эту мечту."
english:mixed,app_text01,text/digitter_message.mbe/000_Sheet1.csv,sub_100_087_1,290,VIP,"Я знаю, что они не привыкли к этому миру, но чтобы нам
понадобилась помощь людей... Ах, ну. Пожалуйста, приходи в
VIP-комнату театра. Просмотреть детали миссии {decision}"
english:mixed,app_text01,text/digitter_message.mbe/000_Sheet1.csv,sub_100_088_1,292,VIP,"Загляни в VIP-комнату. Мне нужно попросить тебя
об одолжении. Для тебя это тоже будет выгодно.
Просмотреть детали миссии {decision}"
english:mixed,app_text01,text/digitter_message.mbe/000_Sheet1.csv,sub_010_158_1,333,TBD,(TBD) sub_010_158_1 Стартовый Дигиттер
english:mixed,app_text01,text/digitter_message.mbe/000_Sheet1.csv,sub_100_178_1,359,VIP,"Трое ведущих хотят передать тебе кое-что. Пожалуйста, приходи в
VIP-комнату Промежуточного Театра.
Просмотреть детали миссии {decision}"
machine:calque,app_text01,text/digitter_message.mbe/000_Sheet1.csv,sub_clear_010_010,441,На данный момент,"На данный момент все побочные миссии выполнены. Ваш вклад будет
использован для анализа данных АДАМАСА."
machine:calque,app_text01,text/digitter_message.mbe/000_Sheet1.csv,sub_clear_010_030,443,На данный момент,"На данный момент все побочные миссии завершены. База данных
ADAMAS будет постоянно обновляться."
layout:long_line,app_text01,text/digitter_message.mbe/000_Sheet1.csv,hazama_99_130_1,561,119 chars,"Этот «Молот Тора» Зудомона, похоже, сделан из чрезвычайно ценного металла, который называют «хромдигизоидным металлом»."
machine:calque,app_text01,text/digitter_message.mbe/000_Sheet1.csv,hazama_99_200_1,575,являет,"Я слышал, что Цифровой мир является домом для группы Дигимонов,
известных как ""Семь Великих Повелителей Демонов""..."
english:full,app_text01,text/ed_lyrics.mbe/000_Sheet1.csv,ed_lyrics_jp_0010,2,"For, back, clock, could, just, moment, the, wind","For just a moment, could we wind back the clock"
english:full,app_text01,text/ed_lyrics.mbe/000_Sheet1.csv,ed_lyrics_jp_0020,3,"The, fragments, memories, night, paint, sky, the",The fragments of memories paint the night sky
english:full,app_text01,text/ed_lyrics.mbe/000_Sheet1.csv,ed_lyrics_jp_0030,4,"The, dissipates, loneliness, slowly, that",The loneliness that slowly dissipates
english:full,app_text01,text/ed_lyrics.mbe/000_Sheet1.csv,ed_lyrics_jp_0040,5,"all, and, behind, count, leave, pain, rather",I'd rather count it as pain and leave it all behind
english:full,app_text01,text/ed_lyrics.mbe/000_Sheet1.csv,ed_lyrics_jp_0050,6,"But, don, dwell, have, lost, what, you",But don't dwell on what you have lost
english:full,app_text01,text/ed_lyrics.mbe/000_Sheet1.csv,ed_lyrics_jp_0060,7,"Would, did, find, joy, now, tell, with, you","Would you tell me now, did you find joy with me"
english:full,app_text01,text/ed_lyrics.mbe/000_Sheet1.csv,ed_lyrics_jp_0070,8,"Even, every, for, forget, reason, tear, the, you",Even if you forget the reason for every tear
english:full,app_text01,text/ed_lyrics.mbe/000_Sheet1.csv,ed_lyrics_jp_0080,9,"The, always, have, here, paved, road, that, they, will",The road that they have paved will always be here
english:full,app_text01,text/ed_lyrics.mbe/000_Sheet1.csv,ed_lyrics_jp_0090,10,"Wherever, again, are, never, see, you","Wherever you are, if I never see you again"
english:full,app_text01,text/ed_lyrics.mbe/000_Sheet1.csv,ed_lyrics_jp_0100,11,"Wherever, are, smile, still, would, you","Wherever you are, would I still smile"
english:full,app_text01,text/ed_lyrics.mbe/000_Sheet1.csv,ed_lyrics_jp_0110,12,"Our, bonds, entwined, know, stronger, than","Our bonds entwined, stronger than we know"
english:full,app_text01,text/ed_lyrics.mbe/000_Sheet1.csv,ed_lyrics_jp_0120,13,"They, divine, drew, know, only, something","They drew something divine, something only we know"
english:full,app_text01,text/ed_lyrics.mbe/000_Sheet1.csv,ed_lyrics_jp_0130,14,"And, alone, darkest, knees, nights, the, when, you, your","And when you're on your knees, alone in the darkest of nights"
english:full,app_text01,text/ed_lyrics.mbe/000_Sheet1.csv,ed_lyrics_jp_0140,15,"for, know, look, one, sky, sure, the, thing, you","If you look up to the sky, I know one thing is for sure"
english:full,app_text01,text/ed_lyrics.mbe/000_Sheet1.csv,ed_lyrics_jp_0150,16,"billion, even, shimmer, sorrow, stars, will",A billion stars will shimmer even in sorrow
english:full,app_text01,text/ed_lyrics.mbe/000_Sheet1.csv,ed_lyrics_jp_0160,17,"They, and, close, draw, embrace, that, whisper, will, you","They will draw close to you, embrace you and whisper that"
english:full,app_text01,text/ed_lyrics.mbe/000_Sheet1.csv,ed_lyrics_jp_0170,18,"Wherever, again, always, are, even, here, meet, won, you","Wherever you are, even if we won't meet again, I'll always be here"
english:full,app_text01,text/ed_lyrics.mbe/000_Sheet1.csv,ed_lyrics_jp_0180,19,"Even, every, for, forget, reason, tear, the, you",Even if you forget the reason for every tear
english:full,app_text01,text/ed_lyrics.mbe/000_Sheet1.csv,ed_lyrics_jp_0190,20,"The, always, have, here, paved, road, that, they, will",The road that they have paved will always be here
english:full,app_text01,text/ed_lyrics.mbe/000_Sheet1.csv,ed_lyrics_jp_0200,21,"Wherever, again, are, never, see, you","Wherever you are, if I never see you again"
english:full,app_text01,text/ed_lyrics.mbe/000_Sheet1.csv,ed_lyrics_jp_0210,22,"Wherever, are, keep, smiling, you","Wherever you are, I'll keep smiling"
english:full,app_text01,text/ed_lyrics.mbe/000_Sheet1.csv,ed_lyrics_jp_0220,23,"And, for, one, only, there, tomorrow",And if there is only one tomorrow for us
english:full,app_text01,text/ed_lyrics.mbe/000_Sheet1.csv,ed_lyrics_jp_0230,24,"can, embrace, find, then, together, would",If we can find it together then I would embrace it
english:full,app_text01,text/ed_lyrics.mbe/000_Sheet1.csv,ed_lyrics_jp_0240,25,"Wherever, are, have, know, leave, you","Wherever you are, I know I have to leave"
english:full,app_text01,text/ed_lyrics.mbe/000_Sheet1.csv,ed_lyrics_jp_0250,26,"are, wherever, you",wherever you are...
english:full,app_text01,text/ed_lyrics.mbe/000_Sheet1.csv,ed_lyrics_en_0010,27,"For, back, clock, could, just, moment, the, wind","For just a moment, could we wind back the clock"
english:full,app_text01,text/ed_lyrics.mbe/000_Sheet1.csv,ed_lyrics_en_0020,28,"The, fragments, memories, night, paint, sky, the",The fragments of memories paint the night sky
english:full,app_text01,text/ed_lyrics.mbe/000_Sheet1.csv,ed_lyrics_en_0030,29,"The, dissipates, loneliness, slowly, that",The loneliness that slowly dissipates
english:full,app_text01,text/ed_lyrics.mbe/000_Sheet1.csv,ed_lyrics_en_0040,30,"all, and, behind, count, leave, pain, rather",I'd rather count it as pain and leave it all behind
english:full,app_text01,text/ed_lyrics.mbe/000_Sheet1.csv,ed_lyrics_en_0050,31,"But, don, dwell, have, lost, what, you",But don't dwell on what you have lost
english:full,app_text01,text/ed_lyrics.mbe/000_Sheet1.csv,ed_lyrics_en_0060,32,"Would, did, find, joy, now, tell, with, you","Would you tell me now, did you find joy with me"
english:full,app_text01,text/ed_lyrics.mbe/000_Sheet1.csv,ed_lyrics_en_0070,33,"Even, every, for, forget, reason, tear, the, you",Even if you forget the reason for every tear
english:full,app_text01,text/ed_lyrics.mbe/000_Sheet1.csv,ed_lyrics_en_0080,34,"The, always, have, here, paved, road, that, they, will",The road that they have paved will always be here
english:full,app_text01,text/ed_lyrics.mbe/000_Sheet1.csv,ed_lyrics_en_0090,35,"Wherever, again, are, never, see, you","Wherever you are, if I never see you again"
english:full,app_text01,text/ed_lyrics.mbe/000_Sheet1.csv,ed_lyrics_en_0100,36,"Wherever, are, smile, still, would, you","Wherever you are, would I still smile"
english:full,app_text01,text/ed_lyrics.mbe/000_Sheet1.csv,ed_lyrics_en_0110,37,"Our, bonds, entwined, know, stronger, than","Our bonds entwined, stronger than we know"
english:full,app_text01,text/ed_lyrics.mbe/000_Sheet1.csv,ed_lyrics_en_0120,38,"They, divine, drew, know, only, something","They drew something divine, something only we know"
english:full,app_text01,text/ed_lyrics.mbe/000_Sheet1.csv,ed_lyrics_en_0130,39,"And, alone, darkest, knees, nights, the, when, you, your","And when you're on your knees, alone in the darkest of nights"
english:full,app_text01,text/ed_lyrics.mbe/000_Sheet1.csv,ed_lyrics_en_0140,40,"for, know, look, one, sky, sure, the, thing, you","If you look up to the sky, I know one thing is for sure"
english:full,app_text01,text/ed_lyrics.mbe/000_Sheet1.csv,ed_lyrics_en_0150,41,"billion, even, shimmer, sorrow, stars, will",A billion stars will shimmer even in sorrow
english:full,app_text01,text/ed_lyrics.mbe/000_Sheet1.csv,ed_lyrics_en_0160,42,"They, and, close, draw, embrace, that, whisper, will, you","They will draw close to you, embrace you and whisper that"
english:full,app_text01,text/ed_lyrics.mbe/000_Sheet1.csv,ed_lyrics_en_0170,43,"Wherever, again, are, even, meet, won, you","Wherever you are, even if we won't meet again"
english:full,app_text01,text/ed_lyrics.mbe/000_Sheet1.csv,ed_lyrics_en_0180,44,"always, here",I'll always be here
english:full,app_text01,text/ed_lyrics.mbe/000_Sheet1.csv,ed_lyrics_en_0190,45,"Even, every, for, forget, reason, tear, the, you",Even if you forget the reason for every tear
english:full,app_text01,text/ed_lyrics.mbe/000_Sheet1.csv,ed_lyrics_en_0200,46,"The, always, have, here, paved, road, that, they, will",The road that they have paved will always be here
english:full,app_text01,text/ed_lyrics.mbe/000_Sheet1.csv,ed_lyrics_en_0210,47,"Wherever, again, are, never, see, you","Wherever you are, if I never see you again"
english:full,app_text01,text/ed_lyrics.mbe/000_Sheet1.csv,ed_lyrics_en_0220,48,"Wherever, are, keep, smiling, you","Wherever you are, I'll keep smiling"
english:full,app_text01,text/ed_lyrics.mbe/000_Sheet1.csv,ed_lyrics_en_0230,49,"And, for, one, only, there, tomorrow",And if there is only one tomorrow for us
english:full,app_text01,text/ed_lyrics.mbe/000_Sheet1.csv,ed_lyrics_en_0240,50,"can, embrace, find, then, together, would",If we can find it together then I would embrace it
english:full,app_text01,text/ed_lyrics.mbe/000_Sheet1.csv,ed_lyrics_en_0250,51,"Wherever, are, have, know, leave, you","Wherever you are, I know I have to leave"
english:full,app_text01,text/ed_lyrics.mbe/000_Sheet1.csv,ed_lyrics_en_0260,52,"Wherever, are, you",Wherever you are
layout:long_line,app_text01,text/help_message.mbe/000_Sheet1.csv,help_bgm_06,88,117 chars,"Изменить фоновую музыку, воспроизводимую во время сражений с боссами. (Не распространяется на определенные сражения.)"
layout:long_line,app_text01,text/info_message.mbe/000_Sheet1.csv,1211,20,146 chars,После конвертации или деконвертации дигимона изменения нельзя отменить. Убедитесь в своём решении перед выполнением конвертации или деконвертации.
english:mixed,app_text01,text/info_message.mbe/000_Sheet1.csv,9001,175,Esc,"Нажмите кнопку, которую вы хотите назначить выбранному действию. Отмените и вернитесь к предыдущему экрану с помощью клавиши Esc."
layout:long_line,app_text01,text/info_message.mbe/000_Sheet1.csv,9002,176,117 chars,"Некоторые элементы управления не были установлены. Пожалуйста, убедитесь, что все элементы управления были настроены."
layout:long_line,app_text01,text/info_message.mbe/000_Sheet1.csv,info_message_item_skilldisc_0010,221,151 chars,"Этот диск навыка подходит всем дигимонам. Чтобы поставить его на другого дигимона, сначала снимите его с экипированного дигимона в меню дисков навыков."
layout:long_line,app_text01,text/info_message.mbe/000_Sheet1.csv,info_message_item_equipment_0010,222,142 chars,"Это снаряжение подходит всем дигимонам. Чтобы надеть его на другого дигимона, сначала снимите его с экипированного дигимона в меню снаряжения."
layout:long_line,app_text01,text/info_message.mbe/000_Sheet1.csv,info_message_save_error_05,246,136 chars,"Игру не удается запустить из-за нехватки свободного места для автосохранения. Пожалуйста, освободите немного места и попробуйте еще раз."
layout:long_line,app_text01,text/info_message.mbe/000_Sheet1.csv,info_message_dlc_disable,275,130 chars,"Не найден {pf(контент дополнений/контент дополнений/загружаемый контент/загружаемый контент)}, присутствующий в данных сохранения.
Скачайте или приобретите следующий контент повторно.

{fc9{d0}}

*Если загрузка уже идёт, дождитесь её завершения."
layout:long_line,app_text01,text/info_message.mbe/000_Sheet1.csv,info_message_dlc_disable_01,276,130 chars,"Не найден {pf(контент дополнений/контент дополнений/загружаемый контент/загружаемый контент)}, присутствующий в данных сохранения.

Возврат к титульному экрану."
english:mixed,app_text01,text/info_message.mbe/000_Sheet1.csv,info_message_dlc_18,293,Story,"Бонусный набор за предзаказ Digimon Story Time Stranger:
{fc9костюм «Форма определённой школы»} теперь доступен.

Переодеться в этот костюм можно через меню
Агент > Костюмы на вашем Дигивайсе."
english:mixed,app_text01,text/info_message.mbe/000_Sheet1.csv,info_message_dlc_19,294,Story,"Бонусный набор за предзаказ Digimon Story Time Stranger:
{fc9набор предметов для приключений} теперь доступен.

Получить эти предметы можно через меню
Предметы > Наборы предметов на вашем Дигивайсе."
layout:long_line,app_text01,text/info_message.mbe/000_Sheet1.csv,info_message_transfer_01,296,135 chars,"Ваши сохранённые данные успешно импортированы. Если вы хотите продолжить игру в демо-версии, выберите ""Продолжить"" на титульном экране."
english:mixed,app_text01,text/info_message.mbe/000_Sheet1.csv,info_message_demo_03,299,Story,"Этот режим позволяет вам окунуться в приключение в Центральном городе, расположенном в самом сердце Цифрового мира Илиады. Этот режим доступен после завершения демо-версии Digimon Story: Time Stranger."
layout:long_line,app_text01,text/info_message.mbe/000_Sheet1.csv,info_message_demo_04,300,242 chars,"Теперь вы можете сыграть в «Центральный город - пробная версия приключения», выбрав этот режим на титульном экране. Наслаждайтесь возможностями полной версии игры: собирайте и создавайте дигимонов, сражайтесь с ними и исследуйте Цифровой мир."
layout:long_line,app_text01,text/info_message.mbe/000_Sheet1.csv,info_message_demo_06,302,273 chars,"Вы пытаетесь перезаписать сохранённые данные, которые можно импортировать в полную версию игры, сохранёнными данными «Пробной версии приключения в Центральном городе». Сохраните данные в другой слот. Если свободных слотов нет, удалите другие данные, чтобы освободить место."
layout:long_line,app_text01,text/info_message.mbe/000_Sheet1.csv,info_message_demo_07,303,117 chars,На этом демо-версия завершена. Примечание: данные сохранения из демо-версии можно импортировать в полную версию игры.
layout:long_line,app_text01,text/item_explanation.mbe/000_Sheet1.csv,52,14,117 chars,"Месть человека, оказавшегося в ловушке в пещере и превратившегося в голема / Меняет тип личности на «Жестокосердный»."
layout:long_line,app_text01,text/item_explanation.mbe/000_Sheet1.csv,53,15,118 chars,"История об одиноком драконе, который приходит в себя с помощью упрямого мужчины / Меняет тип личности на «Заботливый»."
layout:long_line,app_text01,text/item_explanation.mbe/000_Sheet1.csv,55,17,120 chars,"Трогательная история обо мне и таинственном мальчике, который называет себя принцем / Меняет тип личности на «Невинный»."
layout:long_line,app_text01,text/item_explanation.mbe/000_Sheet1.csv,56,18,139 chars,"Сказка о черном козле, который приходит в ярость, когда просыпается ото сна и превращается в демона / Меняет тип личности на «Непослушный»."
layout:long_line,app_text01,text/item_explanation.mbe/000_Sheet1.csv,83,45,140 chars,"Драгоценный камень, добываемый из моллюсков. Не путать с черным жемчугом, производимым компанией Сякомон. Может продаваться по высокой цене."
layout:long_line,app_text01,text/item_explanation.mbe/000_Sheet1.csv,86,48,149 chars,"Драгоценный камень, который меняет цвет на сине-зеленый при солнечном свете и красный при искусственном освещении. Может быть продан по высокой цене."
layout:long_line,app_text01,text/item_explanation.mbe/000_Sheet1.csv,88,50,153 chars,"Драгоценный камень, который бывает всех цветов, кроме красного, по твердости с которым может соперничать только алмаз. Может быть продан по высокой цене."
layout:long_line,app_text01,text/item_explanation.mbe/000_Sheet1.csv,90,52,119 chars,"Старый зануда сказал бы, что он сделан из того же материала, что и обычный карандаш. Может продаваться по высокой цене."
layout:long_line,app_text01,text/item_explanation.mbe/000_Sheet1.csv,762,184,136 chars,"Кольцо ручной работы от Нептунемона. Оно сделано из прочного металла, добытого на дне океана, и украшено камнем из синего хромдигизоида."
layout:long_line,app_text01,text/item_explanation.mbe/000_Sheet1.csv,763,185,186 chars,"Лекарство, ставшее итогом исследований Венусмон. Его мощный восстанавливающий эффект иногда даже способствует росту. Ингредиенты трудно собрать, поэтому массовое производство невозможно."
layout:long_line,app_text01,text/item_explanation.mbe/000_Sheet1.csv,767,189,117 chars,"Драгоценность ПлатинумНумемона, одно из его самых роскошных украшений. Он бережно хранит ее внутри собственного тела."
layout:long_line,app_text01,text/item_explanation.mbe/000_Sheet1.csv,771,193,126 chars,"Редкое водное растение, реагирующее на качество воды. Изначально синее, оно становится фиолетовым, когда вода вокруг портится."
layout:long_line,app_text01,text/item_explanation.mbe/000_Sheet1.csv,773,195,147 chars,"Фрукт, который, по слухам, придает сил тем, кто его съест. Доказательств лечебных свойств нет, но некоторые уверены, что эффект зависит от настроя."
layout:long_line,app_text01,text/item_explanation.mbe/000_Sheet1.csv,780,202,124 chars,"Обогревает помещение теплым воздухом. Модель немного устарела, но для домашнего использования по-прежнему греет превосходно."
layout:long_line,app_text01,text/item_explanation.mbe/000_Sheet1.csv,800,222,120 chars,"Редкая карта Джогмона, на которой ничего нет. Что-то может случиться, если вы отдадите ее кому-то, кто знаком с картами."
english:mixed,app_text01,text/item_explanation.mbe/000_Sheet1.csv,824,246,"Sleuth, Story","Костюм. Наряд, вдохновлённый Digimon Story: Cyber Sleuth."
english:mixed,app_text01,text/item_explanation.mbe/000_Sheet1.csv,825,247,Adventure,"Костюм. Наряд, вдохновлённый Digimon Adventure."
english:mixed,app_text01,text/item_explanation.mbe/000_Sheet1.csv,835,257,"BEATBREAK, DIGIMON",Костюм. Наряд с футболкой DIGIMON BEATBREAK.
layout:long_line,app_text01,text/item_explanation.mbe/000_Sheet1.csv,1136,409,118 chars,Увеличивает значение датчика пикового давления по умолчанию (в зависимости от количества пользователей) / Оборудования
layout:long_line,app_text01,text/item_explanation.mbe/000_Sheet1.csv,1151,419,121 chars,"СКР +300.
Нейтрализует {is28}{image(ui_icon_btlStatus_000)} Отравление/{is28}{image(ui_icon_btlStatus_005)} Смертельное отравление.
Повышает сопротивление {is28}{image(ui_icon_skill_007)} ветру."
layout:long_line,app_text01,text/item_explanation.mbe/000_Sheet1.csv,1152,420,121 chars,"Шанс крита +20%.
Нейтрализует {is28}{image(ui_icon_btlStatus_000)} Отравление/{is28}{image(ui_icon_btlStatus_005)} Смертельное отравление.
Повышает сопротивление {is28}{image(ui_icon_skill_006)} стали."
layout:long_line,app_text01,text/item_explanation.mbe/000_Sheet1.csv,1156,424,121 chars,"ЗАЩ +300.
Нейтрализует {is28}{image(ui_icon_btlStatus_000)} Отравление/{is28}{image(ui_icon_btlStatus_005)} Смертельное отравление.
Повышает сопротивление {is28}{image(ui_icon_skill_003)} растениям."
layout:long_line,app_text01,text/item_explanation.mbe/000_Sheet1.csv,1171,432,121 chars,Нейтрализует {is28}{image(ui_icon_btlStatus_000)} Отравление/{is28}{image(ui_icon_btlStatus_005)} Смертельное отравление.
layout:long_line,app_text01,text/item_explanation.mbe/000_Sheet1.csv,29011,1065,116 chars,Тренировочный предмет Дигифермы. Значительно повышает защиту. Смещает личность в сторону сердечности и товарищества.
layout:long_line,app_text01,text/item_explanation.mbe/000_Sheet1.csv,29012,1066,126 chars,Тренировочный предмет Дигифермы. Значительно повышает уровень интеллекта. Смещает личность в сторону понимания и товарищества.
english:mixed,app_text01,text/item_name.mbe/000_Sheet1.csv,3,4,III,Капсула ОЗ III
english:mixed,app_text01,text/item_name.mbe/000_Sheet1.csv,6,7,III,Спрей ОЗ III
english:mixed,app_text01,text/item_name.mbe/000_Sheet1.csv,9,10,III,Капсула ОС III
english:mixed,app_text01,text/item_name.mbe/000_Sheet1.csv,12,13,III,Спрей ОС III
english:mixed,app_text01,text/item_name.mbe/000_Sheet1.csv,42,43,III,Очко мужества III
english:mixed,app_text01,text/item_name.mbe/000_Sheet1.csv,63,64,III,Чип усиления ОЗ III
english:mixed,app_text01,text/item_name.mbe/000_Sheet1.csv,66,67,III,Чип усиления ОС III
english:mixed,app_text01,text/item_name.mbe/000_Sheet1.csv,69,70,III,Чип усиления АТК III
english:mixed,app_text01,text/item_name.mbe/000_Sheet1.csv,72,73,III,Чип усиления ЗАЩ III
english:mixed,app_text01,text/item_name.mbe/000_Sheet1.csv,75,76,III,Чип усиления ИНТ III
english:mixed,app_text01,text/item_name.mbe/000_Sheet1.csv,78,79,III,Чип усиления ДУХ III
english:mixed,app_text01,text/item_name.mbe/000_Sheet1.csv,81,82,III,Чип усиления СКР III
english:mixed,app_text01,text/item_name.mbe/000_Sheet1.csv,814,278,Ramen,Футболка для персонала ресторана Ramen
english:mixed,app_text01,text/item_name.mbe/000_Sheet1.csv,816,280,"Center, Game",Новинка-Футболка Game Center
english:mixed,app_text01,text/item_name.mbe/000_Sheet1.csv,824,288,Sleuth,Костюм Cyber Sleuth
english:mixed,app_text01,text/item_name.mbe/000_Sheet1.csv,828,292,TEKKEN,Футболка TEKKEN 8
english:mixed,app_text01,text/item_name.mbe/000_Sheet1.csv,829,293,TEKKEN,Футболка TEKKEN 8 (Лили)
english:mixed,app_text01,text/item_name.mbe/000_Sheet1.csv,830,294,"MAN, PAC",Футболка к 45-летию PAC-MAN
english:mixed,app_text01,text/item_name.mbe/000_Sheet1.csv,831,295,"Taiko, Tatsujin",Футболка Taiko no Tatsujin
english:mixed,app_text01,text/item_name.mbe/000_Sheet1.csv,832,296,"Arise, Hootle, Tales",Футболка Tales of Arise (Hootle)
english:mixed,app_text01,text/item_name.mbe/000_Sheet1.csv,833,297,"Idolmaster, The",Футболка The Idolmaster (Харука Амами)
english:mixed,app_text01,text/item_name.mbe/000_Sheet1.csv,835,299,"BEATBREAK, DIGIMON",Футболка DIGIMON BEATBREAK
english:mixed,app_text01,text/item_name.mbe/000_Sheet1.csv,1003,318,III,Модуль ОЗ III
english:mixed,app_text01,text/item_name.mbe/000_Sheet1.csv,1006,321,III,Модуль ОС III
english:mixed,app_text01,text/item_name.mbe/000_Sheet1.csv,1009,324,III,Модуль АТК III
english:mixed,app_text01,text/item_name.mbe/000_Sheet1.csv,1012,327,III,Модуль ЗАЩ III
english:mixed,app_text01,text/item_name.mbe/000_Sheet1.csv,1015,330,III,Модуль ИНТ III
english:mixed,app_text01,text/item_name.mbe/000_Sheet1.csv,1018,333,III,Модуль ДУХ III
english:mixed,app_text01,text/item_name.mbe/000_Sheet1.csv,1021,336,III,Модуль СКР III
english:mixed,app_text01,text/item_name.mbe/000_Sheet1.csv,20613,1027,amp,Героическая статуя (Кокувамон A &amp
english:mixed,app_text01,text/item_ruby.mbe/000_Sheet1.csv,3,4,III,Капсула HP III
english:mixed,app_text01,text/item_ruby.mbe/000_Sheet1.csv,6,7,III,Спрей ОЗ III
english:mixed,app_text01,text/item_ruby.mbe/000_Sheet1.csv,9,10,III,Капсула SP III
english:mixed,app_text01,text/item_ruby.mbe/000_Sheet1.csv,12,13,III,Спрей ОС III
english:mixed,app_text01,text/item_ruby.mbe/000_Sheet1.csv,42,43,III,Очко мужества III
english:mixed,app_text01,text/item_ruby.mbe/000_Sheet1.csv,63,54,III,Чип усиления ОЗ III
english:mixed,app_text01,text/item_ruby.mbe/000_Sheet1.csv,66,57,III,Чип усиления ОС III
english:mixed,app_text01,text/item_ruby.mbe/000_Sheet1.csv,69,60,III,Чип усиления АТК III
english:mixed,app_text01,text/item_ruby.mbe/000_Sheet1.csv,72,63,III,Чип усиления ЗАЩ III
english:mixed,app_text01,text/item_ruby.mbe/000_Sheet1.csv,75,66,III,Чип усиления ИНТ III
english:mixed,app_text01,text/item_ruby.mbe/000_Sheet1.csv,78,69,III,Чип усиления ДУХ III
english:mixed,app_text01,text/item_ruby.mbe/000_Sheet1.csv,81,72,III,Чип усиления СКР III
english:mixed,app_text01,text/item_ruby.mbe/000_Sheet1.csv,814,205,Ramen,Футболка для персонала ресторана Ramen
english:mixed,app_text01,text/item_ruby.mbe/000_Sheet1.csv,824,215,Sleuth,Костюм Cyber Sleuth
english:mixed,app_text01,text/item_ruby.mbe/000_Sheet1.csv,828,219,Tekken,Футболка Tekken 8
english:mixed,app_text01,text/item_ruby.mbe/000_Sheet1.csv,829,220,Tekken,Футболка Tekken 8 (Лили)
english:mixed,app_text01,text/item_ruby.mbe/000_Sheet1.csv,830,221,"MAN, PAC",Футболка к 45-летию PAC-MAN
english:mixed,app_text01,text/item_ruby.mbe/000_Sheet1.csv,831,222,"Taiko, Tatsujin",Футболка Taiko no Tatsujin
english:mixed,app_text01,text/item_ruby.mbe/000_Sheet1.csv,832,223,"Arise, Hootle, Tales",Футболка Tales of Arise (Hootle)
english:mixed,app_text01,text/item_ruby.mbe/000_Sheet1.csv,833,224,"Idolmaster, The",Футболка The Idolmaster (Харука Амами)
english:mixed,app_text01,text/item_ruby.mbe/000_Sheet1.csv,835,226,"BEATBREAK, DIGIMON",Футболка DIGIMON BEATBREAK
english:mixed,app_text01,text/item_ruby.mbe/000_Sheet1.csv,1003,245,III,Модуль ОЗ III
english:mixed,app_text01,text/item_ruby.mbe/000_Sheet1.csv,1006,248,III,Модуль ОС III
english:mixed,app_text01,text/item_ruby.mbe/000_Sheet1.csv,1009,251,III,Модуль АТК III
english:mixed,app_text01,text/item_ruby.mbe/000_Sheet1.csv,1012,254,III,Модуль ЗАЩ III
english:mixed,app_text01,text/item_ruby.mbe/000_Sheet1.csv,1015,257,III,Модуль ИНТ III
english:mixed,app_text01,text/item_ruby.mbe/000_Sheet1.csv,1018,260,III,Модуль ДУХ III
english:mixed,app_text01,text/item_ruby.mbe/000_Sheet1.csv,1021,263,III,Модуль СКР III
english:mixed,app_text01,text/item_ruby.mbe/000_Sheet1.csv,20619,438,"Bros, Central, Town","Героическая статуя (Central Town Bros., 1)"
english:mixed,app_text01,text/item_ruby.mbe/000_Sheet1.csv,20620,439,"Bros, Central, Town",Героическая статуя (Central Town Bros 2)
english:mixed,app_text01,text/jogress_skill_name.mbe/000_Sheet1.csv,30013,826,III,Напалм III
english:mixed,app_text01,text/jogress_skill_name.mbe/000_Sheet1.csv,30023,829,III,Вспышка пламени III
english:mixed,app_text01,text/jogress_skill_name.mbe/000_Sheet1.csv,30033,832,III,Магмопад III
english:mixed,app_text01,text/jogress_skill_name.mbe/000_Sheet1.csv,30036,835,III,Пламенный всполох III
english:mixed,app_text01,text/jogress_skill_name.mbe/000_Sheet1.csv,30043,838,III,Водяное давление III
english:mixed,app_text01,text/jogress_skill_name.mbe/000_Sheet1.csv,30053,841,III,Гидровода III
english:mixed,app_text01,text/jogress_skill_name.mbe/000_Sheet1.csv,30063,844,III,Океанская волна III
english:mixed,app_text01,text/jogress_skill_name.mbe/000_Sheet1.csv,30066,847,III,Приливный поток III
english:mixed,app_text01,text/jogress_skill_name.mbe/000_Sheet1.csv,30073,850,III,Серповидный лист III
english:mixed,app_text01,text/jogress_skill_name.mbe/000_Sheet1.csv,30083,853,III,Удар шипами III
english:mixed,app_text01,text/jogress_skill_name.mbe/000_Sheet1.csv,30093,856,III,Рунический лес III
english:mixed,app_text01,text/jogress_skill_name.mbe/000_Sheet1.csv,30096,859,III,Игольчатое растение III
english:mixed,app_text01,text/jogress_skill_name.mbe/000_Sheet1.csv,30103,862,III,Ледяная кромка III
english:mixed,app_text01,text/jogress_skill_name.mbe/000_Sheet1.csv,30113,865,III,Ледяная пуля III
english:mixed,app_text01,text/jogress_skill_name.mbe/000_Sheet1.csv,30123,868,III,Смертельная метель III
english:mixed,app_text01,text/jogress_skill_name.mbe/000_Sheet1.csv,30126,871,III,Алмазная пыль III
english:mixed,app_text01,text/jogress_skill_name.mbe/000_Sheet1.csv,30133,874,III,Сбой наномашин III
english:mixed,app_text01,text/jogress_skill_name.mbe/000_Sheet1.csv,30143,877,III,Ударная плазма III
english:mixed,app_text01,text/jogress_skill_name.mbe/000_Sheet1.csv,30153,880,III,Громопад III
english:mixed,app_text01,text/jogress_skill_name.mbe/000_Sheet1.csv,30156,883,III,Молниеносный коготь III
english:mixed,app_text01,text/jogress_skill_name.mbe/000_Sheet1.csv,30163,886,III,Кометный молот III
english:mixed,app_text01,text/jogress_skill_name.mbe/000_Sheet1.csv,30173,889,III,Бластер Геи III
english:mixed,app_text01,text/jogress_skill_name.mbe/000_Sheet1.csv,30183,892,III,Сокрушительное землетрясение III
english:mixed,app_text01,text/jogress_skill_name.mbe/000_Sheet1.csv,30186,895,III,Каменный рассекатель III
english:mixed,app_text01,text/jogress_skill_name.mbe/000_Sheet1.csv,30193,898,III,Коготь ветра III
english:mixed,app_text01,text/jogress_skill_name.mbe/000_Sheet1.csv,30203,901,III,Звуковой выстрел III
english:mixed,app_text01,text/jogress_skill_name.mbe/000_Sheet1.csv,30213,904,III,Штормовой ветер III
english:mixed,app_text01,text/jogress_skill_name.mbe/000_Sheet1.csv,30216,907,III,Буря III
english:mixed,app_text01,text/jogress_skill_name.mbe/000_Sheet1.csv,30223,910,III,Сокрушительный клинок III
english:mixed,app_text01,text/jogress_skill_name.mbe/000_Sheet1.csv,30233,913,III,Металлический ускоритель III
english:mixed,app_text01,text/jogress_skill_name.mbe/000_Sheet1.csv,30243,916,III,Цельнометаллический свайный удар III
english:mixed,app_text01,text/jogress_skill_name.mbe/000_Sheet1.csv,30246,919,III,Железный кулак III
english:mixed,app_text01,text/jogress_skill_name.mbe/000_Sheet1.csv,30253,922,III,Святой кулак III
english:mixed,app_text01,text/jogress_skill_name.mbe/000_Sheet1.csv,30263,925,III,Святой свет III
english:mixed,app_text01,text/jogress_skill_name.mbe/000_Sheet1.csv,30273,928,III,Сияющий взрыв III
english:mixed,app_text01,text/jogress_skill_name.mbe/000_Sheet1.csv,30276,931,III,Ангельская лестница III
english:mixed,app_text01,text/jogress_skill_name.mbe/000_Sheet1.csv,30283,934,III,Теневой клык III
english:mixed,app_text01,text/jogress_skill_name.mbe/000_Sheet1.csv,30293,937,III,Кошмар III
english:mixed,app_text01,text/jogress_skill_name.mbe/000_Sheet1.csv,30303,940,III,Адский сокрушитель III
english:mixed,app_text01,text/jogress_skill_name.mbe/000_Sheet1.csv,30306,943,III,Страх души III
english:mixed,app_text01,text/jogress_skill_name.mbe/000_Sheet1.csv,30313,946,III,Тяжёлый удар III
english:mixed,app_text01,text/jogress_skill_name.mbe/000_Sheet1.csv,30323,949,III,Силовая энергия III
english:mixed,app_text01,text/jogress_skill_name.mbe/000_Sheet1.csv,30333,952,III,Луч пустоты III
english:mixed,app_text01,text/jogress_skill_name.mbe/000_Sheet1.csv,30336,955,III,Врата безумия III
english:mixed,app_text01,text/main_quest_step.mbe/000_Sheet1.csv,310064,209,SDGP,"Победите Граплеомона, чемпиона SDGP."
layout:long_line,app_text01,text/personality_skill_explanation.mbe/000_Sheet1.csv,10,12,150 chars,"Повышает {is28}{image(ui_icon_btlStatus_016)} АТК в первые 3 раунда. Чем раньше раунд, тем сильнее повышение {is28}{image(ui_icon_btlStatus_016)} АТК."
layout:long_line,app_text01,text/personality_skill_explanation.mbe/000_Sheet1.csv,17,19,150 chars,"Повышает {is28}{image(ui_icon_btlStatus_016)} АТК, когда HP 90% или ниже. Чем ниже HP, тем сильнее повышение {is28}{image(ui_icon_btlStatus_016)} АТК."
layout:long_line,app_text01,text/personality_skill_explanation.mbe/000_Sheet1.csv,29,31,155 chars,"Повышает {is28}{image(ui_icon_btlStatus_020)} ИНТ с 4-го раунда. Чем больше прошло раундов, тем сильнее повышение {is28}{image(ui_icon_btlStatus_020)} ИНТ."
layout:long_line,app_text01,text/personality_skill_explanation.mbe/000_Sheet1.csv,33,35,150 chars,"Повышает {is28}{image(ui_icon_btlStatus_018)} ЗАЩ, когда HP 90% или ниже. Чем ниже HP, тем сильнее повышение {is28}{image(ui_icon_btlStatus_018)} ЗАЩ."
layout:long_line,app_text01,text/personality_skill_explanation.mbe/000_Sheet1.csv,41,43,169 chars,В начале боя повышает {is28}{image(ui_icon_btlStatus_016)} АТК и {is28}{image(ui_icon_btlStatus_020)} ИНТ всех союзников в зависимости от суммарной связи участников боя.
layout:long_line,app_text01,text/personality_skill_explanation.mbe/000_Sheet1.csv,57,59,155 chars,"Повышает {is28}{image(ui_icon_btlStatus_016)} АТК с 4-го раунда. Чем больше прошло раундов, тем сильнее повышение {is28}{image(ui_icon_btlStatus_016)} АТК."
layout:long_line,app_text01,text/personality_skill_explanation.mbe/000_Sheet1.csv,58,60,165 chars,В начале боя снижает {is28}{image(ui_icon_btlStatus_019)} ЗАЩ и {is28}{image(ui_icon_btlStatus_023)} ДУХ всех врагов в зависимости от суммарной связи участников боя.
layout:long_line,app_text01,text/personality_skill_explanation.mbe/000_Sheet1.csv,65,67,150 chars,"Повышает {is28}{image(ui_icon_btlStatus_020)} ИНТ, когда HP 90% или ниже. Чем ниже HP, тем сильнее повышение {is28}{image(ui_icon_btlStatus_020)} ИНТ."
layout:long_line,app_text01,text/personality_skill_explanation.mbe/000_Sheet1.csv,74,76,150 chars,"Повышает {is28}{image(ui_icon_btlStatus_020)} ИНТ в первые 3 раунда. Чем раньше раунд, тем сильнее повышение {is28}{image(ui_icon_btlStatus_020)} ИНТ."
english:mixed,app_text01,text/quest_outline.mbe/000_Sheet1.csv,88,55,VIP,"Загляни в VIP-зал. Мне нужно попросить тебя
об одолжении. Для тебя это тоже будет выгодно."
machine:calque,app_text01,text/quest_outline.mbe/000_Sheet1.csv,200,116,являет,"Какие странные сны, но они кажутся такими реальными...
словно я и правда там. И в них тоже появляется дигимон.
Это может стать моей следующей сенсацией! Хе-хе.
Запишу заметку, когда это случится в следующий раз!"
english:mixed,app_text01,text/quest_step.mbe/000_Sheet1.csv,168020,360,TBD,Продайте топаз (TBD) Кокувамону.
english:mixed,app_text01,text/quest_step.mbe/000_Sheet1.csv,178010,385,VIP,Идите в VIP-зал.
english:mixed,app_text01,text/quest_title.mbe/000_Sheet1.csv,217,123,XII,Тестовый матч Олимпоса XII
layout:long_line,app_text01,text/skill_explanation.mbe/000_Sheet1.csv,11020,6,155 chars,"[Цель: все союзники]
Умеренно восстанавливает HP.
Накладывает {is28}{image(ui_icon_btlStatus_040)} иммунитет к аномалиям состояния и {is28}{image(ui_icon_btlStatus_041)} иммунитет к снижению характеристик."
layout:long_line,app_text01,text/skill_explanation.mbe/000_Sheet1.csv,11025,11,133 chars,[Цель: Все союзники] 50% повышение уровня АТК / ЗАЩ / ИНТ / ДУХ / СКР на 3 хода. Сводит к нулю физический / магический урон на 1 ход.
layout:long_line,app_text01,text/skill_explanation.mbe/000_Sheet1.csv,21782,14,192 chars,[Цель: 1 враг] Наносит физическую атаку {is28}{image(ui_icon_skill_000)} Нейтральный силой 80. Если у цели есть атрибут: повышенный урон. Повышенный урон по целям с особенностью «Минеральный».
layout:long_line,app_text01,text/skill_explanation.mbe/000_Sheet1.csv,27375,16,122 chars,"[Цель: 1 враг] Наносит физическую атаку со случайной силой/элементом/эффектом:
 - Сила 110 {is28}{image(ui_icon_skill_006)} Сталь; повышенный урон по «Минеральный»; игнорирует невыгодную совместимость.
 - Сила 100 {is28}{image(ui_icon_skill_000)} Нейтральный; повышенный урон по «Оружие»; шанс крита 20%.
 - Сила 105 {is28}{image(ui_icon_skill_005)} Электричество; повышенный урон по «Амфибия»."
layout:long_line,app_text01,text/skill_explanation.mbe/000_Sheet1.csv,31061,23,119 chars,"[Цель: 1 союзник]
Снимает аномалии состояния, {is28}{image(ui_icon_btlStatus_012)} Травму и {is28}{image(ui_icon_btlStatus_013)} Болезнь."
layout:long_line,app_text01,text/skill_explanation.mbe/000_Sheet1.csv,27496,29,249 chars,"Активирует {is28}{image(ui_icon_btlStatus_036)} Физическую контратаку. При получении физической атаки контратакует физической атакой {is28}{image(ui_icon_skill_001)} Огонь силой 250. Игнорирует невыгодную совместимость. Снижает ЗАЩ на 20% на 3 хода.
Повышенный урон по целям с особенностью «Гуманоид»."
layout:long_line,app_text01,text/skill_explanation.mbe/000_Sheet1.csv,27383,31,225 chars,"Активирует {is28}{image(ui_icon_btlStatus_036)} Физическую контратаку. При получении физической атаки контратакует магической атакой {is28}{image(ui_icon_skill_000)} Нейтральный силой 115. Игнорирует невыгодную совместимость.
Повышенный урон по целям с особенностью «Мифический»."
layout:long_line,app_text01,text/skill_explanation.mbe/000_Sheet1.csv,21282,33,156 chars,"[Цель: все союзники]
100% шанс снизить получаемый физический/магический урон на 20% на 2 хода. 100% шанс повысить сопротивление {is28}{image(ui_icon_skill_006)} Стали на 2 хода."
layout:long_line,app_text01,text/skill_explanation.mbe/000_Sheet1.csv,27772,34,141 chars,"[Цель: все враги]
Наносит физическую атаку {is28}{image(ui_icon_skill_009)} Свет силой 105. 100% шанс снизить все характеристики пользователя на 20% на 3 хода.
Повышенный урон по целям с особенностью «Бессмертный»."
layout:long_line,app_text01,text/skill_explanation.mbe/000_Sheet1.csv,23382,45,168 chars,"[Цель: все враги] Наносит магическую атаку {is28}{image(ui_icon_skill_000)} Нейтральный силой 80. 50% шанс наложить {is28}{image(ui_icon_btlStatus_008)} Обездвиживание.
70% шанс снизить ЗАЩ на 20% на 3 хода.
Повышенный урон по целям с особенностью «Святой»."
layout:long_line,app_text01,text/skill_explanation.mbe/000_Sheet1.csv,21941,53,202 chars,"[Цель: все враги] Наносит физическую атаку {is28}{image(ui_icon_skill_006)} Сталь силой 35 x 4 уд. Чем ниже SP пользователя, тем меньше урон. Потребляет все SP. Пользователь обездвижен на следующий ход.
Повышенный урон по целям с особенностью «Машина»."
layout:long_line,app_text01,text/skill_explanation.mbe/000_Sheet1.csv,21881,54,142 chars,"[Цель: 1 враг] Наносит физическую атаку {is28}{image(ui_icon_skill_003)} Растения силой 85. Восстанавливает HP/SP на 10% от нанесённого урона.
100% шанс снизить сопротивление {is28}{image(ui_icon_skill_003)} Растениям.
Повышенный урон по целям с особенностью «Божество»."
layout:long_line,app_text01,text/skill_explanation.mbe/000_Sheet1.csv,21863,55,118 chars,"Активирует {is28}{image(ui_icon_btlStatus_036)} Физическую контратаку.
При получении физической атаки контратакует магической атакой {is28}{image(ui_icon_skill_005)} Электричество силой 90."
layout:long_line,app_text01,text/skill_explanation.mbe/000_Sheet1.csv,21852,56,156 chars,"[Цель: 1 враг] Наносит физическую атаку {is28}{image(ui_icon_skill_010)} Тьма силой 70. Если цель — {is28}{image(ui_icon_type_020)} Данные: повышенный урон.
100% шанс снизить сопротивление {is28}{image(ui_icon_skill_010)} Тьме.
Повышенный урон по целям с особенностью «Ангел»."
layout:long_line,app_text01,text/skill_explanation.mbe/000_Sheet1.csv,21703,58,122 chars,"Активирует {is28}{image(ui_icon_btlStatus_036)} Физическую контратаку.
При получении физической атаки контратакует всех врагов физической атакой {is28}{image(ui_icon_skill_010)} Тьма силой 105.
Повышенный урон по целям с особенностью «Неизвестный»."
layout:long_line,app_text01,text/skill_explanation.mbe/000_Sheet1.csv,20472,62,123 chars,"[Цель: 1 враг] Наносит физическую атаку {is28}{image(ui_icon_skill_000)} Нейтральный силой 80. 70% шанс снизить ИНТ на 20%.
70% шанс наложить {is28}{image(ui_icon_btlStatus_010)} Кристаллизацию.
Повышенный урон по целям с особенностью «Неизвестный»."
layout:long_line,app_text01,text/skill_explanation.mbe/000_Sheet1.csv,20462,63,159 chars,"[Цель: 1 враг] Наносит магическую атаку {is28}{image(ui_icon_skill_010)} Тьма силой 80. 100% шанс наложить {is28}{image(ui_icon_btlStatus_010)} Кристаллизацию.
70% шанс снизить АТК/ЗАЩ/ИНТ/ДУХ на 20%.
Если HP цели 50% или выше: повышенный урон."
layout:long_line,app_text01,text/skill_explanation.mbe/000_Sheet1.csv,25921,79,262 chars,"[Цель: 1 враг] Наносит физическую атаку {is28}{image(ui_icon_skill_003)} Растения силой 60.
Если цель под действием {is28}{image(ui_icon_btlStatus_000)} Отравления/{is28}{image(ui_icon_btlStatus_005)} Смертельного отравления/{is28}{image(ui_icon_btlStatus_004)} Сна/{is28}{image(ui_icon_btlStatus_009)} Глубокого сна: 25% шанс наложить Мгновенную смерть.
Повышенный урон по целям с особенностью «Насекомое»."
layout:long_line,app_text01,text/skill_explanation.mbe/000_Sheet1.csv,26171,85,132 chars,"[Цель: 1 враг] Наносит физическую атаку {is28}{image(ui_icon_skill_006)} Сталь силой 35 x 3 уд. Игнорирует невыгодную совместимость.
Получает 20% HP урона от отдачи атаки.
Повышенный урон по целям с особенностью «Оружие»."
layout:long_line,app_text01,text/skill_explanation.mbe/000_Sheet1.csv,26051,87,150 chars,"[Цель: 1 враг]
Наносит физическую атаку {is28}{image(ui_icon_skill_004)} Вода силой 35 x 2 уд.
Если цель под действием {is28}{image(ui_icon_btlStatus_002)} Смятения/{is28}{image(ui_icon_btlStatus_007)} Хаоса: 25% шанс наложить Мгновенную смерть."
layout:long_line,app_text01,text/skill_explanation.mbe/000_Sheet1.csv,24211,93,148 chars,"[Цель: 1 враг]
Наносит магическую атаку {is28}{image(ui_icon_skill_009)} Свет силой 85.
Если цель — {is28}{image(ui_icon_type_040)} Вирус: 75% шанс снизить АТК/ИНТ на 15% на 3 хода. Повышенный урон по целям с особенностью «Бессмертный»."
layout:long_line,app_text01,text/skill_explanation.mbe/000_Sheet1.csv,21031,94,150 chars,"[Цель: 1 враг]
Наносит физическую атаку {is28}{image(ui_icon_skill_004)} Вода силой 45.
Если цель под действием {is28}{image(ui_icon_btlStatus_002)} Смятения/{is28}{image(ui_icon_btlStatus_007)} Хаоса: 25% шанс наложить Мгновенную смерть."
layout:long_line,app_text01,text/skill_explanation.mbe/000_Sheet1.csv,26042,96,303 chars,"[Цель: все враги] Наносит магическую атаку {is28}{image(ui_icon_skill_002)} Лёд силой 20 x 4 уд. Если цель под действием аномалий состояния, {is28}{image(ui_icon_btlStatus_012)} Травмы или {is28}{image(ui_icon_btlStatus_013)} Болезни: повышенный урон. Повышенный урон по целям с особенностью «Огненный»."
layout:long_line,app_text01,text/skill_explanation.mbe/000_Sheet1.csv,23991,97,133 chars,"[Цель: 1 враг]
Наносит магическую атаку {is28}{image(ui_icon_skill_004)} Вода силой 60.
Если цель под действием {is28}{image(ui_icon_btlStatus_004)} Сна/{is28}{image(ui_icon_btlStatus_009)} Глубокого сна: повышенный урон."
layout:long_line,app_text01,text/skill_explanation.mbe/000_Sheet1.csv,21301,103,150 chars,"[Цель: 1 враг]
Наносит физическую атаку {is28}{image(ui_icon_skill_004)} Вода силой 60.
Если цель под действием {is28}{image(ui_icon_btlStatus_002)} Смятения/{is28}{image(ui_icon_btlStatus_007)} Хаоса: 25% шанс наложить Мгновенную смерть."
layout:long_line,app_text01,text/skill_explanation.mbe/000_Sheet1.csv,27332,104,185 chars,"[Цель: 1 враг]
Наносит магическую атаку {is28}{image(ui_icon_skill_002)} Лёд силой 90.
Если цель под действием {is28}{image(ui_icon_btlStatus_004)} Сна/{is28}{image(ui_icon_btlStatus_009)} Глубокого сна: повышенный урон. Повышенный урон по целям с особенностью «Гуманоид»."
layout:long_line,app_text01,text/skill_explanation.mbe/000_Sheet1.csv,27381,105,187 chars,"[Цель: все враги] Наносит физическую атаку {is28}{image(ui_icon_skill_001)} Огонь силой 115. 100% шанс снизить ЗАЩ пользователя на 30% на 3 хода. Пользователь обездвижен на следующий ход.
Повышенный урон по целям с особенностью «Злой»."
layout:long_line,app_text01,text/skill_explanation.mbe/000_Sheet1.csv,23761,108,184 chars,"[Цель: 1 враг]
Наносит магическую атаку {is28}{image(ui_icon_skill_000)} Нейтральный силой 90.
Если цель под действием {is28}{image(ui_icon_btlStatus_004)} Сна/{is28}{image(ui_icon_btlStatus_009)} Глубокого сна: повышенный урон. Повышенный урон по целям с особенностью «Амфибия»."
layout:long_line,app_text01,text/skill_explanation.mbe/000_Sheet1.csv,21691,115,187 chars,"[Цель: 1 враг]
Наносит физическую атаку {is28}{image(ui_icon_skill_005)} Электричество силой 90.
Если цель под действием {is28}{image(ui_icon_btlStatus_003)} Паралича/{is28}{image(ui_icon_btlStatus_008)} Обездвиживания: повышенный урон. Повышенный урон по целям с особенностью «Злой»."
layout:long_line,app_text01,text/skill_explanation.mbe/000_Sheet1.csv,20372,116,165 chars,"[Цель: все враги] Наносит физическую атаку {is28}{image(ui_icon_skill_004)} Вода силой 55. Если цель под действием снижения ЗАЩ: 20% шанс наложить Мгновенную смерть.
Повышенный урон по целям с особенностью «Неизвестный»."
layout:long_line,app_text01,text/skill_explanation.mbe/000_Sheet1.csv,22353,117,116 chars,"Активирует {is28}{image(ui_icon_btlStatus_036)} Физическую контратаку.
При получении физической атаки контратакует физической атакой {is28}{image(ui_icon_skill_000)} Нейтральный силой 85."
layout:long_line,app_text01,text/skill_explanation.mbe/000_Sheet1.csv,21721,118,154 chars,[Цель: 1 враг] Наносит фиксированный урон мощностью 10 х 3 попадания. 100% вероятность снижения на 30% до АТК / ИНТ на 3 хода. Удаляет статусные усиления.
layout:long_line,app_text01,text/skill_explanation.mbe/000_Sheet1.csv,20802,124,197 chars,"[Цель: 1 враг] Наносит физическую атаку {is28}{image(ui_icon_skill_000)} Нейтральный силой 80. 100% шанс снизить ЗАЩ на 20% на 3 хода. 50% шанс наложить {is28}{image(ui_icon_btlStatus_012)} Травму.
Повышенный урон по целям с особенностью «Неизвестный»."
layout:long_line,app_text01,text/skill_explanation.mbe/000_Sheet1.csv,26001,125,173 chars,"[Цель: 1 враг] Наносит физическую атаку {is28}{image(ui_icon_skill_000)} Нейтральный силой 85. 50% шанс наложить {is28}{image(ui_icon_btlStatus_005)} Смертельное отравление.
50% шанс наложить {is28}{image(ui_icon_btlStatus_010)} Кристаллизацию. Повышенный урон по целям с особенностью «Неизвестный»."
english:mixed,app_text01,text/skill_name.mbe/000_Sheet1.csv,30013,685,III,Напалм III
english:mixed,app_text01,text/skill_name.mbe/000_Sheet1.csv,30023,688,III,Вспышка пламени III
english:mixed,app_text01,text/skill_name.mbe/000_Sheet1.csv,30033,691,III,Магмопад III
english:mixed,app_text01,text/skill_name.mbe/000_Sheet1.csv,30036,694,III,Пламенный всполох III
english:mixed,app_text01,text/skill_name.mbe/000_Sheet1.csv,30043,697,III,Водяное давление III
english:mixed,app_text01,text/skill_name.mbe/000_Sheet1.csv,30053,700,III,Гидровода III
english:mixed,app_text01,text/skill_name.mbe/000_Sheet1.csv,30063,703,III,Океанская волна III
english:mixed,app_text01,text/skill_name.mbe/000_Sheet1.csv,30066,706,III,Приливный поток III
english:mixed,app_text01,text/skill_name.mbe/000_Sheet1.csv,30073,709,III,Серповидный лист III
english:mixed,app_text01,text/skill_name.mbe/000_Sheet1.csv,30083,712,III,Удар шипами III
english:mixed,app_text01,text/skill_name.mbe/000_Sheet1.csv,30093,715,III,Рунический лес III
english:mixed,app_text01,text/skill_name.mbe/000_Sheet1.csv,30096,718,III,Игольчатое растение III
english:mixed,app_text01,text/skill_name.mbe/000_Sheet1.csv,30103,721,III,Ледяная кромка III
english:mixed,app_text01,text/skill_name.mbe/000_Sheet1.csv,30113,724,III,Ледяная пуля III
english:mixed,app_text01,text/skill_name.mbe/000_Sheet1.csv,30123,727,III,Смертельная метель III
english:mixed,app_text01,text/skill_name.mbe/000_Sheet1.csv,30126,730,III,Алмазная пыль III
english:mixed,app_text01,text/skill_name.mbe/000_Sheet1.csv,30133,733,III,Сбой наномашин III
english:mixed,app_text01,text/skill_name.mbe/000_Sheet1.csv,30143,736,III,Ударная плазма III
english:mixed,app_text01,text/skill_name.mbe/000_Sheet1.csv,30153,739,III,Громопад III
english:mixed,app_text01,text/skill_name.mbe/000_Sheet1.csv,30156,742,III,Молниеносный коготь III
english:mixed,app_text01,text/skill_name.mbe/000_Sheet1.csv,30163,745,III,Кометный молот III
english:mixed,app_text01,text/skill_name.mbe/000_Sheet1.csv,30173,748,III,Бластер Геи III
english:mixed,app_text01,text/skill_name.mbe/000_Sheet1.csv,30183,751,III,Сокрушительное землетрясение III
english:mixed,app_text01,text/skill_name.mbe/000_Sheet1.csv,30186,754,III,Каменный рассекатель III
english:mixed,app_text01,text/skill_name.mbe/000_Sheet1.csv,30193,757,III,Коготь ветра III
english:mixed,app_text01,text/skill_name.mbe/000_Sheet1.csv,30203,760,III,Звуковой выстрел III
english:mixed,app_text01,text/skill_name.mbe/000_Sheet1.csv,30213,763,III,Штормовой ветер III
english:mixed,app_text01,text/skill_name.mbe/000_Sheet1.csv,30216,766,III,Буря III
english:mixed,app_text01,text/skill_name.mbe/000_Sheet1.csv,30223,769,III,Сокрушительный клинок III
english:mixed,app_text01,text/skill_name.mbe/000_Sheet1.csv,30233,772,III,Металлический ускоритель III
english:mixed,app_text01,text/skill_name.mbe/000_Sheet1.csv,30243,775,III,Цельнометаллический свайный удар III
english:mixed,app_text01,text/skill_name.mbe/000_Sheet1.csv,30246,778,III,Железный кулак III
english:mixed,app_text01,text/skill_name.mbe/000_Sheet1.csv,30253,781,III,Святой кулак III
english:mixed,app_text01,text/skill_name.mbe/000_Sheet1.csv,30263,784,III,Святой свет III
english:mixed,app_text01,text/skill_name.mbe/000_Sheet1.csv,30273,787,III,Сияющий взрыв III
english:mixed,app_text01,text/skill_name.mbe/000_Sheet1.csv,30276,790,III,Ангельская лестница III
english:mixed,app_text01,text/skill_name.mbe/000_Sheet1.csv,30283,793,III,Теневой клык III
english:mixed,app_text01,text/skill_name.mbe/000_Sheet1.csv,30293,796,III,Кошмар III
english:mixed,app_text01,text/skill_name.mbe/000_Sheet1.csv,30303,799,III,Адский сокрушитель III
english:mixed,app_text01,text/skill_name.mbe/000_Sheet1.csv,30306,802,III,Страх души III
english:mixed,app_text01,text/skill_name.mbe/000_Sheet1.csv,30313,805,III,Тяжёлый удар III
english:mixed,app_text01,text/skill_name.mbe/000_Sheet1.csv,30323,808,III,Силовая энергия III
english:mixed,app_text01,text/skill_name.mbe/000_Sheet1.csv,30333,811,III,Луч пустоты III
english:mixed,app_text01,text/skill_name.mbe/000_Sheet1.csv,30336,814,III,Врата безумия III
english:mixed,app_text01,text/skill_ruby.mbe/000_Sheet1.csv,30013,4,III,Напалм III
english:mixed,app_text01,text/skill_ruby.mbe/000_Sheet1.csv,30023,7,III,Вспышка пламени III
english:mixed,app_text01,text/skill_ruby.mbe/000_Sheet1.csv,30033,10,III,Магмопад III
english:mixed,app_text01,text/skill_ruby.mbe/000_Sheet1.csv,30036,13,III,Пламенный всполох III
english:mixed,app_text01,text/skill_ruby.mbe/000_Sheet1.csv,30043,16,III,Водяное давление III
english:mixed,app_text01,text/skill_ruby.mbe/000_Sheet1.csv,30053,19,III,Гидровода III
english:mixed,app_text01,text/skill_ruby.mbe/000_Sheet1.csv,30063,22,III,Океанская волна III
english:mixed,app_text01,text/skill_ruby.mbe/000_Sheet1.csv,30066,25,III,Приливный поток III
english:mixed,app_text01,text/skill_ruby.mbe/000_Sheet1.csv,30073,28,III,Серповидный лист III
english:mixed,app_text01,text/skill_ruby.mbe/000_Sheet1.csv,30083,31,III,Удар шипами III
english:mixed,app_text01,text/skill_ruby.mbe/000_Sheet1.csv,30093,34,III,Рунический лес III
english:mixed,app_text01,text/skill_ruby.mbe/000_Sheet1.csv,30096,37,III,Игольчатое растение III
english:mixed,app_text01,text/skill_ruby.mbe/000_Sheet1.csv,30103,40,III,Ледяная кромка III
english:mixed,app_text01,text/skill_ruby.mbe/000_Sheet1.csv,30113,43,III,Ледяная пуля III
english:mixed,app_text01,text/skill_ruby.mbe/000_Sheet1.csv,30123,46,III,Смертельная метель III
english:mixed,app_text01,text/skill_ruby.mbe/000_Sheet1.csv,30126,49,III,Алмазная пыль III
english:mixed,app_text01,text/skill_ruby.mbe/000_Sheet1.csv,30133,52,III,Сбой наномашин III
english:mixed,app_text01,text/skill_ruby.mbe/000_Sheet1.csv,30143,55,III,Ударная плазма III
english:mixed,app_text01,text/skill_ruby.mbe/000_Sheet1.csv,30153,58,III,Громопад III
english:mixed,app_text01,text/skill_ruby.mbe/000_Sheet1.csv,30156,61,III,Молниеносный коготь III
english:mixed,app_text01,text/skill_ruby.mbe/000_Sheet1.csv,30163,64,III,Кометный молот III
english:mixed,app_text01,text/skill_ruby.mbe/000_Sheet1.csv,30173,67,III,Бластер Геи III
english:mixed,app_text01,text/skill_ruby.mbe/000_Sheet1.csv,30183,70,III,Сокрушительное землетрясение III
english:mixed,app_text01,text/skill_ruby.mbe/000_Sheet1.csv,30186,73,III,Каменный рассекатель III
english:mixed,app_text01,text/skill_ruby.mbe/000_Sheet1.csv,30193,76,III,Коготь ветра III
english:mixed,app_text01,text/skill_ruby.mbe/000_Sheet1.csv,30203,79,III,Звуковой выстрел III
english:mixed,app_text01,text/skill_ruby.mbe/000_Sheet1.csv,30213,82,III,Штормовой ветер III
english:mixed,app_text01,text/skill_ruby.mbe/000_Sheet1.csv,30216,85,III,Буря III
english:mixed,app_text01,text/skill_ruby.mbe/000_Sheet1.csv,30223,88,III,Сокрушительный клинок III
english:mixed,app_text01,text/skill_ruby.mbe/000_Sheet1.csv,30233,91,III,Металлический ускоритель III
english:mixed,app_text01,text/skill_ruby.mbe/000_Sheet1.csv,30243,94,III,Цельнометаллический свайный удар III
english:mixed,app_text01,text/skill_ruby.mbe/000_Sheet1.csv,30246,97,III,Железный кулак III
english:mixed,app_text01,text/skill_ruby.mbe/000_Sheet1.csv,30253,100,III,Святой кулак III
english:mixed,app_text01,text/skill_ruby.mbe/000_Sheet1.csv,30263,103,III,Святой свет III
english:mixed,app_text01,text/skill_ruby.mbe/000_Sheet1.csv,30273,106,III,Сияющий взрыв III
english:mixed,app_text01,text/skill_ruby.mbe/000_Sheet1.csv,30276,109,III,Ангельская лестница III
english:mixed,app_text01,text/skill_ruby.mbe/000_Sheet1.csv,30283,112,III,Теневой клык III
english:mixed,app_text01,text/skill_ruby.mbe/000_Sheet1.csv,30293,115,III,Кошмар III
english:mixed,app_text01,text/skill_ruby.mbe/000_Sheet1.csv,30303,118,III,Адский сокрушитель III
english:mixed,app_text01,text/skill_ruby.mbe/000_Sheet1.csv,30306,121,III,Страх души III
english:mixed,app_text01,text/skill_ruby.mbe/000_Sheet1.csv,30313,124,III,Тяжёлый удар III
english:mixed,app_text01,text/skill_ruby.mbe/000_Sheet1.csv,30323,127,III,Силовая энергия III
english:mixed,app_text01,text/skill_ruby.mbe/000_Sheet1.csv,30333,130,III,Луч пустоты III
english:mixed,app_text01,text/skill_ruby.mbe/000_Sheet1.csv,30336,133,III,Врата безумия III
layout:long_line,app_text01,text/tamer_skill_explanation.mbe/000_Sheet1.csv,212,213,119 chars,"Обучает Комбинированному Искусству: Аура.
Эффект: Умеренно восстанавливает ОЗ всех союзников. Накладывает
{is28}{image(ui_icon_btlStatus_040)} иммунитет к статусным аномалиям и {is28}{image(ui_icon_btlStatus_041)} Иммунитет к
ослаблению характеристик.
{fc9Прим.: Через меню Комбинированных Искусств.}"
english:mixed,app_text01,text/trophy.mbe/000_Sheet1.csv,trophy_name_017,18,SDGP,Чемпион SDGP
english:mixed,app_text01,text/trophy.mbe/000_Sheet1.csv,trophy_name_018,19,HRCGT,Чемпион HRCGT
english:mixed,app_text01,text/trophy.mbe/000_Sheet1.csv,trophy_explanation_017,64,SDGP,Станьте чемпионом SDGP.
english:mixed,app_text01,text/trophy.mbe/000_Sheet1.csv,trophy_explanation_018,65,HRCGT,Станьте чемпионом HRCGT.
english:mixed,app_text01,text/trophy.mbe/000_Sheet1.csv,trophy_explanation_038,85,OMNI,Станьте чемпионом Величайшего OMNI-карнавала.
english:mixed,app_text01,text/tutorial_explanation.mbe/000_Sheet1.csv,tutorial_exp_AdditionalAttack_01_002,6,HUD,"Когда активируются Дополнительные удары, на HUD появится круг.

{fc9Нажмите {decision}, когда круг достигнет центра, чтобы вызвать
«Эффект Удара»}."
layout:long_line,app_text01,text/tutorial_explanation.mbe/000_Sheet1.csv,tutorial_exp_Compatibility_01_001,7,158 chars,"Урон рассчитывается на основе совместимости Атрибутов
{fc9(матрица совместимости {is28}{image(ui_icon_type_000)} Вакцина > {is28}{image(ui_icon_type_040)} Вирус > {is28}{image(ui_icon_type_020)} Данные)}, а также
{fc9Элементальных Сопротивлений, Черт и уровня атакующего}."
layout:long_line,app_text01,text/tutorial_explanation.mbe/000_Sheet1.csv,tutorial_exp_Status_04_001,34,246 chars," - Преимущество: {fc9урон x2}
 - Недостаток: {fc9урон x0,5}
 - {is28}{image(ui_icon_type_120)} {fc9Без атрибута}, {is28}{image(ui_icon_type_060)} {fc9Свободный}, {is28}{image(ui_icon_type_080)} {fc9Переменный} и {is28}{image(ui_icon_type_100)} {fc9Неизвестно} не имеют преимуществ перед другими атрибутами."
layout:long_line,app_text01,text/tutorial_explanation.mbe/000_Sheet1.csv,tutorial_exp_SkillChange_01_001,41,126 chars,"Союзные дигимоны могут экипировать «дополнительные навыки», чтобы вы свободно меняли их способности.

{fc9До 4 навыков можно поставить с помощью «дисков навыков».}

Диски навыков можно получить разными способами: купить в магазине, найти в сундуке или получить при повышении уровня дигимона."
layout:long_line,app_text01,text/tutorial_explanation.mbe/000_Sheet1.csv,tutorial_exp_PartyAegiomon_01_001,52,148 chars,"Эгиомон стал вашим союзником в бою.

Эгиомон - особый гостевой участник.

{fc9Хотя Эгиомон не может заменить других дигимонов, вы можете отдавать ему приказы. Он также может экипировать дополнительные навыки и снаряжение.}"
machine:calque,app_text01,text/tutorial_explanation.mbe/000_Sheet1.csv,tutorial_exp_Encounter_01_001,62,являет,"Вступите в контакт с враждебным Дигимоном, и вы начнёте битву.

Хотя это может быть сурово и беспощадно, опыт, полученный в битве,
необходим. От помощи в развитии твоего Дигимона-партнёра до
увеличения Сканирования для Конвертации Дигимонов — битва
является ключом к преодолению вызовов, ожидающих тебя в миссии.

Активно вступайте в битвы и становитесь сильнее, Агент."
machine:calque,app_text01,text/tutorial_explanation.mbe/000_Sheet1.csv,tutorial_exp_FieldAnalysis_01_001,77,относительно,"Этот режим позволяет вашему Дигивайсу отображать различную
информацию, которую нельзя увидеть невооружённым глазом.

{fc9- Видеть, какие объекты можно атаковать с помощью Дигиатаки.
- Просматривать детали относительно враждебного Дигимона
(используйте {sub2}).
- Искать сундуки с сокровищами и материалы.}

Находясь в Режиме Анализа, вы можете выполнять Дигиатаки
по враждебным Дигимонам и объектам."
english:mixed,app_text01,text/tutorial_explanation.mbe/000_Sheet1.csv,tutorial_exp_CardsRule_01_004,116,JUCG,"[Таинственное Дублирование после Битв JUCG]
{fc9После карточной битвы использованные карты, которых у тебя
ещё нет, дублируются для вашего выбора.}

Чем больше раундов вы выиграете, тем больше карт вы можете
получить.
5 побед = 3 карты
3–4 победы = 2 карты
1–2 победы = 1 карта
0 побед = 0 карт"
machine:calque,app_text01,text/tutorial_explanation.mbe/000_Sheet1.csv,tutorial_exp_WorldView_003_001,172,являются,"Дигимоны — это загадочные существа с сильной корреляцией с
областями, где наблюдались аномальные явления. Хотя АДАМАС
исследует этих существ много лет, мы всё ещё знаем о них очень
мало. До недавнего времени мы могли описывать их только как то,
что люди называют «фантомами». Однако в последнее время
организация усилила свои исследовательские усилия в ответ на
внезапное увеличение числа наблюдений Дигимонов за последние
годы. Было обнаружено, что Дигимоны являются
«электронными формами жизни», обладающими характеристиками
как органической материи, так и электрических сигналов. Считается,
что они являются источником аномальных явлений."
machine:calque,app_text01,text/tutorial_explanation.mbe/000_Sheet1.csv,tutorial_exp_WorldView_004_001,173,являются,"Это специальное устройство было разработано АДАМАС и содержит
уникальную «программу призыва», которая использует электронные
данные Дигимона. Эти устройства выдаются агентам и позволяют им
конвертировать аспект Дигимона, соответствующий генам, в
электронные данные, состоящие из единиц и нулей. И даже хотя
Дигимоны также являются органическими формами жизни, они также
могут быть «скопированы» из-за этих данных, если соблюдены
определённые условия."
layout:long_line,app_text01,text/tutorial_explanation.mbe/000_Sheet1.csv,tutorial_exp_Attribute_01_001,177,207 chars,"Каждый Дигимон обладает родством с каждым из элементов:

{is28}{image(ui_icon_skill_001)} Огонь, {is28}{image(ui_icon_skill_002)} Лёд, {is28}{image(ui_icon_skill_003)} Растение, {is28}{image(ui_icon_skill_004)} Вода, {is28}{image(ui_icon_skill_005)} Электричество,
{is28}{image(ui_icon_skill_006)} Сталь, {is28}{image(ui_icon_skill_007)} Ветер, {Is28}{image(ui_icon_skill_008)} Земля. {is28}{image(ui_icon_skill_009)} Свет, {is28}{image(ui_icon_skill_010)} Тьма, и
{is28}{image(ui_icon_skill_000)} Ноль.

Это влияют на их элементальные сопротивления, как показано ниже:
{fc11◎}:{fc9 урон х2}
{fc11○}:{fc9 урон х1.5}
－: Нет эффекта
{fc2△}:{fc9 урон х0.5}
{fc2×}:{fc9 Нет урона}"
machine:calque,app_text01,text/tutorial_explanation.mbe/000_Sheet1.csv,tutorial_exp_ActionOrder_01_001,182,являет,"Порядок Хода во время битвы определяется статом СКР каждого
Дигимона.
Порядок Хода пересчитывается, когда СКР меняется для любого
Дигимона.

{fc9Использование навыков и предметов для изменения СКР ваших
союзников и врагов с целью манипулирования Порядком Хода
является ключевой боевой стратегией.}"
machine:calque,app_text01,text/tutorial_explanation.mbe/000_Sheet1.csv,tutorial_exp_SpecialSkills_01_001,184,являет,"Это уникальный набор навыков Дигимона, способный наносить
большой урон или вызывать определённые эффекты.

Некоторые Дигимоны даже имеют Особый Навык, который позволяет
им инициировать Смену Режима.

Понимание этих Особых Навыков является ключом к раскрытию
потенциала каждого Дигимона в битве."
machine:calque,app_text01,text/tutorial_explanation.mbe/000_Sheet1.csv,tutorial_exp_FusionSkills_01_001,185,являются,"Это мощные навыки, которые используют определённые пары Дигимонов.
{fc9Навыки джогресс-эволюции появляются в меню навыков подходящих
Дигимонов во время боя.}

Они становятся доступны только после выполнения условий:
 - Оба Дигимона, способные к джогресс-эволюции, находятся в боевой
   группе или запасе.
 - Участники достигли нужных уровней и характеристик.

При выполнении этих условий выберите навык в бою, чтобы активировать
совместную атаку."
layout:long_line,app_text01,text/worldmap_group_explanation.mbe/000_Sheet1.csv,2,3,128 chars,Горячая точка японского ритейлера электроники и источник различных субкультур. Это всемирно известное туристическое направление.
layout:long_line,app_text01,text/worldmap_group_explanation.mbe/000_Sheet1.csv,3,4,120 chars,"Офисный район, заполненный множеством небоскребов. Здесь работает множество деловых людей, в отличие от Хигаси-Синдзюку."
layout:long_line,app_text01,text/worldmap_group_explanation.mbe/000_Sheet1.csv,4,5,122 chars,"Торговый район недалеко от станции Синдзюку. Несмотря на сохранение традиционной атмосферы, это довольно оживленный район."
layout:long_line,app_text01,text/worldmap_group_explanation.mbe/000_Sheet1.csv,101,6,126 chars,"Самая отдаленная земля в Цифровом мире Илиады, это суровое место, о котором часто говорят, что оно напоминает открытый космос."
layout:long_line,app_text01,text/worldmap_group_explanation.mbe/000_Sheet1.csv,106,11,124 chars,"В этом районе находится храм, посвященный Божественному Оракулу Юномон, который управляет вратами, связанными с миром людей."
machine:calque,app_text01,text/worldmap_place_explanation.mbe/000_Sheet1.csv,101,2,являет,"Большой цифровой экран, который является одной из самых известных достопримечательностей Синдзюку, показывает прохожим различные рекламные ролики."
layout:long_line,app_text01,text/worldmap_place_explanation.mbe/000_Sheet1.csv,103,4,117 chars,Крупнейший развлекательный район Японии с различными магазинами и оживленной атмосферой благодаря своей ночной жизни.
layout:long_line,app_text01,text/worldmap_place_explanation.mbe/000_Sheet1.csv,151,13,150 chars,"Самый загруженный терминал в мире, станция Синдзюку, находится рядом со многими предприятиями и магазинами, что обеспечивает нескончаемый поток людей."
layout:long_line,app_text01,text/worldmap_place_explanation.mbe/000_Sheet1.csv,155,16,137 chars,"Пространственно-временное искажение, расположенное в глухом переулке недалеко от станции Синдзюку, соединяющееся с Промежуточным театром."
layout:long_line,app_text01,text/worldmap_place_explanation.mbe/000_Sheet1.csv,201,17,152 chars,"Ворота в Акихабару, о чем свидетельствует его целевая реклама. Аркады и другие достопримечательности для ботаников находятся сразу за входом на станцию."
layout:long_line,app_text01,text/worldmap_place_explanation.mbe/000_Sheet1.csv,250,19,127 chars,"Перекресток на большой дороге, здесь собирается много людей, чтобы заглянуть в маленькие магазинчики, спрятанные под эстакадой."
layout:long_line,app_text01,text/worldmap_place_explanation.mbe/000_Sheet1.csv,401,25,125 chars,Благодаря множеству небольших ресторанов в этом районе лапша соба и другие блюда пользуются популярностью уже более полувека.
layout:long_line,app_text01,text/worldmap_place_explanation.mbe/000_Sheet1.csv,10201,64,121 chars,"Оживленная площадь у центрального городского вокзала железной дороги Локомон, куда приходит и уходит множество дигимонов."
layout:long_line,app_text01,text/worldmap_place_explanation.mbe/000_Sheet1.csv,10206,69,147 chars,"Центральная башня контролирует коммуникационную сеть цифрового мира Илиады. Хагурумоны неустанно работают над тем, чтобы она работала бесперебойно."
layout:long_line,app_text01,text/worldmap_place_explanation.mbe/000_Sheet1.csv,10210,73,122 chars,"Эта площадка недалеко от вершины Центральной башни иногда бывает закрыта облаками. Не идеально для тех, кто боится высоты."
layout:long_line,app_text01,text/worldmap_place_explanation.mbe/000_Sheet1.csv,10211,74,118 chars,"Поскольку на посадочную площадку доставляются различные товары, в окрестностях есть множество сопутствующих магазинов."
layout:long_line,app_text01,text/worldmap_place_explanation.mbe/000_Sheet1.csv,10212,75,122 chars,"Эта площадка недалеко от вершины Центральной башни иногда бывает закрыта облаками. Не идеально для тех, кто боится высоты."
layout:long_line,app_text01,text/worldmap_place_explanation.mbe/000_Sheet1.csv,10401,86,117 chars,"Площадь у станции Зубчатого леса железной дороги Локомотив. Говорят, что отсюда слышны гуляния в близлежащей деревне."
layout:long_line,app_text01,text/worldmap_place_explanation.mbe/000_Sheet1.csv,10701,114,119 chars,"Несмотря на то, что он соединен с замком Плутомона, предводителя Титанов, плохие дороги делают это путешествие трудным."
english:mixed,app_text01,text/yes_no_message.mbe/000_Sheet1.csv,yesno_dlc_0010,113,"Microsoft, Nintendo, eShop","{pf(Чтобы сыграть во Внешнее подземелье, необходимо {fc9приобрести дополнение}.

Перейти в PlayStation®Store?

{fc9Примечание: приобретённые дополнения будут активированы
только после возврата на титульный экран.}/Чтобы сыграть во Внешнее подземелье, необходимо {fc9приобрести дополнение}.

Перейти в Microsoft Store?

{fc9Примечание: приобретённые дополнения будут активированы
только после возврата на титульный экран.}/Чтобы сыграть во Внешнее подземелье, требуется {fc9загружаемый контент}.

Перейти в Nintendo eShop?

{fc9Примечание: приобретённый загружаемый контент будет активирован
только после возврата на титульный экран.}/Чтобы сыграть во Внешнее подземелье, требуется {fc9загружаемый контент}.

Перейти в интернет-магазин?

{fc9Примечание: приобретённый загружаемый контент будет активирован
только после возврата на титульный экран.})}"
english:mixed,app_text01,text/yes_no_message.mbe/000_Sheet1.csv,yesno_dlc_0020,114,"Microsoft, Nintendo, eShop","{pf(Чтобы надеть этот костюм, необходимо {fc9приобрести дополнение}.

Перейти в PlayStation®Store?

{fc9Примечание: приобретённые дополнения будут активированы
только после возврата на титульный экран.}/Чтобы надеть этот костюм, необходимо {fc9приобрести дополнение}.

Перейти в Microsoft Store?

{fc9Примечание: приобретённые дополнения будут активированы
только после возврата на титульный экран.}/Чтобы надеть этот костюм, требуется {fc9загружаемый контент}.

Перейти в Nintendo eShop?

{fc9Примечание: приобретённый загружаемый контент будет активирован
только после возврата на титульный экран.}/Чтобы надеть этот костюм, требуется {fc9загружаемый контент}.

Перейти в интернет-магазин?

{fc9Примечание: приобретённый загружаемый контент будет активирован
только после возврата на титульный экран.})}"
english:mixed,app_text01,text/yes_no_message.mbe/000_Sheet1.csv,yesno_dlc_0030,115,"Microsoft, Nintendo, eShop","{pf(Чтобы выбрать эту музыку, необходимо {fc9приобрести дополнение}.

Перейти в PlayStation®Store?

{fc9Примечание: приобретённые дополнения будут активированы
только после возврата на титульный экран.}/Чтобы выбрать эту музыку, необходимо {fc9приобрести дополнение}.

Перейти в Microsoft Store?

{fc9Примечание: приобретённые дополнения будут активированы
только после возврата на титульный экран.}/Чтобы выбрать эту музыку, требуется {fc9загружаемый контент}.

Перейти в Nintendo eShop?

{fc9Примечание: приобретённый загружаемый контент будет активирован
только после возврата на титульный экран.}/Чтобы выбрать эту музыку, требуется {fc9загружаемый контент}.

Перейти в интернет-магазин?

{fc9Примечание: приобретённый загружаемый контент будет активирован
только после возврата на титульный экран.})}"
english:mixed,app_text01,text/yes_no_message.mbe/000_Sheet1.csv,yesno_dlc_0040,116,"Microsoft, Nintendo, eShop","{pf(Перейти в PlayStation®Store?

{fc9Примечание: приобретённые дополнения будут активированы
только после возврата на титульный экран.}/Перейти в Microsoft Store?

{fc9Примечание: приобретённые дополнения будут активированы
только после возврата на титульный экран.}/Перейти в Nintendo eShop?

{fc9Примечание: приобретённый загружаемый контент будет активирован
только после возврата на титульный экран.}/Перейти в интернет-магазин?

{fc9Примечание: приобретённый загружаемый контент будет активирован
только после возврата на титульный экран.})}"
layout:long_line,app_text01,text/yes_no_message.mbe/000_Sheet1.csv,yesno_language_0010,119,188 chars,"Чтобы изменить язык текста, игра сохранит прогресс и вернётся на титульный экран.
Продолжить?

{fc9Имена главного героя и дигимонов останутся на прежнем языке. Кроме того, из-за смены шрифта имена главного героя и дигимонов могут отображаться некорректно. (Их можно изменить позже.)}"
