priority,score,package,file,key,current_text,latin_words
high,9,app_text01,text/common_message.mbe/000_Sheet1.csv,10007,Select All/Cancel All,"Select, All, Cancel, All"
high,9,app_text01,text/common_message.mbe/000_Sheet1.csv,100400,{fc10M}ove to Farm,"ove, to, Farm"
high,9,app_text01,text/common_message.mbe/000_Sheet1.csv,10095,Restore Default Settings,"Restore, Default, Settings"
high,9,app_text01,text/common_message.mbe/000_Sheet1.csv,10403,Either of the following conditions is met:,"Either, of, the, following, conditions, is, met"
high,9,app_text01,text/common_message.mbe/000_Sheet1.csv,12101,Restart from Last Save Point,"Restart, from, Last, Save, Point"
high,9,app_text01,text/common_message.mbe/000_Sheet1.csv,12102,Return to Title,"Return, to, Title"
high,9,app_text01,text/common_message.mbe/000_Sheet1.csv,1250,Level {d0} or higher,"Level, or, higher"
high,9,app_text01,text/common_message.mbe/000_Sheet1.csv,1261,One {d0} at 100% Bond is in your roster,"One, at, Bond, is, in, your, roster"
high,9,app_text01,text/common_message.mbe/000_Sheet1.csv,1262,Target Digimon has been encountered before,"Target, has, been, encountered, before"
high,9,app_text01,text/common_message.mbe/000_Sheet1.csv,1269,Agent Rank {d0} or higher,"Agent, Rank, or, higher"
high,9,app_text01,text/common_message.mbe/000_Sheet1.csv,1282,Mode Change Available,"Mode, Change, Available"
high,9,app_text01,text/common_message.mbe/000_Sheet1.csv,1283,Perform Mode Change,"Perform, Mode, Change"
high,9,app_text01,text/common_message.mbe/000_Sheet1.csv,1285,{d0}'s Personality is {d1}.,"s, Personality, is"
high,9,app_text01,text/common_message.mbe/000_Sheet1.csv,13016,Values Displayed Are at Digimon's Max Level,"Values, Displayed, Are, at, Digimon's, Max, Level"
high,9,app_text01,text/common_message.mbe/000_Sheet1.csv,13019,You have never encountered this Digimon.,"You, have, never, encountered, this"
high,9,app_text01,text/common_message.mbe/000_Sheet1.csv,13021,Digimon to be Divided Into,"to, be, Divided, Into"
high,9,app_text01,text/common_message.mbe/000_Sheet1.csv,14005,Personality Skill {d0} {fc10{d1}},"Personality, Skill, fc"
high,9,app_text01,text/common_message.mbe/000_Sheet1.csv,190016,Return to Box,"Return, to, Box"
high,9,app_text01,text/common_message.mbe/000_Sheet1.csv,406,Items for Sale,"Items, for, Sale"
high,9,app_text01,text/common_message.mbe/000_Sheet1.csv,411,No. to Take Apart,"to, Take, Apart"
high,9,app_text01,text/common_message.mbe/000_Sheet1.csv,773,Return to Data,"Return, to, Data"
high,9,app_text01,text/common_message.mbe/000_Sheet1.csv,dlc_name_05,"Farm Item ""Golden Moai""","Farm, Item, Golden, Moai"
high,9,app_text01,text/common_message.mbe/000_Sheet1.csv,dlc_name_10,"Outer Dungeons ""The Halls of EXP, Gold, & Materials""","Outer, Dungeons, The, Halls, of, Gold, Materials"
high,9,app_text01,text/common_message.mbe/000_Sheet1.csv,dlc_name_18,"Digimon Story Time Stranger Pre-Order Bonus Pack
Protagonist Costume: High School Uniform","Story, Time, Stranger, Pre-Order, Bonus, Pack, Protagonist, Costume, High, School, Uniform"
high,9,app_text01,text/common_message.mbe/000_Sheet1.csv,dlc_name_19,"Digimon Story Time Stranger Pre-Order Bonus Pack
Adventure Item Set (Boost EXP/Bond, Recovery, etc.)","Story, Time, Stranger, Pre-Order, Bonus, Pack, Adventure, Item, Set, Boost, Bond, Recovery"
high,9,app_text01,text/common_message.mbe/000_Sheet1.csv,dlc_name_21,Training Item Set,"Training, Item, Set"
high,9,app_text01,text/common_message.mbe/000_Sheet1.csv,icon_info_category_03,Icon Description: Battle (Status Abnormality/Change),"Icon, Description, Battle, Status, Abnormality, Change"
high,9,app_text01,text/common_message.mbe/000_Sheet1.csv,icon_info_category_04,Icon Description: Battle (Buff/Debuff),"Icon, Description, Battle, Buff, Debuff"
high,9,app_text01,text/common_message.mbe/000_Sheet1.csv,icon_info_category_05,Icon Description: Agent Skill,"Icon, Description, Agent, Skill"
high,9,app_text01,text/common_message.mbe/000_Sheet1.csv,icon_info_compatibility,Additional damage is dealt to the attribute the arrow points toward.,"Additional, damage, is, dealt, to, the, attribute, the, arrow, points, toward"
high,9,app_text01,text/common_message.mbe/000_Sheet1.csv,icon_info_description_03_18,Damage Switch: Damage dealt changed,"Damage, Switch, Damage, dealt, changed"
high,9,app_text01,text/common_message.mbe/000_Sheet1.csv,icon_info_description_06_13,Skill Disc Shop,"Skill, Disc, Shop"
high,9,app_text01,text/common_message.mbe/000_Sheet1.csv,icon_info_description_06_15,Farm Item Shop,"Farm, Item, Shop"
high,9,app_text01,text/common_message.mbe/000_Sheet1.csv,icon_info_description_06_19,Card Battle (Won),"Card, Battle, Won"
high,9,app_text01,text/common_message.mbe/000_Sheet1.csv,ui_battle_item_0010,"You can no longer use items this
turn.","You, can, no, longer, use, items, this, turn"
high,9,app_text01,text/common_message.mbe/000_Sheet1.csv,ui_difficulty_explanation_01,"For players interested in a story-first experience.
Recommended for those who want to speed through battles to see what happens next.
Allows players to {fc9retry battles in Invincibility Mode if defeated}.

{fc15Note: Game difficulty can be changed later.}","For, players, interested, in, a, story-first, experience, Recommended, for, those, who, want"
high,9,app_text01,text/common_message.mbe/000_Sheet1.csv,ui_difficulty_explanation_02,"For players who want to experience a good mix of story and combat.
This is the most evenly balanced of game modes.
Players can {fc9retry battles at a lower difficulty if defeated twice}.

{fc15Note: Game difficulty can be changed later.}","For, players, who, want, to, experience, a, good, mix, of, story, and"
high,9,app_text01,text/common_message.mbe/000_Sheet1.csv,ui_difficulty_explanation_03,"For players who yearn for the thrill of tactical battles.
Recommended for those who want to enjoy training and party composition.
Players can {fc9retry battles at a lower difficulty if defeated twice}.

{fc15Note: Game difficulty can be changed later.}","For, players, who, yearn, for, the, thrill, of, tactical, battles, Recommended, for"
high,9,app_text01,text/common_message.mbe/000_Sheet1.csv,ui_difficulty_explanation_05,"For players who want to experience battles of the highest difficulty.
Items cannot be used in battle, and escaping is not an option.
This mode makes every fight a thrilling experience.

{fc15Note: Game difficulty can be changed later.}","For, players, who, want, to, experience, battles, of, the, highest, difficulty, Items"
high,9,app_text01,text/common_message.mbe/000_Sheet1.csv,ui_difficulty_lock,This game mode is not currently available.,"This, game, mode, is, not, currently, available"
high,9,app_text01,text/common_message.mbe/000_Sheet1.csv,ui_digimoncard_battle_0070,Choose your cards!,"Choose, your, cards"
high,9,app_text01,text/common_message.mbe/000_Sheet1.csv,ui_digimoncard_battle_0080,You will go {fc9first}. Select a card for battle.,"You, will, go, Select, a, card, for, battle"
high,9,app_text01,text/common_message.mbe/000_Sheet1.csv,ui_digimoncard_battle_0090,You will go {fc9second}. Select a card for battle.,"You, will, go, Select, a, card, for, battle"
high,9,app_text01,text/common_message.mbe/000_Sheet1.csv,ui_digimoncard_battle_0130,Extra card summon!,"Extra, card, summon"
high,9,app_text01,text/common_message.mbe/000_Sheet1.csv,ui_digimoncard_battle_0140,An eligible hand has been completed. Summon an extra card?,"An, eligible, hand, has, been, completed, Summon, an, extra, card"
high,9,app_text01,text/common_message.mbe/000_Sheet1.csv,ui_digimoncard_battle_0150,Summoning an extra card will add this card to your hand.,"Summoning, an, extra, card, will, add, this, card, to, your, hand"
high,9,app_text01,text/common_message.mbe/000_Sheet1.csv,ui_digimoncard_battle_0151,"Summoning an extra card will add this card to your hand.
({fc9You have not obtained this card yet.})","Summoning, an, extra, card, will, add, this, card, to, your, hand"
high,9,app_text01,text/common_message.mbe/000_Sheet1.csv,ui_digimoncard_deck_0030,[How to Obtain],"How, to, Obtain"
high,9,app_text01,text/common_message.mbe/000_Sheet1.csv,ui_digimoncard_deck_0040,Generate via Extra Card Summon,"Generate, via, Extra, Card, Summon"
high,9,app_text01,text/common_message.mbe/000_Sheet1.csv,ui_digimoncard_deck_0050,Win via Card Battle,"Win, via, Card, Battle"
high,9,app_text01,text/common_message.mbe/000_Sheet1.csv,ui_end_demo_0010,Thank you for {fc10p}laying!,"Thank, you, for, laying"
high,9,app_text01,text/common_message.mbe/000_Sheet1.csv,ui_field_skill_0010,New Skill Disc,"New, Skill, Disc"
high,9,app_text01,text/common_message.mbe/000_Sheet1.csv,ui_field_skill_0020,Obtained by Leveling Up,"Obtained, by, Leveling, Up"
high,9,app_text01,text/common_message.mbe/000_Sheet1.csv,ui_gameover_0030,Retry at a Lower Difficulty,"Retry, at, a, Lower, Difficulty"
high,9,app_text01,text/common_message.mbe/000_Sheet1.csv,ui_gameover_0031,Retry in Invincible Mode,"Retry, in, Invincible, Mode"
high,9,app_text01,text/common_message.mbe/000_Sheet1.csv,ui_gameover_0041,Return to Lobby,"Return, to, Lobby"
high,9,app_text01,text/common_message.mbe/000_Sheet1.csv,ui_gameover_0060,Return to Title,"Return, to, Title"
high,9,app_text01,text/common_message.mbe/000_Sheet1.csv,ui_hazamagate_0010,Return to the Real World (Continue Story),"Return, to, the, Real, World, Continue, Story"
high,9,app_text01,text/common_message.mbe/000_Sheet1.csv,ui_kizunaskill_0020,Required for Next Rank: {fc13{d0}},"Required, for, Next, Rank, fc"
high,9,app_text01,text/common_message.mbe/000_Sheet1.csv,ui_kizunaskill_0030,No. of {is32}{image(ui_icon_personal01_00)} Valor-type Digimon: {n0} {fc15/ {n1}},"of, Valor-type, fc"
high,9,app_text01,text/common_message.mbe/000_Sheet1.csv,ui_kizunaskill_0031,No. of {is32}{image(ui_icon_personal01_01)} Philanthropy-type Digimon: {n0} {fc15/ {n1}},"of, Philanthropy-type, fc"
high,9,app_text01,text/common_message.mbe/000_Sheet1.csv,ui_kizunaskill_0032,No. of {is32}{image(ui_icon_personal01_02)} Amicability-type Digimon: {n0} {fc15/ {n1}},"of, Amicability-type, fc"
high,9,app_text01,text/common_message.mbe/000_Sheet1.csv,ui_kizunaskill_0033,No. of {is32}{image(ui_icon_personal01_03)} Wisdom-type Digimon: {n0} {fc15/ {n1}},"of, Wisdom-type, fc"
high,9,app_text01,text/common_message.mbe/000_Sheet1.csv,ui_launch_0010,"This game is a work of original fiction.
Any resemblance to actual nations, locales, persons, businesses,
organizations, or incidents is entirely coincidental.","This, game, is, a, work, of, original, fiction, Any, resemblance, to, actual"
high,9,app_text01,text/common_message.mbe/000_Sheet1.csv,ui_launch_0030,"This game uses an autosave function.
Please refrain from turning off the game while the autosaving icon is displayed.","This, game, uses, an, autosave, function, Please, refrain, from, turning, off, the"
high,9,app_text01,text/common_message.mbe/000_Sheet1.csv,ui_playerselect_0010,Select the protagonist's appearance.,"Select, the, protagonist's, appearance"
high,9,app_text01,text/common_message.mbe/000_Sheet1.csv,ui_reinforcement_nextlv,To Next Lv: {fc1 {d0}},"To, Next, Lv, fc"
high,9,app_text01,text/common_message.mbe/000_Sheet1.csv,ui_systemmenu_0010,Return to Game,"Return, to, Game"
high,9,app_text01,text/common_message.mbe/000_Sheet1.csv,ui_title_0010,Press Any Button,"Press, Any, Button"
high,9,app_text01,text/common_message.mbe/000_Sheet1.csv,ui_title_0020,Press Any Key,"Press, Any, Key"
high,9,app_text01,text/common_message.mbe/000_Sheet1.csv,ui_title_0100,Select Game Mode,"Select, Game, Mode"
high,9,app_text01,text/common_message.mbe/000_Sheet1.csv,ui_title_0104,{fc10R}eturn to Data,"eturn, to, Data"
high,9,app_text01,text/help_message.mbe/000_Sheet1.csv,1000,View Digimon in your roster or edit your party.,"View, in, your, roster, or, edit, your, party"
high,9,app_text01,text/help_message.mbe/000_Sheet1.csv,1003,View information on Digimon obtained or discovered up to this point.,"View, information, on, obtained, or, discovered, up, to, this, point"
high,9,app_text01,text/help_message.mbe/000_Sheet1.csv,1005,"Learn Agent Skills, or change Cross Arts and costumes.","Learn, Agent, Skills, or, change, Cross, Arts, and, costumes"
high,9,app_text01,text/help_message.mbe/000_Sheet1.csv,1006,"Change game settings, save, load or view tutorials.","Change, game, settings, save, load, or, view, tutorials"
high,9,app_text01,text/help_message.mbe/000_Sheet1.csv,1008,View the status of ongoing missions.,"View, the, status, of, ongoing, missions"
high,9,app_text01,text/help_message.mbe/000_Sheet1.csv,1009,Change various game settings.,"Change, various, game, settings"
high,9,app_text01,text/help_message.mbe/000_Sheet1.csv,1010,Save your current progress.,"Save, your, current, progress"
high,9,app_text01,text/help_message.mbe/000_Sheet1.csv,1011,Load existing save data and resume play.,"Load, existing, save, data, and, resume, play"
high,9,app_text01,text/help_message.mbe/000_Sheet1.csv,1012,View various tutorials about the game.,"View, various, tutorials, about, the, game"
high,9,app_text01,text/help_message.mbe/000_Sheet1.csv,1020,Enhance Digimon by synthesizing them with other Digimon.,"Enhance, by, synthesizing, them, with, other"
high,9,app_text01,text/help_message.mbe/000_Sheet1.csv,1021,Materialize and recruit Digimon with a Scan Rate of over 100%.,"Materialize, and, recruit, with, a, Scan, Rate, of, over"
high,9,app_text01,text/help_message.mbe/000_Sheet1.csv,1023,Select the Digimon whose information you would like to view.,"Select, the, whose, information, you, would, like, to, view"
high,9,app_text01,text/help_message.mbe/000_Sheet1.csv,1024,"Information on the Digimon's various traits, stats and learnable skills.","Information, on, the, Digimon's, various, traits, stats, and, learnable, skills"
high,9,app_text01,text/help_message.mbe/000_Sheet1.csv,1027,Learn new Agent Skills to support your Digimon in training and battle.,"Learn, new, Agent, Skills, to, support, your, in, training, and, battle"
high,9,app_text01,text/help_message.mbe/000_Sheet1.csv,1028,Try on and change into other costumes.,"Try, on, and, change, into, other, costumes"
high,9,app_text01,text/help_message.mbe/000_Sheet1.csv,1031,Select a tutorial to view.,"Select, a, tutorial, to, view"
high,9,app_text01,text/help_message.mbe/000_Sheet1.csv,1200,Materialize and recruit Digimon with a Scan Rate of over 100%.,"Materialize, and, recruit, with, a, Scan, Rate, of, over"
high,9,app_text01,text/help_message.mbe/000_Sheet1.csv,1402,Select equipment to set.,"Select, equipment, to, set"
high,9,app_text01,text/help_message.mbe/000_Sheet1.csv,1500,Select a Digimon to enhance.,"Select, a, to, enhance"
high,9,app_text01,text/help_message.mbe/000_Sheet1.csv,1600,Select an item to view or use.,"Select, an, item, to, view, or, use"
high,9,app_text01,text/help_message.mbe/000_Sheet1.csv,1601,Select the Digimon to use the item on.,"Select, the, to, use, the, item, on"
high,9,app_text01,text/help_message.mbe/000_Sheet1.csv,1700,View mission details and mark your current objective.,"View, mission, details, and, mark, your, current, objective"
high,9,app_text01,text/help_message.mbe/000_Sheet1.csv,1800,Select an Agent Skill to view or learn.,"Select, an, Agent, Skill, to, view, or, learn"
high,9,app_text01,text/help_message.mbe/000_Sheet1.csv,2100,Select which slot to save your data.,"Select, which, slot, to, save, your, data"
high,9,app_text01,text/help_message.mbe/000_Sheet1.csv,2101,Select which save data to load.,"Select, which, save, data, to, load"
high,9,app_text01,text/help_message.mbe/000_Sheet1.csv,2102,View messages from your allies.,"View, messages, from, your, allies"
high,9,app_text01,text/help_message.mbe/000_Sheet1.csv,2103,View past conversation dialogue.,"View, past, conversation, dialogue"
high,9,app_text01,text/help_message.mbe/000_Sheet1.csv,help_bgm_01,Change the background music played while out in the field.,"Change, the, background, music, played, while, out, in, the, field"
high,9,app_text01,text/help_message.mbe/000_Sheet1.csv,help_bgm_02,Change the background music played during normal battles.,"Change, the, background, music, played, during, normal, battles"
high,9,app_text01,text/help_message.mbe/000_Sheet1.csv,help_bgm_03,Change the background music played for the Digivice menu.,"Change, the, background, music, played, for, the, menu"
high,9,app_text01,text/help_message.mbe/000_Sheet1.csv,help_bgm_05,Change the background music played during card battles.,"Change, the, background, music, played, during, card, battles"
high,9,app_text01,text/help_message.mbe/000_Sheet1.csv,help_bgm_06,Change the background music played during boss battles. (Does not apply to certain battles.),"Change, the, background, music, played, during, boss, battles, Does, not, apply, to"
high,9,app_text01,text/help_message.mbe/000_Sheet1.csv,help_clear_01,Select a slot to save the clear data.,"Select, a, slot, to, save, the, clear, data"
high,9,app_text01,text/help_message.mbe/000_Sheet1.csv,help_conversion_01,Return Digimon to data and convert them into YEN.,"Return, to, data, and, convert, them, into, YEN"
high,9,app_text01,text/help_message.mbe/000_Sheet1.csv,help_conversion_02,Select Digimon to convert into YEN. ({fc2The selected Digimon will be lost.}),"Select, to, convert, into, YEN"
high,9,app_text01,text/help_message.mbe/000_Sheet1.csv,help_digimoncard_deck_01,View your card collection.,"View, your, card, collection"
high,9,app_text01,text/help_message.mbe/000_Sheet1.csv,help_digimoncard_deck_02,View cards in your collection and conditions to obtain cards you've discovered.,"View, cards, in, your, collection, and, conditions, to, obtain, cards, you've, discovered"
high,9,app_text01,text/help_message.mbe/000_Sheet1.csv,help_digivice_digitter,View messages from your allies and past conversation dialogue.,"View, messages, from, your, allies, and, past, conversation, dialogue"
high,9,app_text01,text/help_message.mbe/000_Sheet1.csv,help_hazama_d_01,Quit the challenge and return to the lobby.,"Quit, the, challenge, and, return, to, the, lobby"
high,9,app_text01,text/help_message.mbe/000_Sheet1.csv,help_hazama_dl_01,Select an Outer Dungeon challenge to take on.,"Select, an, Outer, Dungeon, challenge, to, take, on"
high,9,app_text01,text/help_message.mbe/000_Sheet1.csv,help_hazamagate_01,Select a time and location to travel to.,"Select, a, time, and, location, to, travel, to"
high,9,app_text01,text/help_message.mbe/000_Sheet1.csv,help_hazamagate_02,Select an In-Between Theater gate to travel to.,"Select, an, In-Between, Theater, gate, to, travel, to"
high,9,app_text01,text/help_message.mbe/000_Sheet1.csv,help_item_equipment_01,Select the Digimon who will equip the equipment.,"Select, the, who, will, equip, the, equipment"
high,9,app_text01,text/help_message.mbe/000_Sheet1.csv,help_item_equipment_02,Select a slot for the equipment.,"Select, a, slot, for, the, equipment"
high,9,app_text01,text/help_message.mbe/000_Sheet1.csv,help_item_skilldisc_01,Select the Digimon who will equip the Skill Disc.,"Select, the, who, will, equip, the, Skill, Disc"
high,9,app_text01,text/help_message.mbe/000_Sheet1.csv,help_item_skilldisc_02,Select a slot for the Skill Disc.,"Select, a, slot, for, the, Skill, Disc"
high,9,app_text01,text/help_message.mbe/000_Sheet1.csv,help_load_02,Carry over data and start the game from the beginning. Select the data to carry over.,"Carry, over, data, and, start, the, game, from, the, beginning, Select, the"
high,9,app_text01,text/help_message.mbe/000_Sheet1.csv,help_option_02,Language and graphics settings can be changed before starting the game.,"Language, and, graphics, settings, can, be, changed, before, starting, the, game"
high,9,app_text01,text/help_message.mbe/000_Sheet1.csv,help_recovery_01,Select the means of recovery.,"Select, the, means, of, recovery"
high,9,app_text01,text/help_message.mbe/000_Sheet1.csv,help_recovery_02,Select a Digimon to recover.,"Select, a, to, recover"
high,9,app_text01,text/help_message.mbe/000_Sheet1.csv,help_reinforcement_01,Select Digimon to use as enhancement materials. ({fc2The selected Digimon will be lost.}),"Select, to, use, as, enhancement, materials"
high,9,app_text01,text/help_message.mbe/000_Sheet1.csv,help_shop_buy,Select an item to purchase.,"Select, an, item, to, purchase"
high,9,app_text01,text/help_message.mbe/000_Sheet1.csv,help_shop_development,Select an item to create.,"Select, an, item, to, create"
high,9,app_text01,text/help_message.mbe/000_Sheet1.csv,help_shop_disassembly,Select an item to take apart.,"Select, an, item, to, take, apart"
high,9,app_text01,text/help_message.mbe/000_Sheet1.csv,help_shop_sell,Select an item to sell.,"Select, an, item, to, sell"
high,9,app_text01,text/help_message.mbe/000_Sheet1.csv,help_systemmenu_01,Resume the game.,"Resume, the, game"
high,9,app_text01,text/help_message.mbe/000_Sheet1.csv,help_systemmenu_02,Return to the title screen.,"Return, to, the, title, screen"
high,9,app_text01,text/help_message.mbe/000_Sheet1.csv,help_systemmenu_03,Exit the game.,"Exit, the, game"
high,9,app_text01,text/help_message.mbe/000_Sheet1.csv,help_systemmenu_04,Set your preferred in-game background music.,"Set, your, preferred, in-game, background, music"
high,9,app_text01,text/help_message.mbe/000_Sheet1.csv,help_xartsset_01,Select a Cross Art to use in battle.,"Select, a, Cross, Art, to, use, in, battle"
high,9,app_text01,text/help_message.mbe/000_Sheet1.csv,help_xartsset_02,"Select from Cross Arts learned via ""Bond of Loyalty"" in Agent Skills.","Select, from, Cross, Arts, learned, via, Bond, of, Loyalty, in, Agent, Skills"
high,9,app_text01,text/tutorial_explanation.mbe/000_Sheet1.csv,tutorial_exp_AbnormalStatus_01_001,"These conditions affect Digimon during battles.

{fc9Digimon can only be affected by one at a time, although existing
status abnormalities may be overwritten by more powerful ones.}
Icons will be displayed next to stats affected by a status abnormality.

{fc9Please refer to ""Status Abnormality Types & Effects"" for more details.}","These, conditions, affect, during, battles, Icons, will, be, displayed, next, to, stats"
high,9,app_text01,text/tutorial_explanation.mbe/000_Sheet1.csv,tutorial_exp_AbnormalStatus_02_001,"This is a special status change during battle.

{fc9This reverses the affected Digimon's attribute and element
favorabilities. The effect persists for the remainder of the battle.}

Applying ""Reverse"" again will return its favorabilities to normal.","This, is, a, special, status, change, during, battle, Applying, Reverse, again, will"
high,9,app_text01,text/tutorial_explanation.mbe/000_Sheet1.csv,tutorial_exp_AbnormalStatus_03_001,"This is a special status change during battle.

{fc9It prevents a Digimon from recovering HP.
The effect ends after a specified number of turns has elapsed.} 

You can also use items or skills to heal a Digimon from injuries.","This, is, a, special, status, change, during, battle, You, can, also, use"
high,9,app_text01,text/tutorial_explanation.mbe/000_Sheet1.csv,tutorial_exp_AbnormalStatus_04_001,"This is a special status change during battle.

{fc9It prevents a Digimon from recovering SP.
The effect ends after a specified number of turns has elapsed.}

You can also help a diseased Digimon by using items or skills.","This, is, a, special, status, change, during, battle, You, can, also, help"
high,9,app_text01,text/tutorial_explanation.mbe/000_Sheet1.csv,tutorial_exp_AbnormalStatus_06_001,"This is an extremely powerful buff certain hostile Digimon possess.

{fc9Stats buffed by an enemy's Strong state will be indicated by special
colored icons. The Strong state's effects do not end based on
the passage of turns. Only a Charge Break can reset its effects.}","This, is, an, extremely, powerful, buff, certain, hostile, possess"
high,9,app_text01,text/tutorial_explanation.mbe/000_Sheet1.csv,tutorial_exp_AbnormalStatus_08_001,"{fc9Poison}
The Digimon incurs poison damage at the end of its turn. It can
be cured immediately using items or skills.

{fc9Deadly Poison}
The Digimon incurs significant poison damage at the end of its
turn. It can be cured immediately using items or skills.","The, incurs, poison, damage, at, the, end, of, its, turn, It, can"
high,9,app_text01,text/tutorial_explanation.mbe/000_Sheet1.csv,tutorial_exp_AbnormalStatus_08_002,"{fc9Confusion}
The Digimon may not be able to perform any actions during its turn.
It can recover immediately using items or skills.

{fc9Chaos}
The Digimon is unable to perform any actions during its turn. It can
recover when attacked, or by using items or skills.","The, may, not, be, able, to, perform, any, actions, during, its, turn"
high,9,app_text01,text/tutorial_explanation.mbe/000_Sheet1.csv,tutorial_exp_AbnormalStatus_08_003,"{fc9Paralysis}
The Digimon may not be able to move during its turn. It will
automatically recover after several turns, or it can recover
immediately by using items or skills.

{fc9Immobilization}
The Digimon will be unable to move during its turn. It will
automatically recover after several turns, or it can recover
immediately by using items or skills.","The, may, not, be, able, to, move, during, its, turn, It, will"
high,9,app_text01,text/tutorial_explanation.mbe/000_Sheet1.csv,tutorial_exp_AbnormalStatus_08_004,"{fc9Sleep}
The Digimon is unable to move and the damage it receives is
doubled. It will automatically wake up after several turns or if
attacked. Items or skills can be used to wake up immediately.

{fc9Deep Slumber}
The Digimon is unable to move and the damage it receives is
doubled. It must be attacked or use items or skills to wake up.","The, is, unable, to, move, and, the, damage, it, receives, is, doubled"
high,9,app_text01,text/tutorial_explanation.mbe/000_Sheet1.csv,tutorial_exp_AbnormalStatus_09_001,"This is a special status change during battle.

{fc9Only the Digimon with the Taunting status will be targeted for attack.
(Other Digimon cannot be targeted.)} 

The Taunting status lasts for one round.
(The status will end on the next turn of the Digimon who activated it)","This, is, a, special, status, change, during, battle, The, Taunting, status, lasts"
high,9,app_text01,text/tutorial_explanation.mbe/000_Sheet1.csv,tutorial_exp_AdditionalAttack_01_001,"{fc9A special ability that allows Digimon to perform follow-up attacks.
Triggers when hitting an enemy with an attack or skill.}

The chance of Extra Strikes occurring depends on the stats of your
ally Digimon and enemy.

There are also ""Strike Effects"" which may trigger additional effects.","The, chance, of, Extra, Strikes, occurring, depends, on, the, stats, of, your"
high,9,app_text01,text/tutorial_explanation.mbe/000_Sheet1.csv,tutorial_exp_AdditionalAttack_01_002,"When Extra Strike triggers, a circle will appear on the HUD.

{fc9Press {decision} when the circle reaches the center to cause a Strike Effect.}

This will activate various additional effects such as healing allies,
or applying status abnormalities on enemies.

{fc9Effects change depending on a Digimon's Attribute and Personality.}
Try out different combinations to use in battle.","When, Extra, Strike, triggers, a, circle, will, appear, on, the, HUD, fc"
high,9,app_text01,text/tutorial_explanation.mbe/000_Sheet1.csv,tutorial_exp_BattleCommand_01_001,"This command is used during battle to make a non-elemental attack.

{fc9You can also switch targets with {sub1} and attack allies as well.}
Although somewhat unusual, this tactic can be used to remove
status abnormalities, making it useful in some situations.","This, command, is, used, during, battle, to, make, a, non-elemental, attack, fc"
high,9,app_text01,text/tutorial_explanation.mbe/000_Sheet1.csv,tutorial_exp_BattleCommand_03_001,"This command is used during battle and lets you use items to
support your Digimon on its turn.

{fc9Digimon do not lose their turn, when you use an item.
The Digimon will still be able to carry out a command.}

Keep items ready at all times so that your Allied Digimon can
fight at full strength whenever necessary.","This, command, is, used, during, battle, and, lets, you, use, items, to"
high,9,app_text01,text/tutorial_explanation.mbe/000_Sheet1.csv,tutorial_exp_BattleCommand_04_001,"This command is used during battle and lets you change between
battle members and reserved members.
{fc9You can swap members as many times as you like during a turn.}

There are some Digimon who transform due to a special ""Change""
command. Using this command effectively can have a large impact
on the battle, making it an important part of any strategy.","This, command, is, used, during, battle, and, lets, you, change, between, battle"
high,9,app_text01,text/tutorial_explanation.mbe/000_Sheet1.csv,tutorial_exp_BattleCommand_05_001,"This command is used during battle.
{fc9It lets you view a partner Digimon's information
when pressing {sub2} while selecting the command.}

It's a good idea to understand your Digimon's info so that you
can know its compatibilities with the enemy.","This, command, is, used, during, battle, fc, It, lets, you, view, a"
high,9,app_text01,text/tutorial_explanation.mbe/000_Sheet1.csv,tutorial_exp_BattleCrossarts_01_001,"A battle action which can be employed by Agents.

By consuming a massive amount of energy, the Agent can unleash
powerful Cross Arts capable of changing the course of battle.

{fc9When your CP (Critical Points) reaches full charge during battle, you
will enter a ""Cross Art Ready"" state. Press {r2} to pull the trigger
and fire off your Cross Art.}","A, battle, action, which, can, be, employed, by, Agents, By, consuming, a"
high,9,app_text01,text/tutorial_explanation.mbe/000_Sheet1.csv,tutorial_exp_BattleCrossarts_01_002,"Reference Video: Cross Art Is Ready to Launch
The CP Gauge is full. Press {r2} at this time to
activate the Cross Art.","Reference, Video, Cross, Art, Is, Ready, to, Launch, The, CP, Gauge, is"
high,9,app_text01,text/tutorial_explanation.mbe/000_Sheet1.csv,tutorial_exp_BondsPoint_01_001,"ADAMAS assigns a numerical value known as Anomaly Points to
help visualize the EXP that agents earn when completing missions. 

{fc9These points are needed to learn Agent Skills.}

Therefore, gain as much experience as possible with your Digimon
in order to develop your abilities even further.","assigns, a, numerical, value, known, as, Anomaly, Points, to, help, visualize, the"
high,9,app_text01,text/tutorial_explanation.mbe/000_Sheet1.csv,tutorial_exp_BondsSkill_01_001,"This system lets agents use Anomaly Points to expand their abilities
and enhance their partner Digimon.

{fc9Bonds of Loyalty}: Expands an agent's abilities and enhances all
Digimon.
{fc9Bonds of Valor}: Enhances Digimon with Valor-type personalities.
{fc9Bonds of Philanthropy}: Enhances Digimon with Philanthropy-type
personalities.
{fc9Bonds of Amicability}: Enhances Digimon with Amicability-type
personalities.
{fc9Bonds of Wisdom}: Enhances Digimon with Wisdom-type
personalities.

Learn Agent Skills in order to boost your capabilities.","This, system, lets, agents, use, Anomaly, Points, to, expand, their, abilities, and"
high,9,app_text01,text/tutorial_explanation.mbe/000_Sheet1.csv,tutorial_exp_Boss_01_001,"Some powerful foes have ""Critical Points (CP).""

{fc9As these foes gain more CP, their abilities may change.}
- Additional actions (added at the end of the turn order).
- Stat buffs.
And more.","Some, powerful, foes, have, Critical, Points, CP, Additional, actions, added, at, the"
high,9,app_text01,text/tutorial_explanation.mbe/000_Sheet1.csv,tutorial_exp_Boss_01_002,"The enemy can gain Critical Points through a variety of actions.

{fc9In particular, if the enemy attacks an ally Digimon's weak point,
that enemy's CP will greatly increase.}

You can reduce the enemy's CP by performing actions that increase
your own.

{fc9For both you and the enemy, actions that increase one's CP will
reduce the other's.}","The, enemy, can, gain, Critical, Points, through, a, variety, of, actions, You"
high,9,app_text01,text/tutorial_explanation.mbe/000_Sheet1.csv,tutorial_exp_Boss_01_003,"Reference Image: Boosting Stats A Digimon's
stats may be enhanced according to its CP value.
The enhancements can be seen under the HP Gauge.","Reference, Image, Boosting, Stats, A, Digimon's, stats, may, be, enhanced, according, to"
high,9,app_text01,text/tutorial_explanation.mbe/000_Sheet1.csv,tutorial_exp_Boss_02_001,"A status change that occurs when an enemy is charging up to use a
powerful Special Skill. Once charged, the enemy will unleash the
Special Skill.

{fc9Once in a charging state, the enemy will not act as it gathers power,
but it will continue to accumulate CP and build up its strength.}

Charging puts you in a desperate situation, but it also provides a
chance for counterattack.","A, status, change, that, occurs, when, an, enemy, is, charging, up, to"
high,9,app_text01,text/tutorial_explanation.mbe/000_Sheet1.csv,tutorial_exp_Boss_02_002,"When an enemy is charging, a Breaking Point Gauge is added to the
enemy in the attack target selection menu.

{fc9With concentrated attacks, it is possible to deplete the Breaking
Point Gauge and interrupt the enemy's charge. This is called a
Charge Break.}

The amount remaining until Charge Break is achieved is indicated
by a white bar below the HP Gauge.","When, an, enemy, is, charging, a, Breaking, Point, Gauge, is, added, to"
high,9,app_text01,text/tutorial_explanation.mbe/000_Sheet1.csv,tutorial_exp_Boss_02_003,"A successful Charge Break will:
{fc9 - Reset enemy CP (and reset enhancements from CP gain).
 - Cancel Strong state (resetting buff effects that cannot otherwise
be canceled).
 - Cancel release of the Special Skill after charging.}

There is always a chance for counterattack.","A, successful, Charge, Break, will, There, is, always, a, chance, for, counterattack"
high,9,app_text01,text/tutorial_explanation.mbe/000_Sheet1.csv,tutorial_exp_BuffDebuff_01_001,"These are stat changes that affect Digimon during battles.

Buffs indicate positive changes, and debuffs indicate negative ones.
{fc9Multiple effects can occur at the same time.}

Icons will be displayed next to stats affected by a buff or debuff.","These, are, stat, changes, that, affect, during, battles, Buffs, indicate, positive, changes"
high,9,app_text01,text/tutorial_explanation.mbe/000_Sheet1.csv,tutorial_exp_CardsDescription_01_002,"You can collect cards by competing in battles or purchasing them in
the Card Shop. You can also acquire new cards by defeating hostile
Digimon.

{fc9You can see the cards you have collected under Agent > Cards
on your Digivice.}

Collecting all the cards is not an easy task, but the game's collectible
nature keeps many players hooked. Will you be able to complete your
card collection?","You, can, collect, cards, by, competing, in, battles, or, purchasing, them, in"
high,9,app_text01,text/tutorial_explanation.mbe/000_Sheet1.csv,tutorial_exp_CardsRule_01_001,"[Game Rules]
Players take turns to play a card each, and the selected Jogmon will
be generated to do battle against each other.

Defeat your Rival's Jogmon to win a round.
{fc9Each card battle lasts five rounds, and the player with the most
rounds won is the victor.}","Game, Rules, Players, take, turns, to, play, a, card, each, and, the"
high,9,app_text01,text/tutorial_explanation.mbe/000_Sheet1.csv,tutorial_exp_CardsRule_01_002,"[Factors for Winning a Jogmon Battle]
""Attribute Compatibility""
A card's chances of winning depend on its Attribute compatibility.
{fc9The more favorable the compatibility, the greater the chances.}","Factors, for, Winning, a, Battle, Attribute, Compatibility, A, card's, chances, of, winning"
high,9,app_text01,text/tutorial_explanation.mbe/000_Sheet1.csv,tutorial_exp_CardsRule_01_003,"[Factors for Winning a Jogmon Battle]
""Level""
Cards are labeled with a number from 1 to 7, indicating the Level
(or strength) of the card.

Cards with a higher Level have a greater chance of winning.
{fc9However, there is a bug causing Level 1 cards to have a greater
chance of winning against Level 7 cards.}","Factors, for, Winning, a, Battle, Level, Cards, are, labeled, with, a, number"
high,9,app_text01,text/tutorial_explanation.mbe/000_Sheet1.csv,tutorial_exp_Compatibility_01_001,"Damage is calculated based on Attribute compatibility {fc9(the
compatibility matrix of {is28}{image(ui_icon_type_000)} Vaccine > {is28}{image(ui_icon_type_040)} Virus > {is28}{image(ui_icon_type_020)} Data)}
as well as Elemental Resistances and Traits.","Damage, is, calculated, based, on, Attribute, compatibility, fc, the, compatibility, matrix, of"
high,9,app_text01,text/tutorial_explanation.mbe/000_Sheet1.csv,tutorial_exp_Compatibility_01_003,"You can also view an enemy's compatibility details via {fc9{l2} Analyze}.

When facing enemies with unfavorable compatibility, consider
switching to Digimon with favorable compatibility.","You, can, also, view, an, enemy's, compatibility, details, via, fc, Analyze, When"
high,9,app_text01,text/tutorial_explanation.mbe/000_Sheet1.csv,tutorial_exp_Compatibility_01_004,"Detailed information on Attributes, Elements, and Traits can be
found via Digivice > System > Tutorials > Battle, under:
{fc9 - Attribute Compatibility
 - Elements
 - Traits}","Detailed, information, on, Attributes, Elements, and, Traits, can, be, found, via, System"
high,9,app_text01,text/tutorial_explanation.mbe/000_Sheet1.csv,tutorial_exp_Convert_01_001,"This feature allows you to create new partner Digimon based on
accumulated battle data. {fc9Digimon can be converted upon
reaching a Scan Rate of 100%, up to a maximum of 200%.} The
Scan Rate of a Digimon increases after defeating them in battle.
If you find a Digimon you want, fight it over and over to build up
its Scan Rate.","This, feature, allows, you, to, create, new, partner, based, on, accumulated, battle"
high,9,app_text01,text/tutorial_explanation.mbe/000_Sheet1.csv,tutorial_exp_Convert_01_002,"You can view the Scan Rate for each Digimon by navigating to
Digimon > Convert on your Digivice.

{fc9The closer the Scan Rate is to 200%, the greater the converted
Digimon's Max HP and Talent will be.}

We recommend reaching a Scan Rate of 200% before converting
Digimon.","You, can, view, the, Scan, Rate, for, each, by, navigating, to, Convert"
high,9,app_text01,text/tutorial_explanation.mbe/000_Sheet1.csv,tutorial_exp_Convert_02_001,"Increasing the Analysis Rate of enemy Digimon through battle
will eventually allow you to Convert those Digimon. Conversion
allows you to welcome these Digimon as new allies.","Increasing, the, Analysis, Rate, of, enemy, through, battle, will, eventually, allow, you"
high,9,app_text01,text/tutorial_explanation.mbe/000_Sheet1.csv,tutorial_exp_CpAdd_01_001,"{fc9To use Cross Arts, you must fully charge your Critical Points.}

CP increases based on the actions taken in battle.
Once at full charge, you will enter a ""Cross Art Ready"" state.

Once your thoughts have aligned with your allies, you, the Agent,
pull the {r2} trigger.","CP, increases, based, on, the, actions, taken, in, battle, Once, at, full"
high,9,app_text01,text/tutorial_explanation.mbe/000_Sheet1.csv,tutorial_exp_CpFluctuation_01_001,"Critical Points are  gained upon performing actions in battle, such
as attacking or healing.

{fc9The most effective way of earning CP is to strike an enemy's weak
point. Conversely, you will lose a large amount of CP if an enemy
strikes an ally Digimon's weak point.}

Selecting Digimon and skills with favorable Attribute and Element
compatibility in mind will make it easier to charge CP.

{fc9CP charge carries over between battles.}","Critical, Points, are, gained, upon, performing, actions, in, battle, such, as, attacking"
high,9,app_text01,text/tutorial_explanation.mbe/000_Sheet1.csv,tutorial_exp_CrossArtsChange_01_001,"{fc9You can learn new Cross Arts via ""Bond of Loyalty"" Agent Skills.}

Change between Cross Arts you have learned by navigating to
Agent > Cross Arts on your Digivice.

Select a Cross Art with effects suitable to your battle strategy.","Change, between, Cross, Arts, you, have, learned, by, navigating, to, Agent, Cross"
high,9,app_text01,text/tutorial_explanation.mbe/000_Sheet1.csv,tutorial_exp_DataReturn_01_001,"Unfortunately, there will be times when you must say farewell
to your partner Digimon.

In order to do so, select ""Return to Data"" to return the Digimon
to its underlying data and convert it into funds.

{fc9Note that you'll permanently lose any Digimon that you
return to data.} Make sure to be careful when using this feature.","Unfortunately, there, will, be, times, when, you, must, say, farewell, to, your"
high,9,app_text01,text/tutorial_explanation.mbe/000_Sheet1.csv,tutorial_exp_Destination_01_001,"Your current objective will be displayed as a guide marker on the map.

{fc9Use the {menu} Navigation feature to keep the enlarged Map and mission 
objective displayed on-screen as you move around.}","Your, current, objective, will, be, displayed, as, a, guide, marker, on, the"
high,9,app_text01,text/tutorial_explanation.mbe/000_Sheet1.csv,tutorial_exp_DigimonHighlighting_01_001,"Your Digivice has been updated.

The navigation map has been upgraded, and the positions of hostile
Digimon are now indicated with red markers.","Your, has, been, updated, The, navigation, map, has, been, upgraded, and, the"
high,9,app_text01,text/tutorial_explanation.mbe/000_Sheet1.csv,tutorial_exp_DigisterDescripution_01_002,"Interacting with Digimon
Training: You can use training items to strengthen stats that  can't be
increased via ordinary level-ups and also change their personality.
{fc9You can use the same training items an unlimited number of times.}
{fc9Note that simply placing a Digimon at the farm will not train it.}

Feeding: Giving food to Digimon will increase its Bond Points.
giving a Digimon their favorite food, will further increase Bond Points.
Note that favorite foods may differ even amongst same type Digimon.","Interacting, with, Training, You, can, use, training, items, to, strengthen, stats, that"
high,9,app_text01,text/tutorial_explanation.mbe/000_Sheet1.csv,tutorial_exp_DigisterDescripution_01_003,"Finding Materials
Your Digimon may find materials while at the farm. It takes some
time to find materials, so it's recommended that you visit the farm
in between your adventures.

Positioning Farm Items
You can freely customize your farm.
{fc9This doesn't affect Digimon training.}","Finding, Materials, Your, may, find, materials, while, at, the, farm, It, takes"
high,9,app_text01,text/tutorial_explanation.mbe/000_Sheet1.csv,tutorial_exp_DigivaiceConstraints_01_001,"The mission section of the Outer Dungeons
prevents most features of your Digivice from
working, although its full functionality will be
restored once you complete a mission.","The, mission, section, of, the, Outer, Dungeons, prevents, most, features, of, your"
high,9,app_text01,text/tutorial_explanation.mbe/000_Sheet1.csv,tutorial_exp_Digivaice_01_001,"This handheld terminal represents the pinnacle of ADAMAS
technology and includes numerous functions that are helpful
for completing missions. Any information you come across
during a mission is stored in your Digivice, making it a useful
tool when carrying out your duties.","This, handheld, terminal, represents, the, pinnacle, of, technology, and, includes, numerous, functions"
high,9,app_text01,text/tutorial_explanation.mbe/000_Sheet1.csv,tutorial_exp_Dungeon_01_001,"This term is given to areas within phase electron space that are
scattered across the world. Among them, the Outer Dungeons from
Ages Past are said to contain some of the most difficult trials ever.
Although not required, it's recommended that you clear them and
obtain the many rewards within.

{fc9The Outer Dungeons are entered in the registry once discovered.
Speak to Mirei in the In-Between Theater to take them on.}","This, term, is, given, to, areas, within, phase, electron, space, that, are"
high,9,app_text01,text/tutorial_explanation.mbe/000_Sheet1.csv,tutorial_exp_Encounter_01_001,"Make contact with a Digimon, and you will enter battle.

While it can be harsh and unforgiving, the experience obtained
in battle is essential. From helping develop your Digimon, to
increasing Scan Rates for Digimon Conversion, battle is key
to overcoming the challenges that await you on your mission.

Actively engage in combat and grow srong, Agent.","Make, contact, with, a, and, you, will, enter, battle, While, it, can"
high,9,app_text01,text/tutorial_explanation.mbe/000_Sheet1.csv,tutorial_exp_Escape_01_001,"{fc9Press {r1} in battle to flee from hostile Digimon.}
There is no shame for an agent to exercise discretion in the course
of a mission.

However, fleeing constantly will gain you nothing. And there may be
enemies that you can't escape from. That's why it's also important
to gain experience for such occasions.

Balance your decisions carefully.","fc, Press, in, battle, to, flee, from, hostile, There, is, no, shame"
high,9,app_text01,text/tutorial_explanation.mbe/000_Sheet1.csv,tutorial_exp_EvolutionTechnique_03_001,"The value of stats boosted with enhancement items is also added to
the cumulative value.

Digivolving or De-Digivolving adds 1% of the previous Digimon's stat
value to the total.

{fc9Bond Points indicate the number of times that the cumulative value
can be carried over after Digivolving or De-Digivolving. Increase the
cumulative value as much as possible beforehand in order to maximize
your Bond Points.}","The, value, of, stats, boosted, with, enhancement, items, is, also, added, to"
high,9,app_text01,text/tutorial_explanation.mbe/000_Sheet1.csv,tutorial_exp_Factor_01_001,"Each Digimon possesses Traits which are based on their type and
characteristics. Certain special skills are effective against specific
Traits, resulting in{fc9 1.5x damage dealt}.

{fc9You can view the Traits of enemy Digimon via {l2} Analyze during
battle.}","Each, possesses, Traits, which, are, based, on, their, type, and, characteristics, Certain"
high,9,app_text01,text/tutorial_explanation.mbe/000_Sheet1.csv,tutorial_exp_FieldAnalysis_01_002,"Reference Video: Analyze Mode
Controls Hostile Digimon and breakable objects will be
highlighted. Use {rs} to adjust your field of vision
and to also switch between targets.","Reference, Video, Analyze, Mode, Controls, Hostile, and, breakable, objects, will, be, highlighted"
high,9,app_text01,text/tutorial_explanation.mbe/000_Sheet1.csv,tutorial_exp_FieldAnalysis_01_003,"Reference Video: Detailed Digimon Information
Align the cursor with a Digimon and press {decision} to
view detailed information about it.","Reference, Video, Detailed, Information, Align, the, cursor, with, a, and, press, to"
high,9,app_text01,text/tutorial_explanation.mbe/000_Sheet1.csv,tutorial_exp_Friendship_01_002,"How to Increase Bond Points

- Participate in battles.
- Talk to partner Digimon.
- Feed the Digimon at the farm.","How, to, Increase, Bond, Points, Participate, in, battles, Talk, to, partner, Feed"
high,9,app_text01,text/tutorial_explanation.mbe/000_Sheet1.csv,tutorial_exp_GimmickRide_01_001,"This field action enlists the aid of nearby Digimon to help traverse
terrain that you would normally be unable to cross, making it vital
to completing your mission. {fc9DigiCo-Op ride locations are marked
with a special icon on the Map.}

If you ever find yourself at a loss as to how to proceed, try
searching for a Digimon in the vicinity that can offer assistance.","This, field, action, enlists, the, aid, of, nearby, to, help, traverse, terrain"
high,9,app_text01,text/tutorial_explanation.mbe/000_Sheet1.csv,tutorial_exp_Guard_01_001,"{fc9Guarding greatly reduces damage until the Digimon's next turn.}

This battle command is useful when you can't avoid attacks from
an enemy with unfavorable compatibility or powerful Special Skills.","This, battle, command, is, useful, when, you, can't, avoid, attacks, from, an"
high,9,app_text01,text/tutorial_explanation.mbe/000_Sheet1.csv,tutorial_exp_HighSpeedMode_01_001,"This mode accelerates time and speeds up combat.
There are four levels in total: 1x, 2x, 3x and 5x.
Select your favorite speed and fight each battle at your pace.","This, mode, accelerates, time, and, speeds, up, combat, There, are, four, levels"
high,9,app_text01,text/tutorial_explanation.mbe/000_Sheet1.csv,tutorial_exp_MeinQuest_01_001,"Your primary mission, deemed critical priority under orders from
ADAMAS. Failure to complete the mission may result in the end
of the world as we know it.

Agent, be sure to conduct your mission with utmost care.","Your, primary, mission, deemed, critical, priority, under, orders, from, Failure, to, complete"
high,9,app_text01,text/tutorial_explanation.mbe/000_Sheet1.csv,tutorial_exp_OutoBattle_01_001,"This mode lets your Digimon fight battles automatically.
The actions performed depend on the Digimon's personality.
Use {rs} to switch Auto Mode on and off.","This, mode, lets, your, fight, battles, automatically, The, actions, performed, depend, on"
high,9,app_text01,text/tutorial_explanation.mbe/000_Sheet1.csv,tutorial_exp_OutoRecovery_01_001,"This is an auto-recovery program for your partner Digimon.

{fc9The program boots up when you're standing still and restores your
Digimon's HP and SP.}

Whenever you find a safe location, be sure to use this program to
recuperate before returning to your mission.","This, is, an, auto-recovery, program, for, your, partner, Whenever, you, find, a"
high,9,app_text01,text/tutorial_explanation.mbe/000_Sheet1.csv,tutorial_exp_PersonalitySkillChange_01_001,"Partner Digimon are capable of changing their Personality Skill.

In this situation, the partner Digimon will get an idea for a Personality
Skill and ask if it should make a change.

{fc9You should decide whether the Digimon keeps its current Personality
Skill or changes to the new one that it has suggested.}","Partner, are, capable, of, changing, their, Personality, Skill, In, this, situation, the"
high,9,app_text01,text/tutorial_explanation.mbe/000_Sheet1.csv,tutorial_exp_PersonalitySkill_01_001,"""Personality Skills"" are passive skills tied to the partner Digimon's
Personality type.

Some Personality skills bring about various effects depending on
Personality type.

{fc9You can check a partner Digimon's Personality skill in its stats.}","Personality, Skills, are, passive, skills, tied, to, the, partner, Digimon's, Personality, type"
high,9,app_text01,text/tutorial_explanation.mbe/000_Sheet1.csv,tutorial_exp_Personality_01_002,"Personality type influences a Digimon in several ways.

{fc9- It makes certain stats grow more.
- It changes the types of Personality Skills.
- It changes the impact of Strike Effect.}

Decide your Digimon's personality type according to the direction
you wish to develop it in.","Personality, type, influences, a, in, several, ways, Decide, your, Digimon's, personality, type"
high,9,app_text01,text/tutorial_explanation.mbe/000_Sheet1.csv,tutorial_exp_Personality_01_003,"A Digimon's initial personality type is determined when it's converted.

Which personality type a Digimon will be born with is unknown, but
there seems to be a certain trend for each Digimon type.

{fc9Personality types can also be changed afterward.}
Every Digimon has a unique personality.","A, Digimon's, initial, personality, type, is, determined, when, it's, converted, Which, personality"
high,9,app_text01,text/tutorial_explanation.mbe/000_Sheet1.csv,tutorial_exp_PopPoints_01_001,"These areas provide the agent with useful items. Be sure to
examine them whenever you find one of these locations.","These, areas, provide, the, agent, with, useful, items, Be, sure, to, examine"
high,9,app_text01,text/tutorial_explanation.mbe/000_Sheet1.csv,tutorial_exp_RushOut_01_001,"It seems you've just experienced a ""surprise encounter."" It's rumored
that when you have one of these encounters, a certain Digimon will
unexpectedly appear and join the battle.

{fc9Defeating this Digimon can cause rare items to drop, but it's
apparently pretty quick to retreat.} I'm sure it's only a matter of time
before an agent uncovers the truth.","It, seems, you've, just, experienced, a, surprise, encounter, It's, rumored, that, when"
high,9,app_text01,text/tutorial_explanation.mbe/000_Sheet1.csv,tutorial_exp_RushOut_01_002,Digimon Who Have Appeared during Surprise Encounters #1,"Who, Have, Appeared, during, Surprise, Encounters"
high,9,app_text01,text/tutorial_explanation.mbe/000_Sheet1.csv,tutorial_exp_RushOut_01_003,Digimon Who Have Appeared during Surprise Encounters #2,"Who, Have, Appeared, during, Surprise, Encounters"
high,9,app_text01,text/tutorial_explanation.mbe/000_Sheet1.csv,tutorial_exp_RushOut_01_004,Digimon Who Have Appeared during Surprise Encounters #3,"Who, Have, Appeared, during, Surprise, Encounters"
high,9,app_text01,text/tutorial_explanation.mbe/000_Sheet1.csv,tutorial_exp_RushOut_01_005,Digimon Who Have Appeared during Surprise Encounters #4,"Who, Have, Appeared, during, Surprise, Encounters"
high,9,app_text01,text/tutorial_explanation.mbe/000_Sheet1.csv,tutorial_exp_SpecialSkills_01_001,"These are a Digimon's unique set of skills, capable of dealing large
amounts of damage or triggering certain effects.

Some Digimon even have a Special Skill that lets them initiate a
Mode Change.

Getting a grasp on these Special Skills is key to unlocking each
Digimon's potential in battle.","These, are, a, Digimon's, unique, set, of, skills, capable, of, dealing, large"
high,9,app_text01,text/tutorial_explanation.mbe/000_Sheet1.csv,tutorial_exp_SubQuest_01_002,"""All Things in Good Time"" This is an important concept for
side missions.

Difficult missions may be easier after gaining some experience.

{fc9Also, there is no need to stress about side missions that have to be
put off to fulfill the main mission. There will always be an opportunity
to complete them later.}","All, Things, in, Good, Time, This, is, an, important, concept, for, side"
high,9,app_text01,text/tutorial_explanation.mbe/000_Sheet1.csv,tutorial_exp_Synthetic_01_001,"This feature allows you to transfer one Digimon's data to another
through synthesis.

{fc9The resource data (material) Digimon will beconverted into EXP to
be absorbed by the base data Digimon. A portion of its Talent and
cumulative stats will also be inherited.}

The source Digimon will be converted into data that is passed on to
the next Digimon.","This, feature, allows, you, to, transfer, one, Digimon's, data, to, another, through"
high,9,app_text01,text/tutorial_explanation.mbe/000_Sheet1.csv,tutorial_exp_Talent_01_002,"How to Increase the Number of Talent Points Earned

- Participate in battles.
- Finish off an enemy.
- Strike an enemy's weak point.
- Win a battle without taking damage.
- Train at the farm.","How, to, Increase, the, Number, of, Talent, Points, Earned, Participate, in, battles"
high,9,app_text01,text/tutorial_explanation.mbe/000_Sheet1.csv,tutorial_exp_Theater_01_001,"This special theater exists between time and space and is managed
by the mysterious individual known as ""Mirei."" 

It includes various features that are useful for agents and also allow
partner Digimon to recover their health.

Entrances to this space can be found in various locations.
{fc9These entrances will be registered on the navigation map once you
discover them.}","This, special, theater, exists, between, time, and, space, and, is, managed, by"
high,9,app_text01,text/tutorial_explanation.mbe/000_Sheet1.csv,tutorial_exp_Treasurechest_01_001,"You can obtain items that are useful for completing your mission.

Treasure Chests
These contain Support Items that can be used only by agents.

Materials
Specific locations let you procure materials and other items.

{fc9Use Analyze Mode to help detect and locate these.} If you find
one, make sure to collect its contents.","You, can, obtain, items, that, are, useful, for, completing, your, mission, Treasure"
high,9,app_text01,text/tutorial_explanation.mbe/000_Sheet1.csv,tutorial_exp_WeakPointAttack_01_001,"{fc9When an attack has favorable compatibility, it will strike the
enemy's ""weak point."" Compatibility is determined via Attributes,
Elements, and Traits.}

Additionally, other effects such as from a Digimon's Personality
Skill can also have a large influence on attack compatibility.

There are hints in a Digimon's stats and other details for finding
compatibilities and weak points, so be sure to use Analyze Mode
to find them.","Additionally, other, effects, such, as, from, a, Digimon's, Personality, Skill, can, also"
high,9,app_text01,text/tutorial_explanation.mbe/000_Sheet1.csv,tutorial_exp_WorldMapRialWorld_01_001,"You have the ability to move between selected locations
on the World Map.

New locations will be added as you complete missions.","You, have, the, ability, to, move, between, selected, locations, on, the, World"
high,9,app_text01,text/tutorial_explanation.mbe/000_Sheet1.csv,tutorial_exp_WorldMapTimeChange_01_001,"You can now jump between different timelines.

{fc9Access the In-Between Theater exit and select a location to time
jump to. You can also return to your previous timeline.}

Use this feature to help complete side missions that you have not
finished yet.","You, can, now, jump, between, different, timelines, Use, this, feature, to, help"
high,9,app_text01,text/tutorial_explanation.mbe/000_Sheet1.csv,tutorial_exp_WorldView_001_001,"These are mysterious phenomena with no scientific explanation.
Minor explosions and shockwaves of unknown origin have been
reported, as well as strange lifeforms, regional earthquakes and
other unusual weather patterns. Research conducted by
ADAMAS has shown that the frequency of these anomalous
phenomena coincides with an increase in social unrest. Over the
past few years, the phenomena have been increasing at a rapid
rate, which has happened a handful of times throughout history.
Each time, the events caused society to fall into chaos and
eventually led to an epidemic, disaster or all-out war.","These, are, mysterious, phenomena, with, no, scientific, explanation, Minor, explosions, and, shockwaves"
high,9,app_text01,text/tutorial_explanation.mbe/000_Sheet1.csv,tutorial_exp_WorldView_002_001,"This organization works behind the scenes to
deal with the strange phenomena known as
""anomalies."" It sends agents around the globe
to carry out missions designed to collect and
analyze information for its massive database.
The organization's goal is to protect citizens
from the anomalies when their leaders are unable
to do so. In addition to its main headquarters,
the organization is said to have various branches
scattered around different regions. However,
the organization's founder insisted that details
regarding their activities be kept secret, meaning
that its true purpose remains hidden from the masses.","This, organization, works, behind, the, scenes, to, deal, with, the, strange, phenomena"
high,9,app_text01,text/tutorial_explanation.mbe/000_Sheet1.csv,tutorial_exp_WorldView_003_001,"Digimon are mysterious beings with a strong correlation to areas
where anomalous phenomena have been sighted. Although
ADAMAS has been investigating these beings for many years,
we still know very little. Until recently, we could only describe
them as what people call ""phantoms."" Lately, however, the
organization has bolstered its research efforts in response to a
sudden increase in Digimon sightings over the years. Digimon
were found to be ""electronic lifeforms,"" with characteristics of
both organic matter and electric signals. It's believed that they're
the source of the anomalous phenomena.","are, mysterious, beings, with, a, strong, correlation, to, areas, where, anomalous, phenomena"
high,9,app_text01,text/tutorial_explanation.mbe/000_Sheet1.csv,tutorial_exp_WorldView_004_001,"This special device was developed by ADAMAS and contains a
unique ""summoning program"" that utilizes a Digimon's electronic
data. These devices are given to agents and allow them to
convert the aspect of Digimon that corresponds to genes into
electronic data made up of ones and zeros. And even though
Digimon are organic lifeforms as well, they can also be ""copied""
because of this data if certain conditions are met.","This, special, device, was, developed, by, and, contains, a, unique, summoning, program"
high,9,app_text01,text/tutorial_explanation.mbe/000_Sheet1.csv,tutorial_exp_WorldView_004_002,"This general theory was the work of Dr. Yuki, who was the
original founder of ADAMAS. He apparently referred to these
phase electronic lifeforms as ""semi-electron bodies."" Although
his theories were largely ignored in academic circles, the
members of the organization continued his research, thus
leading to the creation of the Digivice.","This, general, theory, was, the, work, of, Dr, Yuki, who, was, the"
high,9,app_text01,text/tutorial_explanation.mbe/000_Sheet1.csv,tutorial_exp_WorldView_005_001,"As one of the organization's founders, Dr. Yuki
developed numerous inventions that were useful
to society. And yet, few people know about him,
due in large part to his personality. He rarely
showed himself in public, and he transferred all
rights to his work to the government and large
corporations, using the proceeds to establish
ADAMAS. Today, his original mission of defending
society from the threat of the anomalies lives
on through the organization's current members.","As, one, of, the, organization's, founders, Dr, Yuki, developed, numerous, inventions, that"
high,9,app_text01,text/tutorial_explanation.mbe/000_Sheet1.csv,tutorial_exp_WorldView_005_002,"It's believed that the organization's secrecy is due to its desire
to prevent its analysis of the anomalies from falling into the
wrong hands. As a result, the organization keeps its activities
shrouded in secrecy, so as to protect its research from being
misused by entities such as the military industrial complex.","It's, believed, that, the, organization's, secrecy, is, due, to, its, desire, to"
high,9,app_text01,text/tutorial_title.mbe/000_Sheet1.csv,tutorial_title_AbnormalStatus_02,Reverse (Status Change),"Reverse, Status, Change"
high,9,app_text01,text/tutorial_title.mbe/000_Sheet1.csv,tutorial_title_AbnormalStatus_03,Injured (Status Change),"Injured, Status, Change"
high,9,app_text01,text/tutorial_title.mbe/000_Sheet1.csv,tutorial_title_AbnormalStatus_04,Diseased (Status Change),"Diseased, Status, Change"
high,9,app_text01,text/tutorial_title.mbe/000_Sheet1.csv,tutorial_title_AbnormalStatus_05,Brave (Status Change),"Brave, Status, Change"
high,9,app_text01,text/tutorial_title.mbe/000_Sheet1.csv,tutorial_title_AbnormalStatus_06,Strong (Status Change),"Strong, Status, Change"
high,9,app_text01,text/tutorial_title.mbe/000_Sheet1.csv,tutorial_title_AbnormalStatus_07,Guts (Status Change),"Guts, Status, Change"
high,9,app_text01,text/tutorial_title.mbe/000_Sheet1.csv,tutorial_title_AbnormalStatus_09,Taunting (Status Change),"Taunting, Status, Change"
high,9,app_text01,text/tutorial_title.mbe/000_Sheet1.csv,tutorial_title_Analysis_01,Analyze (Battle Command),"Analyze, Battle, Command"
high,9,app_text01,text/tutorial_title.mbe/000_Sheet1.csv,tutorial_title_AttackCategory_01,Physical & Magic Attacks,"Physical, Magic, Attacks"
high,9,app_text01,text/tutorial_title.mbe/000_Sheet1.csv,tutorial_title_BattleCommand_02,Skill (Battle Command),"Skill, Battle, Command"
high,9,app_text01,text/tutorial_title.mbe/000_Sheet1.csv,tutorial_title_BattleCommand_03,Item (Battle Command),"Item, Battle, Command"
high,9,app_text01,text/tutorial_title.mbe/000_Sheet1.csv,tutorial_title_BattleCommand_04,Change (Battle Command),"Change, Battle, Command"
high,9,app_text01,text/tutorial_title.mbe/000_Sheet1.csv,tutorial_title_BattleCommand_05,View Ally Info (Battle Command),"View, Ally, Info, Battle, Command"
high,9,app_text01,text/tutorial_title.mbe/000_Sheet1.csv,tutorial_title_Boss_02,Charging (Enemy Status Change),"Charging, Enemy, Status, Change"
high,9,app_text01,text/tutorial_title.mbe/000_Sheet1.csv,tutorial_title_CardsOpponent_01,Finding Card Battle Opponents,"Finding, Card, Battle, Opponents"
high,9,app_text01,text/tutorial_title.mbe/000_Sheet1.csv,tutorial_title_CardsRule_01,Card Game Rules,"Card, Game, Rules"
high,9,app_text01,text/tutorial_title.mbe/000_Sheet1.csv,tutorial_title_Compatibility_01,Compatibility & Damage Calculation,"Compatibility, Damage, Calculation"
high,9,app_text01,text/tutorial_title.mbe/000_Sheet1.csv,tutorial_title_CpFluctuation_01,CP Gain & Loss,"CP, Gain, Loss"
high,9,app_text01,text/tutorial_title.mbe/000_Sheet1.csv,tutorial_title_Danger_01,HP Is Flashing Red,"Is, Flashing, Red"
high,9,app_text01,text/tutorial_title.mbe/000_Sheet1.csv,tutorial_title_DataReturn_01,Returning Digimon to Data,"Returning, to, Data"
high,9,app_text01,text/tutorial_title.mbe/000_Sheet1.csv,tutorial_title_Destination_01,The Navigation System,"The, Navigation, System"
high,9,app_text01,text/tutorial_title.mbe/000_Sheet1.csv,tutorial_title_DigimonHighlighting_01,Map Display of Hostile Digimon,"Map, Display, of, Hostile"
high,9,app_text01,text/tutorial_title.mbe/000_Sheet1.csv,tutorial_title_Dungeon_01,The Outer Dungeons,"The, Outer, Dungeons"
high,9,app_text01,text/tutorial_title.mbe/000_Sheet1.csv,tutorial_title_Escape_01,Escape (Battle Command),"Escape, Battle, Command"
high,9,app_text01,text/tutorial_title.mbe/000_Sheet1.csv,tutorial_title_FarmGoodsShop_01,The Farm Item Synthesis Shop,"The, Farm, Item, Synthesis, Shop"
high,9,app_text01,text/tutorial_title.mbe/000_Sheet1.csv,tutorial_title_Guard_01,Guard (Battle Command),"Guard, Battle, Command"
high,9,app_text01,text/tutorial_title.mbe/000_Sheet1.csv,tutorial_title_HowToMove_01,Movement and Using the Camera,"Movement, and, Using, the, Camera"
high,9,app_text01,text/tutorial_title.mbe/000_Sheet1.csv,tutorial_title_MiniMap_01,Expanding the Map,"Expanding, the, Map"
high,9,app_text01,text/tutorial_title.mbe/000_Sheet1.csv,tutorial_title_OutoBattle_01,Combat Expanded: Auto Mode,"Combat, Expanded, Auto, Mode"
high,9,app_text01,text/tutorial_title.mbe/000_Sheet1.csv,tutorial_title_PersonalityChange_01,Changes in Personality Type,"Changes, in, Personality, Type"
high,9,app_text01,text/tutorial_title.mbe/000_Sheet1.csv,tutorial_title_PersonalitySkillChange_01,Changes in Personality Skill,"Changes, in, Personality, Skill"
high,9,app_text01,text/tutorial_title.mbe/000_Sheet1.csv,tutorial_title_Theater_01,The In-Between Theater,"The, In-Between, Theater"
high,9,app_text01,text/tutorial_title.mbe/000_Sheet1.csv,tutorial_title_WeakPointAttack_01,Weak Point Attacks,"Weak, Point, Attacks"
high,9,app_text01,text/tutorial_title.mbe/000_Sheet1.csv,tutorial_title_WorldMapBlimpmon_01,The Blimpmon Map,"The, Blimpmon, Map"
high,9,app_text01,text/tutorial_title.mbe/000_Sheet1.csv,tutorial_title_WorldMapRialWorld_01,The World Map,"The, World, Map"
high,9,app_text01,text/tutorial_title.mbe/000_Sheet1.csv,tutorial_title_WorldView_005,The History of ADAMAS,"The, History, of"
high,9,app_text01,text/tutorial_title.mbe/000_Sheet1.csv,tutorial_title_Zombi_01,Reaper's Mist (Reduces Max HP),"Reaper's, Mist, Reduces, Max"
high,8,app_text01,text/info_message.mbe/000_Sheet1.csv,10000,{fc9{d0}} joined the party.,"fc, joined, the, party"
high,8,app_text01,text/info_message.mbe/000_Sheet1.csv,10006,"This message has been locked.
{fc9Unlock Condition: Avoid receiving a single preemptive attack from the enemy.}","This, message, has, been, locked"
high,8,app_text01,text/info_message.mbe/000_Sheet1.csv,10007,"This message has been locked.
{fc9Unlock Condition: Reach the goal without hitting a single enemy or obstacle.}","This, message, has, been, locked"
high,8,app_text01,text/info_message.mbe/000_Sheet1.csv,10010,"This message has been locked.
{fc9Unlock Condition: Collect 10+ Marks of Mastery.}","This, message, has, been, locked"
high,8,app_text01,text/info_message.mbe/000_Sheet1.csv,10011,"This message has been locked.
{fc9Unlock Condition: Collect 20+ Marks of Mastery.}","This, message, has, been, locked"
high,8,app_text01,text/info_message.mbe/000_Sheet1.csv,10012,"This message has been locked.
{fc9Unlock Condition: Collect 30+ Marks of Mastery.}","This, message, has, been, locked"
high,8,app_text01,text/info_message.mbe/000_Sheet1.csv,10013,"This message has been locked.
{fc9Unlock Condition: Collect 40+ Marks of Mastery.}","This, message, has, been, locked"
high,8,app_text01,text/info_message.mbe/000_Sheet1.csv,10021,The {fc9Vade Pass} exploded with a loud bang.,"The, exploded, with, a, loud, bang"
high,8,app_text01,text/info_message.mbe/000_Sheet1.csv,1005,"Not enough free space.
Either delete or overwrite save data.","Not, enough, free, space, Either, delete, or, overwrite, save, data"
high,8,app_text01,text/info_message.mbe/000_Sheet1.csv,10050,"Unable to accommodate more guest members.
This mission cannot be advanced any further.","Unable, to, accommodate, more, guest, members, This, mission, cannot, be, advanced, any"
high,8,app_text01,text/info_message.mbe/000_Sheet1.csv,1006,"Not enough free space.
Either delete or overwrite other save data.","Not, enough, free, space, Either, delete, or, overwrite, other, save, data"
high,8,app_text01,text/info_message.mbe/000_Sheet1.csv,1011,File is corrupted.,"File, is, corrupted"
high,8,app_text01,text/info_message.mbe/000_Sheet1.csv,1012,Deleting save data...,"Deleting, save, data"
high,8,app_text01,text/info_message.mbe/000_Sheet1.csv,1017,"No {pf(add-ons are/add-ons are/downloadable content is/downloadable content is)} currently available for purchase.
Please wait for future updates.","currently, available, for, purchase, Please, wait, for, future, updates"
high,8,app_text01,text/info_message.mbe/000_Sheet1.csv,10350100,You can now use the Special Skill {fc9Stun Beat Blow}.,"You, can, now, use, the, Special, Skill"
high,8,app_text01,text/info_message.mbe/000_Sheet1.csv,1050,The name you have entered includes inappropriate words.,"The, name, you, have, entered, includes, inappropriate, words"
high,8,app_text01,text/info_message.mbe/000_Sheet1.csv,1101040040,{player} sprinkled Flower Extract on Tanemon's head!,"sprinkled, Flower, Extract, on, Tanemon's, head"
high,8,app_text01,text/info_message.mbe/000_Sheet1.csv,1103010100,Stamp Card obtained!,"Stamp, Card, obtained"
high,8,app_text01,text/info_message.mbe/000_Sheet1.csv,1103060020,{player} handed over the Stamp Card to Mummymon!,"handed, over, the, Stamp, Card, to, Mummymon"
high,8,app_text01,text/info_message.mbe/000_Sheet1.csv,1108030040,{player} pounded the wall as hard as possible!,"pounded, the, wall, as, hard, as, possible"
high,8,app_text01,text/info_message.mbe/000_Sheet1.csv,1109020030,Handed over Common Wood x20 to PrinceMamemon!,"Handed, over, Common, Wood, x, to, PrinceMamemon"
high,8,app_text01,text/info_message.mbe/000_Sheet1.csv,1110020030,Handed over Sturdy Steel Plate x20 to PrinceMamemon!,"Handed, over, Sturdy, Steel, Plate, x, to, PrinceMamemon"
high,8,app_text01,text/info_message.mbe/000_Sheet1.csv,11800100,Items cannot be used due to Iliad Temple's Sealing Spell.,"Items, cannot, be, used, due, to, Iliad, Temple's, Sealing, Spell"
high,8,app_text01,text/info_message.mbe/000_Sheet1.csv,1202,"Unable to select this Digimon.
This would remove all battle members from your party.","Unable, to, select, this, This, would, remove, all, battle, members, from, your"
high,8,app_text01,text/info_message.mbe/000_Sheet1.csv,1203,"Unable to convert any more Digimon.
You have reached the maximum number of Digimon.","Unable, to, convert, any, more, You, have, reached, the, maximum, number, of"
high,8,app_text01,text/info_message.mbe/000_Sheet1.csv,1212,"Can't move this Digimon. You would no longer
have any Digimon who can fight.","Can't, move, this, You, would, no, longer, have, any, who, can, fight"
high,8,app_text01,text/info_message.mbe/000_Sheet1.csv,1215,Equipment removed from all members!,"Equipment, removed, from, all, members"
high,8,app_text01,text/info_message.mbe/000_Sheet1.csv,1216,Accessories removed from all members!,"Accessories, removed, from, all, members"
high,8,app_text01,text/info_message.mbe/000_Sheet1.csv,1217,No locations available to move to.,"locations, available, to, move, to"
high,8,app_text01,text/info_message.mbe/000_Sheet1.csv,1220,This Digimon is protected and can't be selected.,"This, is, protected, and, can't, be, selected"
high,8,app_text01,text/info_message.mbe/000_Sheet1.csv,1221,Can't select any more.,"Can't, select, any, more"
high,8,app_text01,text/info_message.mbe/000_Sheet1.csv,1300,This location is currently inaccessible.,"This, location, is, currently, inaccessible"
high,8,app_text01,text/info_message.mbe/000_Sheet1.csv,1500,Insufficient Anomaly Points to learn this skill.,"Insufficient, Anomaly, Points, to, learn, this, skill"
high,8,app_text01,text/info_message.mbe/000_Sheet1.csv,1900,Can't use this now.,"Can't, use, this, now"
high,8,app_text01,text/info_message.mbe/000_Sheet1.csv,1901,Using this would have no effect.,"Using, this, would, have, no, effect"
high,8,app_text01,text/info_message.mbe/000_Sheet1.csv,1904,{d0}'s Bond has grown to {fc9{n0}}.,"s, Bond, has, grown, to, fc"
high,8,app_text01,text/info_message.mbe/000_Sheet1.csv,1906,{d0}'s cumulative {d1} has been increased.,"s, cumulative, has, been, increased"
high,8,app_text01,text/info_message.mbe/000_Sheet1.csv,1907,Increased level cap of {d0}.,"Increased, level, cap, of"
high,8,app_text01,text/info_message.mbe/000_Sheet1.csv,1913,But you can't carry anything more and have to leave it behind.,"But, you, can't, carry, anything, more, and, have, to, leave, it, behind"
high,8,app_text01,text/info_message.mbe/000_Sheet1.csv,1919,You can't carry any more {fc9{d0}}.,"You, can't, carry, any, more, fc"
high,8,app_text01,text/info_message.mbe/000_Sheet1.csv,1923,Received {fc9{{d1}} x{n0} from {d0}.,"Received, fc, x, from"
high,8,app_text01,text/info_message.mbe/000_Sheet1.csv,20010,"If you proceed, any ongoing side mission progress will be halted.

Be sure to first complete any ongoing side missions.
Note: {fc9Go to Digivice > Missions} for mission details.","If, you, proceed, any, ongoing, side, mission, progress, will, be, halted, Be"
high,8,app_text01,text/info_message.mbe/000_Sheet1.csv,20020,"If you head to the Guardian Palace, any ongoing side mission
progress will be halted.

Be sure to first complete any ongoing side missions.
Note: {fc9Go to Digivice > Missions} for mission details.","If, you, head, to, the, Guardian, Palace, any, ongoing, side, mission, progress"
high,8,app_text01,text/info_message.mbe/000_Sheet1.csv,2300,You will no longer have any Digimon who can fight.,"You, will, no, longer, have, any, who, can, fight"
high,8,app_text01,text/info_message.mbe/000_Sheet1.csv,2400,You are now able to go to {d0}.,"You, are, now, able, to, go, to"
high,8,app_text01,text/info_message.mbe/000_Sheet1.csv,2600,"Maximum number of skills exceeded. 
Moving to the skill replacement screen.","Maximum, number, of, skills, exceeded, Moving, to, the, skill, replacement, screen"
high,8,app_text01,text/info_message.mbe/000_Sheet1.csv,2800,"Card Pack complete!
{fa1}{d0}","Card, Pack, complete"
high,8,app_text01,text/info_message.mbe/000_Sheet1.csv,2905,Unable to connect.,"Unable, to, connect"
high,8,app_text01,text/info_message.mbe/000_Sheet1.csv,2906,The connection was lost.,"The, connection, was, lost"
high,8,app_text01,text/info_message.mbe/000_Sheet1.csv,2907,A connection error has occurred.,"A, connection, error, has, occurred"
high,8,app_text01,text/info_message.mbe/000_Sheet1.csv,2910,The connection was ended.,"The, connection, was, ended"
high,8,app_text01,text/info_message.mbe/000_Sheet1.csv,2913,The connection was canceled.,"The, connection, was, canceled"
high,8,app_text01,text/info_message.mbe/000_Sheet1.csv,2917,This service is currently unavailable.,"This, service, is, currently, unavailable"
high,8,app_text01,text/info_message.mbe/000_Sheet1.csv,2920,This content is unavailable on this account.,"This, content, is, unavailable, on, this, account"
high,8,app_text01,text/info_message.mbe/000_Sheet1.csv,2921,Unable to download data.,"Unable, to, download, data"
high,8,app_text01,text/info_message.mbe/000_Sheet1.csv,2922,Failed to create table.,"Failed, to, create, table"
high,8,app_text01,text/info_message.mbe/000_Sheet1.csv,3000,{d0} Digimon have begun training!,"have, begun, training"
high,8,app_text01,text/info_message.mbe/000_Sheet1.csv,3001,{d0} Digimon have begun creating!,"have, begun, creating"
high,8,app_text01,text/info_message.mbe/000_Sheet1.csv,3002,{d0} Digimon have begun investigating!,"have, begun, investigating"
high,8,app_text01,text/info_message.mbe/000_Sheet1.csv,3003,You have 99 {d0}. You can't accept any more.,"You, have, You, can't, accept, any, more"
high,8,app_text01,text/info_message.mbe/000_Sheet1.csv,3004,"Bond increased by {n0}!
{n1} > {fc9{n2}}","Bond, increased, by, fc"
high,8,app_text01,text/info_message.mbe/000_Sheet1.csv,3009,No farm items to collect.,"farm, items, to, collect"
high,8,app_text01,text/info_message.mbe/000_Sheet1.csv,3100,You can't save now.,"You, can't, save, now"
high,8,app_text01,text/info_message.mbe/000_Sheet1.csv,3603,No space in set. Please delete.,"space, in, set, Please, delete"
high,8,app_text01,text/info_message.mbe/000_Sheet1.csv,5051,The party's HP and SP have been fully recovered!,"The, party's, and, have, been, fully, recovered"
high,8,app_text01,text/info_message.mbe/000_Sheet1.csv,7001,{fc9Kotemon} joined the party.,"joined, the, party"
high,8,app_text01,text/info_message.mbe/000_Sheet1.csv,7002,{fc9Bearmon} joined the party.,"joined, the, party"
high,8,app_text01,text/info_message.mbe/000_Sheet1.csv,7003,{fc9Kotemon} and {fc9Bearmon} left the party.,"and, left, the, party"
high,8,app_text01,text/info_message.mbe/000_Sheet1.csv,7004,{fc9Divermon} joined the party.,"joined, the, party"
high,8,app_text01,text/info_message.mbe/000_Sheet1.csv,7005,{fc9Divermon} left the party.,"left, the, party"
high,8,app_text01,text/info_message.mbe/000_Sheet1.csv,7006,Obtained the keepsake jewels.,"Obtained, the, keepsake, jewels"
high,8,app_text01,text/info_message.mbe/000_Sheet1.csv,7009,{fc9Inori} joined the party.,"joined, the, party"
high,8,app_text01,text/info_message.mbe/000_Sheet1.csv,7010,{fc9Minervamon} joined the party.,"joined, the, party"
high,8,app_text01,text/info_message.mbe/000_Sheet1.csv,7011,{fc9Veemon} joined the party.,"joined, the, party"
high,8,app_text01,text/info_message.mbe/000_Sheet1.csv,7012,{fc9Veemon} left the party.,"left, the, party"
high,8,app_text01,text/info_message.mbe/000_Sheet1.csv,7015,{fc9Dr. Simmons} joined the party.,"joined, the, party"
high,8,app_text01,text/info_message.mbe/000_Sheet1.csv,7016,{fc9Dr. Simmons} left the party.,"left, the, party"
high,8,app_text01,text/info_message.mbe/000_Sheet1.csv,7018,{fc9Hiroko} joined the party.,"joined, the, party"
high,8,app_text01,text/info_message.mbe/000_Sheet1.csv,7019,{fc9Hiroko} left the party.,"left, the, party"
high,8,app_text01,text/info_message.mbe/000_Sheet1.csv,7020,{fc9Elecmon} and {fc9Kou} joined the party.,"and, joined, the, party"
high,8,app_text01,text/info_message.mbe/000_Sheet1.csv,7021,{fc9Inori} left the party.,"left, the, party"
high,8,app_text01,text/info_message.mbe/000_Sheet1.csv,7022,{fc9Dr. Simmons} and {fc9Kou} joined the party.,"and, joined, the, party"
high,8,app_text01,text/info_message.mbe/000_Sheet1.csv,7023,{fc9Dr. Simmons} and {fc9Kou} left the party.,"and, left, the, party"
high,8,app_text01,text/info_message.mbe/000_Sheet1.csv,7024,{fc9Takemiya} joined the party.,"joined, the, party"
high,8,app_text01,text/info_message.mbe/000_Sheet1.csv,7025,{fc9Takemiya} left the party.,"left, the, party"
high,8,app_text01,text/info_message.mbe/000_Sheet1.csv,7028,The guardian's eyes were closed.,"The, guardian's, eyes, were, closed"
high,8,app_text01,text/info_message.mbe/000_Sheet1.csv,7029,{fc9Kokuwamon B} joined the party.,"joined, the, party"
high,8,app_text01,text/info_message.mbe/000_Sheet1.csv,7030,{fc9Divermon} joined the party.,"joined, the, party"
high,8,app_text01,text/info_message.mbe/000_Sheet1.csv,7031,{fc9Submarimon} joined the party.,"joined, the, party"
high,8,app_text01,text/info_message.mbe/000_Sheet1.csv,7033,{fc9Sirenmon} joined the party.,"joined, the, party"
high,8,app_text01,text/info_message.mbe/000_Sheet1.csv,7034,{fc9Gryphonmon} joined the party.,"joined, the, party"
high,8,app_text01,text/info_message.mbe/000_Sheet1.csv,7035,{fc9Venusmon} joined the party.,"joined, the, party"
high,8,app_text01,text/info_message.mbe/000_Sheet1.csv,7036,{fc9Tsunomon} and {fc9Dorimon} joined the party.,"and, joined, the, party"
high,8,app_text01,text/info_message.mbe/000_Sheet1.csv,7037,{fc9Stolen Part x 1} has been recovered. Note: Not used.,"has, been, recovered, Note, Not, used"
high,8,app_text01,text/info_message.mbe/000_Sheet1.csv,7038,{fc9BlackGatomon} joined the party.,"joined, the, party"
high,8,app_text01,text/info_message.mbe/000_Sheet1.csv,7039,{fc9Gekomon} joined the party.,"joined, the, party"
high,8,app_text01,text/info_message.mbe/000_Sheet1.csv,7040,{fc9Kokuwamon A} joined the party.,"joined, the, party"
high,8,app_text01,text/info_message.mbe/000_Sheet1.csv,7041,{fc9Dr. Simmons and company} joined the party.,"joined, the, party"
high,8,app_text01,text/info_message.mbe/000_Sheet1.csv,7042,{fc9Dr. Simmons and company} left the party.,"left, the, party"
high,8,app_text01,text/info_message.mbe/000_Sheet1.csv,7043,{fc9Vulcanusmon} joined the party.,"joined, the, party"
high,8,app_text01,text/info_message.mbe/000_Sheet1.csv,7044,{fc9Vulcanusmon} left the party.,"left, the, party"
high,8,app_text01,text/info_message.mbe/000_Sheet1.csv,7045,{fc9Special Battery} has been retrieved.,"has, been, retrieved"
high,8,app_text01,text/info_message.mbe/000_Sheet1.csv,7046,{fc9Special Battery B} has been retrieved.,"has, been, retrieved"
high,8,app_text01,text/info_message.mbe/000_Sheet1.csv,7047,{fc9Pumpkinmon} joined the party.,"joined, the, party"
high,8,app_text01,text/info_message.mbe/000_Sheet1.csv,7048,{fc9GrapLeomon} joined the party.,"joined, the, party"
high,8,app_text01,text/info_message.mbe/000_Sheet1.csv,7050,{fc9Shurimon} joined the party.,"joined, the, party"
high,8,app_text01,text/info_message.mbe/000_Sheet1.csv,7051,{fc9Nefertimon} joined the party.,"joined, the, party"
high,8,app_text01,text/info_message.mbe/000_Sheet1.csv,7052,{fc9Lighdramon} joined the party.,"joined, the, party"
high,8,app_text01,text/info_message.mbe/000_Sheet1.csv,7053,{fc9Rapidmon (Armor)} joined the party.,"joined, the, party"
high,8,app_text01,text/info_message.mbe/000_Sheet1.csv,7054,{fc9Flamedramon} joined the party.,"joined, the, party"
high,8,app_text01,text/info_message.mbe/000_Sheet1.csv,7057,{fc9Bacchusmon} joined the party.,"joined, the, party"
high,8,app_text01,text/info_message.mbe/000_Sheet1.csv,7058,{fc9Neptunemon} joined the party.,"joined, the, party"
high,8,app_text01,text/info_message.mbe/000_Sheet1.csv,7059,{fc9Neptunemon} left the party.,"left, the, party"
high,8,app_text01,text/info_message.mbe/000_Sheet1.csv,9000,Press the button you want to assign to the selected action.,"Press, the, button, you, want, to, assign, to, the, selected, action"
high,8,app_text01,text/info_message.mbe/000_Sheet1.csv,90000,"Game data is being installed. Please wait
until installation is complete.","Game, data, is, being, installed, Please, wait, until, installation, is, complete"
high,8,app_text01,text/info_message.mbe/000_Sheet1.csv,9001,"Press the button you want to assign to the selected action.
Cancel and return to the previous screen using the Esc key.","Press, the, button, you, want, to, assign, to, the, selected, action, Cancel"
high,8,app_text01,text/info_message.mbe/000_Sheet1.csv,9002,"Some controls have not been set.
Please ensure that all controls have been configured.","Some, controls, have, not, been, set, Please, ensure, that, all, controls, have"
high,8,app_text01,text/info_message.mbe/000_Sheet1.csv,info_message_battle_change_01,Can't replace. You would no longer have any Digimon who can fight.,"Can't, replace, You, would, no, longer, have, any, who, can, fight"
high,8,app_text01,text/info_message.mbe/000_Sheet1.csv,info_message_conversion_02,"Unable to select this Digimon.
This would remove all battle members from your party.","Unable, to, select, this, This, would, remove, all, battle, members, from, your"
high,8,app_text01,text/info_message.mbe/000_Sheet1.csv,info_message_demo_01,This feature is not available in the demo version.,"This, feature, is, not, available, in, the, demo, version"
high,8,app_text01,text/info_message.mbe/000_Sheet1.csv,info_message_demo_02,"You can import your save data from the demo version
into the retail version of the game.","You, can, import, your, save, data, from, the, demo, version, into, the"
high,8,app_text01,text/info_message.mbe/000_Sheet1.csv,info_message_demo_03,"This mode lets you experience an adventure in Central Town,
located at the heart of the Digital World of Iliad.

This mode is available once you have completed the
Digimon Story: The Time Stranger Demo.","This, mode, lets, you, experience, an, adventure, in, Central, Town, located, at"
high,8,app_text01,text/info_message.mbe/000_Sheet1.csv,info_message_demo_04,"You can now play ""Central Town - Adventure Trial"" by
selecting it from the title screen.

Enjoy the unique features offered by the retail version
of the game, including collecting, raising, and battling
Digimon, as well as exploring the Digital World.","You, can, now, play, Central, Town, Adventure, Trial, by, selecting, it, from"
high,8,app_text01,text/info_message.mbe/000_Sheet1.csv,info_message_demo_05,"This mode lets you experience an adventure in Central Town, 
located in the middle of the Digital World of Iliad, as well as 
collect, raise and battle Digimon and explore the Digital World.

{fc9This mode has no save function and the data cannot be imported into the retail version.}","This, mode, lets, you, experience, an, adventure, in, Central, Town, located, in"
high,8,app_text01,text/info_message.mbe/000_Sheet1.csv,info_message_demo_06,"You are attempting to overwrite save data that can be
imported into the retail version of the game with your
""Central Town - Adventure Trial"" save data.

Please save your data to another slot, or if there are
no free slots available, try deleting other data in order
to free up space.","You, are, attempting, to, overwrite, save, data, that, can, be, imported, into"
high,8,app_text01,text/info_message.mbe/000_Sheet1.csv,info_message_demo_07,"This concludes the demo version.

Note: You can import your demo version save data
into the retail version of the game.","This, concludes, the, demo, version, Note, You, can, import, your, demo, version"
high,8,app_text01,text/info_message.mbe/000_Sheet1.csv,info_message_digifarm_0030,You do not have enough YEN for a Quick Complete.,"You, do, not, have, enough, YEN, for, a, Quick, Complete"
high,8,app_text01,text/info_message.mbe/000_Sheet1.csv,info_message_digifarm_0040,"A Digimon must be placed as a battle member.
This Digimon cannot be moved.","A, must, be, placed, as, a, battle, member, This, cannot, be, moved"
high,8,app_text01,text/info_message.mbe/000_Sheet1.csv,info_message_digifarm_0050,No food can be given during training.,"food, can, be, given, during, training"
high,8,app_text01,text/info_message.mbe/000_Sheet1.csv,info_message_digimoncard_deck_01,"You must progress further in the story to unlock
Cards.","You, must, progress, further, in, the, story, to, unlock, Cards"
high,8,app_text01,text/info_message.mbe/000_Sheet1.csv,info_message_dlc_01,"{fc9Additional Digimon & Episode Pack 1} is now available.

To play this new content, access the {is28}{image(ui_icon_minimap_lobby)} Door of Truth
in the In-Between Theater.","is, now, available, To, play, this, new, content, access, the, Door, of"
high,8,app_text01,text/info_message.mbe/000_Sheet1.csv,info_message_dlc_02,"{fc9Additional Digimon & Episode Pack 2} is now available.

To play this new content, access the {is28}{image(ui_icon_minimap_lobby)} Door of Truth
in the In-Between Theater.","is, now, available, To, play, this, new, content, access, the, Door, of"
high,8,app_text01,text/info_message.mbe/000_Sheet1.csv,info_message_dlc_03,"{fc9Additional Digimon & Episode Pack 3} is now available.

To play this new content, access the {is28}{image(ui_icon_minimap_lobby)} Door of Truth
in the In-Between Theater.","is, now, available, To, play, this, new, content, access, the, Door, of"
high,8,app_text01,text/info_message.mbe/000_Sheet1.csv,info_message_dlc_07,"{fc9Costume ""Public Safety Suit"" & Special Supply Set} are now available.

You can change into this costume by navigating to
Agent > Costumes on your Digivice.

You can obtain these items by navigating to
Item > Item Packs on your Digivice.","are, now, available, You, can, change, into, this, costume, by, navigating, to"
high,8,app_text01,text/info_message.mbe/000_Sheet1.csv,info_message_dlc_08,"{fc9Cyber Sleuth BGM Pack} is now available.

You can change to this music by navigating to
System > Music Settings on your Digivice.","is, now, available, You, can, change, to, this, music, by, navigating, to"
high,8,app_text01,text/info_message.mbe/000_Sheet1.csv,info_message_dlc_09,"{fc9Digimon Anime Song Pack} is now available.

You can change to this music by navigating to
System > Music Settings on your Digivice.","is, now, available, You, can, change, to, this, music, by, navigating, to"
high,8,app_text01,text/info_message.mbe/000_Sheet1.csv,info_message_dlc_10,"{fc9Outer Dungeons ""The Halls of EXP, Gold, & Materials""} 
are now available.

To play this new content, talk to Mirei in the In-Between Theater.","are, now, available, To, play, this, new, content, talk, to, Mirei, in"
high,8,app_text01,text/info_message.mbe/000_Sheet1.csv,info_message_dlc_12,"{fc9Costume Set ""Cyber Sleuth""} is now available.

You can change into these costumes by navigating to
Agent > Costumes on your Digivice.","is, now, available, You, can, change, into, these, costumes, by, navigating, to"
high,8,app_text01,text/info_message.mbe/000_Sheet1.csv,info_message_dlc_13,"{fc9Costume Set ""Swimwear""} is now available.

You can change into these costumes by navigating to
Agent > Costumes on your Digivice.","is, now, available, You, can, change, into, these, costumes, by, navigating, to"
high,8,app_text01,text/info_message.mbe/000_Sheet1.csv,info_message_dlc_14,"{fc9Costume Set ""Chosen Children""} is now available.

You can change into these costumes by navigating to
Agent > Costumes on your Digivice.","is, now, available, You, can, change, into, these, costumes, by, navigating, to"
high,8,app_text01,text/info_message.mbe/000_Sheet1.csv,info_message_dlc_15,"{fc9Costume Set ""Digimon Costumes""} is now available.

You can change into these costumes by navigating to
Agent > Costumes on your Digivice.","is, now, available, You, can, change, into, these, costumes, by, navigating, to"
high,8,app_text01,text/info_message.mbe/000_Sheet1.csv,info_message_dlc_18,"Digimon Story Time Stranger Pre-Order Bonus Pack
{fc9Costume ""Uniform of a Certain School""} is now available.

You can change into this costume by navigating to
Agent > Costumes on your Digivice.","Story, Time, Stranger, Pre-Order, Bonus, Pack, is, now, available, You, can, change"
high,8,app_text01,text/info_message.mbe/000_Sheet1.csv,info_message_dlc_19,"Digimon Story Time Stranger Pre-Order Bonus Pack
{fc9Adventure Item Set} is now available.

You can obtain these items by navigating to
Item > Item Packs on your Digivice.","Story, Time, Stranger, Pre-Order, Bonus, Pack, is, now, available, You, can, obtain"
high,8,app_text01,text/info_message.mbe/000_Sheet1.csv,info_message_dlc_21,"{fc9Training Item Set} is now available.

You can obtain these items by navigating to
Item > Item Packs on your Digivice.","is, now, available, You, can, obtain, these, items, by, navigating, to, Item"
high,8,app_text01,text/info_message.mbe/000_Sheet1.csv,info_message_dlc_disable,"{pf(Add-ons/Add-ons/Downloadable content/Downloadable content)} could not be found stored in the save data.
Please download or purchase the following content again.

{fc9{d0}}

*If the download is in progress, please wait for it to be completed.","could, not, be, found, stored, in, the, save, data, Please, download, or"
high,8,app_text01,text/info_message.mbe/000_Sheet1.csv,info_message_dlc_disable_01,"{pf(Add-ons/Add-ons/Downloadable content/Downloadable content)} could not be found stored in the save data.

Returning to the title screen.","could, not, be, found, stored, in, the, save, data, Returning, to, the"
high,8,app_text01,text/info_message.mbe/000_Sheet1.csv,info_message_dlc_disable_02,"Downloadable content license has been lost.
Returning to the title screen.","Downloadable, content, license, has, been, lost, Returning, to, the, title, screen"
high,8,app_text01,text/info_message.mbe/000_Sheet1.csv,info_message_dlc_itempack_01,Received the following items.,"Received, the, following, items"
high,8,app_text01,text/info_message.mbe/000_Sheet1.csv,info_message_dlc_itempack_02,Received the following Digimon.,"Received, the, following"
high,8,app_text01,text/info_message.mbe/000_Sheet1.csv,info_message_dlc_itempack_03,Received the following Digimon and items.,"Received, the, following, and, items"
high,8,app_text01,text/info_message.mbe/000_Sheet1.csv,info_message_dlc_itempack_04,"Unable to receive any Digimon or items due to
having reached the maximum inventory capacity.","Unable, to, receive, any, or, items, due, to, having, reached, the, maximum"
high,8,app_text01,text/info_message.mbe/000_Sheet1.csv,info_message_hazama_d_0010,"The conditions to take on this Outer Dungeon challenge
have not been fulfilled.","The, conditions, to, take, on, this, Outer, Dungeon, challenge, have, not, been"
high,8,app_text01,text/info_message.mbe/000_Sheet1.csv,info_message_item_equipment_0010,"This equipment is equipped to all Digimon. Remove it
from an equipped Digimon with Equipment Controls
to equip it to another Digimon.","This, equipment, is, equipped, to, all, Remove, it, from, an, equipped, with"
high,8,app_text01,text/info_message.mbe/000_Sheet1.csv,info_message_item_skilldisc_0010,"This Skill Disc is equipped to all Digimon. Remove it
from an equipped Digimon with Skill Disc Controls to
equip it to another Digimon.","This, Skill, Disc, is, equipped, to, all, Remove, it, from, an, equipped"
high,8,app_text01,text/info_message.mbe/000_Sheet1.csv,info_message_kizunaskill_01,"You must progress further in the story to unlock
Agent Skills.","You, must, progress, further, in, the, story, to, unlock, Agent, Skills"
high,8,app_text01,text/info_message.mbe/000_Sheet1.csv,info_message_kizunaskill_02,You have unlocked {fc9Cross Arts} in battle.,"You, have, unlocked, in, battle"
high,8,app_text01,text/info_message.mbe/000_Sheet1.csv,info_message_load_error_01,The save data is corrupted.,"The, save, data, is, corrupted"
high,8,app_text01,text/info_message.mbe/000_Sheet1.csv,info_message_load_error_02,"The save data of other users cannot be
loaded.","The, save, data, of, other, users, cannot, be, loaded"
high,8,app_text01,text/info_message.mbe/000_Sheet1.csv,info_message_load_error_03,An unknown error has occurred.,"An, unknown, error, has, occurred"
high,8,app_text01,text/info_message.mbe/000_Sheet1.csv,info_message_lockmenu_02,"You must progress further in the story to unlock
Load Enhancements.","You, must, progress, further, in, the, story, to, unlock, Load, Enhancements"
high,8,app_text01,text/info_message.mbe/000_Sheet1.csv,info_message_lockmenu_03,"You must progress further in the story to unlock
Return to Data.","You, must, progress, further, in, the, story, to, unlock, Return, to, Data"
high,8,app_text01,text/info_message.mbe/000_Sheet1.csv,info_message_lockmenu_10,"You must progress further in the story to unlock
this function.","You, must, progress, further, in, the, story, to, unlock, this, function"
high,8,app_text01,text/info_message.mbe/000_Sheet1.csv,info_message_mission_01,"This mission cannot currently be advanced.
Please progress further in your Main Mission
first.","This, mission, cannot, currently, be, advanced, Please, progress, further, in, your, Main"
high,8,app_text01,text/info_message.mbe/000_Sheet1.csv,info_message_nickname,Please enter the Digimon's nickname.,"Please, enter, the, Digimon's, nickname"
high,8,app_text01,text/info_message.mbe/000_Sheet1.csv,info_message_reinforcement_01,"Unable to select any more material Digimon.
The enhancement limit for this Digimon has been reached.","Unable, to, select, any, more, material, The, enhancement, limit, for, this, has"
high,8,app_text01,text/info_message.mbe/000_Sheet1.csv,info_message_reinforcement_02,Skill Disc obtained.,"Skill, Disc, obtained"
high,8,app_text01,text/info_message.mbe/000_Sheet1.csv,info_message_reinforcement_03,Guest members cannot be enhanced.,"Guest, members, cannot, be, enhanced"
high,8,app_text01,text/info_message.mbe/000_Sheet1.csv,info_message_reinforcement_04,"Unable to enhance.
No Digimon available to use as enhancement material.","Unable, to, enhance, available, to, use, as, enhancement, material"
high,8,app_text01,text/info_message.mbe/000_Sheet1.csv,info_message_reinforcement_error,"No Digimon that fit the criteria for Auto-Select available.

{fc9Note: Only Digimon at Lv. 1 with no cumulative bonuses will be selected.}","that, fit, the, criteria, for, Auto-Select, available"
high,8,app_text01,text/info_message.mbe/000_Sheet1.csv,info_message_reinforcement_none,Unable to Auto-Select. Max level reached.,"Unable, to, Auto-Select, Max, level, reached"
high,8,app_text01,text/info_message.mbe/000_Sheet1.csv,info_message_save_error_01,"Not enough free space to save data.
Please free up some space and try again.","Not, enough, free, space, to, save, data, Please, free, up, some, space"
high,8,app_text01,text/info_message.mbe/000_Sheet1.csv,info_message_save_error_02,"Not enough free space to save data.
Please free up some space and try again.","Not, enough, free, space, to, save, data, Please, free, up, some, space"
high,8,app_text01,text/info_message.mbe/000_Sheet1.csv,info_message_save_error_03,"The save data of other users cannot be
overwritten.","The, save, data, of, other, users, cannot, be, overwritten"
high,8,app_text01,text/info_message.mbe/000_Sheet1.csv,info_message_save_error_04,An unknown error has occurred.,"An, unknown, error, has, occurred"
high,8,app_text01,text/info_message.mbe/000_Sheet1.csv,info_message_save_error_05,"The game cannot be started due to
insufficient free space for auto save. Please
free up some space and try again.","The, game, cannot, be, started, due, to, insufficient, free, space, for, auto"
high,8,app_text01,text/info_message.mbe/000_Sheet1.csv,info_message_save_error_06,The save data list is corrupted.,"The, save, data, list, is, corrupted"
high,8,app_text01,text/info_message.mbe/000_Sheet1.csv,info_message_setup_01,Can't move. Your box is full.,"Can't, move, Your, box, is, full"
high,8,app_text01,text/info_message.mbe/000_Sheet1.csv,info_message_transfer_01,"Your save data has been successfully imported.

If you wish to continue your game from the demo version,
select Continue from the title screen.","Your, save, data, has, been, successfully, imported, If, you, wish, to, continue"
high,8,app_text01,text/info_message.mbe/000_Sheet1.csv,info_message_unequip_01,"Removed skill discs and equipment from box
farm members.","Removed, skill, discs, and, equipment, from, box, farm, members"
high,8,app_text01,text/info_message.mbe/000_Sheet1.csv,info_message_xartsset_01,"You must progress further in the story to unlock
Cross Arts.","You, must, progress, further, in, the, story, to, unlock, Cross, Arts"
high,8,app_text01,text/item_auto_explanation.mbe/000_Sheet1.csv,10,Battle/Field Use,"Battle, Field, Use"
high,8,app_text01,text/item_auto_explanation.mbe/000_Sheet1.csv,17,Warp to base *Unused,"Warp, to, base, Unused"
high,8,app_text01,text/item_auto_explanation.mbe/000_Sheet1.csv,18,Warp to dungeon entrance *Unused,"Warp, to, dungeon, entrance, Unused"
high,8,app_text01,text/item_auto_explanation.mbe/000_Sheet1.csv,21,"Changes personality to ""{d0}"" *Unused","Changes, personality, to, Unused"
high,8,app_text01,text/item_auto_explanation.mbe/000_Sheet1.csv,26,Extends level limit by {d0},"Extends, level, limit, by"
high,8,app_text01,text/item_auto_explanation.mbe/000_Sheet1.csv,27,Extends stat limit by {d0},"Extends, stat, limit, by"
high,8,app_text01,text/item_auto_explanation.mbe/000_Sheet1.csv,38,Increases HP boost from training by {d0},"Increases, boost, from, training, by"
high,8,app_text01,text/item_auto_explanation.mbe/000_Sheet1.csv,39,Increases SP boost from training by {d0},"Increases, boost, from, training, by"
high,8,app_text01,text/item_auto_explanation.mbe/000_Sheet1.csv,57,SP cost of {d0} element skills -{d1}%,"cost, of, element, skills"
high,8,app_text01,text/item_auto_explanation.mbe/000_Sheet1.csv,58,Boosts EXP gained by {d0}.,"Boosts, gained, by"
high,8,app_text01,text/item_auto_explanation.mbe/000_Sheet1.csv,59,Boosts Bond gained by {d0}.,"Boosts, Bond, gained, by"
high,8,app_text01,text/item_auto_explanation.mbe/000_Sheet1.csv,60,Boosts item drop rate by {d0}%.,"Boosts, item, drop, rate, by"
high,8,app_text01,text/item_auto_explanation.mbe/000_Sheet1.csv,61,Boosts money obtained by {d0}%.,"Boosts, money, obtained, by"
high,8,app_text01,text/item_auto_explanation.mbe/000_Sheet1.csv,62,Recovers HP by {d0}% at the start of each turn.,"Recovers, by, at, the, start, of, each, turn"
high,8,app_text01,text/item_auto_explanation.mbe/000_Sheet1.csv,63,Recovers SP by {d0}% at the start of each turn.,"Recovers, by, at, the, start, of, each, turn"
high,8,app_text01,text/item_auto_explanation.mbe/000_Sheet1.csv,64,Recovers HP by {d0}% upon victory in battle.,"Recovers, by, upon, victory, in, battle"
high,8,app_text01,text/item_auto_explanation.mbe/000_Sheet1.csv,65,Recovers SP by {d0}% upon victory in battle.,"Recovers, by, upon, victory, in, battle"
high,8,app_text01,text/item_auto_explanation.mbe/000_Sheet1.csv,66,Boosts effects of HP recovery by {d0}% when in battle.,"Boosts, effects, of, recovery, by, when, in, battle"
high,8,app_text01,text/item_auto_explanation.mbe/000_Sheet1.csv,67,Boosts effects of SP recovery by {d0}% when in battle.,"Boosts, effects, of, recovery, by, when, in, battle"
high,8,app_text01,text/item_auto_explanation.mbe/000_Sheet1.csv,68,Reduces damage taken when guarding by {d0}%.,"Reduces, damage, taken, when, guarding, by"
high,8,app_text01,text/item_auto_explanation.mbe/000_Sheet1.csv,69,{d0}% chance to negate all damage when guarding.,"chance, to, negate, all, damage, when, guarding"
high,8,app_text01,text/item_auto_explanation.mbe/000_Sheet1.csv,70,Recovers HP equal to {d0}% of damage dealt when Attacking.,"Recovers, equal, to, of, damage, dealt, when, Attacking"
high,8,app_text01,text/item_auto_explanation.mbe/000_Sheet1.csv,71,Recovers SP equal to {d0}% of damage dealt when Attacking.,"Recovers, equal, to, of, damage, dealt, when, Attacking"
high,8,app_text01,text/item_auto_explanation.mbe/000_Sheet1.csv,72,Gives {d0} chance to apply {d1} when Attacking.,"Gives, chance, to, apply, when, Attacking"
high,8,app_text01,text/item_auto_explanation.mbe/000_Sheet1.csv,73,Attacking deals magic damage.,"Attacking, deals, magic, damage"
high,8,app_text01,text/item_auto_explanation.mbe/000_Sheet1.csv,74,Attacking deals speed damage.,"Attacking, deals, speed, damage"
high,8,app_text01,text/item_auto_explanation.mbe/000_Sheet1.csv,75,"Attacks have a {d0}% chance of hitting
{d1} times","Attacks, have, a, chance, of, hitting, times"
high,8,app_text01,text/item_auto_explanation.mbe/000_Sheet1.csv,77,"Skill SP cost {d1}%, damage +{d0}%","Skill, cost, damage"
high,8,app_text01,text/item_auto_explanation.mbe/000_Sheet1.csv,78,"Consumes {d0}% of SP to negate all
damage","Consumes, of, to, negate, all, damage"
high,8,app_text01,text/item_auto_explanation.mbe/000_Sheet1.csv,79,"{d0}% of physical damage is converted
to SP","of, physical, damage, is, converted, to"
high,8,app_text01,text/item_auto_explanation.mbe/000_Sheet1.csv,80,"{d0}% of magic damage is converted to
SP","of, magic, damage, is, converted, to"
high,8,app_text01,text/item_auto_explanation.mbe/000_Sheet1.csv,81,Nullifies incoming damage less than {d0}% of Max HP.,"Nullifies, incoming, damage, less, than, of, Max"
high,8,app_text01,text/item_auto_explanation.mbe/000_Sheet1.csv,84,Elemental weakness damage +{d0}%,"Elemental, weakness, damage"
high,8,app_text01,text/item_auto_explanation.mbe/000_Sheet1.csv,85,Cross Art damage +{d0}%,"Cross, Art, damage"
high,8,app_text01,text/item_auto_explanation.mbe/000_Sheet1.csv,88,"Boosts enhancement effect by {d0}% during
break.","Boosts, enhancement, effect, by, during, break"
high,8,app_text01,text/item_auto_explanation.mbe/000_Sheet1.csv,89,Damage from {d0} type -{d1}%,"Damage, from, type"
high,8,app_text01,text/item_auto_explanation.mbe/000_Sheet1.csv,90,Applies {d1} to user at start of battle.,"Applies, to, user, at, start, of, battle"
high,8,app_text01,text/skill_name.mbe/000_Sheet1.csv,11013,Damaged by skill recoil!,"Damaged, by, skill, recoil"
high,8,app_text01,text/skill_name.mbe/000_Sheet1.csv,11014,{d0} has forgotten itself!,"has, forgotten, itself"
high,8,app_text01,text/skill_name.mbe/000_Sheet1.csv,11015,{d0} has forgotten itself!,"has, forgotten, itself"
high,8,app_text01,text/skill_name.mbe/000_Sheet1.csv,11028,Wind of Regeneration,"Wind, of, Regeneration"
high,8,app_text01,text/skill_name.mbe/000_Sheet1.csv,11031,Wind of Energy,"Wind, of, Energy"
high,8,app_text01,text/skill_name.mbe/000_Sheet1.csv,11032,Cheer of Regeneration,"Cheer, of, Regeneration"
high,8,app_text01,text/skill_name.mbe/000_Sheet1.csv,11033,Cheer of Energy,"Cheer, of, Energy"
high,8,app_text01,text/skill_name.mbe/000_Sheet1.csv,11034,Wind of Healing,"Wind, of, Healing"
high,8,app_text01,text/skill_name.mbe/000_Sheet1.csv,12003,{d0} has been damaged by poison!,"has, been, damaged, by, poison"
high,8,app_text01,text/skill_name.mbe/000_Sheet1.csv,12006,{d0} is paralyzed and can't move!,"is, paralyzed, and, can't, move"
high,8,app_text01,text/skill_name.mbe/000_Sheet1.csv,12105,{d0} can't move due to recoil!,"can't, move, due, to, recoil"
high,8,app_text01,text/skill_name.mbe/000_Sheet1.csv,12106,{d0} is downed from the impact!,"is, downed, from, the, impact"
high,8,app_text01,text/skill_name.mbe/000_Sheet1.csv,12126,{d0} is losing motivation!,"is, losing, motivation"
high,8,app_text01,text/skill_name.mbe/000_Sheet1.csv,20322,Eye of the Gorgon,"Eye, of, the, Gorgon"
high,8,app_text01,text/skill_name.mbe/000_Sheet1.csv,20391,Dead or Alive,"Dead, or, Alive"
high,8,app_text01,text/skill_name.mbe/000_Sheet1.csv,20401,Gift of Darkness,"Gift, of, Darkness"
high,8,app_text01,text/skill_name.mbe/000_Sheet1.csv,20491,Flashy Boss Punch,"Flashy, Boss, Punch"
high,8,app_text01,text/skill_name.mbe/000_Sheet1.csv,20721,Fist of the Beast King,"Fist, of, the, Beast, King"
high,8,app_text01,text/skill_name.mbe/000_Sheet1.csv,20752,Wave of Depth,"Wave, of, Depth"
high,8,app_text01,text/skill_name.mbe/000_Sheet1.csv,21281,Shine of Bee,"Shine, of, Bee"
high,8,app_text01,text/skill_name.mbe/000_Sheet1.csv,21381,Crimson Wave of the Beast King,"Crimson, Wave, of, the, Beast, King"
high,8,app_text01,text/skill_name.mbe/000_Sheet1.csv,21734,Scorching flames char the earth...,"Scorching, flames, char, the, earth"
high,8,app_text01,text/skill_name.mbe/000_Sheet1.csv,21791,Cook of the Abyss,"Cook, of, the, Abyss"
high,8,app_text01,text/skill_name.mbe/000_Sheet1.csv,21792,Party of the Heavens,"Party, of, the, Heavens"
high,8,app_text01,text/skill_name.mbe/000_Sheet1.csv,23151,Strike of the Seven Stars,"Strike, of, the, Seven, Stars"
high,8,app_text01,text/skill_name.mbe/000_Sheet1.csv,23942,Ogremon is enraged.,"Ogremon, is, enraged"
high,8,app_text01,text/skill_name.mbe/000_Sheet1.csv,23943,Ogremon is breathing hard.,"Ogremon, is, breathing, hard"
high,8,app_text01,text/skill_name.mbe/000_Sheet1.csv,23944,Ogremon is upset.,"Ogremon, is, upset"
high,8,app_text01,text/skill_name.mbe/000_Sheet1.csv,23945,Ogremon is upset.,"Ogremon, is, upset"
high,8,app_text01,text/skill_name.mbe/000_Sheet1.csv,24031,The King of Fists,"The, King, of, Fists"
high,8,app_text01,text/skill_name.mbe/000_Sheet1.csv,24051,Talisman of Light,"Talisman, of, Light"
high,8,app_text01,text/skill_name.mbe/000_Sheet1.csv,24091,Fist of Ice,"Fist, of, Ice"
high,8,app_text01,text/skill_name.mbe/000_Sheet1.csv,24341,River of Power,"River, of, Power"
high,8,app_text01,text/skill_name.mbe/000_Sheet1.csv,24571,Eye of Nightmares,"Eye, of, Nightmares"
high,8,app_text01,text/skill_name.mbe/000_Sheet1.csv,25961,Trick or Treat,"Trick, or, Treat"
high,8,app_text01,text/skill_name.mbe/000_Sheet1.csv,26014,Witchmon Begins to Meditate,"Witchmon, Begins, to, Meditate"
high,8,app_text01,text/skill_name.mbe/000_Sheet1.csv,26031,Rage of Wyvern,"Rage, of, Wyvern"
high,8,app_text01,text/skill_name.mbe/000_Sheet1.csv,26111,Rain of Pollen,"Rain, of, Pollen"
high,8,app_text01,text/skill_name.mbe/000_Sheet1.csv,26142,Blade of the True,"Blade, of, the, True"
high,8,app_text01,text/skill_name.mbe/000_Sheet1.csv,27342,Breath of the Gods,"Breath, of, the, Gods"
high,8,app_text01,text/skill_name.mbe/000_Sheet1.csv,27491,Judgment of the Blade,"Judgment, of, the, Blade"
high,8,app_text01,text/skill_name.mbe/000_Sheet1.csv,27671,Reversal of the Dead,"Reversal, of, the, Dead"
high,8,app_text01,text/skill_name.mbe/000_Sheet1.csv,28046,Rejection of All Order,"Rejection, of, All, Order"
high,8,app_text01,text/skill_name.mbe/000_Sheet1.csv,28047,The Miracle of Oblivion,"The, Miracle, of, Oblivion"
high,8,app_text01,text/skill_name.mbe/000_Sheet1.csv,29562,Wander in the Darkness!,"Wander, in, the, Darkness"
high,8,app_text01,text/skill_name.mbe/000_Sheet1.csv,40010,A GoldNumemon has appeared!,"A, GoldNumemon, has, appeared"
high,8,app_text01,text/skill_name.mbe/000_Sheet1.csv,40011,A PlatinumNumemon has appeared!,"A, PlatinumNumemon, has, appeared"
high,8,app_text01,text/skill_name.mbe/000_Sheet1.csv,40012,A BlackKingNumemon has appeared!,"A, BlackKingNumemon, has, appeared"
high,8,app_text01,text/skill_name.mbe/000_Sheet1.csv,40013,A Digitamamon has appeared!,"A, Digitamamon, has, appeared"
high,8,app_text01,text/skill_name.mbe/000_Sheet1.csv,43751,Nanimon is unmotivated.,"Nanimon, is, unmotivated"
high,8,app_text01,text/skill_name.mbe/000_Sheet1.csv,43991,Gekomon is frightened...,"Gekomon, is, frightened"
high,8,app_text01,text/skill_name.mbe/000_Sheet1.csv,44401,Titamon is smiling fearlessly...,"Titamon, is, smiling, fearlessly"
high,8,app_text01,text/skill_name.mbe/000_Sheet1.csv,48827,Wail of Extinction,"Wail, of, Extinction"
high,8,app_text01,text/skill_name.mbe/000_Sheet1.csv,49291,SkullBaluchimon is shuddering...,"SkullBaluchimon, is, shuddering"
high,8,app_text01,text/skill_name.mbe/000_Sheet1.csv,50064,Not enough arms to use this skill!,"Not, enough, arms, to, use, this, skill"
high,8,app_text01,text/skill_name.mbe/000_Sheet1.csv,70002,Two actions every turn!,"Two, actions, every, turn"
high,8,app_text01,text/skill_name.mbe/000_Sheet1.csv,70003,The air turns menacing...,"The, air, turns, menacing"
high,8,app_text01,text/skill_name.mbe/000_Sheet1.csv,70004,Its power is building...,"Its, power, is, building"
high,8,app_text01,text/skill_name.mbe/000_Sheet1.csv,70005,It's ready to unleash a powerful skill!,"It's, ready, to, unleash, a, powerful, skill"
high,8,app_text01,text/skill_name.mbe/000_Sheet1.csv,70009,The power of the underworld spills forth!,"The, power, of, the, underworld, spills, forth"
high,8,app_text01,text/skill_name.mbe/000_Sheet1.csv,70010,{d0} is shaking with fear...,"is, shaking, with, fear"
high,8,app_text01,text/tamer_skill_explanation.mbe/000_Sheet1.csv,1,"Unlocks Valor-based bonds with your Digimon, allowing you to
enhance Brave, Zealous, Daring, and Reckless Digimon.","Unlocks, Valor-based, bonds, with, your, allowing, you, to, enhance, Brave, Zealous, Daring"
high,8,app_text01,text/tamer_skill_explanation.mbe/000_Sheet1.csv,101,"Unlocks Amicability-based bonds with your Digimon, allowing you
to enhance Compassionate, Sociable, Friendly, and Opportunistic
Digimon.","Unlocks, Amicability-based, bonds, with, your, allowing, you, to, enhance, Compassionate, Sociable, Friendly"
high,8,app_text01,text/tamer_skill_explanation.mbe/000_Sheet1.csv,104,"Reduces the training time of Compassionate, Sociable, Friendly,
and Opportunistic Digimon by {d0}%.","Reduces, the, training, time, of, Compassionate, Sociable, Friendly, and, Opportunistic, by"
high,8,app_text01,text/tamer_skill_explanation.mbe/000_Sheet1.csv,105,"Items used during the turn of a Compassionate Digimon have a
{d0}% chance of not being consumed.","Items, used, during, the, turn, of, a, Compassionate, have, a, chance, of"
high,8,app_text01,text/tamer_skill_explanation.mbe/000_Sheet1.csv,106,"Boosts the EXP gained in battle by Compassionate, Sociable,
Friendly, and Opportunistic battle and reserve Digimon by {d0}%
for each Agent Rank.","Boosts, the, gained, in, battle, by, Compassionate, Sociable, Friendly, and, Opportunistic, battle"
high,8,app_text01,text/tamer_skill_explanation.mbe/000_Sheet1.csv,109,"Boosts the damage dealt by Extra Strikes of Compassionate,
Sociable, Friendly, and Opportunistic Digimon by {d0}%.","Boosts, the, damage, dealt, by, Extra, Strikes, of, Compassionate, Sociable, Friendly, and"
high,8,app_text01,text/tamer_skill_explanation.mbe/000_Sheet1.csv,114,"Reduces the skill SP cost of Compassionate, Sociable, Friendly, and
Opportunistic Digimon by {d0}% for each Agent Rank.","Reduces, the, skill, cost, of, Compassionate, Sociable, Friendly, and, Opportunistic, by, for"
high,8,app_text01,text/tamer_skill_explanation.mbe/000_Sheet1.csv,116,"Boosts the EXP gained in battle by Compassionate, Sociable,
Friendly, and Opportunistic battle and reserve Digimon by {d0}%
for each Agent Rank.","Boosts, the, gained, in, battle, by, Compassionate, Sociable, Friendly, and, Opportunistic, battle"
high,8,app_text01,text/tamer_skill_explanation.mbe/000_Sheet1.csv,12,"Boosts the initial Talent of each Generation when converting Brave,
Zealous, Daring, and Reckless Digimon by {d0}.","Boosts, the, initial, Talent, of, each, Generation, when, converting, Brave, Zealous, Daring"
high,8,app_text01,text/tamer_skill_explanation.mbe/000_Sheet1.csv,124,"Boosts the appearance rate of rare Personality Skills for
Compassionate, Sociable, Friendly, and Opportunistic Digimon
when changing Personality.","Boosts, the, appearance, rate, of, rare, Personality, Skills, for, Compassionate, Sociable, Friendly"
high,8,app_text01,text/tamer_skill_explanation.mbe/000_Sheet1.csv,126,"Boosts the initial Talent of each Generation when converting
Compassionate, Sociable, Friendly, and Opportunistic Digimon
by {d0}.","Boosts, the, initial, Talent, of, each, Generation, when, converting, Compassionate, Sociable, Friendly"
high,8,app_text01,text/tamer_skill_explanation.mbe/000_Sheet1.csv,127,"Boosts the HP of Compassionate, Sociable, Friendly, and
Opportunistic Digimon by {d0}%.","Boosts, the, of, Compassionate, Sociable, Friendly, and, Opportunistic, by"
high,8,app_text01,text/tamer_skill_explanation.mbe/000_Sheet1.csv,128,"Boosts the HP of Compassionate, Sociable, Friendly, and
Opportunistic Digimon by {d0}%.","Boosts, the, of, Compassionate, Sociable, Friendly, and, Opportunistic, by"
high,8,app_text01,text/tamer_skill_explanation.mbe/000_Sheet1.csv,129,"Boosts the HP of Compassionate, Sociable, Friendly, and
Opportunistic Digimon by {d0}%.","Boosts, the, of, Compassionate, Sociable, Friendly, and, Opportunistic, by"
high,8,app_text01,text/tamer_skill_explanation.mbe/000_Sheet1.csv,13,"Boosts the SP of Brave, Zealous, Daring, and Reckless Digimon by
{d1}%.","Boosts, the, of, Brave, Zealous, Daring, and, Reckless, by"
high,8,app_text01,text/tamer_skill_explanation.mbe/000_Sheet1.csv,130,"Boosts the SP of Compassionate, Sociable, Friendly, and
Opportunistic Digimon by {d1}%.","Boosts, the, of, Compassionate, Sociable, Friendly, and, Opportunistic, by"
high,8,app_text01,text/tamer_skill_explanation.mbe/000_Sheet1.csv,131,"Boosts the SP of Compassionate, Sociable, Friendly, and
Opportunistic Digimon by {d1}%.","Boosts, the, of, Compassionate, Sociable, Friendly, and, Opportunistic, by"
high,8,app_text01,text/tamer_skill_explanation.mbe/000_Sheet1.csv,132,"Boosts the SP of Compassionate, Sociable, Friendly, and
Opportunistic Digimon by {d1}%.","Boosts, the, of, Compassionate, Sociable, Friendly, and, Opportunistic, by"
high,8,app_text01,text/tamer_skill_explanation.mbe/000_Sheet1.csv,134,Boost the HP/SP of Friendly Digimon by {d0}%.,"Boost, the, of, Friendly, by"
high,8,app_text01,text/tamer_skill_explanation.mbe/000_Sheet1.csv,135,"Recovers the HP by {d0}% and SP by {d1}% of Opportunistic Digimon
every 3 rounds while in reserve.","Recovers, the, by, and, by, of, Opportunistic, every, rounds, while, in, reserve"
high,8,app_text01,text/tamer_skill_explanation.mbe/000_Sheet1.csv,136,"Compassionate, Sociable, Friendly, and Opportunistic Digimon gain
Talent more easily.","Compassionate, Sociable, Friendly, and, Opportunistic, gain, Talent, more, easily"
high,8,app_text01,text/tamer_skill_explanation.mbe/000_Sheet1.csv,137,"Boosts the damage dealt by Extra Strikes of Compassionate,
Sociable, Friendly, and Opportunistic Digimon by {d0}%.","Boosts, the, damage, dealt, by, Extra, Strikes, of, Compassionate, Sociable, Friendly, and"
high,8,app_text01,text/tamer_skill_explanation.mbe/000_Sheet1.csv,139,"Boosts the EXP gained in battle by Compassionate, Sociable,
Friendly, and Opportunistic battle and reserve Digimon by {d0}%
for each Agent Rank.","Boosts, the, gained, in, battle, by, Compassionate, Sociable, Friendly, and, Opportunistic, battle"
high,8,app_text01,text/tamer_skill_explanation.mbe/000_Sheet1.csv,143,"Doubles the effects of buff items used during the turn of a Sociable
Digimon.","Doubles, the, effects, of, buff, items, used, during, the, turn, of, a"
high,8,app_text01,text/tamer_skill_explanation.mbe/000_Sheet1.csv,145,"Boosts the EXP gained in battle by Compassionate, Sociable,
Friendly, and Opportunistic battle and reserve Digimon by {d0}%
for each Agent Rank.","Boosts, the, gained, in, battle, by, Compassionate, Sociable, Friendly, and, Opportunistic, battle"
high,8,app_text01,text/tamer_skill_explanation.mbe/000_Sheet1.csv,151,"Unlocks Wisdom-based bonds with your Digimon, allowing you to
enhance Astute, Strategic, Enlightened, and Sly Digimon.","Unlocks, Wisdom-based, bonds, with, your, allowing, you, to, enhance, Astute, Strategic, Enlightened"
high,8,app_text01,text/tamer_skill_explanation.mbe/000_Sheet1.csv,152,"Boosts the appearance rate of rare Personality Skills for Astute,
Strategic, Enlightened, and Sly Digimon when changing
Personalities.","Boosts, the, appearance, rate, of, rare, Personality, Skills, for, Astute, Strategic, Enlightened"
high,8,app_text01,text/tamer_skill_explanation.mbe/000_Sheet1.csv,153,"Boosts the HP of Astute, Strategic, Enlightened, and Sly Digimon by
{d0}%.","Boosts, the, of, Astute, Strategic, Enlightened, and, Sly, by"
high,8,app_text01,text/tamer_skill_explanation.mbe/000_Sheet1.csv,154,"Boosts the EXP gained in battle by Astute, Strategic, Enlightened,
and Sly battle and reserve Digimon by {d0}% for each Agent Rank.","Boosts, the, gained, in, battle, by, Astute, Strategic, Enlightened, and, Sly, battle"
high,8,app_text01,text/tamer_skill_explanation.mbe/000_Sheet1.csv,155,"Reduces the training time of Astute, Strategic, Enlightened, and Sly
Digimon by {d0}%.","Reduces, the, training, time, of, Astute, Strategic, Enlightened, and, Sly, by"
high,8,app_text01,text/tamer_skill_explanation.mbe/000_Sheet1.csv,156,"Boosts the damage dealt by Extra Strikes of Astute, Strategic,
Enlightened, and Sly Digimon by {d0}%.","Boosts, the, damage, dealt, by, Extra, Strikes, of, Astute, Strategic, Enlightened, and"
high,8,app_text01,text/tamer_skill_explanation.mbe/000_Sheet1.csv,16,"Reduces the training time of Brave, Zealous, Daring, and Reckless
Digimon by {d0}%.","Reduces, the, training, time, of, Brave, Zealous, Daring, and, Reckless, by"
high,8,app_text01,text/tamer_skill_explanation.mbe/000_Sheet1.csv,161,"Astute, Strategic, Enlightened, and Sly Digimon gain Talent more
easily.","Astute, Strategic, Enlightened, and, Sly, gain, Talent, more, easily"
high,8,app_text01,text/tamer_skill_explanation.mbe/000_Sheet1.csv,163,"Reduces the skill SP cost of Astute, Strategic, Enlightened, and Sly
Digimon by {d0}% for each Agent Rank.","Reduces, the, skill, cost, of, Astute, Strategic, Enlightened, and, Sly, by, for"
high,8,app_text01,text/tamer_skill_explanation.mbe/000_Sheet1.csv,164,"Boosts the HP of Astute, Strategic, Enlightened, and Sly Digimon by
{d0}%.","Boosts, the, of, Astute, Strategic, Enlightened, and, Sly, by"
high,8,app_text01,text/tamer_skill_explanation.mbe/000_Sheet1.csv,166,"Boosts the HP of Astute, Strategic, Enlightened, and Sly Digimon by
{d0}%.","Boosts, the, of, Astute, Strategic, Enlightened, and, Sly, by"
high,8,app_text01,text/tamer_skill_explanation.mbe/000_Sheet1.csv,167,"Reduces magic damage taken by Strategic Digimon by {d0}% for each
Agent Rank.","Reduces, magic, damage, taken, by, Strategic, by, for, each, Agent, Rank"
high,8,app_text01,text/tamer_skill_explanation.mbe/000_Sheet1.csv,169,"Boosts the initial Talent of each Generation when converting
Astute, Strategic, Enlightened, and Sly Digimon by {d0}.","Boosts, the, initial, Talent, of, each, Generation, when, converting, Astute, Strategic, Enlightened"
high,8,app_text01,text/tamer_skill_explanation.mbe/000_Sheet1.csv,17,"Boosts the damage dealt by Extra Strikes of Brave, Zealous, Daring,
and Reckless Digimon by {d0}%.","Boosts, the, damage, dealt, by, Extra, Strikes, of, Brave, Zealous, Daring, and"
high,8,app_text01,text/tamer_skill_explanation.mbe/000_Sheet1.csv,178,"Boosts the EXP gained in battle by Astute, Strategic, Enlightened,
and Sly battle and reserve Digimon by {d0}% for each Agent Rank.","Boosts, the, gained, in, battle, by, Astute, Strategic, Enlightened, and, Sly, battle"
high,8,app_text01,text/tamer_skill_explanation.mbe/000_Sheet1.csv,181,"Boosts the SP of Astute, Strategic, Enlightened, and Sly Digimon by 
{d1}%.","Boosts, the, of, Astute, Strategic, Enlightened, and, Sly, by"
high,8,app_text01,text/tamer_skill_explanation.mbe/000_Sheet1.csv,182,"Boosts the SP of Astute, Strategic, Enlightened, and Sly Digimon by 
{d1}%.","Boosts, the, of, Astute, Strategic, Enlightened, and, Sly, by"
high,8,app_text01,text/tamer_skill_explanation.mbe/000_Sheet1.csv,183,"Boosts the SP of Astute, Strategic, Enlightened, and Sly Digimon by 
{d1}%.","Boosts, the, of, Astute, Strategic, Enlightened, and, Sly, by"
high,8,app_text01,text/tamer_skill_explanation.mbe/000_Sheet1.csv,185,"Boosts the damage dealt by Extra Strikes of Astute, Strategic,
Enlightened, and Sly Digimon by {d0}%.","Boosts, the, damage, dealt, by, Extra, Strikes, of, Astute, Strategic, Enlightened, and"
high,8,app_text01,text/tamer_skill_explanation.mbe/000_Sheet1.csv,187,"Boosts the amount of items dropped by enemies defeated by
Enlightened Digimon by {d0}%.","Boosts, the, amount, of, items, dropped, by, enemies, defeated, by, Enlightened, by"
high,8,app_text01,text/tamer_skill_explanation.mbe/000_Sheet1.csv,188,"Boosts the EXP gained in battle by Astute, Strategic, Enlightened,
and Sly battle and reserve Digimon by {d0}% for each Agent Rank.","Boosts, the, gained, in, battle, by, Astute, Strategic, Enlightened, and, Sly, battle"
high,8,app_text01,text/tamer_skill_explanation.mbe/000_Sheet1.csv,19,"Boosts the EXP gained in battle by Brave, Zealous, Daring, and
Reckless battle and reserve Digimon by {d0}% for each Agent
Rank.","Boosts, the, gained, in, battle, by, Brave, Zealous, Daring, and, Reckless, battle"
high,8,app_text01,text/tamer_skill_explanation.mbe/000_Sheet1.csv,195,"Boosts the EXP gained in battle by Astute, Strategic, Enlightened,
and Sly battle and reserve Digimon by {d0}% for each Agent Rank.","Boosts, the, gained, in, battle, by, Astute, Strategic, Enlightened, and, Sly, battle"
high,8,app_text01,text/tamer_skill_explanation.mbe/000_Sheet1.csv,196,Boosts enemy YEN drops by {d0}% when defeated by Sly Digimon.,"Boosts, enemy, YEN, drops, by, when, defeated, by, Sly"
high,8,app_text01,text/tamer_skill_explanation.mbe/000_Sheet1.csv,201,"Unlocks Cross Art: Field.
Effect: Greatly boosts all allies' all stats for 2 turns.
Cross Arts can be activated once the CP Gauge is maxed.","Unlocks, Cross, Art, Field, Effect, Greatly, boosts, all, allies', all, stats, for"
high,8,app_text01,text/tamer_skill_explanation.mbe/000_Sheet1.csv,202,"Boosts the EXP gained in battle by all battle and reserve Digimon
by {d0}% for each Agent Rank.","Boosts, the, gained, in, battle, by, all, battle, and, reserve, by, for"
high,8,app_text01,text/tamer_skill_explanation.mbe/000_Sheet1.csv,203,Start battle with CP Gauge charged by {d0} for each Agent Rank.,"Start, battle, with, CP, Gauge, charged, by, for, each, Agent, Rank"
high,8,app_text01,text/tamer_skill_explanation.mbe/000_Sheet1.csv,204,"Teaches Cross Art: Burst.
Effect: Deals major damage to all enemies.
{fc9Note: Select via the Cross Arts menu to use.}","Teaches, Cross, Art, Burst, Effect, Deals, major, damage, to, all, enemies"
high,8,app_text01,text/tamer_skill_explanation.mbe/000_Sheet1.csv,209,Start battle with CP Gauge charged by {d0} for each Agent Rank.,"Start, battle, with, CP, Gauge, charged, by, for, each, Agent, Rank"
high,8,app_text01,text/tamer_skill_explanation.mbe/000_Sheet1.csv,21,Zealous Digimon recover HP by {d0}% when Guarding.,"Zealous, recover, by, when, Guarding"
high,8,app_text01,text/tamer_skill_explanation.mbe/000_Sheet1.csv,210,"Teaches Cross Art: Reverse.
Effect: Deals moderate damage to all enemies. Applies {is28}{image(ui_icon_btlStatus_011)} Reverse.
{fc9Note: Select via the Cross Arts menu to use.}","Teaches, Cross, Art, Reverse, Effect, Deals, moderate, damage, to, all, enemies, Applies"
high,8,app_text01,text/tamer_skill_explanation.mbe/000_Sheet1.csv,211,"Teaches Cross Art: Strike.
Effect: Deals extreme damage to 1 enemy.
{fc9Note: Select via the Cross Arts menu to use.}","Teaches, Cross, Art, Strike, Effect, Deals, extreme, damage, to, enemy"
high,8,app_text01,text/tamer_skill_explanation.mbe/000_Sheet1.csv,212,"Teaches Cross Art: Aura.
Effect: Moderately recovers HP of all allies. Applies {is28}{image(ui_icon_btlStatus_040)} Status
Abnormality Immunity and {is28}{image(ui_icon_btlStatus_041)} Stat Debuff Immunity.
{fc9Note: Select via the Cross Arts menu to use.}","Teaches, Cross, Art, Aura, Effect, Moderately, recovers, of, all, allies, Applies, Status"
high,8,app_text01,text/tamer_skill_explanation.mbe/000_Sheet1.csv,213,"Teaches Cross Art: High Field.
Effect: Greatly boosts all stats for all allies for 3 turns and nullifies
physical/magic damage for 1 turn.","Teaches, Cross, Art, High, Field, Effect, Greatly, boosts, all, stats, for, all"
high,8,app_text01,text/tamer_skill_explanation.mbe/000_Sheet1.csv,219,Start battle with CP Gauge charged by {d0} for each Agent Rank.,"Start, battle, with, CP, Gauge, charged, by, for, each, Agent, Rank"
high,8,app_text01,text/tamer_skill_explanation.mbe/000_Sheet1.csv,220,Boosts the damage of Cross Arts by {d0}% for each Agent Rank.,"Boosts, the, damage, of, Cross, Arts, by, for, each, Agent, Rank"
high,8,app_text01,text/tamer_skill_explanation.mbe/000_Sheet1.csv,221,"Teaches Cross Art: Heal.
Effect: Fully recovers HP and SP of one ally beyond their max value.
{fc9Note: Select via the Cross Arts menu to use.}","Teaches, Cross, Art, Heal, Effect, Fully, recovers, and, of, one, ally, beyond"
high,8,app_text01,text/tamer_skill_explanation.mbe/000_Sheet1.csv,222,"Teaches Cross Art: Revive.
Effect: Revives all allies from KO and slightly recovers HP. Applies
{is28}{image(ui_icon_btlStatus_042)} Guts (survive at 1 HP when taking fatal damage).
{fc9Note: Select via the Cross Arts menu to use.}","Teaches, Cross, Art, Revive, Effect, Revives, all, allies, from, KO, and, slightly"
high,8,app_text01,text/tamer_skill_explanation.mbe/000_Sheet1.csv,223,"Boosts the effects of buff/debuff-type Cross Arts by {d0}% for each
Agent Rank.","Boosts, the, effects, of, buff, debuff-type, Cross, Arts, by, for, each, Agent"
high,8,app_text01,text/tamer_skill_explanation.mbe/000_Sheet1.csv,224,"Boosts the effects of recovery-type Cross Arts by {d0}% for each
Agent Rank.","Boosts, the, effects, of, recovery-type, Cross, Arts, by, for, each, Agent, Rank"
high,8,app_text01,text/tamer_skill_explanation.mbe/000_Sheet1.csv,23,"Boosts the HP of Brave, Zealous, Daring, and Reckless Digimon
by {d0}%.","Boosts, the, of, Brave, Zealous, Daring, and, Reckless, by"
high,8,app_text01,text/tamer_skill_explanation.mbe/000_Sheet1.csv,24,"Reduces the skill SP cost of Brave, Zealous, Daring, and Reckless
Digimon by {d0}% for each Agent Rank.","Reduces, the, skill, cost, of, Brave, Zealous, Daring, and, Reckless, by, for"
high,8,app_text01,text/tamer_skill_explanation.mbe/000_Sheet1.csv,25,"Boosts the HP of Brave, Zealous, Daring, and Reckless Digimon
by {d0}%.","Boosts, the, of, Brave, Zealous, Daring, and, Reckless, by"
high,8,app_text01,text/tamer_skill_explanation.mbe/000_Sheet1.csv,26,"Brave, Zealous, Daring, and Reckless Digimon gain Talent more
easily.","Brave, Zealous, Daring, and, Reckless, gain, Talent, more, easily"
high,8,app_text01,text/tamer_skill_explanation.mbe/000_Sheet1.csv,27,"Boosts the HP of Brave, Zealous, Daring, and Reckless Digimon
by {d0}%.","Boosts, the, of, Brave, Zealous, Daring, and, Reckless, by"
high,8,app_text01,text/tamer_skill_explanation.mbe/000_Sheet1.csv,30,"Boosts the damage dealt by Extra Strikes of Brave, Zealous, Daring,
and Reckless Digimon by {d0}%.","Boosts, the, damage, dealt, by, Extra, Strikes, of, Brave, Zealous, Daring, and"
high,8,app_text01,text/tamer_skill_explanation.mbe/000_Sheet1.csv,33,"Boosts the EXP gained in battle by Brave, Zealous, Daring, and
Reckless battle and reserve Digimon by {d0}% for each Agent
Rank.","Boosts, the, gained, in, battle, by, Brave, Zealous, Daring, and, Reckless, battle"
high,8,app_text01,text/tamer_skill_explanation.mbe/000_Sheet1.csv,42,"Boosts the EXP gained in battle by Brave, Zealous, Daring, and
Reckless battle and reserve Digimon by {d0}% for each Agent
Rank.","Boosts, the, gained, in, battle, by, Brave, Zealous, Daring, and, Reckless, battle"
high,8,app_text01,text/tamer_skill_explanation.mbe/000_Sheet1.csv,45,"Reduces physical damage taken by Daring Digimon when
Guarding by an additional {d0}% for each Agent Rank.","Reduces, physical, damage, taken, by, Daring, when, Guarding, by, an, additional, for"
high,8,app_text01,text/tamer_skill_explanation.mbe/000_Sheet1.csv,5,"Boosts the EXP gained in battle by Brave, Zealous, Daring, and
Reckless battle and reserve Digimon by {d0}% for each Agent
Rank.","Boosts, the, gained, in, battle, by, Brave, Zealous, Daring, and, Reckless, battle"
high,8,app_text01,text/tamer_skill_explanation.mbe/000_Sheet1.csv,51,"Unlocks Philanthropy-based bonds with your Digimon, allowing you
to enhance Adoring, Devoted, Tolerant, and Overprotective Digimon.","Unlocks, Philanthropy-based, bonds, with, your, allowing, you, to, enhance, Adoring, Devoted, Tolerant"
high,8,app_text01,text/tamer_skill_explanation.mbe/000_Sheet1.csv,54,"Boosts the EXP gained in battle by Adoring, Devoted, Tolerant, and
Overprotective battle and reserve Digimon by {d0}% for each Agent
Rank.","Boosts, the, gained, in, battle, by, Adoring, Devoted, Tolerant, and, Overprotective, battle"
high,8,app_text01,text/tamer_skill_explanation.mbe/000_Sheet1.csv,55,"Boosts the appearance rate of rare Personality Skills for Adoring,
Devoted, Tolerant, and Overprotective Digimon when changing
Personalities.","Boosts, the, appearance, rate, of, rare, Personality, Skills, for, Adoring, Devoted, Tolerant"
high,8,app_text01,text/tamer_skill_explanation.mbe/000_Sheet1.csv,57,Boosts HP-augmenting equipment effects on Adoring Digimon by {d0}%.,"Boosts, HP-augmenting, equipment, effects, on, Adoring, by"
high,8,app_text01,text/tamer_skill_explanation.mbe/000_Sheet1.csv,6,"Boosts the appearance rate of rare Personality Skills for Brave,
Zealous, Daring, and Reckless Digimon when changing
Personalities.","Boosts, the, appearance, rate, of, rare, Personality, Skills, for, Brave, Zealous, Daring"
high,8,app_text01,text/tamer_skill_explanation.mbe/000_Sheet1.csv,63,"Boosts the EXP gained in battle by Adoring, Devoted, Tolerant, and
Overprotective battle and reserve Digimon by {d0}% for each Agent
Rank.","Boosts, the, gained, in, battle, by, Adoring, Devoted, Tolerant, and, Overprotective, battle"
high,8,app_text01,text/tamer_skill_explanation.mbe/000_Sheet1.csv,64,"Boosts the effects of HP recovery items used on Devoted Digimon
during battle by {d0}%.","Boosts, the, effects, of, recovery, items, used, on, Devoted, during, battle, by"
high,8,app_text01,text/tamer_skill_explanation.mbe/000_Sheet1.csv,66,"Boosts the damage dealt by Extra Strikes of Adoring, Devoted,
Tolerant, and Overprotective Digimon by {d0}%.","Boosts, the, damage, dealt, by, Extra, Strikes, of, Adoring, Devoted, Tolerant, and"
high,8,app_text01,text/tamer_skill_explanation.mbe/000_Sheet1.csv,69,"Boosts the SP of Adoring, Devoted, Tolerant, and Overprotective
Digimon by {d1}%.","Boosts, the, of, Adoring, Devoted, Tolerant, and, Overprotective, by"
high,8,app_text01,text/tamer_skill_explanation.mbe/000_Sheet1.csv,70,"Boosts the SP of Adoring, Devoted, Tolerant, and Overprotective
Digimon by {d1}%.","Boosts, the, of, Adoring, Devoted, Tolerant, and, Overprotective, by"
high,8,app_text01,text/tamer_skill_explanation.mbe/000_Sheet1.csv,71,"Boosts the SP of Adoring, Devoted, Tolerant, and Overprotective
Digimon by {d1}%.","Boosts, the, of, Adoring, Devoted, Tolerant, and, Overprotective, by"
high,8,app_text01,text/tamer_skill_explanation.mbe/000_Sheet1.csv,74,"Boosts the HP of Adoring, Devoted, Tolerant, and Overprotective
Digimon by {d0}%.","Boosts, the, of, Adoring, Devoted, Tolerant, and, Overprotective, by"
high,8,app_text01,text/tamer_skill_explanation.mbe/000_Sheet1.csv,75,"Boosts the EXP gained in battle by Adoring, Devoted, Tolerant, and
Overprotective battle and reserve Digimon by {d0}% for each Agent
Rank.","Boosts, the, gained, in, battle, by, Adoring, Devoted, Tolerant, and, Overprotective, battle"
high,8,app_text01,text/tamer_skill_explanation.mbe/000_Sheet1.csv,76,"Boosts the HP of Adoring, Devoted, Tolerant, and Overprotective
Digimon by {d0}%.","Boosts, the, of, Adoring, Devoted, Tolerant, and, Overprotective, by"
high,8,app_text01,text/tamer_skill_explanation.mbe/000_Sheet1.csv,78,"Boosts the initial Talent of each Generation when converting
Adoring, Devoted, Tolerant, and Overprotective Digimon by {d0}.","Boosts, the, initial, Talent, of, each, Generation, when, converting, Adoring, Devoted, Tolerant"
high,8,app_text01,text/tamer_skill_explanation.mbe/000_Sheet1.csv,79,"Boosts the HP of Adoring, Devoted, Tolerant, and Overprotective
Digimon by {d0}%.","Boosts, the, of, Adoring, Devoted, Tolerant, and, Overprotective, by"
high,8,app_text01,text/tamer_skill_explanation.mbe/000_Sheet1.csv,8,"Boosts the SP of Brave, Zealous, Daring, and Reckless Digimon by
{d1}%.","Boosts, the, of, Brave, Zealous, Daring, and, Reckless, by"
high,8,app_text01,text/tamer_skill_explanation.mbe/000_Sheet1.csv,80,"Boosts the damage dealt by Extra Strikes of Adoring, Devoted,
Tolerant, and Overprotective Digimon by {d0}%.","Boosts, the, damage, dealt, by, Extra, Strikes, of, Adoring, Devoted, Tolerant, and"
high,8,app_text01,text/tamer_skill_explanation.mbe/000_Sheet1.csv,83,"Adoring, Devoted, Tolerant, and Overprotective Digimon gain Talent
more easily.","Adoring, Devoted, Tolerant, and, Overprotective, gain, Talent, more, easily"
high,8,app_text01,text/tamer_skill_explanation.mbe/000_Sheet1.csv,84,"Boost SP-augmenting equipment effects on Tolerant Digimon by
{d0}%.","Boost, SP-augmenting, equipment, effects, on, Tolerant, by"
high,8,app_text01,text/tamer_skill_explanation.mbe/000_Sheet1.csv,88,"Reduces the training time of Adoring, Devoted, Tolerant, and
Overprotective Digimon by {d0}%.","Reduces, the, training, time, of, Adoring, Devoted, Tolerant, and, Overprotective, by"
high,8,app_text01,text/tamer_skill_explanation.mbe/000_Sheet1.csv,89,"Reduces the skill SP cost of Adoring, Devoted, Tolerant, and
Overprotective Digimon by {d0}% for each Agent Rank.","Reduces, the, skill, cost, of, Adoring, Devoted, Tolerant, and, Overprotective, by, for"
high,8,app_text01,text/tamer_skill_explanation.mbe/000_Sheet1.csv,9,"Boosts the SP of Brave, Zealous, Daring, and Reckless Digimon by
{d1}%.","Boosts, the, of, Brave, Zealous, Daring, and, Reckless, by"
high,8,app_text01,text/tamer_skill_explanation.mbe/000_Sheet1.csv,91,"Boosts the EXP gained in battle by Adoring, Devoted, Tolerant, and
Overprotective battle and reserve Digimon by {d0}% for each Agent
Rank.","Boosts, the, gained, in, battle, by, Adoring, Devoted, Tolerant, and, Overprotective, battle"
high,8,app_text01,text/tamer_skill_explanation.mbe/000_Sheet1.csv,94,"Boosts the recovery of Overprotective Digimon when using
HP recovery skills by {d0}%.","Boosts, the, recovery, of, Overprotective, when, using, recovery, skills, by"
high,8,app_text01,text/tamer_skill_name.mbe/000_Sheet1.csv,1,Bonds of Valor,"Bonds, of, Valor"
high,8,app_text01,text/tamer_skill_name.mbe/000_Sheet1.csv,101,Bonds of Amicability,"Bonds, of, Amicability"
high,8,app_text01,text/tamer_skill_name.mbe/000_Sheet1.csv,104,Crash Course in Amicability,"Crash, Course, in, Amicability"
high,8,app_text01,text/tamer_skill_name.mbe/000_Sheet1.csv,106,Study of Amicability,"Study, of, Amicability"
high,8,app_text01,text/tamer_skill_name.mbe/000_Sheet1.csv,116,Study of Amicability,"Study, of, Amicability"
high,8,app_text01,text/tamer_skill_name.mbe/000_Sheet1.csv,139,Study of Amicability,"Study, of, Amicability"
high,8,app_text01,text/tamer_skill_name.mbe/000_Sheet1.csv,145,Study of Amicability,"Study, of, Amicability"
high,8,app_text01,text/tamer_skill_name.mbe/000_Sheet1.csv,151,Bonds of Wisdom,"Bonds, of, Wisdom"
high,8,app_text01,text/tamer_skill_name.mbe/000_Sheet1.csv,154,Study of Wisdom,"Study, of, Wisdom"
high,8,app_text01,text/tamer_skill_name.mbe/000_Sheet1.csv,155,Crash Course in Wisdom,"Crash, Course, in, Wisdom"
high,8,app_text01,text/tamer_skill_name.mbe/000_Sheet1.csv,16,Crash Course in Valor,"Crash, Course, in, Valor"
high,8,app_text01,text/tamer_skill_name.mbe/000_Sheet1.csv,178,Study of Wisdom,"Study, of, Wisdom"
high,8,app_text01,text/tamer_skill_name.mbe/000_Sheet1.csv,188,Study of Wisdom,"Study, of, Wisdom"
high,8,app_text01,text/tamer_skill_name.mbe/000_Sheet1.csv,19,Study of Valor,"Study, of, Valor"
high,8,app_text01,text/tamer_skill_name.mbe/000_Sheet1.csv,195,Study of Wisdom,"Study, of, Wisdom"
high,8,app_text01,text/tamer_skill_name.mbe/000_Sheet1.csv,202,Lesson in Rearing,"Lesson, in, Rearing"
high,8,app_text01,text/tamer_skill_name.mbe/000_Sheet1.csv,220,Bond of Strength,"Bond, of, Strength"
high,8,app_text01,text/tamer_skill_name.mbe/000_Sheet1.csv,223,Bond of Support,"Bond, of, Support"
high,8,app_text01,text/tamer_skill_name.mbe/000_Sheet1.csv,224,Bond of Recovery,"Bond, of, Recovery"
high,8,app_text01,text/tamer_skill_name.mbe/000_Sheet1.csv,33,Study of Valor,"Study, of, Valor"
high,8,app_text01,text/tamer_skill_name.mbe/000_Sheet1.csv,42,Study of Valor,"Study, of, Valor"
high,8,app_text01,text/tamer_skill_name.mbe/000_Sheet1.csv,5,Study of Valor,"Study, of, Valor"
high,8,app_text01,text/tamer_skill_name.mbe/000_Sheet1.csv,51,Bonds of Philanthropy,"Bonds, of, Philanthropy"
high,8,app_text01,text/tamer_skill_name.mbe/000_Sheet1.csv,54,Study of Philanthropy,"Study, of, Philanthropy"
high,8,app_text01,text/tamer_skill_name.mbe/000_Sheet1.csv,63,Study of Philanthropy,"Study, of, Philanthropy"
high,8,app_text01,text/tamer_skill_name.mbe/000_Sheet1.csv,75,Study of Philanthropy,"Study, of, Philanthropy"
high,8,app_text01,text/tamer_skill_name.mbe/000_Sheet1.csv,88,Crash Course in Philanthropy,"Crash, Course, in, Philanthropy"
high,8,app_text01,text/tamer_skill_name.mbe/000_Sheet1.csv,91,Study of Philanthropy,"Study, of, Philanthropy"
medium,7,app_text01,text/common_message.mbe/000_Sheet1.csv,1001,Play Time　,"Play, Time"
medium,7,app_text01,text/common_message.mbe/000_Sheet1.csv,10013,EXP Gained,Gained
medium,7,app_text01,text/common_message.mbe/000_Sheet1.csv,10028,Gain Skill,"Gain, Skill"
medium,7,app_text01,text/common_message.mbe/000_Sheet1.csv,10096,Apply Settings,"Apply, Settings"
medium,7,app_text01,text/common_message.mbe/000_Sheet1.csv,10097,Skill Gained,"Skill, Gained"
medium,7,app_text01,text/common_message.mbe/000_Sheet1.csv,103,In Party,"In, Party"
medium,7,app_text01,text/common_message.mbe/000_Sheet1.csv,10300,Get Item,"Get, Item"
medium,7,app_text01,text/common_message.mbe/000_Sheet1.csv,105,At Farm {d0},"At, Farm"
medium,7,app_text01,text/common_message.mbe/000_Sheet1.csv,110002,Settings,Settings
medium,7,app_text01,text/common_message.mbe/000_Sheet1.csv,11302,Skill Tree,"Skill, Tree"
medium,7,app_text01,text/common_message.mbe/000_Sheet1.csv,11305,Skill Categories,"Skill, Categories"
medium,7,app_text01,text/common_message.mbe/000_Sheet1.csv,11701,Switch Skills,"Switch, Skills"
medium,7,app_text01,text/common_message.mbe/000_Sheet1.csv,119,On,On
medium,7,app_text01,text/common_message.mbe/000_Sheet1.csv,120300,Battle Support,"Battle, Support"
medium,7,app_text01,text/common_message.mbe/000_Sheet1.csv,120306,Training Bonus,"Training, Bonus"
medium,7,app_text01,text/common_message.mbe/000_Sheet1.csv,120500,Battle,Battle
medium,7,app_text01,text/common_message.mbe/000_Sheet1.csv,120501,Training,Training
medium,7,app_text01,text/common_message.mbe/000_Sheet1.csv,120504,Item Packs,"Item, Packs"
medium,7,app_text01,text/common_message.mbe/000_Sheet1.csv,12100,Retry,Retry
medium,7,app_text01,text/common_message.mbe/000_Sheet1.csv,13014,Mode Change,"Mode, Change"
medium,7,app_text01,text/common_message.mbe/000_Sheet1.csv,1413,EXP Gained,Gained
medium,7,app_text01,text/common_message.mbe/000_Sheet1.csv,150100,Change,Change
medium,7,app_text01,text/common_message.mbe/000_Sheet1.csv,150103,Change Digimon?,Change
medium,7,app_text01,text/common_message.mbe/000_Sheet1.csv,171003,EXP Gained:,Gained
medium,7,app_text01,text/common_message.mbe/000_Sheet1.csv,171004,Reward Gained:,"Reward, Gained"
medium,7,app_text01,text/common_message.mbe/000_Sheet1.csv,190003,Training...,Training
medium,7,app_text01,text/common_message.mbe/000_Sheet1.csv,190006,Training Complete!,"Training, Complete"
medium,7,app_text01,text/common_message.mbe/000_Sheet1.csv,190010,Interact with Digimon,"Interact, with"
medium,7,app_text01,text/common_message.mbe/000_Sheet1.csv,190015,Place Item,"Place, Item"
medium,7,app_text01,text/common_message.mbe/000_Sheet1.csv,190017,Delete Item,"Delete, Item"
medium,7,app_text01,text/common_message.mbe/000_Sheet1.csv,19033,On,On
medium,7,app_text01,text/common_message.mbe/000_Sheet1.csv,19040,Normal,Normal
medium,7,app_text01,text/common_message.mbe/000_Sheet1.csv,19043,Normal,Normal
medium,7,app_text01,text/common_message.mbe/000_Sheet1.csv,19072,View,View
medium,7,app_text01,text/common_message.mbe/000_Sheet1.csv,209,Skill Discs,"Skill, Discs"
medium,7,app_text01,text/common_message.mbe/000_Sheet1.csv,21002,No Digimon in box.,"in, box"
medium,7,app_text01,text/common_message.mbe/000_Sheet1.csv,403,No. to Buy,"to, Buy"
medium,7,app_text01,text/common_message.mbe/000_Sheet1.csv,404,No. to Sell,"to, Sell"
medium,7,app_text01,text/common_message.mbe/000_Sheet1.csv,410,No. to Create,"to, Create"
medium,7,app_text01,text/common_message.mbe/000_Sheet1.csv,720,Skill Discs,"Skill, Discs"
medium,7,app_text01,text/common_message.mbe/000_Sheet1.csv,750,Save,Save
medium,7,app_text01,text/common_message.mbe/000_Sheet1.csv,751,Load,Load
medium,7,app_text01,text/common_message.mbe/000_Sheet1.csv,754,Training,Training
medium,7,app_text01,text/common_message.mbe/000_Sheet1.csv,771,Load Enhancements,"Load, Enhancements"
medium,7,app_text01,text/common_message.mbe/000_Sheet1.csv,802,Load Enhancements,"Load, Enhancements"
medium,7,app_text01,text/common_message.mbe/000_Sheet1.csv,dlc_name_06,"Special Агумон that can digivolve into
Агумон (Bond of Bravery) & Special Габумон that can digivolve into Габумон (Bond of Friendship)","Special, that, can, digivolve, into, Bond, of, Bravery, Special, that, can, digivolve"
medium,7,app_text01,text/common_message.mbe/000_Sheet1.csv,dlc_name_17,"Digimon Story Time Stranger Pre-Order Bonus Pack
Агумон (Black), Габумон (Black)","Story, Time, Stranger, Pre-Order, Bonus, Pack, Black, Black"
medium,7,app_text01,text/common_message.mbe/000_Sheet1.csv,icon_info_description_05_14,EXP Gained Up,"Gained, Up"
medium,7,app_text01,text/common_message.mbe/000_Sheet1.csv,icon_info_description_06_12,Item Shop,"Item, Shop"
medium,7,app_text01,text/common_message.mbe/000_Sheet1.csv,icon_info_description_06_18,Card Battle,"Card, Battle"
medium,7,app_text01,text/common_message.mbe/000_Sheet1.csv,icon_info_description_07_04,Change Areas,"Change, Areas"
medium,7,app_text01,text/common_message.mbe/000_Sheet1.csv,icon_info_description_07_13,Change Maps,"Change, Maps"
medium,7,app_text01,text/common_message.mbe/000_Sheet1.csv,icon_info_description_07_14,Change Floors,"Change, Floors"
medium,7,app_text01,text/common_message.mbe/000_Sheet1.csv,icon_info_description_07_15,Change Locations,"Change, Locations"
medium,7,app_text01,text/common_message.mbe/000_Sheet1.csv,tab_name_0025,Skill Discs,"Skill, Discs"
medium,7,app_text01,text/common_message.mbe/000_Sheet1.csv,ui_analyse_damage_020,Increased damage,"Increased, damage"
medium,7,app_text01,text/common_message.mbe/000_Sheet1.csv,ui_analyse_damage_030,Damage unaffected,"Damage, unaffected"
medium,7,app_text01,text/common_message.mbe/000_Sheet1.csv,ui_analyse_damage_040,Reduced damage,"Reduced, damage"
medium,7,app_text01,text/common_message.mbe/000_Sheet1.csv,ui_analyse_damage_050,No damage,damage
medium,7,app_text01,text/common_message.mbe/000_Sheet1.csv,ui_battle_0040,Skill,Skill
medium,7,app_text01,text/common_message.mbe/000_Sheet1.csv,ui_battle_evolution_0050,Change Эгиомон's form?,"Change, s, form"
medium,7,app_text01,text/common_message.mbe/000_Sheet1.csv,ui_bgm_0020,Normal Battle,"Normal, Battle"
medium,7,app_text01,text/common_message.mbe/000_Sheet1.csv,ui_bgm_0021,Boss Battle,"Boss, Battle"
medium,7,app_text01,text/common_message.mbe/000_Sheet1.csv,ui_bgm_0050,Card Battle,"Card, Battle"
medium,7,app_text01,text/common_message.mbe/000_Sheet1.csv,ui_digifarm_digimon_0020,Training,Training
medium,7,app_text01,text/common_message.mbe/000_Sheet1.csv,ui_digimoncard_battle_0010,New card!,"New, card"
medium,7,app_text01,text/common_message.mbe/000_Sheet1.csv,ui_digimoncard_battle_0020,Never-owned card!,"Never-owned, card"
medium,7,app_text01,text/common_message.mbe/000_Sheet1.csv,ui_digimoncard_battle_0030,Battle,Battle
medium,7,app_text01,text/common_message.mbe/000_Sheet1.csv,ui_digimoncard_battle_0110,You win!,"You, win"
medium,7,app_text01,text/common_message.mbe/000_Sheet1.csv,ui_digimoncard_battle_0120,You lose...,"You, lose"
medium,7,app_text01,text/common_message.mbe/000_Sheet1.csv,ui_digimoncard_battle_0170,"Rounds Won: {n0} – {fc9Cards Earned: {n1}}
Select cards to receive.
{n2} / {n1}","Rounds, Won, fc, Cards, Earned, Select, cards, to, receive"
medium,7,app_text01,text/common_message.mbe/000_Sheet1.csv,ui_end_demo_0020,"This concludes the demo version of the game.

—A story of the bond between humans and Digimon that spans
across worlds, transcending the boundaries of time and space.—

Be sure to pick up the retail version in order to see the
rest of this exciting tale.","This, concludes, the, demo, version, of, the, game, A, story, of, the"
medium,7,app_text01,text/common_message.mbe/000_Sheet1.csv,ui_end_demo_0030,"Your save data from the demo version can be imported into the
retail version of the game.

— A story of the bond between humans and Digimon that spans
across worlds, transcending the boundaries of time and space. —

Be sure to pick up the retail version in order to see the
rest of this exciting tale.","Your, save, data, from, the, demo, version, can, be, imported, into, the"
medium,7,app_text01,text/common_message.mbe/000_Sheet1.csv,ui_gameover_0020,Retry Battle,"Retry, Battle"
medium,7,app_text01,text/common_message.mbe/000_Sheet1.csv,ui_gameover_0050,Load,Load
medium,7,app_text01,text/common_message.mbe/000_Sheet1.csv,ui_shop_0114,Items Gained,"Items, Gained"
medium,7,app_text01,text/common_message.mbe/000_Sheet1.csv,ui_systemmenu_0020,Music Settings,"Music, Settings"
medium,7,app_text01,text/common_message.mbe/000_Sheet1.csv,ui_title_0110,Game Mode,"Game, Mode"
medium,7,app_text01,text/common_message.mbe/000_Sheet1.csv,ui_title_0133,{fc10M}usic Settings,"usic, Settings"
medium,7,app_text01,text/common_message.mbe/000_Sheet1.csv,ui_title_demo_0030,"Parrotmon — Boss Battle
Challenge","Parrotmon, Boss, Battle, Challenge"
medium,7,app_text01,text/help_message.mbe/000_Sheet1.csv,10003,Select a Digimon to move to the Дигиферма.,"Select, a, to, move, to, the"
medium,7,app_text01,text/help_message.mbe/000_Sheet1.csv,1025,Information on the Digimon's эволюция path.,"Information, on, the, Digimon's, path"
medium,7,app_text01,text/help_message.mbe/000_Sheet1.csv,1026,Information on the Digimon's деволюция path.,"Information, on, the, Digimon's, path"
medium,7,app_text01,text/help_message.mbe/000_Sheet1.csv,1050,"Set your party and эволюционировать, convert, and enhance your Digimon.","Set, your, party, and, convert, and, enhance, your"
medium,7,app_text01,text/help_message.mbe/000_Sheet1.csv,1300,Select a Digimon to эволюционировать or De-эволюционировать.,"Select, a, to, or, De-"
medium,7,app_text01,text/help_message.mbe/000_Sheet1.csv,help_bgm_04,Change the background music played for the Дигиферма.,"Change, the, background, music, played, for, the"
medium,7,app_text01,text/tutorial_explanation.mbe/000_Sheet1.csv,tutorial_exp_AbnormalStatus_05_001,"{fc9This status change occurs once a Digimon's HP falls below 30%.
The Digimon will ""muster its strength"" and enter Brave status.}

This status boosts АТК/ИНТ/КРТ by 50% until the end of its
following turn.","This, status, boosts, by, until, the, end, of, its, following, turn"
medium,7,app_text01,text/tutorial_explanation.mbe/000_Sheet1.csv,tutorial_exp_AbnormalStatus_08_005,"{fc9пикселизация}
The Digimon will crystallize and will be unable to use skills. It
will heal automatically after several turns. It can heal immediately
by using items or skills.","The, will, crystallize, and, will, be, unable, to, use, skills, It, will"
medium,7,app_text01,text/tutorial_explanation.mbe/000_Sheet1.csv,tutorial_exp_Accumulation_01_001,"When a Digimon Digivolves or De-Digivolves, the cumulative value
is the value of the stat passed on to the next Digimon.

{fc9It's indicated by a blue number in parentheses in the Digimon's
stats.}

The cumulative value doesn't decrease even if the Digimon
Digivolves or De-Digivolves. However, there is a limit to how many
times the cumulative value can be carried over.
See ""эволюция Technique 3: Bond Points"" for more information.","When, a, Digivolves, or, De-Digivolves, the, cumulative, value, is, the, value, of"
medium,7,app_text01,text/tutorial_explanation.mbe/000_Sheet1.csv,tutorial_exp_ActionOrder_01_001,"Turn Order during battle is determined by each Digimon's СКР stat.
Turn Order is recalculated when СКР changes for any Digimon.

{fc9Using skills and items to alter the СКР of your allies and enemies in
order to manipulate the Turn Order is a key battle strategy.}","Turn, Order, during, battle, is, determined, by, each, Digimon's, stat, Turn, Order"
medium,7,app_text01,text/tutorial_explanation.mbe/000_Sheet1.csv,tutorial_exp_AgentLevel_01_001,"This is a numerical representation of an agent's career and skill level.

{fc9Your Agent Rank increases the more you use Anomaly Points
to learn Agent Skills.} 

Your Agent Rank is linked to a number of different features, such as:
- Agent Skill effect amplification.
- Partner Digimon эволюция conditions.

Keep working to constantly boost your rank.","This, is, a, numerical, representation, of, an, agent's, career, and, skill, level"
medium,7,app_text01,text/tutorial_explanation.mbe/000_Sheet1.csv,tutorial_exp_AttackCategory_01_001,"There are two types of attacks: ""physical"" and ""magic"".

{fc9Physical attacks are effective against foes with low ЗАЩ.
For enemies with low ДУХ, you'll want to use magic attacks.}

Some Digimon are resistant to both physical and magic attacks.
Be sure to check your foes' characteristics as you fight.

{is28}{image(ui_icon_btlStatus_044)}: Reduces physical damage.
{is28}{image(ui_icon_btlStatus_045)}: Reduces magic damage.","There, are, two, types, of, attacks, physical, and, magic, Some, are, resistant"
medium,7,app_text01,text/tutorial_explanation.mbe/000_Sheet1.csv,tutorial_exp_Attribute_01_001,"Each Digimon possesses an affinity with each of the elements:

{is28}{image(ui_icon_skill_001)} Fire, {is28}{image(ui_icon_skill_002)} Ice, {is28}{image(ui_icon_skill_003)} Plant, {is28}{image(ui_icon_skill_004)} Water, {is28}{image(ui_icon_skill_005)} Electricity,
{is28}{image(ui_icon_skill_006)} Steel, {is28}{image(ui_icon_skill_007)} Wind, {Is28}{image(ui_icon_skill_008)} Earth. {is28}{image(ui_icon_skill_009)} Light, {is28}{image(ui_icon_skill_010)} Dark, and
{is28}{image(ui_icon_skill_000)} Null.

These affinities affect their elemental resistances, as per below.
{fc11◎}:{fc9 2x damage}
{fc11○}:{fc9 1.5x damage}
－: No effect
{fc2△}:{fc9 0.5x damage}
{fc2×}:{fc9 No damage}","Each, possesses, an, affinity, with, each, of, the, elements, Fire, Ice, Plant"
medium,7,app_text01,text/tutorial_explanation.mbe/000_Sheet1.csv,tutorial_exp_Attribute_01_002,"Your offensive options may also possess an elemental affinity.

 - Атака: a normal attack without elemental affinity.
 - Skill: an ability which may have an elemental affinity.

{fc9Damage is increased when the attack is of a target's elemental
weakness, and damage is reduced when against a target's
elemental resistance.}

Simply look at the damage output display when selecting a
target to view an attack's compatibility.","Your, offensive, options, may, also, possess, an, elemental, affinity, a, normal, attack"
medium,7,app_text01,text/tutorial_explanation.mbe/000_Sheet1.csv,tutorial_exp_BattleBasic_01_001,"Digimon battles feature up to three battle members on each
side. The Digimon with the highest СКР value moves first. The
battles are entirely turn-based, once each member has moved,
the turn order is recalculated based on each member's СКР.","battles, feature, up, to, three, battle, members, on, each, side, The, with"
medium,7,app_text01,text/tutorial_explanation.mbe/000_Sheet1.csv,tutorial_exp_CardsDescription_01_001,"The Jogmon Совершенный Card Game (JUCG) is a popular card game
in which players fight each other in Jogmon battles using cards.

Opponents are displayed as icons on the navigation map.
{fc9For detailed rules, please refer to ""JUCG Card Game Rules.""}","The, Card, Game, JUCG, is, a, popular, card, game, in, which, players"
medium,7,app_text01,text/tutorial_explanation.mbe/000_Sheet1.csv,tutorial_exp_CardsRule_01_004,"[Mysterious Duplication after JUCG Battles]
{fc9After a card battle, used cards which you have yet to obtain are
duplicated for you to choose from.}

The more rounds you win, the more cards you can receive.
5 wins = 3 cards
3–4 wins = 2 cards
1–2 wins = 1 card
0 wins = 0 cards","Mysterious, Duplication, after, JUCG, Battles, The, more, rounds, you, win, the, more"
medium,7,app_text01,text/tutorial_explanation.mbe/000_Sheet1.csv,tutorial_exp_CardsRule_01_005,"[Infinite Generation via Extra Card Summon]
{fc9During a card battle, when certain combinations of cards are present
in your hand, a new card will be generated.}

Examples of combinations:
2 cards of the same Attribute
2 cards of the same Generation (from Младенец to Взрослый)

There are powerful cards available only by summoning via secret
combinations not mentioned here.","Infinite, Generation, via, Extra, Card, Summon, Examples, of, combinations, cards, of, the"
medium,7,app_text01,text/tutorial_explanation.mbe/000_Sheet1.csv,tutorial_exp_Compatibility_01_002,"Атака compatibility can be confirmed during target selection,
where {fc9damage output in %} will be displayed along with
{fc9corresponding arrow icons} to indicate effects based on Attributes,
Element, and Traits.","compatibility, can, be, confirmed, during, target, selection, where, will, be, displayed, along"
medium,7,app_text01,text/tutorial_explanation.mbe/000_Sheet1.csv,tutorial_exp_DigimonRide_01_001,"Press or hold ""{r1} ДигиРайд"" to ride atop a partner Digimon.

{fc9You can Дигиатака and Analyze while ДигиРайд.} {fc9You can also
Дигиатака by colliding with hostile Digimon or objects.}

ДигиРайды may be used with various Digimon, so give it a try
whenever you get a new Digimon.","Press, or, hold, to, ride, atop, a, partner, may, be, used, with"
medium,7,app_text01,text/tutorial_explanation.mbe/000_Sheet1.csv,tutorial_exp_DigisterDescripution_01_001,"You can enhance a partner Digimon's stats or change its personality
by placing them in this facility.
{fc9They will receive the same EXP as Digimon in the box.}

Migrate Digimon
First, let's move the Digimon to the Дигиферма.
{fc9No matter which panel you position the Digimon in, their training will
not be affected, so feel free to place the Digimon wherever you like.}","You, can, enhance, a, partner, Digimon's, stats, or, change, its, personality, by"
medium,7,app_text01,text/tutorial_explanation.mbe/000_Sheet1.csv,tutorial_exp_Digitter_01_001,"This messaging function is built into your Digivice.

Your Digivice can send you important information regarding
tutorials, missions and more.

{fc9You can view previously received messages via
ДигиЛиния on your Digivice.}

Make use of this feature whenever you're having trouble.","This, messaging, function, is, built, into, your, Your, can, send, you, important"
medium,7,app_text01,text/tutorial_explanation.mbe/000_Sheet1.csv,tutorial_exp_EvolutionTechnique_01_001,"{fc9The Talent Points used to denote a
Digimon's level limit are maintained even after
a деволюция.} Repeating the process of
эволюция and деволюция is the key to
creating even stronger Digimon.","Repeating, the, process, of, and, is, the, key, to, creating, even, stronger"
medium,7,app_text01,text/tutorial_explanation.mbe/000_Sheet1.csv,tutorial_exp_EvolutionTechnique_02_001,"The cumulative value passed on when a Digimon Digivolves or
De-Digivolves adds 1% of the previous Digimon's stats.
{fc9The more Bond Points a Digimon has, the more times the
cumulative value can be carried over.}

Boost your Digimon's Bond Points and use эволюция and
деволюция in order to create even more powerful Digimon.","The, cumulative, value, passed, on, when, a, Digivolves, or, De-Digivolves, adds, of"
medium,7,app_text01,text/tutorial_explanation.mbe/000_Sheet1.csv,tutorial_exp_FieldAnalysis_01_001,"This mode lets your Digivice display various kinds of information 
that cannot be seen with the naked eye alone.

{fc9- See which objects can be targeted with a Дигиатака.
- View details regarding a hostile Digimon (use {sub2}).
- Search for treasure chests and materials.}

While in Analyze Mode, you can perform 
Дигиатаки on hostile Digimon and objects.","This, mode, lets, your, display, various, kinds, of, information, that, cannot, be"
medium,7,app_text01,text/tutorial_explanation.mbe/000_Sheet1.csv,tutorial_exp_FieldAttack_01_001,"This field action enables your partner Digimon to utilize a skill attack.

{fc9It can be used as a preemptive strike against a hostile Digimon, or to
destroy or activate objects.}

Use {r2} Дигиатака to give orders to your partner Digimon.","This, field, action, enables, your, partner, to, utilize, a, skill, attack, Use"
medium,7,app_text01,text/tutorial_explanation.mbe/000_Sheet1.csv,tutorial_exp_FieldAttack_01_002,"{fc9Skill attacks used by a partner Digimon during Дигиатаки reflect the
skill's damage and element effects.}

The most effective partner Digimon attack is automatically selected.

{fc9Digiattack skill attacks do not consume SP,} so use them
aggressively in order to start the battle with an advantage.","The, most, effective, partner, attack, is, automatically, selected, so, use, them, aggressively"
medium,7,app_text01,text/tutorial_explanation.mbe/000_Sheet1.csv,tutorial_exp_Friendship_01_001,"Bond Points are a numerical representation of your relationship with
your partner Digimon.

Bond Points increase slightly over the course of your adventures
with the Digimon.

{fc9The more Bond Points a Digimon has, the more times it is able to
inherit a cumulative value when Digivolving and De-Digivolving,
thereby boosting its stats (up to 100 times max). Additionally,
Bond Points do not decrease with деволюция.}","Bond, Points, are, a, numerical, representation, of, your, relationship, with, your, partner"
medium,7,app_text01,text/tutorial_explanation.mbe/000_Sheet1.csv,tutorial_exp_Items_01_001,"The items used by an agent are categorized below.

Recovery: Recovers your partner Digimon.
Enhancement: Strengthens your partner Digimon.
Special: Sells at a high price or is used under certain conditions.
Equipment: Equips onto your partner Digimon.
Materials: Used in the Crafting Shop.
Farm: Used on the Дигиферма.
Valuables: Important for conducting your missions.","The, items, used, by, an, agent, are, categorized, below, Recovery, Recovers, your"
medium,7,app_text01,text/tutorial_explanation.mbe/000_Sheet1.csv,tutorial_exp_PartyAegiomon_02_001,"{fc9""эволюция"" has been added to Эгиомон's battle commands.}

He can now undergo a special эволюция only when in battle.

{fc9Эгиомон is able to equip the Crimson Dragon Data Fragment to
start the battle in a special эволюционировал state.}

The power of Iliad's treasure has unlocked Эгиомон's potential,
meaning his true development starts now.","He, can, now, undergo, a, special, only, when, in, battle, The, power"
medium,7,app_text01,text/tutorial_explanation.mbe/000_Sheet1.csv,tutorial_exp_PecmonRace_01_001,"This competition has you ride atop a Peckmon to complete the race
before your rivals.

Please heed the following:
- Eating ДигиМясо boosts your speed and gives you temporary
invincibility.
- Hitting an opponent or obstacle slows you down.
- Although all Peckmon are well-trained and in good health, the
administrators accept no responsibility for any possible accidents.","This, competition, has, you, ride, atop, a, Peckmon, to, complete, the, race"
medium,7,app_text01,text/tutorial_explanation.mbe/000_Sheet1.csv,tutorial_exp_PersonalityChange_01_001,"{fc9The personality type of partner Digimon can be changed.}

Personality will change bit by bit via training on the Дигиферма, or
depending on the content of your conversations or ДигиЛиния
interactions with the partner Digimon.

Though this takes time, your active communication is essential when
aiming to change personalities.","Personality, will, change, bit, by, bit, via, training, on, the, or, depending"
medium,7,app_text01,text/tutorial_explanation.mbe/000_Sheet1.csv,tutorial_exp_PictureBook_01_001,"This database features info on Digimon that you have come into
contact with and is found under Agent > Field Guide on your Digivice.

{fc9Digimon Discovered}
Digimon that you have defeated in battle or with Дигиатаки. Most
of the details remain unidentified.

{fc9Registered Digimon}
Digimon that you have partnered with. You can also view detailed
info such as their profiles.","This, database, features, info, on, that, you, have, come, into, contact, with"
medium,7,app_text01,text/tutorial_explanation.mbe/000_Sheet1.csv,tutorial_exp_Status_02_001,"АТК: Affects how much {fc9{is28}{image(ui_icon_tab_0001)} physical damage} is dealt to enemies.
ЗАЩ: Affects how much {fc9{is28}{image(ui_icon_tab_0001)} damage from enemy physical attacks} is
reduced.
ИНТ: Affects how much {fc9{is28}{image(ui_icon_tab_0002)} magic damage} is dealt to enemies.
ДУХ: Affects how much {fc9{is28}{image(ui_icon_tab_0002)} damage from enemy magic attacks} is
reduced and how much {fc9{is28}{image(ui_icon_tab_0003)} HP recovery skills heal}.
СКР: Affects {fc9turn order} in battle.
КРТ: Affects the rate at which {fc9critical hits (1.3x damage)} occur.","Affects, how, much, fc, physical, damage, is, dealt, to, enemies, Affects, how"
medium,7,app_text01,text/tutorial_explanation.mbe/000_Sheet1.csv,tutorial_exp_SubQuest_01_001,"This is the term given to requests made by local residents
in real time. Once a side mission is detected, you will be notified
via ДигиЛиния.

{fc9You can prioritize missions by going to Missions > Side Missions on
your Digivice and then using ""{decision} Mark Objective"" to make
your choice.}

Make sure that these requests do not interfere with your main duties.","This, is, the, term, given, to, requests, made, by, local, residents, in"
medium,7,app_text01,text/tutorial_explanation.mbe/000_Sheet1.csv,tutorial_exp_SurpriseAttack_01_001,"{fc9When an enemy spots and triggers an encounter, a battle will begin
with a preemptive strike from the enemy.}

If you can't avoid an encounter, it's recommended that you attack first
with a {r2} Дигиатака.","If, you, can't, avoid, an, encounter, it's, recommended, that, you, attack, first"
medium,7,app_text01,text/tutorial_explanation.mbe/000_Sheet1.csv,tutorial_exp_Talent_01_001,"Talent is a numerical representation of a
Digimon's level limit. {fc9A Digimon's Talent
increases upon Digivolving, and increases even
further when frequently participating in battle.
Furthermore, Talent does not decrease when
Digivolving or De-Digivolving.} Therefore, it
is possible to develop even more powerful
Digimon through repeated эволюция and
деволюция.","Talent, is, a, numerical, representation, of, a, Digimon's, level, limit, Therefore, it"
medium,7,app_text01,text/tutorial_title.mbe/000_Sheet1.csv,tutorial_title_ActionOrder_01,Turn Order,"Turn, Order"
medium,7,app_text01,text/tutorial_title.mbe/000_Sheet1.csv,tutorial_title_BackAttack_01,Back Attacks,"Back, Attacks"
medium,7,app_text01,text/tutorial_title.mbe/000_Sheet1.csv,tutorial_title_BattleBasic_01,Battle Basics,"Battle, Basics"
medium,7,app_text01,text/tutorial_title.mbe/000_Sheet1.csv,tutorial_title_Digivaice_01,The Digivice,The
medium,7,app_text01,text/tutorial_title.mbe/000_Sheet1.csv,tutorial_title_FarmSpecialTraining_01,Digimon Training,Training
medium,7,app_text01,text/tutorial_title.mbe/000_Sheet1.csv,tutorial_title_FieldAnalysis_01,Analyze Mode,"Analyze, Mode"
medium,7,app_text01,text/tutorial_title.mbe/000_Sheet1.csv,tutorial_title_OutoRecovery_01,Regeneration Mode,"Regeneration, Mode"
medium,7,app_text01,text/tutorial_title.mbe/000_Sheet1.csv,tutorial_title_SkillDisc_01,Skill Discs,"Skill, Discs"
medium,7,app_text01,text/tutorial_title.mbe/000_Sheet1.csv,tutorial_title_Synthetic_01,Load Enhancements,"Load, Enhancements"
medium,7,app_text01,text/tutorial_title.mbe/000_Sheet1.csv,tutorial_title_SystemDescription_01,The System,"The, System"
medium,7,app_text01,text/tutorial_title.mbe/000_Sheet1.csv,tutorial_title_WorldMapTimeChange_01,Time Jumping,"Time, Jumping"
medium,7,app_text01,text/tutorial_title.mbe/000_Sheet1.csv,tutorial_title_WorldView_004,Your Digivice,Your
medium,6,app_text01,text/common_message.mbe/000_Sheet1.csv,10012,EXP until Next Lv.,"until, Next, Lv"
medium,6,app_text01,text/common_message.mbe/000_Sheet1.csv,100201,{fc10D}igital World: Iliad,"igital, World, Iliad"
medium,6,app_text01,text/common_message.mbe/000_Sheet1.csv,10401,Mode-Change Result    Lv. {n0},"Mode-Change, Result, Lv"
medium,6,app_text01,text/common_message.mbe/000_Sheet1.csv,11303,Anomaly Point Cost,"Anomaly, Point, Cost"
medium,6,app_text01,text/common_message.mbe/000_Sheet1.csv,1284,Target's Base Personality matches current Personality,"Target's, Base, Personality, matches, current, Personality"
medium,6,app_text01,text/common_message.mbe/000_Sheet1.csv,130001,{image(ui_digivice_costume_vdr)} Virtual Dressing Room,"Virtual, Dressing, Room"
medium,6,app_text01,text/common_message.mbe/000_Sheet1.csv,19007,Vertical Camera Movement,"Vertical, Camera, Movement"
medium,6,app_text01,text/common_message.mbe/000_Sheet1.csv,19008,Horizontal Camera Movement,"Horizontal, Camera, Movement"
medium,6,app_text01,text/common_message.mbe/000_Sheet1.csv,19009,DigiStar Camera Vertical,"DigiStar, Camera, Vertical"
medium,6,app_text01,text/common_message.mbe/000_Sheet1.csv,19010,DigiStar Camera Horizontal,"DigiStar, Camera, Horizontal"
medium,6,app_text01,text/common_message.mbe/000_Sheet1.csv,19012,Auto Dialogue Advance,"Auto, Dialogue, Advance"
medium,6,app_text01,text/common_message.mbe/000_Sheet1.csv,19019,Sound Effect Volume,"Sound, Effect, Volume"
medium,6,app_text01,text/common_message.mbe/000_Sheet1.csv,413,Items Obtained after Taking Apart,"Items, Obtained, after, Taking, Apart"
medium,6,app_text01,text/common_message.mbe/000_Sheet1.csv,dlc_name_01,Additional Digimon & Episode Pack 1,"Additional, Episode, Pack"
medium,6,app_text01,text/common_message.mbe/000_Sheet1.csv,dlc_name_02,Additional Digimon & Episode Pack 2,"Additional, Episode, Pack"
medium,6,app_text01,text/common_message.mbe/000_Sheet1.csv,dlc_name_03,Additional Digimon & Episode Pack 3,"Additional, Episode, Pack"
medium,6,app_text01,text/common_message.mbe/000_Sheet1.csv,dlc_name_07,"Costume ""Public Safety Suit"" & Special Supply Set","Costume, Public, Safety, Suit, Special, Supply, Set"
medium,6,app_text01,text/common_message.mbe/000_Sheet1.csv,dlc_name_08,Cyber Sleuth BGM Pack,"Cyber, Sleuth, Pack"
medium,6,app_text01,text/common_message.mbe/000_Sheet1.csv,dlc_name_09,Digimon Anime Song Pack,"Anime, Song, Pack"
medium,6,app_text01,text/common_message.mbe/000_Sheet1.csv,dlc_name_12,"Costume Set ""Cyber Sleuth""","Costume, Set, Cyber, Sleuth"
medium,6,app_text01,text/common_message.mbe/000_Sheet1.csv,dlc_name_13,"Costume Set ""Swimwear""","Costume, Set, Swimwear"
medium,6,app_text01,text/common_message.mbe/000_Sheet1.csv,dlc_name_14,"Costume Set ""Chosen Children""","Costume, Set, Chosen, Children"
medium,6,app_text01,text/common_message.mbe/000_Sheet1.csv,dlc_name_15,"Costume Set ""Digimon Costumes""","Costume, Set, Costumes"
medium,6,app_text01,text/common_message.mbe/000_Sheet1.csv,icon_info_category_06,Icon Description: Map,"Icon, Description, Map"
medium,6,app_text01,text/common_message.mbe/000_Sheet1.csv,icon_info_category_07,Icon Description: Map Movement,"Icon, Description, Map, Movement"
medium,6,app_text01,text/common_message.mbe/000_Sheet1.csv,icon_info_description_03_02,Status Abnormality (Depressed),"Status, Abnormality, Depressed"
medium,6,app_text01,text/common_message.mbe/000_Sheet1.csv,icon_info_description_05_15,CP Gauge Up,"CP, Gauge, Up"
medium,6,app_text01,text/common_message.mbe/000_Sheet1.csv,icon_info_description_05_16,Cross Art Enhancement,"Cross, Art, Enhancement"
medium,6,app_text01,text/common_message.mbe/000_Sheet1.csv,icon_info_description_05_25,Cross Art Effect Learned (Recovery),"Cross, Art, Effect, Learned, Recovery"
medium,6,app_text01,text/common_message.mbe/000_Sheet1.csv,icon_info_description_05_26,Cross Art Effect Learned (Buff/Debuff),"Cross, Art, Effect, Learned, Buff, Debuff"
medium,6,app_text01,text/common_message.mbe/000_Sheet1.csv,icon_info_description_07_12,Outer Dungeon (Cleared),"Outer, Dungeon, Cleared"
medium,6,app_text01,text/common_message.mbe/000_Sheet1.csv,ui_difficulty_explanation_06,"Difficulty Description 6 *TBD
123456789012345678901234567890123456789012345678901234567890
123456789012345678901234567890123456789012345678901234567890
123456789012345678901234567890123456789012345678901234567890
123456789012345678901234567890123456789012345678901234567890","Difficulty, Description, TBD"
medium,6,app_text01,text/common_message.mbe/000_Sheet1.csv,ui_difficulty_explanation_07,"Difficulty Description 7 *TBD
123456789012345678901234567890123456789012345678901234567890
123456789012345678901234567890123456789012345678901234567890
123456789012345678901234567890123456789012345678901234567890
123456789012345678901234567890123456789012345678901234567890","Difficulty, Description, TBD"
medium,6,app_text01,text/common_message.mbe/000_Sheet1.csv,ui_difficulty_name_06,Difficulty Name 6 *TBD,"Difficulty, Name, TBD"
medium,6,app_text01,text/common_message.mbe/000_Sheet1.csv,ui_difficulty_name_07,Difficulty Name 7 *TBD,"Difficulty, Name, TBD"
medium,6,app_text01,text/common_message.mbe/000_Sheet1.csv,ui_evolution_condition_020,{d1} {d0} Agent Skills learned.,"Agent, Skills, learned"
medium,6,app_text01,text/common_message.mbe/000_Sheet1.csv,ui_hazama_d_0080,Outer Dungeon Missions,"Outer, Dungeon, Missions"
medium,6,app_text01,text/common_message.mbe/000_Sheet1.csv,ui_mission_recommendedlv,Recommended Lv: {fc9 {d0}},"Recommended, Lv, fc"
medium,6,app_text01,text/common_message.mbe/000_Sheet1.csv,ui_reinforcement_0103,Until Next Lv.,"Until, Next, Lv"
medium,6,app_text01,text/common_message.mbe/000_Sheet1.csv,ui_title_0050,New Game Plus,"New, Game, Plus"
medium,6,app_text01,text/common_message.mbe/000_Sheet1.csv,ui_title_0132,{fc10N}ew Game Plus,"ew, Game, Plus"
medium,6,app_text01,text/common_message.mbe/000_Sheet1.csv,ui_title_demo_0040,Buy Retail Version,"Buy, Retail, Version"
medium,6,app_text01,text/common_message.mbe/000_Sheet1.csv,ui_title_demo_0120,Type A (Dan Yuki),"Type, A, Dan, Yuki"
medium,6,app_text01,text/common_message.mbe/000_Sheet1.csv,ui_title_demo_0130,Type B (Kanan Yuki),"Type, B, Kanan, Yuki"
medium,6,app_text01,text/common_message.mbe/000_Sheet1.csv,ui_xartsset_0010,Unlocked Cross Arts,"Unlocked, Cross, Arts"
medium,6,app_text01,text/info_message.mbe/000_Sheet1.csv,10008,"This message has been locked.
{fc9Unlock Condition: Use Дигиатака to defeat enemies in a single blow 10+ times.}","This, message, has, been, locked"
medium,6,app_text01,text/info_message.mbe/000_Sheet1.csv,10009,"This message has been locked.
{fc9Unlock Condition: Defeat all enemies using only Дигиатаки.}","This, message, has, been, locked"
medium,6,app_text01,text/info_message.mbe/000_Sheet1.csv,1004,Save complete.,"Save, complete"
medium,6,app_text01,text/info_message.mbe/000_Sheet1.csv,1007,Save failed.,"Save, failed"
medium,6,app_text01,text/info_message.mbe/000_Sheet1.csv,1009,Load complete.,"Load, complete"
medium,6,app_text01,text/info_message.mbe/000_Sheet1.csv,1010,Load failed.,"Load, failed"
medium,6,app_text01,text/info_message.mbe/000_Sheet1.csv,10110100,You received {fc9HP Capsule I x5}.,"You, received"
medium,6,app_text01,text/info_message.mbe/000_Sheet1.csv,1015,"Unable to load add-on content.
Please try downloading the content from PlayStation®Store again.","Unable, to, load, add-on, content, Please, try, downloading, the, content, from, Store"
medium,6,app_text01,text/info_message.mbe/000_Sheet1.csv,1016,Settings saved.,"Settings, saved"
medium,6,app_text01,text/info_message.mbe/000_Sheet1.csv,1211,"Once эволюционировал or De-эволюционировал, Digimon can't be changed back.
Make sure that's what you want to do before Digivolving or De-Digivolving.","Once, or, De-, can't, be, changed, back, Make, sure, that's, what, you"
medium,6,app_text01,text/info_message.mbe/000_Sheet1.csv,1222,"Unable to De-эволюционировать.
Your box is full.","Unable, to, De-, Your, box, is, full"
medium,6,app_text01,text/info_message.mbe/000_Sheet1.csv,7000,{fc9Inori} and {fc9Эгиомон} left the party.,"and, left, the, party"
medium,6,app_text01,text/info_message.mbe/000_Sheet1.csv,7013,{fc9Эгиомон} joined the party.,"joined, the, party"
medium,6,app_text01,text/info_message.mbe/000_Sheet1.csv,7014,{fc9Эгиомон} left the party.,"left, the, party"
medium,6,app_text01,text/info_message.mbe/000_Sheet1.csv,7017,{fc9Inori} and {fc9Эгиомон} joined the party.,"and, joined, the, party"
medium,6,app_text01,text/info_message.mbe/000_Sheet1.csv,7026,"{fc9Inori}, {fc9Эгиомон} and {fc9Minervamon} joined the party.","and, joined, the, party"
medium,6,app_text01,text/info_message.mbe/000_Sheet1.csv,7027,"{fc9Inori}, {fc9Эгиомон} and {fc9Minervamon} left the party.","and, left, the, party"
medium,6,app_text01,text/info_message.mbe/000_Sheet1.csv,7032,{fc9Палмон} joined the party.,"joined, the, party"
medium,6,app_text01,text/info_message.mbe/000_Sheet1.csv,7049,"{fc9The Greatest ONMI Carnival} is now underway
at the Высотный колизей!","is, now, underway, at, the"
medium,6,app_text01,text/info_message.mbe/000_Sheet1.csv,7055,You got {fc9Suit Material}.,"You, got"
medium,6,app_text01,text/info_message.mbe/000_Sheet1.csv,info_message_digifarm_0010,Guest members cannot be moved to the Дигиферма.,"Guest, members, cannot, be, moved, to, the"
medium,6,app_text01,text/info_message.mbe/000_Sheet1.csv,info_message_digifarm_0020,"You can't move any more Digimon to the Дигиферма without first
reducing the number of Digimon who have already been moved.","You, can't, move, any, more, to, the, without, first, reducing, the, number"
medium,6,app_text01,text/info_message.mbe/000_Sheet1.csv,info_message_dlc_05,"{fc9Дигиферма Item ""Golden Moai""} is now available.

You can obtain this item by navigating to
Item > Item Packs on your Digivice.","is, now, available, You, can, obtain, this, item, by, navigating, to, Item"
medium,6,app_text01,text/info_message.mbe/000_Sheet1.csv,info_message_dlc_06,"{fc9Special Агумон that can эволюционировать into Агумон (Bond of Bravery) &
Special Габумон that can эволюционировать into Габумон (Bond of Friendship)}
are now available.

You can obtain these Digimon by navigating to
Item > Item Packs on your Digivice.","are, now, available, You, can, obtain, these, by, navigating, to, Item, Item"
medium,6,app_text01,text/info_message.mbe/000_Sheet1.csv,info_message_dlc_17,"{fc9Агумон (Black) & Габумон (Black)}, 
{fc9Costume ""Uniform of a Certain School""} and
{fc9Adventure Item Set} are now available.

You can change into this costume by navigating to
Agent > Costumes on your Digivice.

You can obtain these items by navigating to
Item > Item Packs on your Digivice.","and, are, now, available, You, can, change, into, this, costume, by, navigating"
medium,6,app_text01,text/info_message.mbe/000_Sheet1.csv,info_message_gamemode_01,"The new game modes ""{fc9Абсолютный}"" and ""{fc9Супер-Абсолютный}"" have been unlocked.

These modes are recommended for those looking for a higher-difficulty experience.","The, new, game, modes, and, have, been, unlocked, These, modes, are, recommended"
medium,6,app_text01,text/info_message.mbe/000_Sheet1.csv,info_message_kizunaskill_03,"You have reached Agent Rank{fc9 {d0}}.

{fc15Tip: Check the эволюция menu to see if there are
any new эволюция options for your Digimon.}","You, have, reached, Agent, Rank, fc"
medium,6,app_text01,text/info_message.mbe/000_Sheet1.csv,info_message_lockmenu_01,"You must progress further in the story to unlock
эволюция.","You, must, progress, further, in, the, story, to, unlock"
medium,6,app_text01,text/info_message.mbe/000_Sheet1.csv,info_message_title_clear,"{fc9New Game Plus} unlocked!

You can now play the game again from the beginning using your current data.
In addition, the higher difficulty levels {fc9Абсолютный} and {fc9Супер-Абсолютный} are now available.","unlocked, You, can, now, play, the, game, again, from, the, beginning, using"
medium,6,app_text01,text/info_message.mbe/000_Sheet1.csv,info_message_training_18,"[Training Results]
{d0} {n0} → {fc7 {n1}}","Training, Results, fc"
medium,6,app_text01,text/item_auto_explanation.mbe/000_Sheet1.csv,11,Battle Use,"Battle, Use"
medium,6,app_text01,text/item_auto_explanation.mbe/000_Sheet1.csv,12,Field Use,"Field, Use"
medium,6,app_text01,text/item_auto_explanation.mbe/000_Sheet1.csv,13,"
Recovers HP by {d0}.","Recovers, by"
medium,6,app_text01,text/item_auto_explanation.mbe/000_Sheet1.csv,14,"
Recovers SP by {d0}.","Recovers, by"
medium,6,app_text01,text/item_auto_explanation.mbe/000_Sheet1.csv,19,"
Recovers HP by {d0}%.","Recovers, by"
medium,6,app_text01,text/item_auto_explanation.mbe/000_Sheet1.csv,20,"
Recovers SP by {d0}%.","Recovers, by"
medium,6,app_text01,text/item_auto_explanation.mbe/000_Sheet1.csv,40,Increases АТК boost from training by {d0},"Increases, boost, from, training, by"
medium,6,app_text01,text/item_auto_explanation.mbe/000_Sheet1.csv,41,Increases ЗАЩ boost from training by {d0},"Increases, boost, from, training, by"
medium,6,app_text01,text/item_auto_explanation.mbe/000_Sheet1.csv,42,Increases ИНТ boost from training by {d0},"Increases, boost, from, training, by"
medium,6,app_text01,text/item_auto_explanation.mbe/000_Sheet1.csv,43,Increases ДУХ boost from training by {d0},"Increases, boost, from, training, by"
medium,6,app_text01,text/item_auto_explanation.mbe/000_Sheet1.csv,44,Increases СКР boost from training by {d0},"Increases, boost, from, training, by"
medium,6,app_text01,text/item_auto_explanation.mbe/000_Sheet1.csv,56,Boosts {d0} resistance.,"Boosts, resistance"
medium,6,app_text01,text/item_auto_explanation.mbe/000_Sheet1.csv,7,/Trade-in Item,"Trade-in, Item"
medium,6,app_text01,text/item_auto_explanation.mbe/000_Sheet1.csv,8,/Farm Item,"Farm, Item"
medium,6,app_text01,text/item_name.mbe/000_Sheet1.csv,832,Футболка Tales of Arise (Hootle),"Tales, of, Arise, Hootle"
medium,6,app_text01,text/item_ruby.mbe/000_Sheet1.csv,832,Футболка Tales of Arise (Hootle),"Tales, of, Arise, Hootle"
medium,6,app_text01,text/skill_name.mbe/000_Sheet1.csv,12007,{d0} is asleep!,"is, asleep"
medium,6,app_text01,text/skill_name.mbe/000_Sheet1.csv,21722,LOVE YOU,"LOVE, YOU"
medium,6,app_text01,text/skill_name.mbe/000_Sheet1.csv,22301,Time Unlimited,"Time, Unlimited"
medium,6,app_text01,text/skill_name.mbe/000_Sheet1.csv,26131,The Key,"The, Key"
medium,6,app_text01,text/skill_name.mbe/000_Sheet1.csv,28050,Хрономон's barrier has been destroyed!,"s, barrier, has, been, destroyed"
medium,6,app_text01,text/tamer_skill_explanation.mbe/000_Sheet1.csv,10,"When Digivolving Brave, Zealous, Daring, and Reckless Digimon,
reduces required stat values by {d0}% if current Personality and
эволюция target's Base Personality match.","When, Digivolving, Brave, Zealous, Daring, and, Reckless, reduces, required, stat, values, by"
medium,6,app_text01,text/tamer_skill_explanation.mbe/000_Sheet1.csv,102,"Boosts the ЗАЩ of Compassionate, Sociable, Friendly, and
Opportunistic Digimon by {d3}%.","Boosts, the, of, Compassionate, Sociable, Friendly, and, Opportunistic, by"
medium,6,app_text01,text/tamer_skill_explanation.mbe/000_Sheet1.csv,103,"Boosts the ЗАЩ of Compassionate, Sociable, Friendly, and
Opportunistic Digimon by {d3}%.","Boosts, the, of, Compassionate, Sociable, Friendly, and, Opportunistic, by"
medium,6,app_text01,text/tamer_skill_explanation.mbe/000_Sheet1.csv,107,"Boosts the ЗАЩ of Compassionate, Sociable, Friendly, and
Opportunistic Digimon by {d3}%.","Boosts, the, of, Compassionate, Sociable, Friendly, and, Opportunistic, by"
medium,6,app_text01,text/tamer_skill_explanation.mbe/000_Sheet1.csv,108,"Boosts the СКР of Compassionate, Sociable, Friendly, and
Opportunistic Digimon by {d6}%.","Boosts, the, of, Compassionate, Sociable, Friendly, and, Opportunistic, by"
medium,6,app_text01,text/tamer_skill_explanation.mbe/000_Sheet1.csv,11,"Boosts the ДУХ of Brave, Zealous, Daring, and Reckless Digimon by
{d5}%.","Boosts, the, of, Brave, Zealous, Daring, and, Reckless, by"
medium,6,app_text01,text/tamer_skill_explanation.mbe/000_Sheet1.csv,110,"Boosts the ИНТ of Compassionate, Sociable, Friendly, and
Opportunistic Digimon by {d4}%.","Boosts, the, of, Compassionate, Sociable, Friendly, and, Opportunistic, by"
medium,6,app_text01,text/tamer_skill_explanation.mbe/000_Sheet1.csv,111,"Boosts the СКР of Compassionate, Sociable, Friendly, and
Opportunistic Digimon by {d6}%.","Boosts, the, of, Compassionate, Sociable, Friendly, and, Opportunistic, by"
medium,6,app_text01,text/tamer_skill_explanation.mbe/000_Sheet1.csv,112,"When Digivolving Compassionate, Sociable, Friendly, and
Opportunistic Digimon, reduces required stat values by {d0}% if
current Personality and эволюция target's Base Personality
match.","When, Digivolving, Compassionate, Sociable, Friendly, and, Opportunistic, reduces, required, stat, values, by"
medium,6,app_text01,text/tamer_skill_explanation.mbe/000_Sheet1.csv,113,"Boosts the СКР of Compassionate, Sociable, Friendly, and
Opportunistic Digimon by {d6}%.","Boosts, the, of, Compassionate, Sociable, Friendly, and, Opportunistic, by"
medium,6,app_text01,text/tamer_skill_explanation.mbe/000_Sheet1.csv,115,"Boosts the chance of Personality Skills changing by {d0}% when
talking with or training a Friendly Digimon on the Дигиферма.","Boosts, the, chance, of, Personality, Skills, changing, by, when, talking, with, or"
medium,6,app_text01,text/tamer_skill_explanation.mbe/000_Sheet1.csv,117,Boosts the ЗАЩ/СКР of Compassionate Digimon by {d3}%.,"Boosts, the, of, Compassionate, by"
medium,6,app_text01,text/tamer_skill_explanation.mbe/000_Sheet1.csv,118,"Boosts the ДУХ of Compassionate, Sociable, Friendly, and
Opportunistic Digimon by {d5}%.","Boosts, the, of, Compassionate, Sociable, Friendly, and, Opportunistic, by"
medium,6,app_text01,text/tamer_skill_explanation.mbe/000_Sheet1.csv,119,"Boosts the ДУХ of Compassionate, Sociable, Friendly, and
Opportunistic Digimon by {d5}%.","Boosts, the, of, Compassionate, Sociable, Friendly, and, Opportunistic, by"
medium,6,app_text01,text/tamer_skill_explanation.mbe/000_Sheet1.csv,120,"Boosts the ДУХ of Compassionate, Sociable, Friendly, and
Opportunistic Digimon by {d5}%.","Boosts, the, of, Compassionate, Sociable, Friendly, and, Opportunistic, by"
medium,6,app_text01,text/tamer_skill_explanation.mbe/000_Sheet1.csv,121,"When Digivolving Compassionate, Sociable, Friendly, and
Opportunistic Digimon, reduces required stat values by {d0}% if
current Personality and эволюция target's Base Personality
match.","When, Digivolving, Compassionate, Sociable, Friendly, and, Opportunistic, reduces, required, stat, values, by"
medium,6,app_text01,text/tamer_skill_explanation.mbe/000_Sheet1.csv,122,"When Digivolving Compassionate, Sociable, Friendly, and
Opportunistic Digimon, reduces required stat values by {d0}% if
current Personality and эволюция target's Base Personality
match.","When, Digivolving, Compassionate, Sociable, Friendly, and, Opportunistic, reduces, required, stat, values, by"
medium,6,app_text01,text/tamer_skill_explanation.mbe/000_Sheet1.csv,123,Boosts the ЗАЩ/ДУХ of Opportunistic Digimon by {d3}%.,"Boosts, the, of, Opportunistic, by"
medium,6,app_text01,text/tamer_skill_explanation.mbe/000_Sheet1.csv,125,"Boosts the ИНТ of Compassionate, Sociable, Friendly, and
Opportunistic Digimon by {d4}%.","Boosts, the, of, Compassionate, Sociable, Friendly, and, Opportunistic, by"
medium,6,app_text01,text/tamer_skill_explanation.mbe/000_Sheet1.csv,133,"When Digivolving Compassionate, Sociable, Friendly, and
Opportunistic Digimon, reduces required stat values by {d0}% if
current Personality and эволюция target's Base Personality
match.","When, Digivolving, Compassionate, Sociable, Friendly, and, Opportunistic, reduces, required, stat, values, by"
medium,6,app_text01,text/tamer_skill_explanation.mbe/000_Sheet1.csv,138,"Boosts the ИНТ of Compassionate, Sociable, Friendly, and
Opportunistic Digimon by {d4}%.","Boosts, the, of, Compassionate, Sociable, Friendly, and, Opportunistic, by"
medium,6,app_text01,text/tamer_skill_explanation.mbe/000_Sheet1.csv,14,Boosts the SP/СКР of Reckless Digimon by {d1}%.,"Boosts, the, of, Reckless, by"
medium,6,app_text01,text/tamer_skill_explanation.mbe/000_Sheet1.csv,140,"Boosts the АТК of Compassionate, Sociable, Friendly, and
Opportunistic Digimon by {d2}%.","Boosts, the, of, Compassionate, Sociable, Friendly, and, Opportunistic, by"
medium,6,app_text01,text/tamer_skill_explanation.mbe/000_Sheet1.csv,141,"Boosts the АТК of Compassionate, Sociable, Friendly, and
Opportunistic Digimon by {d2}%.","Boosts, the, of, Compassionate, Sociable, Friendly, and, Opportunistic, by"
medium,6,app_text01,text/tamer_skill_explanation.mbe/000_Sheet1.csv,142,"The Personality of Compassionate, Sociable, Friendly, and
Opportunistic Digimon will more likely shift toward
Courage/Friendship when training on the Дигиферма.","The, Personality, of, Compassionate, Sociable, Friendly, and, Opportunistic, will, more, likely, shift"
medium,6,app_text01,text/tamer_skill_explanation.mbe/000_Sheet1.csv,144,"Boosts the АТК of Compassionate, Sociable, Friendly, and
Opportunistic Digimon by {d2}%.","Boosts, the, of, Compassionate, Sociable, Friendly, and, Opportunistic, by"
medium,6,app_text01,text/tamer_skill_explanation.mbe/000_Sheet1.csv,146,Boosts the АТК/ДУХ of Sociable Digimon by {d2}%.,"Boosts, the, of, Sociable, by"
medium,6,app_text01,text/tamer_skill_explanation.mbe/000_Sheet1.csv,15,"Boosts the ЗАЩ of Brave, Zealous, Daring, and Reckless Digimon by
{d3}%.","Boosts, the, of, Brave, Zealous, Daring, and, Reckless, by"
medium,6,app_text01,text/tamer_skill_explanation.mbe/000_Sheet1.csv,157,"Boosts the СКР of Astute, Strategic, Enlightened, and Sly Digimon by
{d6}%.","Boosts, the, of, Astute, Strategic, Enlightened, and, Sly, by"
medium,6,app_text01,text/tamer_skill_explanation.mbe/000_Sheet1.csv,158,"Boosts the СКР of Astute, Strategic, Enlightened, and Sly Digimon by
{d6}%.","Boosts, the, of, Astute, Strategic, Enlightened, and, Sly, by"
medium,6,app_text01,text/tamer_skill_explanation.mbe/000_Sheet1.csv,159,"Boosts the СКР of Astute, Strategic, Enlightened, and Sly Digimon by
{d6}%.","Boosts, the, of, Astute, Strategic, Enlightened, and, Sly, by"
medium,6,app_text01,text/tamer_skill_explanation.mbe/000_Sheet1.csv,160,"When Digivolving Astute, Strategic, Enlightened, and Sly Digimon,
reduces required stat values by {d0}% if current Personality and
эволюция target's Base Personality match.","When, Digivolving, Astute, Strategic, Enlightened, and, Sly, reduces, required, stat, values, by"
medium,6,app_text01,text/tamer_skill_explanation.mbe/000_Sheet1.csv,162,"When Digivolving Astute, Strategic, Enlightened, and Sly Digimon,
reduces required stat values by {d0}% if current Personality and
эволюция target's Base Personality match.","When, Digivolving, Astute, Strategic, Enlightened, and, Sly, reduces, required, stat, values, by"
medium,6,app_text01,text/tamer_skill_explanation.mbe/000_Sheet1.csv,165,"Boosts the АТК of Astute, Strategic, Enlightened, and Sly Digimon by
{d2}%.","Boosts, the, of, Astute, Strategic, Enlightened, and, Sly, by"
medium,6,app_text01,text/tamer_skill_explanation.mbe/000_Sheet1.csv,168,"Boosts the ИНТ of Astute, Strategic, Enlightened, and Sly Digimon by
{d4}%.","Boosts, the, of, Astute, Strategic, Enlightened, and, Sly, by"
medium,6,app_text01,text/tamer_skill_explanation.mbe/000_Sheet1.csv,170,"Boosts the ИНТ of Astute, Strategic, Enlightened, and Sly Digimon by
{d4}%.","Boosts, the, of, Astute, Strategic, Enlightened, and, Sly, by"
medium,6,app_text01,text/tamer_skill_explanation.mbe/000_Sheet1.csv,171,"Boosts the ИНТ of Astute, Strategic, Enlightened, and Sly Digimon by
{d4}%.","Boosts, the, of, Astute, Strategic, Enlightened, and, Sly, by"
medium,6,app_text01,text/tamer_skill_explanation.mbe/000_Sheet1.csv,172,Boosts the HP/ИНТ of Strategic Digimon by {d0}%.,"Boosts, the, of, Strategic, by"
medium,6,app_text01,text/tamer_skill_explanation.mbe/000_Sheet1.csv,173,"Boosts the ДУХ of Astute, Strategic, Enlightened, and Sly Digimon by
{d5}%.","Boosts, the, of, Astute, Strategic, Enlightened, and, Sly, by"
medium,6,app_text01,text/tamer_skill_explanation.mbe/000_Sheet1.csv,174,"Boosts the АТК of Astute, Strategic, Enlightened, and Sly Digimon by
{d2}%.","Boosts, the, of, Astute, Strategic, Enlightened, and, Sly, by"
medium,6,app_text01,text/tamer_skill_explanation.mbe/000_Sheet1.csv,175,"Boosts the ДУХ of Astute, Strategic, Enlightened, and Sly Digimon by
{d5}%.","Boosts, the, of, Astute, Strategic, Enlightened, and, Sly, by"
medium,6,app_text01,text/tamer_skill_explanation.mbe/000_Sheet1.csv,176,"Astute Digimon attacks ignore {d0}% of the target's ДУХ for each
Agent Rank.","Astute, attacks, ignore, of, the, target's, for, each, Agent, Rank"
medium,6,app_text01,text/tamer_skill_explanation.mbe/000_Sheet1.csv,177,"When Digivolving Astute, Strategic, Enlightened, and Sly Digimon,
reduces required stat values by {d0}% if current Personality and
эволюция target's Base Personality match.","When, Digivolving, Astute, Strategic, Enlightened, and, Sly, reduces, required, stat, values, by"
medium,6,app_text01,text/tamer_skill_explanation.mbe/000_Sheet1.csv,179,"Boosts the ДУХ of Astute, Strategic, Enlightened, and Sly Digimon by
{d5}%.","Boosts, the, of, Astute, Strategic, Enlightened, and, Sly, by"
medium,6,app_text01,text/tamer_skill_explanation.mbe/000_Sheet1.csv,18,"When Digivolving Brave, Zealous, Daring, and Reckless Digimon,
reduces required stat values by {d0}% if current Personality and
эволюция target's Base Personality match.","When, Digivolving, Brave, Zealous, Daring, and, Reckless, reduces, required, stat, values, by"
medium,6,app_text01,text/tamer_skill_explanation.mbe/000_Sheet1.csv,180,Boosts the ИНТ/ДУХ of Astute Digimon by {d4}%.,"Boosts, the, of, Astute, by"
medium,6,app_text01,text/tamer_skill_explanation.mbe/000_Sheet1.csv,184,Boosts the SP/ДУХ of Enlightened Digimon by {d1}%.,"Boosts, the, of, Enlightened, by"
medium,6,app_text01,text/tamer_skill_explanation.mbe/000_Sheet1.csv,186,"Boosts the АТК of Astute, Strategic, Enlightened, and Sly Digimon by
{d2}%.","Boosts, the, of, Astute, Strategic, Enlightened, and, Sly, by"
medium,6,app_text01,text/tamer_skill_explanation.mbe/000_Sheet1.csv,189,"The Personality of Astute, Strategic, Enlightened, and Sly Digimon
will more likely shift toward Knowledge/Friendship when training
on the Дигиферма.","The, Personality, of, Astute, Strategic, Enlightened, and, Sly, will, more, likely, shift"
medium,6,app_text01,text/tamer_skill_explanation.mbe/000_Sheet1.csv,190,"Boosts the ЗАЩ of Astute, Strategic, Enlightened, and Sly Digimon
by {d3}%.","Boosts, the, of, Astute, Strategic, Enlightened, and, Sly, by"
medium,6,app_text01,text/tamer_skill_explanation.mbe/000_Sheet1.csv,191,"Boosts the ЗАЩ of Astute, Strategic, Enlightened, and Sly Digimon
by {d3}%.","Boosts, the, of, Astute, Strategic, Enlightened, and, Sly, by"
medium,6,app_text01,text/tamer_skill_explanation.mbe/000_Sheet1.csv,192,"Boosts the ЗАЩ of Astute, Strategic, Enlightened, and Sly Digimon
by {d3}%.","Boosts, the, of, Astute, Strategic, Enlightened, and, Sly, by"
medium,6,app_text01,text/tamer_skill_explanation.mbe/000_Sheet1.csv,193,Boosts the ЗАЩ/СКР of Sly Digimon by {d3}%.,"Boosts, the, of, Sly, by"
medium,6,app_text01,text/tamer_skill_explanation.mbe/000_Sheet1.csv,194,"When Digivolving Astute, Strategic, Enlightened, and Sly Digimon,
reduces required stat values by {d0}% if current Personality and
эволюция target's Base Personality match.","When, Digivolving, Astute, Strategic, Enlightened, and, Sly, reduces, required, stat, values, by"
medium,6,app_text01,text/tamer_skill_explanation.mbe/000_Sheet1.csv,2,"Boosts the СКР of Brave, Zealous, Daring, and Reckless Digimon
by {d6}%.","Boosts, the, of, Brave, Zealous, Daring, and, Reckless, by"
medium,6,app_text01,text/tamer_skill_explanation.mbe/000_Sheet1.csv,20,"Boosts the ЗАЩ of Brave, Zealous, Daring, and Reckless Digimon by
{d3}%.","Boosts, the, of, Brave, Zealous, Daring, and, Reckless, by"
medium,6,app_text01,text/tamer_skill_explanation.mbe/000_Sheet1.csv,205,"Boosts the EXP gained in battle by all Младенец battle and reserve
Digimon by {d0}% for each Agent Rank.","Boosts, the, gained, in, battle, by, all, battle, and, reserve, by, for"
medium,6,app_text01,text/tamer_skill_explanation.mbe/000_Sheet1.csv,207,"Boosts the EXP gained in battle by all Взрослый and Armor battle
and reserve Digimon by {d0}% for each Agent Rank.","Boosts, the, gained, in, battle, by, all, and, Armor, battle, and, reserve"
medium,6,app_text01,text/tamer_skill_explanation.mbe/000_Sheet1.csv,208,"Boosts the EXP gained in battle by all Совершенный and Hybrid battle
and reserve Digimon by {d0}% for each Agent Rank.","Boosts, the, gained, in, battle, by, all, and, Hybrid, battle, and, reserve"
medium,6,app_text01,text/tamer_skill_explanation.mbe/000_Sheet1.csv,214,"Teaches Cross Art: Break.
Effect: Deals minor damage to all enemies and greatly reduces
АТК/ЗАЩ/ИНТ/ДУХ for 3 turns.
{fc9Note: Select via the Cross Arts menu to use.}","Teaches, Cross, Art, Break, Effect, Deals, minor, damage, to, all, enemies, and"
medium,6,app_text01,text/tamer_skill_explanation.mbe/000_Sheet1.csv,215,"For all Младенец Digimon:
Boosts HP/SP by {d0} for each Agent Rank.
Boosts all stats by {d2} for each Agent Rank.","For, all, Boosts, by, for, each, Agent, Rank, Boosts, all, stats, by"
medium,6,app_text01,text/tamer_skill_explanation.mbe/000_Sheet1.csv,217,"For all Взрослый & Armor Digimon:
Boosts HP/SP by {d0} for each Agent Rank.
Boosts all stats by {d2} for each Agent Rank.","For, all, Armor, Boosts, by, for, each, Agent, Rank, Boosts, all, stats"
medium,6,app_text01,text/tamer_skill_explanation.mbe/000_Sheet1.csv,218,"For all Совершенный & Hybrid Digimon:
Boosts HP/SP by {d0} for each Agent Rank.
Boosts all stats by {d2} for each Agent Rank.","For, all, Hybrid, Boosts, by, for, each, Agent, Rank, Boosts, all, stats"
medium,6,app_text01,text/tamer_skill_explanation.mbe/000_Sheet1.csv,22,"Boosts the ЗАЩ of Brave, Zealous, Daring, and Reckless Digimon by
{d3}%.","Boosts, the, of, Brave, Zealous, Daring, and, Reckless, by"
medium,6,app_text01,text/tamer_skill_explanation.mbe/000_Sheet1.csv,28,Boosts the HP/ЗАЩ of Zealous Digimon by {d0}%.,"Boosts, the, of, Zealous, by"
medium,6,app_text01,text/tamer_skill_explanation.mbe/000_Sheet1.csv,29,"Boosts the ДУХ of Brave, Zealous, Daring, and Reckless Digimon by
{d5}%.","Boosts, the, of, Brave, Zealous, Daring, and, Reckless, by"
medium,6,app_text01,text/tamer_skill_explanation.mbe/000_Sheet1.csv,3,"Boosts the СКР of Brave, Zealous, Daring, and Reckless Digimon
by {d6}%.","Boosts, the, of, Brave, Zealous, Daring, and, Reckless, by"
medium,6,app_text01,text/tamer_skill_explanation.mbe/000_Sheet1.csv,31,"Boosts the АТК of Brave, Zealous, Daring, and Reckless Digimon
by {d2}%.","Boosts, the, of, Brave, Zealous, Daring, and, Reckless, by"
medium,6,app_text01,text/tamer_skill_explanation.mbe/000_Sheet1.csv,32,"Boosts the АТК of Brave, Zealous, Daring, and Reckless Digimon
by {d2}%.","Boosts, the, of, Brave, Zealous, Daring, and, Reckless, by"
medium,6,app_text01,text/tamer_skill_explanation.mbe/000_Sheet1.csv,34,"When Digivolving Brave, Zealous, Daring, and Reckless Digimon,
reduces required stat values by {d0}% if current Personality and
эволюция target's Base Personality match.","When, Digivolving, Brave, Zealous, Daring, and, Reckless, reduces, required, stat, values, by"
medium,6,app_text01,text/tamer_skill_explanation.mbe/000_Sheet1.csv,35,"Brave Digimon attacks ignore {d0}% of the target's ЗАЩ for each
Agent Rank.","Brave, attacks, ignore, of, the, target's, for, each, Agent, Rank"
medium,6,app_text01,text/tamer_skill_explanation.mbe/000_Sheet1.csv,36,"Boosts the АТК of Brave, Zealous, Daring, and Reckless Digimon
by {d2}%.","Boosts, the, of, Brave, Zealous, Daring, and, Reckless, by"
medium,6,app_text01,text/tamer_skill_explanation.mbe/000_Sheet1.csv,37,Boosts the HP/АТК of Brave Digimon by 25%.,"Boosts, the, of, Brave, by"
medium,6,app_text01,text/tamer_skill_explanation.mbe/000_Sheet1.csv,38,"Boosts the ИНТ of Brave, Zealous, Daring, and Reckless Digimon
by {d4}%.","Boosts, the, of, Brave, Zealous, Daring, and, Reckless, by"
medium,6,app_text01,text/tamer_skill_explanation.mbe/000_Sheet1.csv,39,"The Personality of Brave, Zealous, Daring, and Reckless Digimon
will more likely shift toward Courage/Love when training on the
Дигиферма.","The, Personality, of, Brave, Zealous, Daring, and, Reckless, will, more, likely, shift"
medium,6,app_text01,text/tamer_skill_explanation.mbe/000_Sheet1.csv,4,"Boosts the СКР of Brave, Zealous, Daring, and Reckless Digimon
by {d6}%.","Boosts, the, of, Brave, Zealous, Daring, and, Reckless, by"
medium,6,app_text01,text/tamer_skill_explanation.mbe/000_Sheet1.csv,40,"Boosts the ИНТ of Brave, Zealous, Daring, and Reckless Digimon
by {d4}%.","Boosts, the, of, Brave, Zealous, Daring, and, Reckless, by"
medium,6,app_text01,text/tamer_skill_explanation.mbe/000_Sheet1.csv,41,"Boosts the ДУХ of Brave, Zealous, Daring, and Reckless Digimon by
{d5}%.","Boosts, the, of, Brave, Zealous, Daring, and, Reckless, by"
medium,6,app_text01,text/tamer_skill_explanation.mbe/000_Sheet1.csv,43,"Boosts the ИНТ of Brave, Zealous, Daring, and Reckless Digimon
by {d4}%.","Boosts, the, of, Brave, Zealous, Daring, and, Reckless, by"
medium,6,app_text01,text/tamer_skill_explanation.mbe/000_Sheet1.csv,44,Boosts the АТК/ИНТ of Daring Digimon by {d2}%.,"Boosts, the, of, Daring, by"
medium,6,app_text01,text/tamer_skill_explanation.mbe/000_Sheet1.csv,46,"When Digivolving Brave, Zealous, Daring, and Reckless Digimon,
reduces required stat values by {d0}% if current Personality and
эволюция target's Base Personality match.","When, Digivolving, Brave, Zealous, Daring, and, Reckless, reduces, required, stat, values, by"
medium,6,app_text01,text/tamer_skill_explanation.mbe/000_Sheet1.csv,52,"Boosts the ДУХ of Adoring, Devoted, Tolerant, and Overprotective
Digimon by {d5}%.","Boosts, the, of, Adoring, Devoted, Tolerant, and, Overprotective, by"
medium,6,app_text01,text/tamer_skill_explanation.mbe/000_Sheet1.csv,53,"Boosts the ДУХ of Adoring, Devoted, Tolerant, and Overprotective
Digimon by {d5}%.","Boosts, the, of, Adoring, Devoted, Tolerant, and, Overprotective, by"
medium,6,app_text01,text/tamer_skill_explanation.mbe/000_Sheet1.csv,56,"When Digivolving Adoring, Devoted, Tolerant, and Overprotective
Digimon, reduces required stat values by {d0}% if current
Personality and эволюция target's Base Personality match.","When, Digivolving, Adoring, Devoted, Tolerant, and, Overprotective, reduces, required, stat, values, by"
medium,6,app_text01,text/tamer_skill_explanation.mbe/000_Sheet1.csv,58,"Boosts the ДУХ of Adoring, Devoted, Tolerant, and Overprotective
Digimon by {d5}%.","Boosts, the, of, Adoring, Devoted, Tolerant, and, Overprotective, by"
medium,6,app_text01,text/tamer_skill_explanation.mbe/000_Sheet1.csv,59,"Boosts the ЗАЩ of Adoring, Devoted, Tolerant, and Overprotective
Digimon by {d3}%.","Boosts, the, of, Adoring, Devoted, Tolerant, and, Overprotective, by"
medium,6,app_text01,text/tamer_skill_explanation.mbe/000_Sheet1.csv,60,"Boosts the ЗАЩ of Adoring, Devoted, Tolerant, and Overprotective
Digimon by {d3}%.","Boosts, the, of, Adoring, Devoted, Tolerant, and, Overprotective, by"
medium,6,app_text01,text/tamer_skill_explanation.mbe/000_Sheet1.csv,61,"Boosts the ЗАЩ of Adoring, Devoted, Tolerant, and Overprotective
Digimon by {d3}%.","Boosts, the, of, Adoring, Devoted, Tolerant, and, Overprotective, by"
medium,6,app_text01,text/tamer_skill_explanation.mbe/000_Sheet1.csv,62,"The Personality of Adoring, Devoted, Tolerant, and
Overprotective Digimon will more likely shift toward
Knowledge/Love when training on the Дигиферма.","The, Personality, of, Adoring, Devoted, Tolerant, and, Overprotective, will, more, likely, shift"
medium,6,app_text01,text/tamer_skill_explanation.mbe/000_Sheet1.csv,65,"When Digivolving Adoring, Devoted, Tolerant, and Overprotective
Digimon, reduces required stat values by {d0}% if current
Personality and эволюция target's Base Personality match.","When, Digivolving, Adoring, Devoted, Tolerant, and, Overprotective, reduces, required, stat, values, by"
medium,6,app_text01,text/tamer_skill_explanation.mbe/000_Sheet1.csv,67,Boosts the ЗАЩ/ДУХ of Adoring Digimon by {d3}%.,"Boosts, the, of, Adoring, by"
medium,6,app_text01,text/tamer_skill_explanation.mbe/000_Sheet1.csv,68,"Boosts the СКР of Adoring, Devoted, Tolerant, and Overprotective
Digimon by {d6}%.","Boosts, the, of, Adoring, Devoted, Tolerant, and, Overprotective, by"
medium,6,app_text01,text/tamer_skill_explanation.mbe/000_Sheet1.csv,7,"Boosts АТК-augmenting equipment effects on Reckless Digimon
by {d0}%.","Boosts, augmenting, equipment, effects, on, Reckless, by"
medium,6,app_text01,text/tamer_skill_explanation.mbe/000_Sheet1.csv,72,"Boosts the SP/ДУХ of Overprotective Digimon by
{d1}%.","Boosts, the, of, Overprotective, by"
medium,6,app_text01,text/tamer_skill_explanation.mbe/000_Sheet1.csv,73,"Boosts the ИНТ of Adoring, Devoted, Tolerant, and Overprotective
Digimon by {d4}%.","Boosts, the, of, Adoring, Devoted, Tolerant, and, Overprotective, by"
medium,6,app_text01,text/tamer_skill_explanation.mbe/000_Sheet1.csv,77,"Boosts the СКР of Adoring, Devoted, Tolerant, and Overprotective
Digimon by {d6}%.","Boosts, the, of, Adoring, Devoted, Tolerant, and, Overprotective, by"
medium,6,app_text01,text/tamer_skill_explanation.mbe/000_Sheet1.csv,81,"Boosts the ИНТ of Adoring, Devoted, Tolerant, and Overprotective
Digimon by {d4}%.","Boosts, the, of, Adoring, Devoted, Tolerant, and, Overprotective, by"
medium,6,app_text01,text/tamer_skill_explanation.mbe/000_Sheet1.csv,82,"When Digivolving Adoring, Devoted, Tolerant, and Overprotective
Digimon, reduces required stat values by {d0}% if current
Personality and эволюция target's Base Personality match.","When, Digivolving, Adoring, Devoted, Tolerant, and, Overprotective, reduces, required, stat, values, by"
medium,6,app_text01,text/tamer_skill_explanation.mbe/000_Sheet1.csv,85,"Boosts the ИНТ of Adoring, Devoted, Tolerant, and Overprotective
Digimon by {d4}%.","Boosts, the, of, Adoring, Devoted, Tolerant, and, Overprotective, by"
medium,6,app_text01,text/tamer_skill_explanation.mbe/000_Sheet1.csv,86,Boosts the HP/ИНТ of Tolerant Digimon by {d0}%.,"Boosts, the, of, Tolerant, by"
medium,6,app_text01,text/tamer_skill_explanation.mbe/000_Sheet1.csv,87,"Boosts the АТК of Adoring, Devoted, Tolerant, and Overprotective
Digimon by {d2}%.","Boosts, the, of, Adoring, Devoted, Tolerant, and, Overprotective, by"
medium,6,app_text01,text/tamer_skill_explanation.mbe/000_Sheet1.csv,90,"Boosts the АТК of Adoring, Devoted, Tolerant, and Overprotective
Digimon by {d2}%.","Boosts, the, of, Adoring, Devoted, Tolerant, and, Overprotective, by"
medium,6,app_text01,text/tamer_skill_explanation.mbe/000_Sheet1.csv,92,"Boosts the СКР of Adoring, Devoted, Tolerant, and Overprotective
Digimon by {d6}%.","Boosts, the, of, Adoring, Devoted, Tolerant, and, Overprotective, by"
medium,6,app_text01,text/tamer_skill_explanation.mbe/000_Sheet1.csv,93,"When Digivolving Adoring, Devoted, Tolerant, and Overprotective
Digimon, reduces required stat values by {d0}% if current
Personality and эволюция target's Base Personality match.","When, Digivolving, Adoring, Devoted, Tolerant, and, Overprotective, reduces, required, stat, values, by"
medium,6,app_text01,text/tamer_skill_explanation.mbe/000_Sheet1.csv,95,"Boosts the АТК of Adoring, Devoted, Tolerant, and Overprotective
Digimon by {d2}%.","Boosts, the, of, Adoring, Devoted, Tolerant, and, Overprotective, by"
medium,6,app_text01,text/tamer_skill_explanation.mbe/000_Sheet1.csv,96,Boosts the SP/АТК of Devoted Digimon by {d1}%.,"Boosts, the, of, Devoted, by"
medium,6,app_text01,text/tutorial_title.mbe/000_Sheet1.csv,tutorial_title_AbnormalStatus_08,Status Abnormality Types & Effects,"Status, Abnormality, Types, Effects"
medium,6,app_text01,text/tutorial_title.mbe/000_Sheet1.csv,tutorial_title_Convert_01,Conversion & Scan Rate,"Conversion, Scan, Rate"
medium,6,app_text01,text/tutorial_title.mbe/000_Sheet1.csv,tutorial_title_CpAdd_01,Critical Points (CP),"Critical, Points, CP"
medium,6,app_text01,text/tutorial_title.mbe/000_Sheet1.csv,tutorial_title_CrossArtsChange_01,Unlocking & Changing Cross Arts,"Unlocking, Changing, Cross, Arts"
medium,6,app_text01,text/tutorial_title.mbe/000_Sheet1.csv,tutorial_title_HighSpeedMode_01,Combat Expanded: Fast-Forward,"Combat, Expanded, Fast-Forward"
medium,6,app_text01,text/tutorial_title.mbe/000_Sheet1.csv,tutorial_title_PecmonRace_01,Peckmon Race Rules,"Peckmon, Race, Rules"
medium,6,app_text01,text/tutorial_title.mbe/000_Sheet1.csv,tutorial_title_SurpriseAttack_01,Enemy Preemptive Strikes,"Enemy, Preemptive, Strikes"
medium,6,app_text01,text/tutorial_title.mbe/000_Sheet1.csv,tutorial_title_Treasurechest_01,Treasure Chests & Materials,"Treasure, Chests, Materials"
medium,6,app_text01,text/tutorial_title.mbe/000_Sheet1.csv,tutorial_title_WorldView_002,ADAMAS (Anomalous Phenomena Special Investigation Bureau),"Anomalous, Phenomena, Special, Investigation, Bureau"
medium,6,app_text01,text/tutorial_title.mbe/000_Sheet1.csv,tutorial_title_WorldView_003,Digimon (Phase Electronic Lifeforms),"Phase, Electronic, Lifeforms"
medium,5,app_text01,text/info_message.mbe/000_Sheet1.csv,10020,"Message unlocked.
Now playing...","Message, unlocked, Now, playing"
medium,5,app_text01,text/info_message.mbe/000_Sheet1.csv,1108030050,...Looks like it had no effect.,"Looks, like, it, had, no, effect"
medium,5,app_text01,text/info_message.mbe/000_Sheet1.csv,1124090170,"100,000 YEN was returned!","YEN, was, returned"
medium,5,app_text01,text/info_message.mbe/000_Sheet1.csv,1400,Checking system data...,"Checking, system, data"
medium,5,app_text01,text/info_message.mbe/000_Sheet1.csv,1915,Obtained {fc9{d0}} x{n0}.,"Obtained, fc, x"
medium,5,app_text01,text/info_message.mbe/000_Sheet1.csv,1916,Handed over {fc9{d0}}.,"Handed, over, fc"
medium,5,app_text01,text/info_message.mbe/000_Sheet1.csv,1917,Handed over {fc9{d0}} x{n0}.,"Handed, over, fc, x"
medium,5,app_text01,text/info_message.mbe/000_Sheet1.csv,1918,Used {fc9{d0}} x{n0}.,"Used, fc, x"
medium,5,app_text01,text/info_message.mbe/000_Sheet1.csv,1922,{d0}'s Growth Limit,"s, Growth, Limit"
medium,5,app_text01,text/info_message.mbe/000_Sheet1.csv,2700,Created {fc9{d0}} x {d1}!,"Created, fc, x"
medium,5,app_text01,text/info_message.mbe/000_Sheet1.csv,2701,Took apart {fc9{d0}} x {d1}!,"Took, apart, fc, x"
medium,5,app_text01,text/info_message.mbe/000_Sheet1.csv,2704,"Random Recovery was not performed.

{fc9 -No Digimon with HP recovery skills in the party.}
{fc9 -No recovery items in inventory.}","Random, Recovery, was, not, performed"
medium,5,app_text01,text/info_message.mbe/000_Sheet1.csv,2705,"Random Recovery was not performed.

{fc9 -Not enough SP to use HP recovery skills.}
{fc9 -No recovery items in inventory.}","Random, Recovery, was, not, performed"
medium,5,app_text01,text/info_message.mbe/000_Sheet1.csv,2706,"Random Recovery was not performed.

{fc9 -No Digimon with HP recovery skills in the party.}","Random, Recovery, was, not, performed"
medium,5,app_text01,text/info_message.mbe/000_Sheet1.csv,2707,"Random Recovery was not performed.

{fc9 -No recovery items in inventory.}","Random, Recovery, was, not, performed"
medium,5,app_text01,text/info_message.mbe/000_Sheet1.csv,6000,Obtained Birdramon's Digimemory!,"Obtained, Birdramon's, Digimemory"
medium,5,app_text01,text/info_message.mbe/000_Sheet1.csv,8000,Paid {fc9{n0} YEN}.,"Paid, fc, YEN"
medium,5,app_text01,text/info_message.mbe/000_Sheet1.csv,info_message_item_tp,Received{fc9 {d1}} {fc13{d0}Anomaly Points}.,"Received, fc, fc, Anomaly, Points"
medium,5,app_text01,text/info_message.mbe/000_Sheet1.csv,info_message_ngword,Contains an inappropriate word.,"Contains, an, inappropriate, word"
medium,5,app_text01,text/item_auto_explanation.mbe/000_Sheet1.csv,83,Break special effect +{d0}%,"Break, special, effect"
medium,5,app_text01,text/item_auto_explanation.mbe/000_Sheet1.csv,87,Rush Gauge default value +{d0}%,"Rush, Gauge, default, value"
medium,5,app_text01,text/skill_name.mbe/000_Sheet1.csv,11017,Cross Art: Burst,"Cross, Art, Burst"
medium,5,app_text01,text/skill_name.mbe/000_Sheet1.csv,11018,Cross Art: Reversed,"Cross, Art, Reversed"
medium,5,app_text01,text/skill_name.mbe/000_Sheet1.csv,11019,Cross Art: Strike,"Cross, Art, Strike"
medium,5,app_text01,text/skill_name.mbe/000_Sheet1.csv,11020,Cross Art: Aura,"Cross, Art, Aura"
medium,5,app_text01,text/skill_name.mbe/000_Sheet1.csv,11021,Cross Art: Heal,"Cross, Art, Heal"
medium,5,app_text01,text/skill_name.mbe/000_Sheet1.csv,11022,Cross Art: Revive,"Cross, Art, Revive"
medium,5,app_text01,text/skill_name.mbe/000_Sheet1.csv,11023,Cross Art: Field,"Cross, Art, Field"
medium,5,app_text01,text/skill_name.mbe/000_Sheet1.csv,11024,Cross Art: Break,"Cross, Art, Break"
medium,5,app_text01,text/skill_name.mbe/000_Sheet1.csv,11025,Cross Art: High Field,"Cross, Art, High, Field"
medium,5,app_text01,text/skill_name.mbe/000_Sheet1.csv,20031,Moon Night Bomb,"Moon, Night, Bomb"
medium,5,app_text01,text/skill_name.mbe/000_Sheet1.csv,20281,Big Smiley Bomber,"Big, Smiley, Bomber"
medium,5,app_text01,text/skill_name.mbe/000_Sheet1.csv,20441,Miracle Bomb activated!,"Miracle, Bomb, activated"
medium,5,app_text01,text/skill_name.mbe/000_Sheet1.csv,20591,Big Bang Voice,"Big, Bang, Voice"
medium,5,app_text01,text/skill_name.mbe/000_Sheet1.csv,20761,Kouyoujou: Hydro Descent,"Kouyoujou, Hydro, Descent"
medium,5,app_text01,text/skill_name.mbe/000_Sheet1.csv,20841,Wind Cutter Sword,"Wind, Cutter, Sword"
medium,5,app_text01,text/skill_name.mbe/000_Sheet1.csv,20951,Full Moon Blaster,"Full, Moon, Blaster"
medium,5,app_text01,text/skill_name.mbe/000_Sheet1.csv,20952,Double Crescent Mirage,"Double, Crescent, Mirage"
medium,5,app_text01,text/skill_name.mbe/000_Sheet1.csv,20981,Megaton Hydro Laser,"Megaton, Hydro, Laser"
medium,5,app_text01,text/skill_name.mbe/000_Sheet1.csv,21042,Yakusa no Ikazuchi,"Yakusa, no, Ikazuchi"
medium,5,app_text01,text/skill_name.mbe/000_Sheet1.csv,21491,Ame no Murakumo,"Ame, no, Murakumo"
medium,5,app_text01,text/skill_name.mbe/000_Sheet1.csv,21762,Burning Blood Shell,"Burning, Blood, Shell"
medium,5,app_text01,text/skill_name.mbe/000_Sheet1.csv,21782,Pinpoint Weapon Works,"Pinpoint, Weapon, Works"
medium,5,app_text01,text/skill_name.mbe/000_Sheet1.csv,21831,Stun Beat Blow,"Stun, Beat, Blow"
medium,5,app_text01,text/skill_name.mbe/000_Sheet1.csv,21841,Bolt Break Knockdown,"Bolt, Break, Knockdown"
medium,5,app_text01,text/skill_name.mbe/000_Sheet1.csv,21882,Plant Zone Cradle,"Plant, Zone, Cradle"
medium,5,app_text01,text/skill_name.mbe/000_Sheet1.csv,21911,Metal Armor Blade,"Metal, Armor, Blade"
medium,5,app_text01,text/skill_name.mbe/000_Sheet1.csv,21921,Legendary Dragon Blade,"Legendary, Dragon, Blade"
medium,5,app_text01,text/skill_name.mbe/000_Sheet1.csv,21952,Hurricane Screw Shot,"Hurricane, Screw, Shot"
medium,5,app_text01,text/skill_name.mbe/000_Sheet1.csv,22091,Green Flare Breath,"Green, Flare, Breath"
medium,5,app_text01,text/skill_name.mbe/000_Sheet1.csv,22101,Blaze Sonic Breath,"Blaze, Sonic, Breath"
medium,5,app_text01,text/skill_name.mbe/000_Sheet1.csv,22181,Blue Flare Breath,"Blue, Flare, Breath"
medium,5,app_text01,text/skill_name.mbe/000_Sheet1.csv,22231,Mad Dog Fire,"Mad, Dog, Fire"
medium,5,app_text01,text/skill_name.mbe/000_Sheet1.csv,22371,Mad Dog Fire,"Mad, Dog, Fire"
medium,5,app_text01,text/skill_name.mbe/000_Sheet1.csv,23141,Super Stinky Jet,"Super, Stinky, Jet"
medium,5,app_text01,text/skill_name.mbe/000_Sheet1.csv,23161,Little Iron Beads,"Little, Iron, Beads"
medium,5,app_text01,text/skill_name.mbe/000_Sheet1.csv,23701,Sub-zero Ice Punch,"Sub-zero, Ice, Punch"
medium,5,app_text01,text/skill_name.mbe/000_Sheet1.csv,23951,Fox Tail Inferno,"Fox, Tail, Inferno"
medium,5,app_text01,text/skill_name.mbe/000_Sheet1.csv,24011,Double Scissor Claw,"Double, Scissor, Claw"
medium,5,app_text01,text/skill_name.mbe/000_Sheet1.csv,24061,Heavy Metal Fire,"Heavy, Metal, Fire"
medium,5,app_text01,text/skill_name.mbe/000_Sheet1.csv,24081,Death Parade Blaster,"Death, Parade, Blaster"
medium,5,app_text01,text/skill_name.mbe/000_Sheet1.csv,24111,Unidentified Flying Kiss,"Unidentified, Flying, Kiss"
medium,5,app_text01,text/skill_name.mbe/000_Sheet1.csv,24221,Hyper Infinity Cannon,"Hyper, Infinity, Cannon"
medium,5,app_text01,text/skill_name.mbe/000_Sheet1.csv,25691,Electric Stun Blast,"Electric, Stun, Blast"
medium,5,app_text01,text/skill_name.mbe/000_Sheet1.csv,25741,Dual Swallow Reversal,"Dual, Swallow, Reversal"
medium,5,app_text01,text/skill_name.mbe/000_Sheet1.csv,25781,Snow Goblin Volt,"Snow, Goblin, Volt"
medium,5,app_text01,text/skill_name.mbe/000_Sheet1.csv,26091,Mini Scissor Claw,"Mini, Scissor, Claw"
medium,5,app_text01,text/skill_name.mbe/000_Sheet1.csv,26161,Happy Bullet Showering,"Happy, Bullet, Showering"
medium,5,app_text01,text/skill_name.mbe/000_Sheet1.csv,26162,Bind Red Trigger,"Bind, Red, Trigger"
medium,5,app_text01,text/skill_name.mbe/000_Sheet1.csv,26172,Misery Bullet Rain,"Misery, Bullet, Rain"
medium,5,app_text01,text/skill_name.mbe/000_Sheet1.csv,26831,Hard Rock Soul,"Hard, Rock, Soul"
medium,5,app_text01,text/skill_name.mbe/000_Sheet1.csv,26881,Quake! Blast! Fire! Father!,"Quake, Blast, Fire, Father"
medium,5,app_text01,text/skill_name.mbe/000_Sheet1.csv,27091,Black Pearl Blast,"Black, Pearl, Blast"
medium,5,app_text01,text/skill_name.mbe/000_Sheet1.csv,27401,Ame no Ohabari,"Ame, no, Ohabari"
medium,5,app_text01,text/skill_name.mbe/000_Sheet1.csv,27402,Spiral Raven Claw,"Spiral, Raven, Claw"
medium,5,app_text01,text/skill_name.mbe/000_Sheet1.csv,27521,Rare Metal Poop,"Rare, Metal, Poop"
medium,5,app_text01,text/skill_name.mbe/000_Sheet1.csv,27761,Final Shining Burst,"Final, Shining, Burst"
medium,5,app_text01,text/skill_name.mbe/000_Sheet1.csv,27762,Corona Blaze Sword,"Corona, Blaze, Sword"
medium,5,app_text01,text/skill_name.mbe/000_Sheet1.csv,27771,Full Moon Meteor Impact,"Full, Moon, Meteor, Impact"
medium,5,app_text01,text/skill_name.mbe/000_Sheet1.csv,27772,Final Mirage Burst,"Final, Mirage, Burst"
medium,5,app_text01,text/skill_name.mbe/000_Sheet1.csv,28041,Confusion unto Despair,"Confusion, unto, Despair"
medium,5,app_text01,text/skill_name.mbe/000_Sheet1.csv,28044,Confusion unto Despair,"Confusion, unto, Despair"
medium,5,app_text01,text/skill_name.mbe/000_Sheet1.csv,28063,Tear Gas Bomb,"Tear, Gas, Bomb"
medium,5,app_text01,text/skill_name.mbe/000_Sheet1.csv,28064,C.H.O. Grenade Launcher,"H, O, Grenade, Launcher"
medium,5,app_text01,text/skill_name.mbe/000_Sheet1.csv,29201,Dead Angle Horn,"Dead, Angle, Horn"
medium,5,app_text01,text/skill_name.mbe/000_Sheet1.csv,29695,Iliad Temple's Sealing Spell,"Iliad, Temple's, Sealing, Spell"
medium,5,app_text01,text/skill_name.mbe/000_Sheet1.csv,29696,Iliad Temple's Protection,"Iliad, Temple's, Protection"
medium,5,app_text01,text/skill_name.mbe/000_Sheet1.csv,30241,Full Metal Pile I,"Full, Metal, Pile"
medium,5,app_text01,text/skill_name.mbe/000_Sheet1.csv,30242,Full Metal Pile II,"Full, Metal, Pile"
medium,5,app_text01,text/skill_name.mbe/000_Sheet1.csv,30243,Full Metal Pile III,"Full, Metal, Pile"
medium,5,app_text01,text/skill_name.mbe/000_Sheet1.csv,41780,Plan! Execute! Evaluate! Improve!,"Plan, Execute, Evaluate, Improve"
medium,5,app_text01,text/skill_name.mbe/000_Sheet1.csv,41783,Intercept Pattern A initiated!,"Intercept, Pattern, A, initiated"
medium,5,app_text01,text/skill_name.mbe/000_Sheet1.csv,41784,Intercept Pattern B initiated!,"Intercept, Pattern, B, initiated"
medium,5,app_text01,text/skill_name.mbe/000_Sheet1.csv,43752,Nanimon couldn't care less.,"Nanimon, couldn't, care, less"
medium,5,app_text01,text/skill_name.mbe/000_Sheet1.csv,43992,A terrible cacophony echoes!,"A, terrible, cacophony, echoes"
medium,5,app_text01,text/skill_name.mbe/000_Sheet1.csv,46131,"Hey, now's our chance! Run!","Hey, now's, our, chance, Run"
medium,5,app_text01,text/skill_name.mbe/000_Sheet1.csv,50052,Machine Gun Punch,"Machine, Gun, Punch"
medium,5,app_text01,text/skill_name.mbe/000_Sheet1.csv,70001,Its power surges!,"Its, power, surges"
medium,5,app_text01,text/skill_ruby.mbe/000_Sheet1.csv,30241,Full Metal Pile I,"Full, Metal, Pile"
medium,5,app_text01,text/skill_ruby.mbe/000_Sheet1.csv,30242,Full Metal Pile II,"Full, Metal, Pile"
medium,5,app_text01,text/skill_ruby.mbe/000_Sheet1.csv,30243,Full Metal Pile III,"Full, Metal, Pile"
medium,5,app_text01,text/tamer_skill_name.mbe/000_Sheet1.csv,105,Compassionate Tool Technique,"Compassionate, Tool, Technique"
medium,5,app_text01,text/tamer_skill_name.mbe/000_Sheet1.csv,109,Extra Strikes Tech: Amicability,"Extra, Strikes, Tech, Amicability"
medium,5,app_text01,text/tamer_skill_name.mbe/000_Sheet1.csv,114,Combat Doctrine: Amicability,"Combat, Doctrine, Amicability"
medium,5,app_text01,text/tamer_skill_name.mbe/000_Sheet1.csv,12,Awakening Sagacity: Valor,"Awakening, Sagacity, Valor"
medium,5,app_text01,text/tamer_skill_name.mbe/000_Sheet1.csv,124,Peerless Perception: Amicability,"Peerless, Perception, Amicability"
medium,5,app_text01,text/tamer_skill_name.mbe/000_Sheet1.csv,126,Awakening Sagacity: Amicability,"Awakening, Sagacity, Amicability"
medium,5,app_text01,text/tamer_skill_name.mbe/000_Sheet1.csv,127,Body Boost Lv. 1: HP,"Body, Boost, Lv"
medium,5,app_text01,text/tamer_skill_name.mbe/000_Sheet1.csv,128,Body Boost Lv. 2: HP,"Body, Boost, Lv"
medium,5,app_text01,text/tamer_skill_name.mbe/000_Sheet1.csv,129,Body Boost Lv. 3: HP,"Body, Boost, Lv"
medium,5,app_text01,text/tamer_skill_name.mbe/000_Sheet1.csv,13,Body Boost Lv. 3: SP,"Body, Boost, Lv"
medium,5,app_text01,text/tamer_skill_name.mbe/000_Sheet1.csv,130,Body Boost Lv. 1: SP,"Body, Boost, Lv"
medium,5,app_text01,text/tamer_skill_name.mbe/000_Sheet1.csv,131,Body Boost Lv. 2: SP,"Body, Boost, Lv"
medium,5,app_text01,text/tamer_skill_name.mbe/000_Sheet1.csv,132,Body Boost Lv. 3: SP,"Body, Boost, Lv"
medium,5,app_text01,text/tamer_skill_name.mbe/000_Sheet1.csv,136,Sagacious Study: Amicability,"Sagacious, Study, Amicability"
medium,5,app_text01,text/tamer_skill_name.mbe/000_Sheet1.csv,137,Extra Strikes Tech: Amicability,"Extra, Strikes, Tech, Amicability"
medium,5,app_text01,text/tamer_skill_name.mbe/000_Sheet1.csv,142,Farm Adaptation: Amicability,"Farm, Adaptation, Amicability"
medium,5,app_text01,text/tamer_skill_name.mbe/000_Sheet1.csv,143,Sociable Tool Reinforcement,"Sociable, Tool, Reinforcement"
medium,5,app_text01,text/tamer_skill_name.mbe/000_Sheet1.csv,152,Peerless Perception: Wisdom,"Peerless, Perception, Wisdom"
medium,5,app_text01,text/tamer_skill_name.mbe/000_Sheet1.csv,153,Body Boost Lv. 1: HP,"Body, Boost, Lv"
medium,5,app_text01,text/tamer_skill_name.mbe/000_Sheet1.csv,156,Extra Strikes Tech: Wisdom,"Extra, Strikes, Tech, Wisdom"
medium,5,app_text01,text/tamer_skill_name.mbe/000_Sheet1.csv,161,Sagacious Study: Wisdom,"Sagacious, Study, Wisdom"
medium,5,app_text01,text/tamer_skill_name.mbe/000_Sheet1.csv,163,Combat Doctrine: Wisdom,"Combat, Doctrine, Wisdom"
medium,5,app_text01,text/tamer_skill_name.mbe/000_Sheet1.csv,164,Body Boost Lv. 2: HP,"Body, Boost, Lv"
medium,5,app_text01,text/tamer_skill_name.mbe/000_Sheet1.csv,166,Body Boost Lv. 3: HP,"Body, Boost, Lv"
medium,5,app_text01,text/tamer_skill_name.mbe/000_Sheet1.csv,169,Awakening Sagacity: Wisdom,"Awakening, Sagacity, Wisdom"
medium,5,app_text01,text/tamer_skill_name.mbe/000_Sheet1.csv,17,Extra Strikes Tech: Valor,"Extra, Strikes, Tech, Valor"
medium,5,app_text01,text/tamer_skill_name.mbe/000_Sheet1.csv,181,Body Boost Lv. 1: SP,"Body, Boost, Lv"
medium,5,app_text01,text/tamer_skill_name.mbe/000_Sheet1.csv,182,Body Boost Lv. 2: SP,"Body, Boost, Lv"
medium,5,app_text01,text/tamer_skill_name.mbe/000_Sheet1.csv,183,Body Boost Lv. 3: SP,"Body, Boost, Lv"
medium,5,app_text01,text/tamer_skill_name.mbe/000_Sheet1.csv,185,Extra Strikes Tech: Wisdom,"Extra, Strikes, Tech, Wisdom"
medium,5,app_text01,text/tamer_skill_name.mbe/000_Sheet1.csv,189,Farm Adaptation: Wisdom,"Farm, Adaptation, Wisdom"
medium,5,app_text01,text/tamer_skill_name.mbe/000_Sheet1.csv,201,Cross Art: Field,"Cross, Art, Field"
medium,5,app_text01,text/tamer_skill_name.mbe/000_Sheet1.csv,204,Cross Art: Burst,"Cross, Art, Burst"
medium,5,app_text01,text/tamer_skill_name.mbe/000_Sheet1.csv,210,Cross Art: Reverse,"Cross, Art, Reverse"
medium,5,app_text01,text/tamer_skill_name.mbe/000_Sheet1.csv,211,Cross Art: Strike,"Cross, Art, Strike"
medium,5,app_text01,text/tamer_skill_name.mbe/000_Sheet1.csv,212,Cross Art: Aura,"Cross, Art, Aura"
medium,5,app_text01,text/tamer_skill_name.mbe/000_Sheet1.csv,213,Cross Art: High Field,"Cross, Art, High, Field"
medium,5,app_text01,text/tamer_skill_name.mbe/000_Sheet1.csv,214,Cross Art: Break,"Cross, Art, Break"
medium,5,app_text01,text/tamer_skill_name.mbe/000_Sheet1.csv,221,Cross Art: Heal,"Cross, Art, Heal"
medium,5,app_text01,text/tamer_skill_name.mbe/000_Sheet1.csv,222,Cross Art: Revive,"Cross, Art, Revive"
medium,5,app_text01,text/tamer_skill_name.mbe/000_Sheet1.csv,23,Body Boost Lv. 1: HP,"Body, Boost, Lv"
medium,5,app_text01,text/tamer_skill_name.mbe/000_Sheet1.csv,24,Combat Doctrine: Valor,"Combat, Doctrine, Valor"
medium,5,app_text01,text/tamer_skill_name.mbe/000_Sheet1.csv,25,Body Boost Lv. 2: HP,"Body, Boost, Lv"
medium,5,app_text01,text/tamer_skill_name.mbe/000_Sheet1.csv,26,Sagacious Study: Valor,"Sagacious, Study, Valor"
medium,5,app_text01,text/tamer_skill_name.mbe/000_Sheet1.csv,27,Body Boost Lv. 3: HP,"Body, Boost, Lv"
medium,5,app_text01,text/tamer_skill_name.mbe/000_Sheet1.csv,30,Extra Strikes Tech: Valor,"Extra, Strikes, Tech, Valor"
medium,5,app_text01,text/tamer_skill_name.mbe/000_Sheet1.csv,39,Farm Adaptation: Valor,"Farm, Adaptation, Valor"
medium,5,app_text01,text/tamer_skill_name.mbe/000_Sheet1.csv,55,Peerless Perception: Philanthropy,"Peerless, Perception, Philanthropy"
medium,5,app_text01,text/tamer_skill_name.mbe/000_Sheet1.csv,57,Adoring Life Charm,"Adoring, Life, Charm"
medium,5,app_text01,text/tamer_skill_name.mbe/000_Sheet1.csv,6,Peerless Perception: Valor,"Peerless, Perception, Valor"
medium,5,app_text01,text/tamer_skill_name.mbe/000_Sheet1.csv,62,Farm Adaptation: Philanthropy,"Farm, Adaptation, Philanthropy"
medium,5,app_text01,text/tamer_skill_name.mbe/000_Sheet1.csv,66,Extra Strikes Tech: Philanthropy,"Extra, Strikes, Tech, Philanthropy"
medium,5,app_text01,text/tamer_skill_name.mbe/000_Sheet1.csv,69,Body Boost Lv. 1: SP,"Body, Boost, Lv"
medium,5,app_text01,text/tamer_skill_name.mbe/000_Sheet1.csv,70,Body Boost Lv. 2: SP,"Body, Boost, Lv"
medium,5,app_text01,text/tamer_skill_name.mbe/000_Sheet1.csv,71,Body Boost Lv. 3: SP,"Body, Boost, Lv"
medium,5,app_text01,text/tamer_skill_name.mbe/000_Sheet1.csv,74,Body Boost Lv. 1: HP,"Body, Boost, Lv"
medium,5,app_text01,text/tamer_skill_name.mbe/000_Sheet1.csv,76,Body Boost Lv. 2: HP,"Body, Boost, Lv"
medium,5,app_text01,text/tamer_skill_name.mbe/000_Sheet1.csv,78,Awakening Sagacity: Philanthropy,"Awakening, Sagacity, Philanthropy"
medium,5,app_text01,text/tamer_skill_name.mbe/000_Sheet1.csv,79,Body Boost Lv. 3: HP,"Body, Boost, Lv"
medium,5,app_text01,text/tamer_skill_name.mbe/000_Sheet1.csv,8,Body Boost Lv. 1: SP,"Body, Boost, Lv"
medium,5,app_text01,text/tamer_skill_name.mbe/000_Sheet1.csv,80,Extra Strikes Tech: Philanthropy,"Extra, Strikes, Tech, Philanthropy"
medium,5,app_text01,text/tamer_skill_name.mbe/000_Sheet1.csv,83,Sagacious Study: Philanthropy,"Sagacious, Study, Philanthropy"
medium,5,app_text01,text/tamer_skill_name.mbe/000_Sheet1.csv,84,Tolerant Heart Charm,"Tolerant, Heart, Charm"
medium,5,app_text01,text/tamer_skill_name.mbe/000_Sheet1.csv,89,Combat Doctrine: Philanthropy,"Combat, Doctrine, Philanthropy"
medium,5,app_text01,text/tamer_skill_name.mbe/000_Sheet1.csv,9,Body Boost Lv. 2: SP,"Body, Boost, Lv"
medium,5,app_text01,text/tutorial_title.mbe/000_Sheet1.csv,tutorial_title_BattleCommand_01,Атака (Battle Command),"Battle, Command"
medium,5,app_text01,text/tutorial_title.mbe/000_Sheet1.csv,tutorial_title_CardsDescription_01,Jogmon Совершенный Card Game,"Card, Game"
medium,5,app_text01,text/tutorial_title.mbe/000_Sheet1.csv,tutorial_title_WorldMapRokomon_01,The Локомон Map,"The, Map"
medium,5,patch_text01,text/info_message.mbe/000_Sheet1.csv,info_message_demo_03,"Этот режим позволяет вам окунуться в приключение в Центральном городе, расположенном в самом сердце Цифрового мира Илиады. Этот режим доступен после завершения демо-версии Digimon Story: Time Stranger.","Story, Time, Stranger"
medium,5,patch_text01,text/info_message.mbe/000_Sheet1.csv,info_message_dlc_18,"Бонусный набор за предзаказ Digimon Story Time Stranger:
{fc9костюм «Форма определённой школы»} теперь доступен.

Переодеться в этот костюм можно через меню
Агент > Костюмы на вашем Дигивайсе.","Story, Time, Stranger"
medium,5,patch_text01,text/info_message.mbe/000_Sheet1.csv,info_message_dlc_19,"Бонусный набор за предзаказ Digimon Story Time Stranger:
{fc9набор предметов для приключений} теперь доступен.

Получить эти предметы можно через меню
Предметы > Наборы предметов на вашем Дигивайсе.","Story, Time, Stranger"
medium,5,patch_text01,text/item_name.mbe/000_Sheet1.csv,832,Футболка Tales of Arise (Hootle),"Tales, of, Arise, Hootle"
medium,5,patch_text01,text/item_ruby.mbe/000_Sheet1.csv,832,Футболка Tales of Arise (Hootle),"Tales, of, Arise, Hootle"
low,4,app_text01,text/common_message.mbe/000_Sheet1.csv,10000,Digimon Story 02,Story
low,4,app_text01,text/common_message.mbe/000_Sheet1.csv,100000,{fc10S}etup,etup
low,4,app_text01,text/common_message.mbe/000_Sheet1.csv,100001,{fc10D}igibank,igibank
low,4,app_text01,text/common_message.mbe/000_Sheet1.csv,100002,{fc10D}igivolution,igivolution
low,4,app_text01,text/common_message.mbe/000_Sheet1.csv,100005,{fc10I}nventory,nventory
low,4,app_text01,text/common_message.mbe/000_Sheet1.csv,100006,{fc10M}issions,issions
low,4,app_text01,text/common_message.mbe/000_Sheet1.csv,100007,{fc10C}ostumes,ostumes
low,4,app_text01,text/common_message.mbe/000_Sheet1.csv,100008,{fc10S}ave,ave
low,4,app_text01,text/common_message.mbe/000_Sheet1.csv,100009,{fc10L}oad,oad
low,4,app_text01,text/common_message.mbe/000_Sheet1.csv,100010,{fc10O}ptions,ptions
low,4,app_text01,text/common_message.mbe/000_Sheet1.csv,100011,{fc10T}utorials,utorials
low,4,app_text01,text/common_message.mbe/000_Sheet1.csv,100012,{fc10F}ield Guide,"ield, Guide"
low,4,app_text01,text/common_message.mbe/000_Sheet1.csv,100013,{fc10A}gent Skills,"gent, Skills"
low,4,app_text01,text/common_message.mbe/000_Sheet1.csv,100014,{fc10C}onvert,onvert
low,4,app_text01,text/common_message.mbe/000_Sheet1.csv,10003,Attribute,Attribute
low,4,app_text01,text/common_message.mbe/000_Sheet1.csv,10004,Element,Element
low,4,app_text01,text/common_message.mbe/000_Sheet1.csv,10005,Generation,Generation
low,4,app_text01,text/common_message.mbe/000_Sheet1.csv,10006,Other,Other
low,4,app_text01,text/common_message.mbe/000_Sheet1.csv,10008,Auto-Select,Auto-Select
low,4,app_text01,text/common_message.mbe/000_Sheet1.csv,10009,Synthesize,Synthesize
low,4,app_text01,text/common_message.mbe/000_Sheet1.csv,10010,Lv.,Lv
low,4,app_text01,text/common_message.mbe/000_Sheet1.csv,100100,{fc10P}ause,ause
low,4,app_text01,text/common_message.mbe/000_Sheet1.csv,10014,Element,Element
low,4,app_text01,text/common_message.mbe/000_Sheet1.csv,10015,Attribute,Attribute
low,4,app_text01,text/common_message.mbe/000_Sheet1.csv,10016,Generation,Generation
low,4,app_text01,text/common_message.mbe/000_Sheet1.csv,10017,Condition,Condition
low,4,app_text01,text/common_message.mbe/000_Sheet1.csv,10018,(Max Lv. {n0}),"Max, Lv"
low,4,app_text01,text/common_message.mbe/000_Sheet1.csv,1002,Hours,Hours
low,4,app_text01,text/common_message.mbe/000_Sheet1.csv,100200,{fc10M}aterial World,"aterial, World"
low,4,app_text01,text/common_message.mbe/000_Sheet1.csv,10024,Bond,Bond
low,4,app_text01,text/common_message.mbe/000_Sheet1.csv,10025,Personality,Personality
low,4,app_text01,text/common_message.mbe/000_Sheet1.csv,10026,Talent,Talent
low,4,app_text01,text/common_message.mbe/000_Sheet1.csv,10029,Stats,Stats
low,4,app_text01,text/common_message.mbe/000_Sheet1.csv,1003,Minutes,Minutes
low,4,app_text01,text/common_message.mbe/000_Sheet1.csv,10030,Boosted!,Boosted
low,4,app_text01,text/common_message.mbe/000_Sheet1.csv,100300,{fc10D}igiline,igiline
low,4,app_text01,text/common_message.mbe/000_Sheet1.csv,100301,{fc10C}onversation Log,"onversation, Log"
low,4,app_text01,text/common_message.mbe/000_Sheet1.csv,10040,Base Digimon    Lv. {n0},"Base, Lv"
low,4,app_text01,text/common_message.mbe/000_Sheet1.csv,10042,Help,Help
low,4,app_text01,text/common_message.mbe/000_Sheet1.csv,10043,Close,Close
low,4,app_text01,text/common_message.mbe/000_Sheet1.csv,10045,Mission,Mission
low,4,app_text01,text/common_message.mbe/000_Sheet1.csv,10046,{d0} Scan Rate,"Scan, Rate"
low,4,app_text01,text/common_message.mbe/000_Sheet1.csv,10047,Max,Max
low,4,app_text01,text/common_message.mbe/000_Sheet1.csv,10048,Level Learned,"Level, Learned"
low,4,app_text01,text/common_message.mbe/000_Sheet1.csv,10049,Stats,Stats
low,4,app_text01,text/common_message.mbe/000_Sheet1.csv,10050,Next,Next
low,4,app_text01,text/common_message.mbe/000_Sheet1.csv,10052,Equipment,Equipment
low,4,app_text01,text/common_message.mbe/000_Sheet1.csv,10053,Special Conditions,"Special, Conditions"
low,4,app_text01,text/common_message.mbe/000_Sheet1.csv,10054,Physical,Physical
low,4,app_text01,text/common_message.mbe/000_Sheet1.csv,10056,Recovery,Recovery
low,4,app_text01,text/common_message.mbe/000_Sheet1.csv,10057,Buff,Buff
low,4,app_text01,text/common_message.mbe/000_Sheet1.csv,10058,Debuff,Debuff
low,4,app_text01,text/common_message.mbe/000_Sheet1.csv,10059,Special,Special
low,4,app_text01,text/common_message.mbe/000_Sheet1.csv,10068,Selected Digimon,Selected
low,4,app_text01,text/common_message.mbe/000_Sheet1.csv,10070,Board,Board
low,4,app_text01,text/common_message.mbe/000_Sheet1.csv,10071,Dismount,Dismount
low,4,app_text01,text/common_message.mbe/000_Sheet1.csv,10072,Stat Changes,"Stat, Changes"
low,4,app_text01,text/common_message.mbe/000_Sheet1.csv,10074,Type,Type
low,4,app_text01,text/common_message.mbe/000_Sheet1.csv,10075,Lv. 1 Only,"Lv, Only"
low,4,app_text01,text/common_message.mbe/000_Sheet1.csv,10076,No Cumulative Bonus,"Cumulative, Bonus"
low,4,app_text01,text/common_message.mbe/000_Sheet1.csv,1008,Data {n0},Data
low,4,app_text01,text/common_message.mbe/000_Sheet1.csv,1009,Autosave,Autosave
low,4,app_text01,text/common_message.mbe/000_Sheet1.csv,10090,Filter,Filter
low,4,app_text01,text/common_message.mbe/000_Sheet1.csv,10091,Filter Applied,"Filter, Applied"
low,4,app_text01,text/common_message.mbe/000_Sheet1.csv,10092,Power (Ascending),"Power, Ascending"
low,4,app_text01,text/common_message.mbe/000_Sheet1.csv,10093,Power (Descending),"Power, Descending"
low,4,app_text01,text/common_message.mbe/000_Sheet1.csv,10094,Synthesis,Synthesis
low,4,app_text01,text/common_message.mbe/000_Sheet1.csv,10098,Confirm,Confirm
low,4,app_text01,text/common_message.mbe/000_Sheet1.csv,1012,Corrupted,Corrupted
low,4,app_text01,text/common_message.mbe/000_Sheet1.csv,1013,Data,Data
low,4,app_text01,text/common_message.mbe/000_Sheet1.csv,1015,Location,Location
low,4,app_text01,text/common_message.mbe/000_Sheet1.csv,1016,Date,Date
low,4,app_text01,text/common_message.mbe/000_Sheet1.csv,102,Lv.,Lv
low,4,app_text01,text/common_message.mbe/000_Sheet1.csv,10200,Farm Environment,"Farm, Environment"
low,4,app_text01,text/common_message.mbe/000_Sheet1.csv,10202,Orders,Orders
low,4,app_text01,text/common_message.mbe/000_Sheet1.csv,1030,Autosaving...,Autosaving
low,4,app_text01,text/common_message.mbe/000_Sheet1.csv,10301,Dialogue,Dialogue
low,4,app_text01,text/common_message.mbe/000_Sheet1.csv,10404,"{fc1Obtain} {fc9{d0}} {fc1in order to unlock Mode Change.
Mode Change can be performed and reversed freely.

Note: Level, Personality, Talent, and Bond will not change.}",fc
low,4,app_text01,text/common_message.mbe/000_Sheet1.csv,10500,Conversation Log,"Conversation, Log"
low,4,app_text01,text/common_message.mbe/000_Sheet1.csv,10502,Play,Play
low,4,app_text01,text/common_message.mbe/000_Sheet1.csv,10503,Back,Back
low,4,app_text01,text/common_message.mbe/000_Sheet1.csv,106,Party,Party
low,4,app_text01,text/common_message.mbe/000_Sheet1.csv,10600,Lv. {n0},Lv
low,4,app_text01,text/common_message.mbe/000_Sheet1.csv,107,Box,Box
low,4,app_text01,text/common_message.mbe/000_Sheet1.csv,108,Farm {d0},Farm
low,4,app_text01,text/common_message.mbe/000_Sheet1.csv,10855,Other,Other
low,4,app_text01,text/common_message.mbe/000_Sheet1.csv,109,All,All
low,4,app_text01,text/common_message.mbe/000_Sheet1.csv,110,Agent Points,"Agent, Points"
low,4,app_text01,text/common_message.mbe/000_Sheet1.csv,1100,Full Map,"Full, Map"
low,4,app_text01,text/common_message.mbe/000_Sheet1.csv,110000,Equipment List,"Equipment, List"
low,4,app_text01,text/common_message.mbe/000_Sheet1.csv,110001,Costume List,"Costume, List"
low,4,app_text01,text/common_message.mbe/000_Sheet1.csv,110003,Tokyo,Tokyo
low,4,app_text01,text/common_message.mbe/000_Sheet1.csv,110004,Iliad,Iliad
low,4,app_text01,text/common_message.mbe/000_Sheet1.csv,1101,Close,Close
low,4,app_text01,text/common_message.mbe/000_Sheet1.csv,1102,Navigation,Navigation
low,4,app_text01,text/common_message.mbe/000_Sheet1.csv,111,TP,TP
low,4,app_text01,text/common_message.mbe/000_Sheet1.csv,11108,Held,Held
low,4,app_text01,text/common_message.mbe/000_Sheet1.csv,112,YEN,YEN
low,4,app_text01,text/common_message.mbe/000_Sheet1.csv,113,x,x
low,4,app_text01,text/common_message.mbe/000_Sheet1.csv,11300,Learned,Learned
low,4,app_text01,text/common_message.mbe/000_Sheet1.csv,11301,Master,Master
low,4,app_text01,text/common_message.mbe/000_Sheet1.csv,11306,Usable TP,"Usable, TP"
low,4,app_text01,text/common_message.mbe/000_Sheet1.csv,11307,{fc13{d1}} {d2} /{fc13 {d3}},"fc, fc"
low,4,app_text01,text/common_message.mbe/000_Sheet1.csv,11500,Digimon Discovered,Discovered
low,4,app_text01,text/common_message.mbe/000_Sheet1.csv,11501,Digimon Registered,Registered
low,4,app_text01,text/common_message.mbe/000_Sheet1.csv,11502,Field Guide No.,"Field, Guide"
low,4,app_text01,text/common_message.mbe/000_Sheet1.csv,11503,Profile,Profile
low,4,app_text01,text/common_message.mbe/000_Sheet1.csv,11504,Stats,Stats
low,4,app_text01,text/common_message.mbe/000_Sheet1.csv,11507,Base Personality,"Base, Personality"
low,4,app_text01,text/common_message.mbe/000_Sheet1.csv,11508,SP Cost,Cost
low,4,app_text01,text/common_message.mbe/000_Sheet1.csv,11600,Digital World,"Digital, World"
low,4,app_text01,text/common_message.mbe/000_Sheet1.csv,11601,Tokyo,Tokyo
low,4,app_text01,text/common_message.mbe/000_Sheet1.csv,11602,Area,Area
low,4,app_text01,text/common_message.mbe/000_Sheet1.csv,11603,Dungeon,Dungeon
low,4,app_text01,text/common_message.mbe/000_Sheet1.csv,11650,Digital World,"Digital, World"
low,4,app_text01,text/common_message.mbe/000_Sheet1.csv,11700,Power Needed: {d0},"Power, Needed"
low,4,app_text01,text/common_message.mbe/000_Sheet1.csv,118,Description,Description
low,4,app_text01,text/common_message.mbe/000_Sheet1.csv,120,Off,Off
low,4,app_text01,text/common_message.mbe/000_Sheet1.csv,1200,Party,Party
low,4,app_text01,text/common_message.mbe/000_Sheet1.csv,120000,All,All
low,4,app_text01,text/common_message.mbe/000_Sheet1.csv,120001,Physical,Physical
low,4,app_text01,text/common_message.mbe/000_Sheet1.csv,120002,Magic,Magic
low,4,app_text01,text/common_message.mbe/000_Sheet1.csv,120003,Recovery,Recovery
low,4,app_text01,text/common_message.mbe/000_Sheet1.csv,120004,Buff,Buff
low,4,app_text01,text/common_message.mbe/000_Sheet1.csv,120005,Debuff,Debuff
low,4,app_text01,text/common_message.mbe/000_Sheet1.csv,120006,Special,Special
low,4,app_text01,text/common_message.mbe/000_Sheet1.csv,120100,All Digimon,All
low,4,app_text01,text/common_message.mbe/000_Sheet1.csv,120103,Box Digimon,Box
low,4,app_text01,text/common_message.mbe/000_Sheet1.csv,120200,Consumables,Consumables
low,4,app_text01,text/common_message.mbe/000_Sheet1.csv,120201,Equipment,Equipment
low,4,app_text01,text/common_message.mbe/000_Sheet1.csv,120202,Materials,Materials
low,4,app_text01,text/common_message.mbe/000_Sheet1.csv,120203,Farm,Farm
low,4,app_text01,text/common_message.mbe/000_Sheet1.csv,120204,Valuables,Valuables
low,4,app_text01,text/common_message.mbe/000_Sheet1.csv,120301,Result,Result
low,4,app_text01,text/common_message.mbe/000_Sheet1.csv,120302,Field Support,"Field, Support"
low,4,app_text01,text/common_message.mbe/000_Sheet1.csv,120303,Shopping,Shopping
low,4,app_text01,text/common_message.mbe/000_Sheet1.csv,120304,Farm Skills,"Farm, Skills"
low,4,app_text01,text/common_message.mbe/000_Sheet1.csv,120305,Care Skills,"Care, Skills"
low,4,app_text01,text/common_message.mbe/000_Sheet1.csv,120307,Box,Box
low,4,app_text01,text/common_message.mbe/000_Sheet1.csv,120308,Create,Create
low,4,app_text01,text/common_message.mbe/000_Sheet1.csv,120400,Main Mission,"Main, Mission"
low,4,app_text01,text/common_message.mbe/000_Sheet1.csv,120401,Side Missions,"Side, Missions"
low,4,app_text01,text/common_message.mbe/000_Sheet1.csv,120402,Free Missions,"Free, Missions"
low,4,app_text01,text/common_message.mbe/000_Sheet1.csv,120502,Field,Field
low,4,app_text01,text/common_message.mbe/000_Sheet1.csv,120503,System,System
low,4,app_text01,text/common_message.mbe/000_Sheet1.csv,1213,Empty,Empty
low,4,app_text01,text/common_message.mbe/000_Sheet1.csv,122,Condition,Condition
low,4,app_text01,text/common_message.mbe/000_Sheet1.csv,124,{fc2{n0}}/{n1},fc
low,4,app_text01,text/common_message.mbe/000_Sheet1.csv,125,{fc9 {d0}}/{d1},fc
low,4,app_text01,text/common_message.mbe/000_Sheet1.csv,1251,{d0} Max HP needed,"Max, needed"
low,4,app_text01,text/common_message.mbe/000_Sheet1.csv,1252,{d0} Max SP needed,"Max, needed"
low,4,app_text01,text/common_message.mbe/000_Sheet1.csv,1258,{d0} Talent needed,"Talent, needed"
low,4,app_text01,text/common_message.mbe/000_Sheet1.csv,1259,{d0}% Bond needed,"Bond, needed"
low,4,app_text01,text/common_message.mbe/000_Sheet1.csv,1260,{d0} held,held
low,4,app_text01,text/common_message.mbe/000_Sheet1.csv,1266,Fail,Fail
low,4,app_text01,text/common_message.mbe/000_Sheet1.csv,128,Level,Level
low,4,app_text01,text/common_message.mbe/000_Sheet1.csv,129,Credits,Credits
low,4,app_text01,text/common_message.mbe/000_Sheet1.csv,1300,Client,Client
low,4,app_text01,text/common_message.mbe/000_Sheet1.csv,130000,Current Costume,"Current, Costume"
low,4,app_text01,text/common_message.mbe/000_Sheet1.csv,130002,Current,Current
low,4,app_text01,text/common_message.mbe/000_Sheet1.csv,130003,Rotate,Rotate
low,4,app_text01,text/common_message.mbe/000_Sheet1.csv,13002,Requirements,Requirements
low,4,app_text01,text/common_message.mbe/000_Sheet1.csv,13003,{d0} Available,Available
low,4,app_text01,text/common_message.mbe/000_Sheet1.csv,13004,{d0} Unavailable,Unavailable
low,4,app_text01,text/common_message.mbe/000_Sheet1.csv,1301,Next Objective,"Next, Objective"
low,4,app_text01,text/common_message.mbe/000_Sheet1.csv,13015,Base Digimon,Base
low,4,app_text01,text/common_message.mbe/000_Sheet1.csv,1302,Reward,Reward
low,4,app_text01,text/common_message.mbe/000_Sheet1.csv,13020,Location,Location
low,4,app_text01,text/common_message.mbe/000_Sheet1.csv,1303,Recommended Level,"Recommended, Level"
low,4,app_text01,text/common_message.mbe/000_Sheet1.csv,1304,Reward Money,"Reward, Money"
low,4,app_text01,text/common_message.mbe/000_Sheet1.csv,131,Level,Level
low,4,app_text01,text/common_message.mbe/000_Sheet1.csv,1310,Story,Story
low,4,app_text01,text/common_message.mbe/000_Sheet1.csv,1311,Main,Main
low,4,app_text01,text/common_message.mbe/000_Sheet1.csv,1312,Sub,Sub
low,4,app_text01,text/common_message.mbe/000_Sheet1.csv,1314,Recommended Lv.,"Recommended, Lv"
low,4,app_text01,text/common_message.mbe/000_Sheet1.csv,1315,Next Objective,"Next, Objective"
low,4,app_text01,text/common_message.mbe/000_Sheet1.csv,1316,Anomaly Points,"Anomaly, Points"
low,4,app_text01,text/common_message.mbe/000_Sheet1.csv,1319,Quest {fc10C}omplete,"Quest, omplete"
low,4,app_text01,text/common_message.mbe/000_Sheet1.csv,135,Agent Rank,"Agent, Rank"
low,4,app_text01,text/common_message.mbe/000_Sheet1.csv,138,Digimon under Analysis,"under, Analysis"
low,4,app_text01,text/common_message.mbe/000_Sheet1.csv,1400,Sort,Sort
low,4,app_text01,text/common_message.mbe/000_Sheet1.csv,14000,Digimon Personality Type,"Personality, Type"
low,4,app_text01,text/common_message.mbe/000_Sheet1.csv,140001,8 Years Ago,"Years, Ago"
low,4,app_text01,text/common_message.mbe/000_Sheet1.csv,140002,Present Day,"Present, Day"
low,4,app_text01,text/common_message.mbe/000_Sheet1.csv,14001,Affection,Affection
low,4,app_text01,text/common_message.mbe/000_Sheet1.csv,14002,Companionship,Companionship
low,4,app_text01,text/common_message.mbe/000_Sheet1.csv,14003,Understanding,Understanding
low,4,app_text01,text/common_message.mbe/000_Sheet1.csv,14004,Heart,Heart
low,4,app_text01,text/common_message.mbe/000_Sheet1.csv,1401,Obtained,Obtained
low,4,app_text01,text/common_message.mbe/000_Sheet1.csv,14010,Valor,Valor
low,4,app_text01,text/common_message.mbe/000_Sheet1.csv,14011,Philanthropy,Philanthropy
low,4,app_text01,text/common_message.mbe/000_Sheet1.csv,14012,Amicability,Amicability
low,4,app_text01,text/common_message.mbe/000_Sheet1.csv,14013,Wisdom,Wisdom
low,4,app_text01,text/common_message.mbe/000_Sheet1.csv,1402,Name,Name
low,4,app_text01,text/common_message.mbe/000_Sheet1.csv,1403,Level,Level
low,4,app_text01,text/common_message.mbe/000_Sheet1.csv,1404,Generation,Generation
low,4,app_text01,text/common_message.mbe/000_Sheet1.csv,1412,Talent,Talent
low,4,app_text01,text/common_message.mbe/000_Sheet1.csv,1414,Scan Rate,"Scan, Rate"
low,4,app_text01,text/common_message.mbe/000_Sheet1.csv,1415,Type,Type
low,4,app_text01,text/common_message.mbe/000_Sheet1.csv,1416,Power,Power
low,4,app_text01,text/common_message.mbe/000_Sheet1.csv,1417,Size,Size
low,4,app_text01,text/common_message.mbe/000_Sheet1.csv,1418,Position,Position
low,4,app_text01,text/common_message.mbe/000_Sheet1.csv,1419,Element,Element
low,4,app_text01,text/common_message.mbe/000_Sheet1.csv,1420,Land/Sea,"Land, Sea"
low,4,app_text01,text/common_message.mbe/000_Sheet1.csv,1421,Occurrence,Occurrence
low,4,app_text01,text/common_message.mbe/000_Sheet1.csv,1451,Protected,Protected
low,4,app_text01,text/common_message.mbe/000_Sheet1.csv,1452,Equipped,Equipped
low,4,app_text01,text/common_message.mbe/000_Sheet1.csv,150,Current,Current
low,4,app_text01,text/common_message.mbe/000_Sheet1.csv,150000,Weak,Weak
low,4,app_text01,text/common_message.mbe/000_Sheet1.csv,150001,Resist,Resist
low,4,app_text01,text/common_message.mbe/000_Sheet1.csv,150110,Items,Items
low,4,app_text01,text/common_message.mbe/000_Sheet1.csv,150113,No items available.,"items, available"
low,4,app_text01,text/common_message.mbe/000_Sheet1.csv,150120,Skills,Skills
low,4,app_text01,text/common_message.mbe/000_Sheet1.csv,150122,Special Skills,"Special, Skills"
low,4,app_text01,text/common_message.mbe/000_Sheet1.csv,150130,Analyze,Analyze
low,4,app_text01,text/common_message.mbe/000_Sheet1.csv,150131,Escape,Escape
low,4,app_text01,text/common_message.mbe/000_Sheet1.csv,150132,Speed,Speed
low,4,app_text01,text/common_message.mbe/000_Sheet1.csv,150133,Auto,Auto
low,4,app_text01,text/common_message.mbe/000_Sheet1.csv,151,Cleared,Cleared
low,4,app_text01,text/common_message.mbe/000_Sheet1.csv,152,Selected,Selected
low,4,app_text01,text/common_message.mbe/000_Sheet1.csv,1704,Special Skills,"Special, Skills"
low,4,app_text01,text/common_message.mbe/000_Sheet1.csv,171000,{fc10R}esult,esult
low,4,app_text01,text/common_message.mbe/000_Sheet1.csv,171001,{fc10L}og,og
low,4,app_text01,text/common_message.mbe/000_Sheet1.csv,171002,Scan Rate:,"Scan, Rate"
low,4,app_text01,text/common_message.mbe/000_Sheet1.csv,171006,pts.,pts
low,4,app_text01,text/common_message.mbe/000_Sheet1.csv,172000,Traits,Traits
low,4,app_text01,text/common_message.mbe/000_Sheet1.csv,180000,Conversation Log,"Conversation, Log"
low,4,app_text01,text/common_message.mbe/000_Sheet1.csv,180002,Home,Home
low,4,app_text01,text/common_message.mbe/000_Sheet1.csv,180003,Ally,Ally
low,4,app_text01,text/common_message.mbe/000_Sheet1.csv,180004,Farm,Farm
low,4,app_text01,text/common_message.mbe/000_Sheet1.csv,180005,Mission,Mission
low,4,app_text01,text/common_message.mbe/000_Sheet1.csv,180007,{is30}{image(ui_digivice_digiline_reply)} Reply,Reply
low,4,app_text01,text/common_message.mbe/000_Sheet1.csv,180008,Reply,Reply
low,4,app_text01,text/common_message.mbe/000_Sheet1.csv,180010,Tutorial,Tutorial
low,4,app_text01,text/common_message.mbe/000_Sheet1.csv,19000,Difficulty,Difficulty
low,4,app_text01,text/common_message.mbe/000_Sheet1.csv,190000,{n0} {fc15/ {n1}},fc
low,4,app_text01,text/common_message.mbe/000_Sheet1.csv,190008,Personality Skills,"Personality, Skills"
low,4,app_text01,text/common_message.mbe/000_Sheet1.csv,19001,Autosave,Autosave
low,4,app_text01,text/common_message.mbe/000_Sheet1.csv,190013,Move Digimon,Move
low,4,app_text01,text/common_message.mbe/000_Sheet1.csv,190014,Place Island,"Place, Island"
low,4,app_text01,text/common_message.mbe/000_Sheet1.csv,190018,Move,Move
low,4,app_text01,text/common_message.mbe/000_Sheet1.csv,19002,Screen Brightness,"Screen, Brightness"
low,4,app_text01,text/common_message.mbe/000_Sheet1.csv,19003,Companion Digimon,Companion
low,4,app_text01,text/common_message.mbe/000_Sheet1.csv,19011,Camera Sensitivity,"Camera, Sensitivity"
low,4,app_text01,text/common_message.mbe/000_Sheet1.csv,19013,Message Speed,"Message, Speed"
low,4,app_text01,text/common_message.mbe/000_Sheet1.csv,19014,Vibration,Vibration
low,4,app_text01,text/common_message.mbe/000_Sheet1.csv,19015,Game Language,"Game, Language"
low,4,app_text01,text/common_message.mbe/000_Sheet1.csv,19016,Character Voices,"Character, Voices"
low,4,app_text01,text/common_message.mbe/000_Sheet1.csv,19017,Master Volume,"Master, Volume"
low,4,app_text01,text/common_message.mbe/000_Sheet1.csv,19018,Music Volume,"Music, Volume"
low,4,app_text01,text/common_message.mbe/000_Sheet1.csv,19020,Voice Volume,"Voice, Volume"
low,4,app_text01,text/common_message.mbe/000_Sheet1.csv,19023,Digimon Voices,Voices
low,4,app_text01,text/common_message.mbe/000_Sheet1.csv,19024,Confirm,Confirm
low,4,app_text01,text/common_message.mbe/000_Sheet1.csv,19025,Cancel,Cancel
low,4,app_text01,text/common_message.mbe/000_Sheet1.csv,19034,Off,Off
low,4,app_text01,text/common_message.mbe/000_Sheet1.csv,19037,Hide,Hide
low,4,app_text01,text/common_message.mbe/000_Sheet1.csv,19041,Inverted,Inverted
low,4,app_text01,text/common_message.mbe/000_Sheet1.csv,19042,Slow,Slow
low,4,app_text01,text/common_message.mbe/000_Sheet1.csv,19044,Fast,Fast
low,4,app_text01,text/common_message.mbe/000_Sheet1.csv,19045,Instant,Instant
low,4,app_text01,text/common_message.mbe/000_Sheet1.csv,19046,Low,Low
low,4,app_text01,text/common_message.mbe/000_Sheet1.csv,19047,Medium,Medium
low,4,app_text01,text/common_message.mbe/000_Sheet1.csv,19048,High,High
low,4,app_text01,text/common_message.mbe/000_Sheet1.csv,19049,Japanese,Japanese
low,4,app_text01,text/common_message.mbe/000_Sheet1.csv,19050,English,English
low,4,app_text01,text/common_message.mbe/000_Sheet1.csv,19051,French,French
low,4,app_text01,text/common_message.mbe/000_Sheet1.csv,19052,Spanish,Spanish
low,4,app_text01,text/common_message.mbe/000_Sheet1.csv,19053,German,German
low,4,app_text01,text/common_message.mbe/000_Sheet1.csv,19054,Italian,Italian
low,4,app_text01,text/common_message.mbe/000_Sheet1.csv,19056,Korean,Korean
low,4,app_text01,text/common_message.mbe/000_Sheet1.csv,19059,Mono,Mono
low,4,app_text01,text/common_message.mbe/000_Sheet1.csv,19060,Stereo,Stereo
low,4,app_text01,text/common_message.mbe/000_Sheet1.csv,19066,Type A,"Type, A"
low,4,app_text01,text/common_message.mbe/000_Sheet1.csv,19067,Type B,"Type, B"
low,4,app_text01,text/common_message.mbe/000_Sheet1.csv,19074,Agreed,Agreed
low,4,app_text01,text/common_message.mbe/000_Sheet1.csv,19075,Declined,Declined
low,4,app_text01,text/common_message.mbe/000_Sheet1.csv,200,New,New
low,4,app_text01,text/common_message.mbe/000_Sheet1.csv,201,Recovery,Recovery
low,4,app_text01,text/common_message.mbe/000_Sheet1.csv,20100,Personality,Personality
low,4,app_text01,text/common_message.mbe/000_Sheet1.csv,20101,Description,Description
low,4,app_text01,text/common_message.mbe/000_Sheet1.csv,20102,Just,Just
low,4,app_text01,text/common_message.mbe/000_Sheet1.csv,20103,Zealous,Zealous
low,4,app_text01,text/common_message.mbe/000_Sheet1.csv,20104,Calm,Calm
low,4,app_text01,text/common_message.mbe/000_Sheet1.csv,20105,Evil,Evil
low,4,app_text01,text/common_message.mbe/000_Sheet1.csv,202,Equipment,Equipment
low,4,app_text01,text/common_message.mbe/000_Sheet1.csv,203,Materials,Materials
low,4,app_text01,text/common_message.mbe/000_Sheet1.csv,204,Farm,Farm
low,4,app_text01,text/common_message.mbe/000_Sheet1.csv,205,Costumes/Accessories,"Costumes, Accessories"
low,4,app_text01,text/common_message.mbe/000_Sheet1.csv,206,Valuables,Valuables
low,4,app_text01,text/common_message.mbe/000_Sheet1.csv,207,Cards,Cards
low,4,app_text01,text/common_message.mbe/000_Sheet1.csv,208,Skills,Skills
low,4,app_text01,text/common_message.mbe/000_Sheet1.csv,210,Enhancements,Enhancements
low,4,app_text01,text/common_message.mbe/000_Sheet1.csv,21000,No matching Digimon found.,"matching, found"
low,4,app_text01,text/common_message.mbe/000_Sheet1.csv,21001,No items found.,"items, found"
low,4,app_text01,text/common_message.mbe/000_Sheet1.csv,21003,No selectable Digimon.,selectable
low,4,app_text01,text/common_message.mbe/000_Sheet1.csv,21004,No information found.,"information, found"
low,4,app_text01,text/common_message.mbe/000_Sheet1.csv,21005,No opponents found.,"opponents, found"
low,4,app_text01,text/common_message.mbe/000_Sheet1.csv,21006,No messages found.,"messages, found"
low,4,app_text01,text/common_message.mbe/000_Sheet1.csv,211,Special,Special
low,4,app_text01,text/common_message.mbe/000_Sheet1.csv,3209,Level Up,"Level, Up"
low,4,app_text01,text/common_message.mbe/000_Sheet1.csv,3300,Empty,Empty
low,4,app_text01,text/common_message.mbe/000_Sheet1.csv,3400,Empty,Empty
low,4,app_text01,text/common_message.mbe/000_Sheet1.csv,400,Buy,Buy
low,4,app_text01,text/common_message.mbe/000_Sheet1.csv,401,Sell,Sell
low,4,app_text01,text/common_message.mbe/000_Sheet1.csv,402,Shop,Shop
low,4,app_text01,text/common_message.mbe/000_Sheet1.csv,405,Total,Total
low,4,app_text01,text/common_message.mbe/000_Sheet1.csv,407,Buy,Buy
low,4,app_text01,text/common_message.mbe/000_Sheet1.csv,408,Sell,Sell
low,4,app_text01,text/common_message.mbe/000_Sheet1.csv,409,Money Needed,"Money, Needed"
low,4,app_text01,text/common_message.mbe/000_Sheet1.csv,412,Materials Needed,"Materials, Needed"
low,4,app_text01,text/common_message.mbe/000_Sheet1.csv,414,Create,Create
low,4,app_text01,text/common_message.mbe/000_Sheet1.csv,415,Take Apart,"Take, Apart"
low,4,app_text01,text/common_message.mbe/000_Sheet1.csv,6000,A,A
low,4,app_text01,text/common_message.mbe/000_Sheet1.csv,6001,B,B
low,4,app_text01,text/common_message.mbe/000_Sheet1.csv,6004,E,E
low,4,app_text01,text/common_message.mbe/000_Sheet1.csv,6005,F,F
low,4,app_text01,text/common_message.mbe/000_Sheet1.csv,6006,G,G
low,4,app_text01,text/common_message.mbe/000_Sheet1.csv,6007,H,H
low,4,app_text01,text/common_message.mbe/000_Sheet1.csv,6009,J,J
low,4,app_text01,text/common_message.mbe/000_Sheet1.csv,6010,K,K
low,4,app_text01,text/common_message.mbe/000_Sheet1.csv,6013,N,N
low,4,app_text01,text/common_message.mbe/000_Sheet1.csv,6014,O,O
low,4,app_text01,text/common_message.mbe/000_Sheet1.csv,6015,P,P
low,4,app_text01,text/common_message.mbe/000_Sheet1.csv,6016,Q,Q
low,4,app_text01,text/common_message.mbe/000_Sheet1.csv,6017,R,R
low,4,app_text01,text/common_message.mbe/000_Sheet1.csv,6018,S,S
low,4,app_text01,text/common_message.mbe/000_Sheet1.csv,6019,T,T
low,4,app_text01,text/common_message.mbe/000_Sheet1.csv,6020,U,U
low,4,app_text01,text/common_message.mbe/000_Sheet1.csv,6022,W,W
low,4,app_text01,text/common_message.mbe/000_Sheet1.csv,6024,Y,Y
low,4,app_text01,text/common_message.mbe/000_Sheet1.csv,6025,Z,Z
low,4,app_text01,text/common_message.mbe/000_Sheet1.csv,603,Box,Box
low,4,app_text01,text/common_message.mbe/000_Sheet1.csv,604,Primary,Primary
low,4,app_text01,text/common_message.mbe/000_Sheet1.csv,605,Secondary,Secondary
low,4,app_text01,text/common_message.mbe/000_Sheet1.csv,606,Farm,Farm
low,4,app_text01,text/common_message.mbe/000_Sheet1.csv,721,Cards,Cards
low,4,app_text01,text/common_message.mbe/000_Sheet1.csv,730,Agent Skills,"Agent, Skills"
low,4,app_text01,text/common_message.mbe/000_Sheet1.csv,731,Agent Info,"Agent, Info"
low,4,app_text01,text/common_message.mbe/000_Sheet1.csv,733,Costumes,Costumes
low,4,app_text01,text/common_message.mbe/000_Sheet1.csv,740,Mission List,"Mission, List"
low,4,app_text01,text/common_message.mbe/000_Sheet1.csv,741,Field Guide,"Field, Guide"
low,4,app_text01,text/common_message.mbe/000_Sheet1.csv,752,Options,Options
low,4,app_text01,text/common_message.mbe/000_Sheet1.csv,753,Tutorials,Tutorials
low,4,app_text01,text/common_message.mbe/000_Sheet1.csv,755,Field,Field
low,4,app_text01,text/common_message.mbe/000_Sheet1.csv,772,Convert,Convert
low,4,app_text01,text/common_message.mbe/000_Sheet1.csv,801,Skills/Equipment,"Skills, Equipment"
low,4,app_text01,text/common_message.mbe/000_Sheet1.csv,811,Confirm,Confirm
low,4,app_text01,text/common_message.mbe/000_Sheet1.csv,812,Default,Default
low,4,app_text01,text/common_message.mbe/000_Sheet1.csv,813,Back,Back
low,4,app_text01,text/common_message.mbe/000_Sheet1.csv,814,Close,Close
low,4,app_text01,text/common_message.mbe/000_Sheet1.csv,900010,Weak,Weak
low,4,app_text01,text/common_message.mbe/000_Sheet1.csv,900011,Resist,Resist
low,4,app_text01,text/common_message.mbe/000_Sheet1.csv,9014,Element:,Element
low,4,app_text01,text/common_message.mbe/000_Sheet1.csv,9015,Attribute:,Attribute
low,4,app_text01,text/common_message.mbe/000_Sheet1.csv,9016,Generation:,Generation
low,4,app_text01,text/common_message.mbe/000_Sheet1.csv,9017,Condition:,Condition
low,4,app_text01,text/common_message.mbe/000_Sheet1.csv,9019,Attribute Resistance,"Attribute, Resistance"
low,4,app_text01,text/common_message.mbe/000_Sheet1.csv,9020,Elemental Resistance,"Elemental, Resistance"
low,4,app_text01,text/common_message.mbe/000_Sheet1.csv,icon_info_category_01,Attribute Compatibility,"Attribute, Compatibility"
low,4,app_text01,text/common_message.mbe/000_Sheet1.csv,icon_info_category_02,Icon Description: Digimon,"Icon, Description"
low,4,app_text01,text/common_message.mbe/000_Sheet1.csv,icon_info_description_02_01,Attribute (Vaccine),"Attribute, Vaccine"
low,4,app_text01,text/common_message.mbe/000_Sheet1.csv,icon_info_description_02_02,Attribute (Data),"Attribute, Data"
low,4,app_text01,text/common_message.mbe/000_Sheet1.csv,icon_info_description_02_03,Attribute (Virus),"Attribute, Virus"
low,4,app_text01,text/common_message.mbe/000_Sheet1.csv,icon_info_description_02_04,Attribute (Free),"Attribute, Free"
low,4,app_text01,text/common_message.mbe/000_Sheet1.csv,icon_info_description_02_05,Attribute (Variable),"Attribute, Variable"
low,4,app_text01,text/common_message.mbe/000_Sheet1.csv,icon_info_description_02_06,Attribute (Unknown),"Attribute, Unknown"
low,4,app_text01,text/common_message.mbe/000_Sheet1.csv,icon_info_description_02_22,Generation,Generation
low,4,app_text01,text/common_message.mbe/000_Sheet1.csv,icon_info_description_03_10,HP Auto-Recovery,Auto-Recovery
low,4,app_text01,text/common_message.mbe/000_Sheet1.csv,icon_info_description_03_11,SP Auto-Recovery,Auto-Recovery
low,4,app_text01,text/common_message.mbe/000_Sheet1.csv,icon_info_description_03_21,Brave,Brave
low,4,app_text01,text/common_message.mbe/000_Sheet1.csv,icon_info_description_05_01,Cross Art,"Cross, Art"
low,4,app_text01,text/common_message.mbe/000_Sheet1.csv,icon_info_description_05_02,Personality (Valor),"Personality, Valor"
low,4,app_text01,text/common_message.mbe/000_Sheet1.csv,icon_info_description_05_03,Personality (Philanthropy),"Personality, Philanthropy"
low,4,app_text01,text/common_message.mbe/000_Sheet1.csv,icon_info_description_05_04,Personality (Amicability),"Personality, Amicability"
low,4,app_text01,text/common_message.mbe/000_Sheet1.csv,icon_info_description_05_05,Personality (Wisdom),"Personality, Wisdom"
low,4,app_text01,text/common_message.mbe/000_Sheet1.csv,icon_info_description_05_06,Stats Up,"Stats, Up"
low,4,app_text01,text/common_message.mbe/000_Sheet1.csv,icon_info_description_05_19,Continuous Effect,"Continuous, Effect"
low,4,app_text01,text/common_message.mbe/000_Sheet1.csv,icon_info_description_05_20,Valor-Only Effect,"Valor-Only, Effect"
low,4,app_text01,text/common_message.mbe/000_Sheet1.csv,icon_info_description_05_21,Philanthropy-Only Effect,"Philanthropy-Only, Effect"
low,4,app_text01,text/common_message.mbe/000_Sheet1.csv,icon_info_description_05_22,Amicability-Only Effect,"Amicability-Only, Effect"
low,4,app_text01,text/common_message.mbe/000_Sheet1.csv,icon_info_description_05_23,Wisdom-Only Effect,"Wisdom-Only, Effect"
low,4,app_text01,text/common_message.mbe/000_Sheet1.csv,icon_info_description_05_24,Cross Art Effect Learned (Атака),"Cross, Art, Effect, Learned"
low,4,app_text01,text/common_message.mbe/000_Sheet1.csv,icon_info_description_06_01,Objective,Objective
low,4,app_text01,text/common_message.mbe/000_Sheet1.csv,icon_info_description_06_02,Current Location,"Current, Location"
low,4,app_text01,text/common_message.mbe/000_Sheet1.csv,icon_info_description_06_03,Hostile Digimon,Hostile
low,4,app_text01,text/common_message.mbe/000_Sheet1.csv,icon_info_description_06_04,Examine,Examine
low,4,app_text01,text/common_message.mbe/000_Sheet1.csv,icon_info_description_06_05,Talk,Talk
low,4,app_text01,text/common_message.mbe/000_Sheet1.csv,icon_info_description_06_06,Harvest Spot,"Harvest, Spot"
low,4,app_text01,text/common_message.mbe/000_Sheet1.csv,icon_info_description_06_07,Treasure Chest,"Treasure, Chest"
low,4,app_text01,text/common_message.mbe/000_Sheet1.csv,icon_info_description_06_08,Main Mission,"Main, Mission"
low,4,app_text01,text/common_message.mbe/000_Sheet1.csv,icon_info_description_06_09,Side Mission,"Side, Mission"
low,4,app_text01,text/common_message.mbe/000_Sheet1.csv,icon_info_description_06_10,Free Mission,"Free, Mission"
low,4,app_text01,text/common_message.mbe/000_Sheet1.csv,icon_info_description_06_11,Shop,Shop
low,4,app_text01,text/common_message.mbe/000_Sheet1.csv,icon_info_description_06_14,Equipment Shop,"Equipment, Shop"
low,4,app_text01,text/common_message.mbe/000_Sheet1.csv,icon_info_description_06_16,Costume Shop,"Costume, Shop"
low,4,app_text01,text/common_message.mbe/000_Sheet1.csv,icon_info_description_06_17,Crafting Shop,"Crafting, Shop"
low,4,app_text01,text/common_message.mbe/000_Sheet1.csv,icon_info_description_06_20,Closet,Closet
low,4,app_text01,text/common_message.mbe/000_Sheet1.csv,icon_info_description_07_01,Taxi,Taxi
low,4,app_text01,text/common_message.mbe/000_Sheet1.csv,icon_info_description_07_03,Blimpmon,Blimpmon
low,4,app_text01,text/common_message.mbe/000_Sheet1.csv,icon_info_description_07_05,Flying Digimon Port,"Flying, Port"
low,4,app_text01,text/common_message.mbe/000_Sheet1.csv,icon_info_description_07_06,DigiCo-Op,DigiCo-Op
low,4,app_text01,text/common_message.mbe/000_Sheet1.csv,icon_info_description_07_07,Ladder,Ladder
low,4,app_text01,text/common_message.mbe/000_Sheet1.csv,icon_info_description_07_08,Elevator,Elevator
low,4,app_text01,text/common_message.mbe/000_Sheet1.csv,icon_info_description_07_09,Door,Door
low,4,app_text01,text/common_message.mbe/000_Sheet1.csv,icon_info_description_07_10,In-Between Theater,"In-Between, Theater"
low,4,app_text01,text/common_message.mbe/000_Sheet1.csv,icon_info_description_07_11,Outer Dungeon,"Outer, Dungeon"
low,4,app_text01,text/common_message.mbe/000_Sheet1.csv,icon_info_description_07_16,Base,Base
low,4,app_text01,text/common_message.mbe/000_Sheet1.csv,icon_info_description_07_17,Train,Train
low,4,app_text01,text/common_message.mbe/000_Sheet1.csv,tab_name_0000,All,All
low,4,app_text01,text/common_message.mbe/000_Sheet1.csv,tab_name_0010,Recovery,Recovery
low,4,app_text01,text/common_message.mbe/000_Sheet1.csv,tab_name_0011,Enhancements,Enhancements
low,4,app_text01,text/common_message.mbe/000_Sheet1.csv,tab_name_0012,Special,Special
low,4,app_text01,text/common_message.mbe/000_Sheet1.csv,tab_name_0020,Equipment,Equipment
low,4,app_text01,text/common_message.mbe/000_Sheet1.csv,tab_name_0030,Materials,Materials
low,4,app_text01,text/common_message.mbe/000_Sheet1.csv,tab_name_0040,Farm,Farm
low,4,app_text01,text/common_message.mbe/000_Sheet1.csv,tab_name_0050,Valuables,Valuables
low,4,app_text01,text/common_message.mbe/000_Sheet1.csv,tab_name_0060,Clothes,Clothes
low,4,app_text01,text/common_message.mbe/000_Sheet1.csv,tab_name_0070,Items,Items
low,4,app_text01,text/common_message.mbe/000_Sheet1.csv,ui_analyse_damage_010,Resistance Legend,"Resistance, Legend"
low,4,app_text01,text/common_message.mbe/000_Sheet1.csv,ui_arena_0010,Challenger List,"Challenger, List"
low,4,app_text01,text/common_message.mbe/000_Sheet1.csv,ui_battle_0010,Weak,Weak
low,4,app_text01,text/common_message.mbe/000_Sheet1.csv,ui_battle_0020,Resist,Resist
low,4,app_text01,text/common_message.mbe/000_Sheet1.csv,ui_battle_0050,Items,Items
low,4,app_text01,text/common_message.mbe/000_Sheet1.csv,ui_battle_0060,CP,CP
low,4,app_text01,text/common_message.mbe/000_Sheet1.csv,ui_battle_0070,Cross Arts,"Cross, Arts"
low,4,app_text01,text/common_message.mbe/000_Sheet1.csv,ui_battle_0071,Cross Arts,"Cross, Arts"
low,4,app_text01,text/common_message.mbe/000_Sheet1.csv,ui_battle_0080,Break Point,"Break, Point"
low,4,app_text01,text/common_message.mbe/000_Sheet1.csv,ui_battle_0090,Give Up,"Give, Up"
low,4,app_text01,text/common_message.mbe/000_Sheet1.csv,ui_battle_evolution_0060,CP,CP
low,4,app_text01,text/common_message.mbe/000_Sheet1.csv,ui_battle_evolution_0070,Cross Arts,"Cross, Arts"
low,4,app_text01,text/common_message.mbe/000_Sheet1.csv,ui_battle_evolution_0080,Cross Arts,"Cross, Arts"
low,4,app_text01,text/common_message.mbe/000_Sheet1.csv,ui_bgm_0010,Field,Field
low,4,app_text01,text/common_message.mbe/000_Sheet1.csv,ui_conversion_0100,Digimon Roster,Roster
low,4,app_text01,text/common_message.mbe/000_Sheet1.csv,ui_digifarm_digicare_0010,Pet,Pet
low,4,app_text01,text/common_message.mbe/000_Sheet1.csv,ui_digifarm_digicare_0030,Feed,Feed
low,4,app_text01,text/common_message.mbe/000_Sheet1.csv,ui_digifarm_digimon_0010,Pet,Pet
low,4,app_text01,text/common_message.mbe/000_Sheet1.csv,ui_digifarm_digimon_0030,Feed,Feed
low,4,app_text01,text/common_message.mbe/000_Sheet1.csv,ui_digifarm_island_01,Sea,Sea
low,4,app_text01,text/common_message.mbe/000_Sheet1.csv,ui_digimoncard_battle_0000,Player,Player
low,4,app_text01,text/common_message.mbe/000_Sheet1.csv,ui_digimoncard_battle_0001,Rival,Rival
low,4,app_text01,text/common_message.mbe/000_Sheet1.csv,ui_digimoncard_battle_0040,Ready,Ready
low,4,app_text01,text/common_message.mbe/000_Sheet1.csv,ui_digimoncard_battle_0050,You're first!,"You're, first"
low,4,app_text01,text/common_message.mbe/000_Sheet1.csv,ui_digimoncard_battle_0060,You're second!,"You're, second"
low,4,app_text01,text/common_message.mbe/000_Sheet1.csv,ui_digimoncard_battle_0100,Brave!,Brave
low,4,app_text01,text/common_message.mbe/000_Sheet1.csv,ui_digimoncard_battle_0160,Loading...,Loading
low,4,app_text01,text/common_message.mbe/000_Sheet1.csv,ui_digimoncard_battle_0180,Extra,Extra
low,4,app_text01,text/common_message.mbe/000_Sheet1.csv,ui_digimoncard_deck_0010,{fc9C}ards,ards
low,4,app_text01,text/common_message.mbe/000_Sheet1.csv,ui_digimoncard_deck_0020,Favorites,Favorites
low,4,app_text01,text/common_message.mbe/000_Sheet1.csv,ui_digimoncard_deck_0080,Obtained Cards,"Obtained, Cards"
low,4,app_text01,text/common_message.mbe/000_Sheet1.csv,ui_digimoncard_deck_0090,{d0} x{n0},x
low,4,app_text01,text/common_message.mbe/000_Sheet1.csv,ui_digimonchat_personality_000,{is28}{image(ui_icon_personal01_00)} Valor,Valor
low,4,app_text01,text/common_message.mbe/000_Sheet1.csv,ui_digimonchat_personality_001,{is28}{image(ui_icon_personal01_00)} Brave,Brave
low,4,app_text01,text/common_message.mbe/000_Sheet1.csv,ui_digimonchat_personality_002,{is28}{image(ui_icon_personal01_00)} Zealous,Zealous
low,4,app_text01,text/common_message.mbe/000_Sheet1.csv,ui_digimonchat_personality_003,{is28}{image(ui_icon_personal01_00)} Daring,Daring
low,4,app_text01,text/common_message.mbe/000_Sheet1.csv,ui_digimonchat_personality_004,{is28}{image(ui_icon_personal01_00)} Reckless,Reckless
low,4,app_text01,text/common_message.mbe/000_Sheet1.csv,ui_digimonchat_personality_100,{is28}{image(ui_icon_personal01_01)} Philanthropy,Philanthropy
low,4,app_text01,text/common_message.mbe/000_Sheet1.csv,ui_digimonchat_personality_101,{is28}{image(ui_icon_personal01_01)} Adoring,Adoring
low,4,app_text01,text/common_message.mbe/000_Sheet1.csv,ui_digimonchat_personality_102,{is28}{image(ui_icon_personal01_01)} Devoted,Devoted
low,4,app_text01,text/common_message.mbe/000_Sheet1.csv,ui_digimonchat_personality_103,{is28}{image(ui_icon_personal01_01)} Tolerant,Tolerant
low,4,app_text01,text/common_message.mbe/000_Sheet1.csv,ui_digimonchat_personality_104,{is28}{image(ui_icon_personal01_01)} Overprotective,Overprotective
low,4,app_text01,text/common_message.mbe/000_Sheet1.csv,ui_digimonchat_personality_200,{is28}{image(ui_icon_personal01_02)} Amicability,Amicability
low,4,app_text01,text/common_message.mbe/000_Sheet1.csv,ui_digimonchat_personality_201,{is28}{image(ui_icon_personal01_02)} Compassionate,Compassionate
low,4,app_text01,text/common_message.mbe/000_Sheet1.csv,ui_digimonchat_personality_202,{is28}{image(ui_icon_personal01_02)} Sociable,Sociable
low,4,app_text01,text/common_message.mbe/000_Sheet1.csv,ui_digimonchat_personality_203,{is28}{image(ui_icon_personal01_02)} Friendly,Friendly
low,4,app_text01,text/common_message.mbe/000_Sheet1.csv,ui_digimonchat_personality_204,{is28}{image(ui_icon_personal01_02)} Opportunistic,Opportunistic
low,4,app_text01,text/common_message.mbe/000_Sheet1.csv,ui_digimonchat_personality_300,{is28}{image(ui_icon_personal01_03)} Wisdom,Wisdom
low,4,app_text01,text/common_message.mbe/000_Sheet1.csv,ui_digimonchat_personality_301,{is28}{image(ui_icon_personal01_03)} Astute,Astute
low,4,app_text01,text/common_message.mbe/000_Sheet1.csv,ui_digimonchat_personality_303,{is28}{image(ui_icon_personal01_03)} Enlightened,Enlightened
low,4,app_text01,text/common_message.mbe/000_Sheet1.csv,ui_digimonchat_personality_304,{is28}{image(ui_icon_personal01_03)} Sly,Sly
low,4,app_text01,text/common_message.mbe/000_Sheet1.csv,ui_event_0010,Skip,Skip
low,4,app_text01,text/common_message.mbe/000_Sheet1.csv,ui_event_0020,Pause,Pause
low,4,app_text01,text/common_message.mbe/000_Sheet1.csv,ui_event_0030,Log,Log
low,4,app_text01,text/common_message.mbe/000_Sheet1.csv,ui_event_0040,Auto,Auto
low,4,app_text01,text/common_message.mbe/000_Sheet1.csv,ui_evolution_condition_010,Base Digimon Personality: {d0},"Base, Personality"
low,4,app_text01,text/common_message.mbe/000_Sheet1.csv,ui_field_log_0010,MAX,MAX
low,4,app_text01,text/common_message.mbe/000_Sheet1.csv,ui_gameover_0010,Game Over,"Game, Over"
low,4,app_text01,text/common_message.mbe/000_Sheet1.csv,ui_gameover_0040,Quit,Quit
low,4,app_text01,text/common_message.mbe/000_Sheet1.csv,ui_hazama_d_0010,{fc9C}leared,leared
low,4,app_text01,text/common_message.mbe/000_Sheet1.csv,ui_hazama_d_0020,Mission Overview,"Mission, Overview"
low,4,app_text01,text/common_message.mbe/000_Sheet1.csv,ui_hazama_d_0030,Clear Conditions,"Clear, Conditions"
low,4,app_text01,text/common_message.mbe/000_Sheet1.csv,ui_hazama_d_0040,Failure Conditions,"Failure, Conditions"
low,4,app_text01,text/common_message.mbe/000_Sheet1.csv,ui_hazama_d_0050,Quit,Quit
low,4,app_text01,text/common_message.mbe/000_Sheet1.csv,ui_hazama_d_0060, ({n0} Seconds),Seconds
low,4,app_text01,text/common_message.mbe/000_Sheet1.csv,ui_hazama_d_0070,Cleared!,Cleared
low,4,app_text01,text/common_message.mbe/000_Sheet1.csv,ui_item_list_0010,Equipped,Equipped
low,4,app_text01,text/common_message.mbe/000_Sheet1.csv,ui_item_list_0020,Equipped Digimon,Equipped
low,4,app_text01,text/common_message.mbe/000_Sheet1.csv,ui_kizunaskill_0040,{is26}{image(ui_icon_personal01_00)} Zealous,Zealous
low,4,app_text01,text/common_message.mbe/000_Sheet1.csv,ui_kizunaskill_0041,{is26}{image(ui_icon_personal01_00)} Brave,Brave
low,4,app_text01,text/common_message.mbe/000_Sheet1.csv,ui_kizunaskill_0042,{is26}{image(ui_icon_personal01_00)} Reckless,Reckless
low,4,app_text01,text/common_message.mbe/000_Sheet1.csv,ui_kizunaskill_0043,{is26}{image(ui_icon_personal01_00)} Daring,Daring
low,4,app_text01,text/common_message.mbe/000_Sheet1.csv,ui_kizunaskill_0044,{is26}{image(ui_icon_personal01_01)} Adoring,Adoring
low,4,app_text01,text/common_message.mbe/000_Sheet1.csv,ui_kizunaskill_0045,{is26}{image(ui_icon_personal01_01)} Devoted,Devoted
low,4,app_text01,text/common_message.mbe/000_Sheet1.csv,ui_kizunaskill_0046,{is26}{image(ui_icon_personal01_01)} Tolerant,Tolerant
low,4,app_text01,text/common_message.mbe/000_Sheet1.csv,ui_kizunaskill_0047,{is26}{image(ui_icon_personal01_01)} Overprotective,Overprotective
low,4,app_text01,text/common_message.mbe/000_Sheet1.csv,ui_kizunaskill_0048,{is26}{image(ui_icon_personal01_02)} Opportunistic,Opportunistic
low,4,app_text01,text/common_message.mbe/000_Sheet1.csv,ui_kizunaskill_0049,{is26}{image(ui_icon_personal01_02)} Friendly,Friendly
low,4,app_text01,text/common_message.mbe/000_Sheet1.csv,ui_kizunaskill_0050,{is26}{image(ui_icon_personal01_02)} Sociable,Sociable
low,4,app_text01,text/common_message.mbe/000_Sheet1.csv,ui_kizunaskill_0051,{is26}{image(ui_icon_personal01_02)} Compassionate,Compassionate
low,4,app_text01,text/common_message.mbe/000_Sheet1.csv,ui_kizunaskill_0052,{is26}{image(ui_icon_personal01_03)} Enlightened,Enlightened
low,4,app_text01,text/common_message.mbe/000_Sheet1.csv,ui_kizunaskill_0053,{is26}{image(ui_icon_personal01_03)} Sly,Sly
low,4,app_text01,text/common_message.mbe/000_Sheet1.csv,ui_kizunaskill_0054,{is26}{image(ui_icon_personal01_03)} Astute,Astute
low,4,app_text01,text/common_message.mbe/000_Sheet1.csv,ui_launch_0020,Warning,Warning
low,4,app_text01,text/common_message.mbe/000_Sheet1.csv,ui_mission_recommendedlv_none,Recommended Lv: -,"Recommended, Lv"
low,4,app_text01,text/common_message.mbe/000_Sheet1.csv,ui_playerselect_0020,Yuki,Yuki
low,4,app_text01,text/common_message.mbe/000_Sheet1.csv,ui_quest_0010,Main Mission,"Main, Mission"
low,4,app_text01,text/common_message.mbe/000_Sheet1.csv,ui_quest_0011,Side Mission,"Side, Mission"
low,4,app_text01,text/common_message.mbe/000_Sheet1.csv,ui_quest_0012,Free Mission,"Free, Mission"
low,4,app_text01,text/common_message.mbe/000_Sheet1.csv,ui_quest_0013,Outer Dungeon,"Outer, Dungeon"
low,4,app_text01,text/common_message.mbe/000_Sheet1.csv,ui_quest_0020,{d0} Complete:,Complete
low,4,app_text01,text/common_message.mbe/000_Sheet1.csv,ui_quest_0030,{fc10C}OMPLETE,OMPLETE
low,4,app_text01,text/common_message.mbe/000_Sheet1.csv,ui_reinforcement_0100,Material Digimon,Material
low,4,app_text01,text/common_message.mbe/000_Sheet1.csv,ui_reinforcement_0101,Selected,Selected
low,4,app_text01,text/common_message.mbe/000_Sheet1.csv,ui_reinforcement_0102,Base Digimon,Base
low,4,app_text01,text/common_message.mbe/000_Sheet1.csv,ui_reinforcement_0104,Lv.,Lv
low,4,app_text01,text/common_message.mbe/000_Sheet1.csv,ui_reinforcement_0105,Auto-Select,Auto-Select
low,4,app_text01,text/common_message.mbe/000_Sheet1.csv,ui_reinforcement_0106,Lv. 1 Only,"Lv, Only"
low,4,app_text01,text/common_message.mbe/000_Sheet1.csv,ui_reinforcement_0107,No Cumulative Bonus,"Cumulative, Bonus"
low,4,app_text01,text/common_message.mbe/000_Sheet1.csv,ui_shop_0010,Buy,Buy
low,4,app_text01,text/common_message.mbe/000_Sheet1.csv,ui_shop_0011,Sell,Sell
low,4,app_text01,text/common_message.mbe/000_Sheet1.csv,ui_shop_0012,Held,Held
low,4,app_text01,text/common_message.mbe/000_Sheet1.csv,ui_shop_0013,Cost,Cost
low,4,app_text01,text/common_message.mbe/000_Sheet1.csv,ui_shop_0110,Create,Create
low,4,app_text01,text/common_message.mbe/000_Sheet1.csv,ui_shop_0111,Take Apart,"Take, Apart"
low,4,app_text01,text/common_message.mbe/000_Sheet1.csv,ui_shop_0112,Items Needed,"Items, Needed"
low,4,app_text01,text/common_message.mbe/000_Sheet1.csv,ui_shop_0113,Held/Needed,"Held, Needed"
low,4,app_text01,text/common_message.mbe/000_Sheet1.csv,ui_sort_0005,Box,Box
low,4,app_text01,text/common_message.mbe/000_Sheet1.csv,ui_sort_0010,Obtained,Obtained
low,4,app_text01,text/common_message.mbe/000_Sheet1.csv,ui_sort_0020,Name,Name
low,4,app_text01,text/common_message.mbe/000_Sheet1.csv,ui_sort_0030,Level,Level
low,4,app_text01,text/common_message.mbe/000_Sheet1.csv,ui_sort_0040,Generation,Generation
low,4,app_text01,text/common_message.mbe/000_Sheet1.csv,ui_sort_0050,Attribute (Vaccine),"Attribute, Vaccine"
low,4,app_text01,text/common_message.mbe/000_Sheet1.csv,ui_sort_0060,Attribute (Data),"Attribute, Data"
low,4,app_text01,text/common_message.mbe/000_Sheet1.csv,ui_sort_0070,Attribute (Virus),"Attribute, Virus"
low,4,app_text01,text/common_message.mbe/000_Sheet1.csv,ui_sort_0080,Attribute (Free),"Attribute, Free"
low,4,app_text01,text/common_message.mbe/000_Sheet1.csv,ui_sort_0090,Attribute (Variable),"Attribute, Variable"
low,4,app_text01,text/common_message.mbe/000_Sheet1.csv,ui_sort_0100,Attribute (Unknown),"Attribute, Unknown"
low,4,app_text01,text/common_message.mbe/000_Sheet1.csv,ui_sort_0120,Protected,Protected
low,4,app_text01,text/common_message.mbe/000_Sheet1.csv,ui_sort_0130,Scan Rate,"Scan, Rate"
low,4,app_text01,text/common_message.mbe/000_Sheet1.csv,ui_sort_0150,Level (Ascending),"Level, Ascending"
low,4,app_text01,text/common_message.mbe/000_Sheet1.csv,ui_sort_0160,Generation (Ascending),"Generation, Ascending"
low,4,app_text01,text/common_message.mbe/000_Sheet1.csv,ui_sort_0170,Not Protected,"Not, Protected"
low,4,app_text01,text/common_message.mbe/000_Sheet1.csv,ui_sort_0190,Favorites,Favorites
low,4,app_text01,text/common_message.mbe/000_Sheet1.csv,ui_tamer_0020,Cross Arts,"Cross, Arts"
low,4,app_text01,text/common_message.mbe/000_Sheet1.csv,ui_tamer_0030,Cards,Cards
low,4,app_text01,text/common_message.mbe/000_Sheet1.csv,ui_title_0030,Continue,Continue
low,4,app_text01,text/common_message.mbe/000_Sheet1.csv,ui_title_0040,New Game,"New, Game"
low,4,app_text01,text/common_message.mbe/000_Sheet1.csv,ui_title_0070,Options,Options
low,4,app_text01,text/common_message.mbe/000_Sheet1.csv,ui_title_0080,Exit Game,"Exit, Game"
low,4,app_text01,text/common_message.mbe/000_Sheet1.csv,ui_title_0090,Cleared,Cleared
low,4,app_text01,text/common_message.mbe/000_Sheet1.csv,ui_title_0103,{fc10L}oad Enhancements,"oad, Enhancements"
low,4,app_text01,text/common_message.mbe/000_Sheet1.csv,ui_title_0121,{fc10C}ross Arts,"ross, Arts"
low,4,app_text01,text/common_message.mbe/000_Sheet1.csv,ui_title_0122,{fc10T}ime Jump,"ime, Jump"
low,4,app_text01,text/common_message.mbe/000_Sheet1.csv,ui_title_0123,{fc10D}igiCare,igiCare
low,4,app_text01,text/common_message.mbe/000_Sheet1.csv,ui_title_0124,{fc10O}uter Dungeons,"uter, Dungeons"
low,4,app_text01,text/common_message.mbe/000_Sheet1.csv,ui_title_0125,{fc10S}kill Discs,"kill, Discs"
low,4,app_text01,text/common_message.mbe/000_Sheet1.csv,ui_title_0126,{fc10E}quipment,quipment
low,4,app_text01,text/common_message.mbe/000_Sheet1.csv,ui_title_0127,{fc10A}rena,rena
low,4,app_text01,text/common_message.mbe/000_Sheet1.csv,ui_title_0128,{fc10T}raining,raining
low,4,app_text01,text/common_message.mbe/000_Sheet1.csv,ui_title_0129,{fc10P}roduction,roduction
low,4,app_text01,text/common_message.mbe/000_Sheet1.csv,ui_title_0130,{fc10T}raining Complete,"raining, Complete"
low,4,app_text01,text/common_message.mbe/000_Sheet1.csv,ui_title_0131,{fc10R}ecovery,ecovery
low,4,app_text01,text/common_message.mbe/000_Sheet1.csv,ui_title_demo_0020,"Central Town — Adventure
Trial","Central, Town, Adventure, Trial"
low,4,app_text01,text/common_message.mbe/000_Sheet1.csv,ui_title_language_01,Japanese,Japanese
low,4,app_text01,text/common_message.mbe/000_Sheet1.csv,ui_title_language_02,English,English
low,4,app_text01,text/common_message.mbe/000_Sheet1.csv,ui_title_language_03,French,French
low,4,app_text01,text/common_message.mbe/000_Sheet1.csv,ui_title_language_04,Spanish,Spanish
low,4,app_text01,text/common_message.mbe/000_Sheet1.csv,ui_title_language_05,German,German
low,4,app_text01,text/common_message.mbe/000_Sheet1.csv,ui_title_language_06,Italian,Italian
low,4,app_text01,text/common_message.mbe/000_Sheet1.csv,ui_title_language_07,Brazilian Portuguese,"Brazilian, Portuguese"
low,4,app_text01,text/common_message.mbe/000_Sheet1.csv,ui_title_language_08,Korean,Korean
low,4,app_text01,text/common_message.mbe/000_Sheet1.csv,ui_title_language_09,Chinese (Traditional),"Chinese, Traditional"
low,4,app_text01,text/common_message.mbe/000_Sheet1.csv,ui_title_language_10,Chinese (Simplified),"Chinese, Simplified"
low,4,app_text01,text/common_message.mbe/000_Sheet1.csv,ui_title_language_11,Arabic,Arabic
low,4,app_text01,text/common_message.mbe/000_Sheet1.csv,ui_title_language_12,Polish,Polish
low,4,app_text01,text/common_message.mbe/000_Sheet1.csv,ui_title_language_13,Russian,Russian
low,4,app_text01,text/common_message.mbe/000_Sheet1.csv,ui_title_language_14,Thai,Thai
low,4,app_text01,text/common_message.mbe/000_Sheet1.csv,ui_title_language_15,Indonesian,Indonesian
low,4,app_text01,text/common_message.mbe/000_Sheet1.csv,ui_worldmap_0100,Off-Limits,Off-Limits
low,4,app_text01,text/item_auto_explanation.mbe/000_Sheet1.csv,82,Boosts критический урон by {d0}%.,"Boosts, by"
low,4,app_text01,text/item_auto_explanation.mbe/000_Sheet1.csv,86,Атака Rush damage +{d0}%,"Rush, damage"
low,4,app_text01,text/item_auto_explanation.mbe/000_Sheet1.csv,9,/For Дигиферма Use,"For, Use"
low,4,app_text01,text/item_ruby.mbe/000_Sheet1.csv,833,Футболка The Idolmaster (Харука Амами),"The, Idolmaster"
low,4,app_text01,text/tamer_skill_name.mbe/000_Sheet1.csv,10,эволюция of Valor,"of, Valor"
low,4,app_text01,text/tamer_skill_name.mbe/000_Sheet1.csv,112,эволюция of Amicability,"of, Amicability"
low,4,app_text01,text/tamer_skill_name.mbe/000_Sheet1.csv,121,эволюция of Amicability,"of, Amicability"
low,4,app_text01,text/tamer_skill_name.mbe/000_Sheet1.csv,122,эволюция of Amicability,"of, Amicability"
low,4,app_text01,text/tamer_skill_name.mbe/000_Sheet1.csv,133,эволюция of Amicability,"of, Amicability"
low,4,app_text01,text/tamer_skill_name.mbe/000_Sheet1.csv,160,эволюция of Wisdom,"of, Wisdom"
low,4,app_text01,text/tamer_skill_name.mbe/000_Sheet1.csv,162,эволюция of Wisdom,"of, Wisdom"
low,4,app_text01,text/tamer_skill_name.mbe/000_Sheet1.csv,177,эволюция of Wisdom,"of, Wisdom"
low,4,app_text01,text/tamer_skill_name.mbe/000_Sheet1.csv,18,эволюция of Valor,"of, Valor"
low,4,app_text01,text/tamer_skill_name.mbe/000_Sheet1.csv,194,эволюция of Wisdom,"of, Wisdom"
low,4,app_text01,text/tamer_skill_name.mbe/000_Sheet1.csv,34,эволюция of Valor,"of, Valor"
low,4,app_text01,text/tamer_skill_name.mbe/000_Sheet1.csv,46,эволюция of Valor,"of, Valor"
low,4,app_text01,text/tamer_skill_name.mbe/000_Sheet1.csv,56,эволюция of Philanthropy,"of, Philanthropy"
low,4,app_text01,text/tamer_skill_name.mbe/000_Sheet1.csv,65,эволюция of Philanthropy,"of, Philanthropy"
low,4,app_text01,text/tamer_skill_name.mbe/000_Sheet1.csv,82,эволюция of Philanthropy,"of, Philanthropy"
low,4,app_text01,text/tamer_skill_name.mbe/000_Sheet1.csv,93,эволюция of Philanthropy,"of, Philanthropy"
low,4,app_text01,text/tutorial_explanation.mbe/000_Sheet1.csv,tutorial_exp_Accumulation_01_002,"Increasing a Cumulative Value

{fc9- Using Enhancement Items
Depending on the enhancement item used, the value added to the
stat will also be added to the cumulative value.

- Performing эволюция/деволюция
When undergoing эволюция or деволюция, 1% of the previous
Digimon's stat value increased through leveling up or by training on
the farm will be added to the cumulative value.}","Increasing, a, Cumulative, Value"
low,4,app_text01,text/tutorial_explanation.mbe/000_Sheet1.csv,tutorial_exp_Status_03_001,"{fc9{is28}{image(ui_icon_type_000)} Вакцина}
{fc9{is28}{image(ui_icon_type_020)} Данные}
{fc9{is28}{image(ui_icon_type_040)} Вирус}
{fc9{is28}{image(ui_icon_type_060)} Свободный}
{fc9{is28}{image(ui_icon_type_080)} Переменный}
{fc9{is28}{image(ui_icon_type_100)} Неизвестно}
Дигимоны стадий «Малыш I» и «Малыш II» имеют {fc9{is28}{image(ui_icon_type_120)} Без атрибута}.

Атрибут дигимона можно проверить на экране характеристик.","fc, fc, fc, fc, fc, fc, fc"
low,4,app_text01,text/tutorial_title.mbe/000_Sheet1.csv,tutorial_title_AbnormalStatus_01,Status Abnormalities,"Status, Abnormalities"
low,4,app_text01,text/tutorial_title.mbe/000_Sheet1.csv,tutorial_title_AdditionalAttack_01,Extra Strikes,"Extra, Strikes"
low,4,app_text01,text/tutorial_title.mbe/000_Sheet1.csv,tutorial_title_AgentLevel_01,Agent Rank,"Agent, Rank"
low,4,app_text01,text/tutorial_title.mbe/000_Sheet1.csv,tutorial_title_Attribute_01,Elements,Elements
low,4,app_text01,text/tutorial_title.mbe/000_Sheet1.csv,tutorial_title_BattleCrossarts_01,Cross Arts,"Cross, Arts"
low,4,app_text01,text/tutorial_title.mbe/000_Sheet1.csv,tutorial_title_BondsPoint_01,Anomaly Points,"Anomaly, Points"
low,4,app_text01,text/tutorial_title.mbe/000_Sheet1.csv,tutorial_title_BondsSkill_01,Agent Skills,"Agent, Skills"
low,4,app_text01,text/tutorial_title.mbe/000_Sheet1.csv,tutorial_title_Boss_01,Enemy CP,"Enemy, CP"
low,4,app_text01,text/tutorial_title.mbe/000_Sheet1.csv,tutorial_title_BuffDebuff_01,Buffs/Debuffs,"Buffs, Debuffs"
low,4,app_text01,text/tutorial_title.mbe/000_Sheet1.csv,tutorial_title_ChangeClothes_01,Changing Costumes,"Changing, Costumes"
low,4,app_text01,text/tutorial_title.mbe/000_Sheet1.csv,tutorial_title_ChangeQuest_01,Switching Missions,"Switching, Missions"
low,4,app_text01,text/tutorial_title.mbe/000_Sheet1.csv,tutorial_title_Convert_02,Conversion,Conversion
low,4,app_text01,text/tutorial_title.mbe/000_Sheet1.csv,tutorial_title_DigivaiceConstraints_01,Digivice Usage Restrictions,"Usage, Restrictions"
low,4,app_text01,text/tutorial_title.mbe/000_Sheet1.csv,tutorial_title_Encounter_01,Encounters,Encounters
low,4,app_text01,text/tutorial_title.mbe/000_Sheet1.csv,tutorial_title_Factor_01,Traits,Traits
low,4,app_text01,text/tutorial_title.mbe/000_Sheet1.csv,tutorial_title_FarmDevelopment_01,Production,Production
low,4,app_text01,text/tutorial_title.mbe/000_Sheet1.csv,tutorial_title_FarmDigicare_01,DigiCare,DigiCare
low,4,app_text01,text/tutorial_title.mbe/000_Sheet1.csv,tutorial_title_GimmickRide_01,DigiCo-Op,DigiCo-Op
low,4,app_text01,text/tutorial_title.mbe/000_Sheet1.csv,tutorial_title_Items_01,Inventory,Inventory
low,4,app_text01,text/tutorial_title.mbe/000_Sheet1.csv,tutorial_title_MeinQuest_01,Main Mission,"Main, Mission"
low,4,app_text01,text/tutorial_title.mbe/000_Sheet1.csv,tutorial_title_MiniQuest_01,Free Missions,"Free, Missions"
low,4,app_text01,text/tutorial_title.mbe/000_Sheet1.csv,tutorial_title_Personality_01,Personality Types,"Personality, Types"
low,4,app_text01,text/tutorial_title.mbe/000_Sheet1.csv,tutorial_title_PictureBook_01,Field Guide,"Field, Guide"
low,4,app_text01,text/tutorial_title.mbe/000_Sheet1.csv,tutorial_title_Player_01,Agents,Agents
low,4,app_text01,text/tutorial_title.mbe/000_Sheet1.csv,tutorial_title_PopPoints_01,Pop Points,"Pop, Points"
low,4,app_text01,text/tutorial_title.mbe/000_Sheet1.csv,tutorial_title_RushOut_01,Surprise Encounters,"Surprise, Encounters"
low,4,app_text01,text/tutorial_title.mbe/000_Sheet1.csv,tutorial_title_Shop_01,Shop Basics,"Shop, Basics"
low,4,app_text01,text/tutorial_title.mbe/000_Sheet1.csv,tutorial_title_SpecialSkills_01,Special Skills,"Special, Skills"
low,4,app_text01,text/tutorial_title.mbe/000_Sheet1.csv,tutorial_title_Status_03,Attributes,Attributes
low,4,app_text01,text/tutorial_title.mbe/000_Sheet1.csv,tutorial_title_Status_04,Attribute Compatibility,"Attribute, Compatibility"
low,4,app_text01,text/tutorial_title.mbe/000_Sheet1.csv,tutorial_title_SubQuest_01,Side Missions,"Side, Missions"
low,4,app_text01,text/tutorial_title.mbe/000_Sheet1.csv,tutorial_title_TutorialDescription_01,Tutorials,Tutorials
low,4,app_text01,text/tutorial_title.mbe/000_Sheet1.csv,tutorial_title_WorldView_001,Anomalous Phenomena,"Anomalous, Phenomena"
low,3,app_text01,text/info_message.mbe/000_Sheet1.csv,10001,Obtained {fc9Mysterious Device (Red)}.,Obtained
low,3,app_text01,text/info_message.mbe/000_Sheet1.csv,10002,Obtained {fc9Mysterious Device (Gold)}.,Obtained
low,3,app_text01,text/info_message.mbe/000_Sheet1.csv,10003,Obtained {fc9Mysterious Device (Blue)}.,Obtained
low,3,app_text01,text/info_message.mbe/000_Sheet1.csv,10004,Obtained {fc9Mysterious Device (White)}.,Obtained
low,3,app_text01,text/info_message.mbe/000_Sheet1.csv,10005,Obtained {fc9Mysterious Device (Black)}.,Obtained
low,3,app_text01,text/info_message.mbe/000_Sheet1.csv,1003,Saving...,Saving
low,3,app_text01,text/info_message.mbe/000_Sheet1.csv,1008,Loading...,Loading
low,3,app_text01,text/info_message.mbe/000_Sheet1.csv,1013,Delete complete.,"Delete, complete"
low,3,app_text01,text/info_message.mbe/000_Sheet1.csv,1014,Delete failed.,"Delete, failed"
low,3,app_text01,text/info_message.mbe/000_Sheet1.csv,1218,No scanned Digimon available.,"scanned, available"
low,3,app_text01,text/info_message.mbe/000_Sheet1.csv,1219,No ridable Digimon available.,"ridable, available"
low,3,app_text01,text/info_message.mbe/000_Sheet1.csv,1701,SCAN: {n0}% > {n1}%,SCAN
low,3,app_text01,text/info_message.mbe/000_Sheet1.csv,1702,"SCAN: {n0}% > {n1}%, Convertible","SCAN, Convertible"
low,3,app_text01,text/info_message.mbe/000_Sheet1.csv,1703,"SCAN: {n0}% > {n1}%, Max","SCAN, Max"
low,3,app_text01,text/info_message.mbe/000_Sheet1.csv,1704,{d0} Lv. {n0} > Lv. {n1},"Lv, Lv"
low,3,app_text01,text/info_message.mbe/000_Sheet1.csv,1801,Obtained {n0} YEN!,"Obtained, YEN"
low,3,app_text01,text/info_message.mbe/000_Sheet1.csv,1903,{n0} EXP {n1} YEN,YEN
low,3,app_text01,text/info_message.mbe/000_Sheet1.csv,1914,Obtained {fc9{d0}}.,"Obtained, fc"
low,3,app_text01,text/info_message.mbe/000_Sheet1.csv,1921,Not enough SP.,"Not, enough"
low,3,app_text01,text/info_message.mbe/000_Sheet1.csv,2702,Recovery failed.,"Recovery, failed"
low,3,app_text01,text/info_message.mbe/000_Sheet1.csv,2900,Unused,Unused
low,3,app_text01,text/info_message.mbe/000_Sheet1.csv,2901,Unused,Unused
low,3,app_text01,text/info_message.mbe/000_Sheet1.csv,2902,Unused,Unused
low,3,app_text01,text/info_message.mbe/000_Sheet1.csv,2903,Unused,Unused
low,3,app_text01,text/info_message.mbe/000_Sheet1.csv,2904,Connecting...,Connecting
low,3,app_text01,text/info_message.mbe/000_Sheet1.csv,2911,Unused,Unused
low,3,app_text01,text/info_message.mbe/000_Sheet1.csv,2912,Unused,Unused
low,3,app_text01,text/info_message.mbe/000_Sheet1.csv,2914,Unused,Unused
low,3,app_text01,text/info_message.mbe/000_Sheet1.csv,2915,Unused,Unused
low,3,app_text01,text/info_message.mbe/000_Sheet1.csv,2916,Unused,Unused
low,3,app_text01,text/info_message.mbe/000_Sheet1.csv,2923,Unused,Unused
low,3,app_text01,text/info_message.mbe/000_Sheet1.csv,3600,Registered.,Registered
low,3,app_text01,text/info_message.mbe/000_Sheet1.csv,3601,Deleted.,Deleted
low,3,app_text01,text/info_message.mbe/000_Sheet1.csv,info_message_conversion_01,*Unused,Unused
low,3,app_text01,text/info_message.mbe/000_Sheet1.csv,info_message_conversion_03,Money obtained.,"Money, obtained"
low,3,app_text01,text/info_message.mbe/000_Sheet1.csv,info_message_training_03,"[Результаты тренировки]
{d0} {n0} → {fc7 {n1}}
{d1} {n2} → {fc7 {n3}}
{d2} {n4} → {fc7 {n5}}

Тип личности изменился: {d7} → {d8}!","fc, fc, fc"
low,3,app_text01,text/info_message.mbe/000_Sheet1.csv,info_message_training_04,"[Результаты тренировки]
{d0} {n0} → {fc7 {n1}}
{d1} {n2} → {fc7 {n3}}
{d2} {n4} → {fc7 {n5}}
{d3} {n6} → {fc7 {n7}}

Тип личности изменился: {d7} → {d8}!","fc, fc, fc, fc"
low,3,app_text01,text/info_message.mbe/000_Sheet1.csv,info_message_training_05,"[Результаты тренировки]
{d0} {n0} → {fc7 {n1}}
{d1} {n2} → {fc7 {n3}}
{d2} {n4} → {fc7 {n5}}
{d3} {n6} → {fc7 {n7}}
{d4} {n8} → {fc7 {n9}}

Тип личности изменился: {d7} → {d8}!","fc, fc, fc, fc, fc"
low,3,app_text01,text/info_message.mbe/000_Sheet1.csv,info_message_training_06,"[Результаты тренировки]
{d0} {n0} → {fc7 {n1}}
{d1} {n2} → {fc7 {n3}}
{d2} {n4} → {fc7 {n5}}
{d3} {n6} → {fc7 {n7}}
{d4} {n8} → {fc7 {n9}}
{d5} {n10} → {fc7 {n11}}

Тип личности изменился: {d7} → {d8}!","fc, fc, fc, fc, fc, fc"
low,3,app_text01,text/info_message.mbe/000_Sheet1.csv,info_message_training_07,"[Результаты тренировки]
{d0} {n0} → {fc7 {n1}}
{d1} {n2} → {fc7 {n3}}
{d2} {n4} → {fc7 {n5}}
{d3} {n6} → {fc7 {n7}}
{d4} {n8} → {fc7 {n9}}
{d5} {n10} → {fc7 {n11}}
{d6} {n12} → {fc7 {n13}}

Тип личности изменился: {d7} → {d8}!","fc, fc, fc, fc, fc, fc, fc"
low,3,app_text01,text/info_message.mbe/000_Sheet1.csv,info_message_training_13,"[Результаты тренировки]
{d0} {n0} → {fc7 {n1}}
{d1} {n2} → {fc7 {n3}}
{d2} {n4} → {fc7 {n5}}

Тип личности сместился к {d9}.","fc, fc, fc"
low,3,app_text01,text/info_message.mbe/000_Sheet1.csv,info_message_training_14,"[Результаты тренировки]
{d0} {n0} → {fc7 {n1}}
{d1} {n2} → {fc7 {n3}}
{d2} {n4} → {fc7 {n5}}
{d3} {n6} → {fc7 {n7}}

Тип личности сместился к {d9}.","fc, fc, fc, fc"
low,3,app_text01,text/info_message.mbe/000_Sheet1.csv,info_message_training_15,"[Результаты тренировки]
{d0} {n0} → {fc7 {n1}}
{d1} {n2} → {fc7 {n3}}
{d2} {n4} → {fc7 {n5}}
{d3} {n6} → {fc7 {n7}}
{d4} {n8} → {fc7 {n9}}

Тип личности сместился к {d9}.","fc, fc, fc, fc, fc"
low,3,app_text01,text/info_message.mbe/000_Sheet1.csv,info_message_training_16,"[Результаты тренировки]
{d0} {n0} → {fc7 {n1}}
{d1} {n2} → {fc7 {n3}}
{d2} {n4} → {fc7 {n5}}
{d3} {n6} → {fc7 {n7}}
{d4} {n8} → {fc7 {n9}}
{d5} {n10} → {fc7 {n11}}

Тип личности сместился к {d9}.","fc, fc, fc, fc, fc, fc"
low,3,app_text01,text/info_message.mbe/000_Sheet1.csv,info_message_training_17,"[Результаты тренировки]
{d0} {n0} → {fc7 {n1}}
{d1} {n2} → {fc7 {n3}}
{d2} {n4} → {fc7 {n5}}
{d3} {n6} → {fc7 {n7}}
{d4} {n8} → {fc7 {n9}}
{d5} {n10} → {fc7 {n11}}
{d6} {n12} → {fc7 {n13}}

Тип личности сместился к {d9}.","fc, fc, fc, fc, fc, fc, fc"
low,3,app_text01,text/item_auto_explanation.mbe/000_Sheet1.csv,1,Consumables,Consumables
low,3,app_text01,text/item_auto_explanation.mbe/000_Sheet1.csv,16,Bond Points +{d0},"Bond, Points"
low,3,app_text01,text/item_auto_explanation.mbe/000_Sheet1.csv,2,Equipment,Equipment
low,3,app_text01,text/item_auto_explanation.mbe/000_Sheet1.csv,3,Farm Items,"Farm, Items"
low,3,app_text01,text/item_auto_explanation.mbe/000_Sheet1.csv,4,Key Items,"Key, Items"
low,3,app_text01,text/item_auto_explanation.mbe/000_Sheet1.csv,47,Rarity:,Rarity
low,3,app_text01,text/item_auto_explanation.mbe/000_Sheet1.csv,5,Cards,Cards
low,3,app_text01,text/item_auto_explanation.mbe/000_Sheet1.csv,54,{d0}-Element Power,"Element, Power"
low,3,app_text01,text/item_auto_explanation.mbe/000_Sheet1.csv,55,Nullifies {d0}.,Nullifies
low,3,app_text01,text/item_auto_explanation.mbe/000_Sheet1.csv,6,/Equipment,Equipment
low,3,app_text01,text/item_auto_explanation.mbe/000_Sheet1.csv,76,SP cost -{d0}%,cost
low,3,app_text01,text/item_name.mbe/000_Sheet1.csv,20613,Героическая статуя (Kokuwamon A &amp,"Kokuwamon, A, amp"
low,3,app_text01,text/item_name.mbe/000_Sheet1.csv,831,Футболка Taiko no Tatsujin,"Taiko, no, Tatsujin"
low,3,app_text01,text/item_ruby.mbe/000_Sheet1.csv,20619,"Героическая статуя (Central Town Bros., 1)","Central, Town, Bros"
low,3,app_text01,text/item_ruby.mbe/000_Sheet1.csv,20620,Героическая статуя (Central Town Bros 2),"Central, Town, Bros"
low,3,app_text01,text/item_ruby.mbe/000_Sheet1.csv,831,Футболка Taiko no Tatsujin,"Taiko, no, Tatsujin"
low,3,app_text01,text/skill_name.mbe/000_Sheet1.csv,10012,Guard,Guard
low,3,app_text01,text/skill_name.mbe/000_Sheet1.csv,10013,Escape,Escape
low,3,app_text01,text/skill_name.mbe/000_Sheet1.csv,11016,Cross Arts,"Cross, Arts"
low,3,app_text01,text/skill_name.mbe/000_Sheet1.csv,11027,Extra Strikes,"Extra, Strikes"
low,3,app_text01,text/skill_name.mbe/000_Sheet1.csv,11029,Energy Charge,"Energy, Charge"
low,3,app_text01,text/skill_name.mbe/000_Sheet1.csv,11030,Regeneration Charge,"Regeneration, Charge"
low,3,app_text01,text/skill_name.mbe/000_Sheet1.csv,11035,Boost Link,"Boost, Link"
low,3,app_text01,text/skill_name.mbe/000_Sheet1.csv,11036,Boost Charge,"Boost, Charge"
low,3,app_text01,text/skill_name.mbe/000_Sheet1.csv,11037,Reduce Bind,"Reduce, Bind"
low,3,app_text01,text/skill_name.mbe/000_Sheet1.csv,11038,Boost Cheer,"Boost, Cheer"
low,3,app_text01,text/skill_name.mbe/000_Sheet1.csv,11039,Reduce Break,"Reduce, Break"
low,3,app_text01,text/skill_name.mbe/000_Sheet1.csv,11040,Elemental Ripper,"Elemental, Ripper"
low,3,app_text01,text/skill_name.mbe/000_Sheet1.csv,11041,Elemental Curtain,"Elemental, Curtain"
low,3,app_text01,text/skill_name.mbe/000_Sheet1.csv,11042,Blight Break,"Blight, Break"
low,3,app_text01,text/skill_name.mbe/000_Sheet1.csv,11043,Venom Bind,"Venom, Bind"
low,3,app_text01,text/skill_name.mbe/000_Sheet1.csv,11044,Panic Bind,"Panic, Bind"
low,3,app_text01,text/skill_name.mbe/000_Sheet1.csv,11045,Paralysis Bind,"Paralysis, Bind"
low,3,app_text01,text/skill_name.mbe/000_Sheet1.csv,11046,Sleep Bind,"Sleep, Bind"
low,3,app_text01,text/skill_name.mbe/000_Sheet1.csv,11047,Extra Brave,"Extra, Brave"
low,3,app_text01,text/skill_name.mbe/000_Sheet1.csv,12023,{d0} recovered HP!,recovered
low,3,app_text01,text/skill_name.mbe/000_Sheet1.csv,12024,{d0} recovered SP!,recovered
low,3,app_text01,text/skill_name.mbe/000_Sheet1.csv,12085,Counter,Counter
low,3,app_text01,text/skill_name.mbe/000_Sheet1.csv,12087,Reflect Physical,"Reflect, Physical"
low,3,app_text01,text/skill_name.mbe/000_Sheet1.csv,12088,Reflect Magic,"Reflect, Magic"
low,3,app_text01,text/skill_name.mbe/000_Sheet1.csv,12091,{d0} stood firm!,"stood, firm"
low,3,app_text01,text/skill_name.mbe/000_Sheet1.csv,12301,{d0} recovered HP!,recovered
low,3,app_text01,text/skill_name.mbe/000_Sheet1.csv,12302,{d0} recovered SP!,recovered
low,3,app_text01,text/skill_name.mbe/000_Sheet1.csv,13008,Zealous Defense,"Zealous, Defense"
low,3,app_text01,text/skill_name.mbe/000_Sheet1.csv,20021,Tearing Shot,"Tearing, Shot"
low,3,app_text01,text/skill_name.mbe/000_Sheet1.csv,20041,Lunatic Dance,"Lunatic, Dance"
low,3,app_text01,text/skill_name.mbe/000_Sheet1.csv,20051,Crimson Curse,"Crimson, Curse"
low,3,app_text01,text/skill_name.mbe/000_Sheet1.csv,20061,Nail Bone,"Nail, Bone"
low,3,app_text01,text/skill_name.mbe/000_Sheet1.csv,20091,Cog Crusher,"Cog, Crusher"
low,3,app_text01,text/skill_name.mbe/000_Sheet1.csv,20101,Burning Fist,"Burning, Fist"
low,3,app_text01,text/skill_name.mbe/000_Sheet1.csv,20111,Spinning Needle,"Spinning, Needle"
low,3,app_text01,text/skill_name.mbe/000_Sheet1.csv,20121,Fox Fire,"Fox, Fire"
low,3,app_text01,text/skill_name.mbe/000_Sheet1.csv,20131,Death Charm,"Death, Charm"
low,3,app_text01,text/skill_name.mbe/000_Sheet1.csv,20141,Meteor Shower,"Meteor, Shower"
low,3,app_text01,text/skill_name.mbe/000_Sheet1.csv,20151,Glide Horn,"Glide, Horn"
low,3,app_text01,text/skill_name.mbe/000_Sheet1.csv,20161,Fang Strike,"Fang, Strike"
low,3,app_text01,text/skill_name.mbe/000_Sheet1.csv,20171,Darkside Quake,"Darkside, Quake"
low,3,app_text01,text/skill_name.mbe/000_Sheet1.csv,20191,Brave Metal,"Brave, Metal"
low,3,app_text01,text/skill_name.mbe/000_Sheet1.csv,20192,DORU-Din,DORU-Din
low,3,app_text01,text/skill_name.mbe/000_Sheet1.csv,20201,Cheese Bomb,"Cheese, Bomb"
low,3,app_text01,text/skill_name.mbe/000_Sheet1.csv,20211,Tidal Wave,"Tidal, Wave"
low,3,app_text01,text/skill_name.mbe/000_Sheet1.csv,20231,Hell Masquerade,"Hell, Masquerade"
low,3,app_text01,text/skill_name.mbe/000_Sheet1.csv,20241,Ocean Love,"Ocean, Love"
low,3,app_text01,text/skill_name.mbe/000_Sheet1.csv,20251,Ambush Crunch,"Ambush, Crunch"
low,3,app_text01,text/skill_name.mbe/000_Sheet1.csv,20261,Cross Blade,"Cross, Blade"
low,3,app_text01,text/skill_name.mbe/000_Sheet1.csv,20271,Terra Force,"Terra, Force"
low,3,app_text01,text/skill_name.mbe/000_Sheet1.csv,20272,Great Tornado,"Great, Tornado"
low,3,app_text01,text/skill_name.mbe/000_Sheet1.csv,20301,Sticker Blade,"Sticker, Blade"
low,3,app_text01,text/skill_name.mbe/000_Sheet1.csv,20311,Earth-Shattering Stomp,"Earth-Shattering, Stomp"
low,3,app_text01,text/skill_name.mbe/000_Sheet1.csv,20321,Crystal Revolution,"Crystal, Revolution"
low,3,app_text01,text/skill_name.mbe/000_Sheet1.csv,20341,Phantom Pain,"Phantom, Pain"
low,3,app_text01,text/skill_name.mbe/000_Sheet1.csv,20351,Double Impact,"Double, Impact"
low,3,app_text01,text/skill_name.mbe/000_Sheet1.csv,20352,Darkness Claw,"Darkness, Claw"
low,3,app_text01,text/skill_name.mbe/000_Sheet1.csv,20361,Pandemonium Lost,"Pandemonium, Lost"
low,3,app_text01,text/skill_name.mbe/000_Sheet1.csv,20362,Death Lure,"Death, Lure"
low,3,app_text01,text/skill_name.mbe/000_Sheet1.csv,20371,Biting Crush,"Biting, Crush"
low,3,app_text01,text/skill_name.mbe/000_Sheet1.csv,20372,Tail Strike,"Tail, Strike"
low,3,app_text01,text/skill_name.mbe/000_Sheet1.csv,20381,Flame Inferno,"Flame, Inferno"
low,3,app_text01,text/skill_name.mbe/000_Sheet1.csv,20392,Paradise Lost,"Paradise, Lost"
low,3,app_text01,text/skill_name.mbe/000_Sheet1.csv,20411,Animal Nail,"Animal, Nail"
low,3,app_text01,text/skill_name.mbe/000_Sheet1.csv,20421,Gear Stinger,"Gear, Stinger"
low,3,app_text01,text/skill_name.mbe/000_Sheet1.csv,20431,Lightning Paw,"Lightning, Paw"
low,3,app_text01,text/skill_name.mbe/000_Sheet1.csv,20442,Try Again,"Try, Again"
low,3,app_text01,text/skill_name.mbe/000_Sheet1.csv,20443,Magic Arm,"Magic, Arm"
low,3,app_text01,text/skill_name.mbe/000_Sheet1.csv,20451,Holy Flare,"Holy, Flare"
low,3,app_text01,text/skill_name.mbe/000_Sheet1.csv,20461,Holy Flare,"Holy, Flare"
low,3,app_text01,text/skill_name.mbe/000_Sheet1.csv,20462,Chrono Devolution,"Chrono, Devolution"
low,3,app_text01,text/skill_name.mbe/000_Sheet1.csv,20471,Megiddo Flame,"Megiddo, Flame"
low,3,app_text01,text/skill_name.mbe/000_Sheet1.csv,20472,Hell Howling,"Hell, Howling"
low,3,app_text01,text/skill_name.mbe/000_Sheet1.csv,20481,God Flame,"God, Flame"
low,3,app_text01,text/skill_name.mbe/000_Sheet1.csv,20492,Lion Slash,"Lion, Slash"
low,3,app_text01,text/skill_name.mbe/000_Sheet1.csv,20511,DJ Shooter,"DJ, Shooter"
low,3,app_text01,text/skill_name.mbe/000_Sheet1.csv,20521,Pointer Arrow,"Pointer, Arrow"
low,3,app_text01,text/skill_name.mbe/000_Sheet1.csv,20531,Blinding Ray,"Blinding, Ray"
low,3,app_text01,text/skill_name.mbe/000_Sheet1.csv,20551,Double Backhand,"Double, Backhand"
low,3,app_text01,text/skill_name.mbe/000_Sheet1.csv,20561,Seed Blast,"Seed, Blast"
low,3,app_text01,text/skill_name.mbe/000_Sheet1.csv,20571,Thorn Whip,"Thorn, Whip"
low,3,app_text01,text/skill_name.mbe/000_Sheet1.csv,20572,Forbidden Temptation,"Forbidden, Temptation"
low,3,app_text01,text/skill_name.mbe/000_Sheet1.csv,20581,Sunshine Beam,"Sunshine, Beam"
low,3,app_text01,text/skill_name.mbe/000_Sheet1.csv,20601,Volcanic Driver,"Volcanic, Driver"
low,3,app_text01,text/skill_name.mbe/000_Sheet1.csv,20602,Diamond Fist,"Diamond, Fist"
low,3,app_text01,text/skill_name.mbe/000_Sheet1.csv,20681,Spiral Blow,"Spiral, Blow"
low,3,app_text01,text/skill_name.mbe/000_Sheet1.csv,20691,Platinum Excrement,"Platinum, Excrement"
low,3,app_text01,text/skill_name.mbe/000_Sheet1.csv,20692,Platinum Burp,"Platinum, Burp"
low,3,app_text01,text/skill_name.mbe/000_Sheet1.csv,20701,Poop Toss,"Poop, Toss"
low,3,app_text01,text/skill_name.mbe/000_Sheet1.csv,20711,Trident Revolver,"Trident, Revolver"
low,3,app_text01,text/skill_name.mbe/000_Sheet1.csv,20731,Lila Shower,"Lila, Shower"
low,3,app_text01,text/skill_name.mbe/000_Sheet1.csv,20741,Winning Knuckle,"Winning, Knuckle"
low,3,app_text01,text/skill_name.mbe/000_Sheet1.csv,20751,Vortex Penetration,"Vortex, Penetration"
low,3,app_text01,text/skill_name.mbe/000_Sheet1.csv,20771,Rolling Tackle,"Rolling, Tackle"
low,3,app_text01,text/skill_name.mbe/000_Sheet1.csv,20781,Exhaust Flame,"Exhaust, Flame"
low,3,app_text01,text/skill_name.mbe/000_Sheet1.csv,20791,Haley Storm,"Haley, Storm"
low,3,app_text01,text/skill_name.mbe/000_Sheet1.csv,20801,Thousand Fists,"Thousand, Fists"
low,3,app_text01,text/skill_name.mbe/000_Sheet1.csv,20802,Spiritual Enchantment,"Spiritual, Enchantment"
low,3,app_text01,text/skill_name.mbe/000_Sheet1.csv,20811,Summon,Summon
low,3,app_text01,text/skill_name.mbe/000_Sheet1.csv,20821,Heat Wave,"Heat, Wave"
low,3,app_text01,text/skill_name.mbe/000_Sheet1.csv,20831,Supersonic Voice,"Supersonic, Voice"
low,3,app_text01,text/skill_name.mbe/000_Sheet1.csv,20851,Night Raid,"Night, Raid"
low,3,app_text01,text/skill_name.mbe/000_Sheet1.csv,20861,Bifrost,Bifrost
low,3,app_text01,text/skill_name.mbe/000_Sheet1.csv,20862,Odin's Breath,"Odin's, Breath"
low,3,app_text01,text/skill_name.mbe/000_Sheet1.csv,20871,Heaven's Knuckle,"Heaven's, Knuckle"
low,3,app_text01,text/skill_name.mbe/000_Sheet1.csv,20901,Rock Breaker,"Rock, Breaker"
low,3,app_text01,text/skill_name.mbe/000_Sheet1.csv,20911,Spiking Strike,"Spiking, Strike"
low,3,app_text01,text/skill_name.mbe/000_Sheet1.csv,20921,Lightning Paw,"Lightning, Paw"
low,3,app_text01,text/skill_name.mbe/000_Sheet1.csv,20931,Death Claw,"Death, Claw"
low,3,app_text01,text/skill_name.mbe/000_Sheet1.csv,20941,GeoGrey Sword,"GeoGrey, Sword"
low,3,app_text01,text/skill_name.mbe/000_Sheet1.csv,20942,Glorious Burst,"Glorious, Burst"
low,3,app_text01,text/skill_name.mbe/000_Sheet1.csv,20961,Air Shot,"Air, Shot"
low,3,app_text01,text/skill_name.mbe/000_Sheet1.csv,20971,Demi Darts,"Demi, Darts"
low,3,app_text01,text/skill_name.mbe/000_Sheet1.csv,20982,Jumbo Crater,"Jumbo, Crater"
low,3,app_text01,text/skill_name.mbe/000_Sheet1.csv,21001,Howling Destroyer,"Howling, Destroyer"
low,3,app_text01,text/skill_name.mbe/000_Sheet1.csv,21011,Heaven's Gate,"Heaven's, Gate"
low,3,app_text01,text/skill_name.mbe/000_Sheet1.csv,21021,Gauntlet Claw,"Gauntlet, Claw"
low,3,app_text01,text/skill_name.mbe/000_Sheet1.csv,21031,Scissors Execution,"Scissors, Execution"
low,3,app_text01,text/skill_name.mbe/000_Sheet1.csv,21052,Invincible Sword,"Invincible, Sword"
low,3,app_text01,text/skill_name.mbe/000_Sheet1.csv,21062,Black Rain,"Black, Rain"
low,3,app_text01,text/skill_name.mbe/000_Sheet1.csv,21071,Darkness Wave,"Darkness, Wave"
low,3,app_text01,text/skill_name.mbe/000_Sheet1.csv,21111,Goblin Strike,"Goblin, Strike"
low,3,app_text01,text/skill_name.mbe/000_Sheet1.csv,21121,Metal Cannon,"Metal, Cannon"
low,3,app_text01,text/skill_name.mbe/000_Sheet1.csv,21131,Goldurian Rush,"Goldurian, Rush"
low,3,app_text01,text/skill_name.mbe/000_Sheet1.csv,21141,Veemon Headbutt,"Veemon, Headbutt"
low,3,app_text01,text/skill_name.mbe/000_Sheet1.csv,21151,Fif Cross,"Fif, Cross"
low,3,app_text01,text/skill_name.mbe/000_Sheet1.csv,21161,Trident Saber,"Trident, Saber"
low,3,app_text01,text/skill_name.mbe/000_Sheet1.csv,21171,Aurora Undulation,"Aurora, Undulation"
low,3,app_text01,text/skill_name.mbe/000_Sheet1.csv,21172,Purge Shine,"Purge, Shine"
low,3,app_text01,text/skill_name.mbe/000_Sheet1.csv,21181,Bancho Blade,"Bancho, Blade"
low,3,app_text01,text/skill_name.mbe/000_Sheet1.csv,21182,Aurora Blaster,"Aurora, Blaster"
low,3,app_text01,text/skill_name.mbe/000_Sheet1.csv,21271,Monkey Wrench,"Monkey, Wrench"
low,3,app_text01,text/skill_name.mbe/000_Sheet1.csv,21282,Bee Cyclone,"Bee, Cyclone"
low,3,app_text01,text/skill_name.mbe/000_Sheet1.csv,21283,Tyrant Shield,"Tyrant, Shield"
low,3,app_text01,text/skill_name.mbe/000_Sheet1.csv,21291,Forbidden Trident,"Forbidden, Trident"
low,3,app_text01,text/skill_name.mbe/000_Sheet1.csv,21301,Fossil Bite,"Fossil, Bite"
low,3,app_text01,text/skill_name.mbe/000_Sheet1.csv,21321,Lightning Javelin,"Lightning, Javelin"
low,3,app_text01,text/skill_name.mbe/000_Sheet1.csv,21331,Darkstrom,Darkstrom
low,3,app_text01,text/skill_name.mbe/000_Sheet1.csv,21341,Atomic Blaster,"Atomic, Blaster"
low,3,app_text01,text/skill_name.mbe/000_Sheet1.csv,21352,Freezing Breath,"Freezing, Breath"
low,3,app_text01,text/skill_name.mbe/000_Sheet1.csv,21361,Corona Flame,"Corona, Flame"
low,3,app_text01,text/skill_name.mbe/000_Sheet1.csv,21371,Flame Dive,"Flame, Dive"
low,3,app_text01,text/skill_name.mbe/000_Sheet1.csv,21391,Lightning Blade,"Lightning, Blade"
low,3,app_text01,text/skill_name.mbe/000_Sheet1.csv,21401,Wolf Claw,"Wolf, Claw"
low,3,app_text01,text/skill_name.mbe/000_Sheet1.csv,21411,Tempest Wing,"Tempest, Wing"
low,3,app_text01,text/skill_name.mbe/000_Sheet1.csv,21422,Double Stars,"Double, Stars"
low,3,app_text01,text/skill_name.mbe/000_Sheet1.csv,21441,Gold Rush,"Gold, Rush"
low,3,app_text01,text/skill_name.mbe/000_Sheet1.csv,21451,Oxygen Homing,"Oxygen, Homing"
low,3,app_text01,text/skill_name.mbe/000_Sheet1.csv,21461,Silver Blaze,"Silver, Blaze"
low,3,app_text01,text/skill_name.mbe/000_Sheet1.csv,21471,Rosetta Stone,"Rosetta, Stone"
low,3,app_text01,text/skill_name.mbe/000_Sheet1.csv,21481,Celestial Arrow,"Celestial, Arrow"
low,3,app_text01,text/skill_name.mbe/000_Sheet1.csv,21501,Demonic Disaster,"Demonic, Disaster"
low,3,app_text01,text/skill_name.mbe/000_Sheet1.csv,21502,Judecca Prison,"Judecca, Prison"
low,3,app_text01,text/skill_name.mbe/000_Sheet1.csv,21511,Blue Blaster,"Blue, Blaster"
low,3,app_text01,text/skill_name.mbe/000_Sheet1.csv,21621,Rain Stream,"Rain, Stream"
low,3,app_text01,text/skill_name.mbe/000_Sheet1.csv,21631,Titanic Charge,"Titanic, Charge"
low,3,app_text01,text/skill_name.mbe/000_Sheet1.csv,21681,Punish Judge,"Punish, Judge"
low,3,app_text01,text/skill_name.mbe/000_Sheet1.csv,21682,Wide Plasment,"Wide, Plasment"
low,3,app_text01,text/skill_name.mbe/000_Sheet1.csv,21691,Keraunos Divide,"Keraunos, Divide"
low,3,app_text01,text/skill_name.mbe/000_Sheet1.csv,21692,Dios Thunder,"Dios, Thunder"
low,3,app_text01,text/skill_name.mbe/000_Sheet1.csv,21701,Needle Hive,"Needle, Hive"
low,3,app_text01,text/skill_name.mbe/000_Sheet1.csv,21702,Graceful Lance,"Graceful, Lance"
low,3,app_text01,text/skill_name.mbe/000_Sheet1.csv,21703,Graceful Lance,"Graceful, Lance"
low,3,app_text01,text/skill_name.mbe/000_Sheet1.csv,21704,Suppressed Jealousy,"Suppressed, Jealousy"
low,3,app_text01,text/skill_name.mbe/000_Sheet1.csv,21711,Welcome Demise,"Welcome, Demise"
low,3,app_text01,text/skill_name.mbe/000_Sheet1.csv,21712,Chain Lash,"Chain, Lash"
low,3,app_text01,text/skill_name.mbe/000_Sheet1.csv,21721,Peace Fantasia,"Peace, Fantasia"
low,3,app_text01,text/skill_name.mbe/000_Sheet1.csv,21731,Sol Blaster,"Sol, Blaster"
low,3,app_text01,text/skill_name.mbe/000_Sheet1.csv,21732,Phoebus Blow,"Phoebus, Blow"
low,3,app_text01,text/skill_name.mbe/000_Sheet1.csv,21738,Icefire Defense,"Icefire, Defense"
low,3,app_text01,text/skill_name.mbe/000_Sheet1.csv,21741,Corona Sanctions,"Corona, Sanctions"
low,3,app_text01,text/skill_name.mbe/000_Sheet1.csv,21742,Endless Surge,"Endless, Surge"
low,3,app_text01,text/skill_name.mbe/000_Sheet1.csv,21761,Island Freefall,"Island, Freefall"
low,3,app_text01,text/skill_name.mbe/000_Sheet1.csv,21763,Gaia Guard,"Gaia, Guard"
low,3,app_text01,text/skill_name.mbe/000_Sheet1.csv,21771,Cold Flame,"Cold, Flame"
low,3,app_text01,text/skill_name.mbe/000_Sheet1.csv,21781,Appropriate Works,"Appropriate, Works"
low,3,app_text01,text/skill_name.mbe/000_Sheet1.csv,21801,Hell's Gate,"Hell's, Gate"
low,3,app_text01,text/skill_name.mbe/000_Sheet1.csv,21802,Haggard Cluster,"Haggard, Cluster"
low,3,app_text01,text/skill_name.mbe/000_Sheet1.csv,21811,Love Poison,"Love, Poison"
low,3,app_text01,text/skill_name.mbe/000_Sheet1.csv,21812,Madness Merry-Go-Round DX,"Madness, Merry-Go-Round"
low,3,app_text01,text/skill_name.mbe/000_Sheet1.csv,21832,Attract Echo,"Attract, Echo"
low,3,app_text01,text/skill_name.mbe/000_Sheet1.csv,21842,Lightning Pile,"Lightning, Pile"
low,3,app_text01,text/skill_name.mbe/000_Sheet1.csv,21851,Triangler,Triangler
low,3,app_text01,text/skill_name.mbe/000_Sheet1.csv,21852,Plasmadness,Plasmadness
low,3,app_text01,text/skill_name.mbe/000_Sheet1.csv,21861,Lightning Shower,"Lightning, Shower"
low,3,app_text01,text/skill_name.mbe/000_Sheet1.csv,21862,Circlet Defense,"Circlet, Defense"
low,3,app_text01,text/skill_name.mbe/000_Sheet1.csv,21863,Circlet Defense,"Circlet, Defense"
low,3,app_text01,text/skill_name.mbe/000_Sheet1.csv,21871,Powered Ignition,"Powered, Ignition"
low,3,app_text01,text/skill_name.mbe/000_Sheet1.csv,21872,Penetra-Laser,Penetra-Laser
low,3,app_text01,text/skill_name.mbe/000_Sheet1.csv,21881,Bramble Bite,"Bramble, Bite"
low,3,app_text01,text/skill_name.mbe/000_Sheet1.csv,21901,Iai Blade,"Iai, Blade"
low,3,app_text01,text/skill_name.mbe/000_Sheet1.csv,21931,Eiseiryuojin,Eiseiryuojin
low,3,app_text01,text/skill_name.mbe/000_Sheet1.csv,21932,Golden Armor,"Golden, Armor"
low,3,app_text01,text/skill_name.mbe/000_Sheet1.csv,21951,Fly Bullet,"Fly, Bullet"
low,3,app_text01,text/skill_name.mbe/000_Sheet1.csv,21961,Needle Squall,"Needle, Squall"
low,3,app_text01,text/skill_name.mbe/000_Sheet1.csv,21971,Kaiser Phoenix,"Kaiser, Phoenix"
low,3,app_text01,text/skill_name.mbe/000_Sheet1.csv,21972,Mystic Break,"Mystic, Break"
low,3,app_text01,text/skill_name.mbe/000_Sheet1.csv,21981,Wheel Grinder,"Wheel, Grinder"
low,3,app_text01,text/skill_name.mbe/000_Sheet1.csv,21991,Spider Thread,"Spider, Thread"
low,3,app_text01,text/skill_name.mbe/000_Sheet1.csv,22081,Baby Breath,"Baby, Breath"
low,3,app_text01,text/skill_name.mbe/000_Sheet1.csv,22111,Scrapless Claw,"Scrapless, Claw"
low,3,app_text01,text/skill_name.mbe/000_Sheet1.csv,22131,Tenryu Slash,"Tenryu, Slash"
low,3,app_text01,text/skill_name.mbe/000_Sheet1.csv,22132,Shoryu Slash,"Shoryu, Slash"
low,3,app_text01,text/skill_name.mbe/000_Sheet1.csv,22133,Koryu Slash,"Koryu, Slash"
low,3,app_text01,text/skill_name.mbe/000_Sheet1.csv,22141,Destroyed Rush,"Destroyed, Rush"
low,3,app_text01,text/skill_name.mbe/000_Sheet1.csv,22142,Infinity Bowling,"Infinity, Bowling"
low,3,app_text01,text/skill_name.mbe/000_Sheet1.csv,22171,Dark Explosion,"Dark, Explosion"
low,3,app_text01,text/skill_name.mbe/000_Sheet1.csv,22191,Hothead,Hothead
low,3,app_text01,text/skill_name.mbe/000_Sheet1.csv,22201,Kirisute Gomen,"Kirisute, Gomen"
low,3,app_text01,text/skill_name.mbe/000_Sheet1.csv,22241,Inferno Divide,"Inferno, Divide"
low,3,app_text01,text/skill_name.mbe/000_Sheet1.csv,22251,Vorpal Blade,"Vorpal, Blade"
low,3,app_text01,text/skill_name.mbe/000_Sheet1.csv,22252,Mystic Flame,"Mystic, Flame"
low,3,app_text01,text/skill_name.mbe/000_Sheet1.csv,22261,Snake Bandage,"Snake, Bandage"
low,3,app_text01,text/skill_name.mbe/000_Sheet1.csv,22271,Necromist,Necromist
low,3,app_text01,text/skill_name.mbe/000_Sheet1.csv,22281,Triple Forces,"Triple, Forces"
low,3,app_text01,text/skill_name.mbe/000_Sheet1.csv,22291,Heat Viper,"Heat, Viper"
low,3,app_text01,text/skill_name.mbe/000_Sheet1.csv,22311,Nightmare Syndrome,"Nightmare, Syndrome"
low,3,app_text01,text/skill_name.mbe/000_Sheet1.csv,22321,Symphony No. 1,Symphony
low,3,app_text01,text/skill_name.mbe/000_Sheet1.csv,22322,Symphony No. 2,Symphony
low,3,app_text01,text/skill_name.mbe/000_Sheet1.csv,22323,Symphony No. 3,Symphony
low,3,app_text01,text/skill_name.mbe/000_Sheet1.csv,22331,Pandemonium Flame,"Pandemonium, Flame"
low,3,app_text01,text/skill_name.mbe/000_Sheet1.csv,22332,Crimson Mist,"Crimson, Mist"
low,3,app_text01,text/skill_name.mbe/000_Sheet1.csv,22341,Bear Fist,"Bear, Fist"
low,3,app_text01,text/skill_name.mbe/000_Sheet1.csv,22391,Grave Bone,"Grave, Bone"
low,3,app_text01,text/skill_name.mbe/000_Sheet1.csv,22401,Spurting Ink,"Spurting, Ink"
low,3,app_text01,text/skill_name.mbe/000_Sheet1.csv,22411,Jamming Powder,"Jamming, Powder"
low,3,app_text01,text/skill_name.mbe/000_Sheet1.csv,22421,Howling Hertz,"Howling, Hertz"
low,3,app_text01,text/skill_name.mbe/000_Sheet1.csv,23021,Giga Destroyer,"Giga, Destroyer"
low,3,app_text01,text/skill_name.mbe/000_Sheet1.csv,23031,Super Shocker,"Super, Shocker"
low,3,app_text01,text/skill_name.mbe/000_Sheet1.csv,23041,Electro Shocker,"Electro, Shocker"
low,3,app_text01,text/skill_name.mbe/000_Sheet1.csv,23051,Horn Buster,"Horn, Buster"
low,3,app_text01,text/skill_name.mbe/000_Sheet1.csv,23061,Giga Blaster,"Giga, Blaster"
low,3,app_text01,text/skill_name.mbe/000_Sheet1.csv,23071,Spiral Twister,"Spiral, Twister"
low,3,app_text01,text/skill_name.mbe/000_Sheet1.csv,23081,Meteor Wing,"Meteor, Wing"
low,3,app_text01,text/skill_name.mbe/000_Sheet1.csv,23091,Shadow Wing,"Shadow, Wing"
low,3,app_text01,text/skill_name.mbe/000_Sheet1.csv,23101,Starlight Explosion,"Starlight, Explosion"
low,3,app_text01,text/skill_name.mbe/000_Sheet1.csv,23111,Love Serenade,"Love, Serenade"
low,3,app_text01,text/skill_name.mbe/000_Sheet1.csv,23121,Banana Slip,"Banana, Slip"
low,3,app_text01,text/skill_name.mbe/000_Sheet1.csv,23131,Poop,Poop
low,3,app_text01,text/skill_name.mbe/000_Sheet1.csv,23152,Testament,Testament
low,3,app_text01,text/skill_name.mbe/000_Sheet1.csv,23211,Smile Fang,"Smile, Fang"
low,3,app_text01,text/skill_name.mbe/000_Sheet1.csv,23221,Bubbles,Bubbles
low,3,app_text01,text/skill_name.mbe/000_Sheet1.csv,23251,Bite,Bite
low,3,app_text01,text/skill_name.mbe/000_Sheet1.csv,23281,Darkness-Zone,Darkness-Zone
low,3,app_text01,text/skill_name.mbe/000_Sheet1.csv,23381,Laplace's Demon,"Laplace's, Demon"
low,3,app_text01,text/skill_name.mbe/000_Sheet1.csv,23382,Elder Sign,"Elder, Sign"
low,3,app_text01,text/skill_name.mbe/000_Sheet1.csv,23411,Destruction Grenade,"Destruction, Grenade"
low,3,app_text01,text/skill_name.mbe/000_Sheet1.csv,23421,Spiral Sword,"Spiral, Sword"
low,3,app_text01,text/skill_name.mbe/000_Sheet1.csv,23431,Marching Fishes,"Marching, Fishes"
low,3,app_text01,text/skill_name.mbe/000_Sheet1.csv,23441,Harpoon Torpedo,"Harpoon, Torpedo"
low,3,app_text01,text/skill_name.mbe/000_Sheet1.csv,23451,Vulcan's Hammer,"Vulcan's, Hammer"
low,3,app_text01,text/skill_name.mbe/000_Sheet1.csv,23461,Arctic Blizzard,"Arctic, Blizzard"
low,3,app_text01,text/skill_name.mbe/000_Sheet1.csv,23462,Viking Axe,"Viking, Axe"
low,3,app_text01,text/skill_name.mbe/000_Sheet1.csv,23471,Ice Blast,"Ice, Blast"
low,3,app_text01,text/skill_name.mbe/000_Sheet1.csv,23481,Poison Ivy,"Poison, Ivy"
low,3,app_text01,text/skill_name.mbe/000_Sheet1.csv,23491,Needle Spray,"Needle, Spray"
low,3,app_text01,text/skill_name.mbe/000_Sheet1.csv,23591,Flower Cannon,"Flower, Cannon"
low,3,app_text01,text/skill_name.mbe/000_Sheet1.csv,23611,Puppy Howl,"Puppy, Howl"
low,3,app_text01,text/skill_name.mbe/000_Sheet1.csv,23631,Fire Breath,"Fire, Breath"
low,3,app_text01,text/skill_name.mbe/000_Sheet1.csv,23641,Nuclear Laser,"Nuclear, Laser"
low,3,app_text01,text/skill_name.mbe/000_Sheet1.csv,23651,Vee Laser,"Vee, Laser"
low,3,app_text01,text/skill_name.mbe/000_Sheet1.csv,23671,Scissor Claw,"Scissor, Claw"
low,3,app_text01,text/skill_name.mbe/000_Sheet1.csv,23681,Hydro Blaster,"Hydro, Blaster"
low,3,app_text01,text/skill_name.mbe/000_Sheet1.csv,23691,Volcanic Strike,"Volcanic, Strike"
low,3,app_text01,text/skill_name.mbe/000_Sheet1.csv,23711,Icicle Rod,"Icicle, Rod"
low,3,app_text01,text/skill_name.mbe/000_Sheet1.csv,23721,Hunting Cannon,"Hunting, Cannon"
low,3,app_text01,text/skill_name.mbe/000_Sheet1.csv,23731,Drill Spin,"Drill, Spin"
low,3,app_text01,text/skill_name.mbe/000_Sheet1.csv,23741,Nightmare Syndrome,"Nightmare, Syndrome"
low,3,app_text01,text/skill_name.mbe/000_Sheet1.csv,23751,Poop Dunk,"Poop, Dunk"
low,3,app_text01,text/skill_name.mbe/000_Sheet1.csv,23761,Musical Fist,"Musical, Fist"
low,3,app_text01,text/skill_name.mbe/000_Sheet1.csv,23771,Thunder Cloud,"Thunder, Cloud"
low,3,app_text01,text/skill_name.mbe/000_Sheet1.csv,23781,Royal Nuts,"Royal, Nuts"
low,3,app_text01,text/skill_name.mbe/000_Sheet1.csv,23791,Cherry Bomb,"Cherry, Bomb"
low,3,app_text01,text/skill_name.mbe/000_Sheet1.csv,23801,Poop Bazooka,"Poop, Bazooka"
low,3,app_text01,text/skill_name.mbe/000_Sheet1.csv,23831,Terrors Cluster,"Terrors, Cluster"
low,3,app_text01,text/skill_name.mbe/000_Sheet1.csv,23832,Rust Breath,"Rust, Breath"
low,3,app_text01,text/skill_name.mbe/000_Sheet1.csv,23851,Infinity Cannon,"Infinity, Cannon"
low,3,app_text01,text/skill_name.mbe/000_Sheet1.csv,23881,Elastic Bubbles,"Elastic, Bubbles"
low,3,app_text01,text/skill_name.mbe/000_Sheet1.csv,23891,Electric Shock,"Electric, Shock"
low,3,app_text01,text/skill_name.mbe/000_Sheet1.csv,23901,Grand Cross,"Grand, Cross"
low,3,app_text01,text/skill_name.mbe/000_Sheet1.csv,23911,Diamond Storm,"Diamond, Storm"
low,3,app_text01,text/skill_name.mbe/000_Sheet1.csv,23921,Sticky Net,"Sticky, Net"
low,3,app_text01,text/skill_name.mbe/000_Sheet1.csv,23931,Branch Drain,"Branch, Drain"
low,3,app_text01,text/skill_name.mbe/000_Sheet1.csv,23941,Pummel Whack,"Pummel, Whack"
low,3,app_text01,text/skill_name.mbe/000_Sheet1.csv,23961,Power Metal,"Power, Metal"
low,3,app_text01,text/skill_name.mbe/000_Sheet1.csv,23971,V-Nova Blast,"V-Nova, Blast"
low,3,app_text01,text/skill_name.mbe/000_Sheet1.csv,23981,Chrono Breaker,"Chrono, Breaker"
low,3,app_text01,text/skill_name.mbe/000_Sheet1.csv,23991,Symphony Crusher,"Symphony, Crusher"
low,3,app_text01,text/skill_name.mbe/000_Sheet1.csv,24001,Dragon Impulse,"Dragon, Impulse"
low,3,app_text01,text/skill_name.mbe/000_Sheet1.csv,24021,Eradication Gears,"Eradication, Gears"
low,3,app_text01,text/skill_name.mbe/000_Sheet1.csv,24041,Oblivion Bird,"Oblivion, Bird"
low,3,app_text01,text/skill_name.mbe/000_Sheet1.csv,24071,Metal Meteor,"Metal, Meteor"
low,3,app_text01,text/skill_name.mbe/000_Sheet1.csv,24101,Pit Bomb,"Pit, Bomb"
low,3,app_text01,text/skill_name.mbe/000_Sheet1.csv,24121,Smiley Bomb,"Smiley, Bomb"
low,3,app_text01,text/skill_name.mbe/000_Sheet1.csv,24131,Energy Bomb,"Energy, Bomb"
low,3,app_text01,text/skill_name.mbe/000_Sheet1.csv,24192,Giga Death,"Giga, Death"
low,3,app_text01,text/skill_name.mbe/000_Sheet1.csv,24211,EDEN's Javelin,"EDEN's, Javelin"
low,3,app_text01,text/skill_name.mbe/000_Sheet1.csv,24212,Sefirot Crystal,"Sefirot, Crystal"
low,3,app_text01,text/skill_name.mbe/000_Sheet1.csv,24231,Dimension Scissor,"Dimension, Scissor"
low,3,app_text01,text/skill_name.mbe/000_Sheet1.csv,24241,Howling Crusher,"Howling, Crusher"
low,3,app_text01,text/skill_name.mbe/000_Sheet1.csv,24242,Infinity Arrow,"Infinity, Arrow"
low,3,app_text01,text/skill_name.mbe/000_Sheet1.csv,24252,Izuna,Izuna
low,3,app_text01,text/skill_name.mbe/000_Sheet1.csv,24261,Atomic Ray,"Atomic, Ray"
low,3,app_text01,text/skill_name.mbe/000_Sheet1.csv,24271,Trump Sword,"Trump, Sword"
low,3,app_text01,text/skill_name.mbe/000_Sheet1.csv,24281,Puppet Pummel,"Puppet, Pummel"
low,3,app_text01,text/skill_name.mbe/000_Sheet1.csv,24291,Smile Warhead,"Smile, Warhead"
low,3,app_text01,text/skill_name.mbe/000_Sheet1.csv,24311,Tomahawk Stinger,"Tomahawk, Stinger"
low,3,app_text01,text/skill_name.mbe/000_Sheet1.csv,24351,Divine Atonement,"Divine, Atonement"
low,3,app_text01,text/skill_name.mbe/000_Sheet1.csv,24352,Purgatorial Flame,"Purgatorial, Flame"
low,3,app_text01,text/skill_name.mbe/000_Sheet1.csv,24391,Eternal Nightmare,"Eternal, Nightmare"
low,3,app_text01,text/skill_name.mbe/000_Sheet1.csv,24402,Phantom Blade,"Phantom, Blade"
low,3,app_text01,text/skill_name.mbe/000_Sheet1.csv,24502,Sorrow Blue,"Sorrow, Blue"
low,3,app_text01,text/skill_name.mbe/000_Sheet1.csv,24511,Brain Rupture,"Brain, Rupture"
low,3,app_text01,text/skill_name.mbe/000_Sheet1.csv,24512,Planet Destroyer,"Planet, Destroyer"
low,3,app_text01,text/skill_name.mbe/000_Sheet1.csv,24521,Hyper Heat,"Hyper, Heat"
low,3,app_text01,text/skill_name.mbe/000_Sheet1.csv,24522,Bunmawashi,Bunmawashi
low,3,app_text01,text/skill_name.mbe/000_Sheet1.csv,24531,Fire Tornado,"Fire, Tornado"
low,3,app_text01,text/skill_name.mbe/000_Sheet1.csv,24541,Turbo Stinger,"Turbo, Stinger"
low,3,app_text01,text/skill_name.mbe/000_Sheet1.csv,24551,Mature Poop,"Mature, Poop"
low,3,app_text01,text/skill_name.mbe/000_Sheet1.csv,24561,Justice Bullet,"Justice, Bullet"
low,3,app_text01,text/skill_name.mbe/000_Sheet1.csv,24581,Knuckle Beater,"Knuckle, Beater"
low,3,app_text01,text/skill_name.mbe/000_Sheet1.csv,24611,Spiral Bone,"Spiral, Bone"
low,3,app_text01,text/skill_name.mbe/000_Sheet1.csv,24652,Daredevil Break,"Daredevil, Break"
low,3,app_text01,text/skill_name.mbe/000_Sheet1.csv,24661,Metal Drop,"Metal, Drop"
low,3,app_text01,text/skill_name.mbe/000_Sheet1.csv,24741,Lizard Dance,"Lizard, Dance"
low,3,app_text01,text/skill_name.mbe/000_Sheet1.csv,24791,Bowling Storm,"Bowling, Storm"
low,3,app_text01,text/skill_name.mbe/000_Sheet1.csv,24841,Spike Buster,"Spike, Buster"
low,3,app_text01,text/skill_name.mbe/000_Sheet1.csv,24891,Red Reamer,"Red, Reamer"
low,3,app_text01,text/skill_name.mbe/000_Sheet1.csv,24892,Gaia Brave,"Gaia, Brave"
low,3,app_text01,text/skill_name.mbe/000_Sheet1.csv,24901,Raddle Star,"Raddle, Star"
low,3,app_text01,text/skill_name.mbe/000_Sheet1.csv,24902,Cool Edge,"Cool, Edge"
low,3,app_text01,text/skill_name.mbe/000_Sheet1.csv,24911,Spirited Claws,"Spirited, Claws"
low,3,app_text01,text/skill_name.mbe/000_Sheet1.csv,24921,Rodeo Bullet,"Rodeo, Bullet"
low,3,app_text01,text/skill_name.mbe/000_Sheet1.csv,24922,Deep Forest,"Deep, Forest"
low,3,app_text01,text/skill_name.mbe/000_Sheet1.csv,24923,Rodeo Bullet,"Rodeo, Bullet"
low,3,app_text01,text/skill_name.mbe/000_Sheet1.csv,25101,Soap Flower,"Soap, Flower"
low,3,app_text01,text/skill_name.mbe/000_Sheet1.csv,25141,Air Bubbles,"Air, Bubbles"
low,3,app_text01,text/skill_name.mbe/000_Sheet1.csv,25151,Fox Tail,"Fox, Tail"
low,3,app_text01,text/skill_name.mbe/000_Sheet1.csv,25481,Holy Shot,"Holy, Shot"
low,3,app_text01,text/skill_name.mbe/000_Sheet1.csv,25631,Sparkling Thunder,"Sparkling, Thunder"
low,3,app_text01,text/skill_name.mbe/000_Sheet1.csv,25641,Sparkling Thunder,"Sparkling, Thunder"
low,3,app_text01,text/skill_name.mbe/000_Sheet1.csv,25671,Poison Bubbles,"Poison, Bubbles"
low,3,app_text01,text/skill_name.mbe/000_Sheet1.csv,25731,Downward Cleave,"Downward, Cleave"
low,3,app_text01,text/skill_name.mbe/000_Sheet1.csv,25751,Sunburst Dance,"Sunburst, Dance"
low,3,app_text01,text/skill_name.mbe/000_Sheet1.csv,25761,Digital Bomb,"Digital, Bomb"
low,3,app_text01,text/skill_name.mbe/000_Sheet1.csv,25771,Shama Hammer,"Shama, Hammer"
low,3,app_text01,text/skill_name.mbe/000_Sheet1.csv,25791,Evil Hurricane,"Evil, Hurricane"
low,3,app_text01,text/skill_name.mbe/000_Sheet1.csv,25801,Snow Punch,"Snow, Punch"
low,3,app_text01,text/skill_name.mbe/000_Sheet1.csv,25821,Lullaby Bubble,"Lullaby, Bubble"
low,3,app_text01,text/skill_name.mbe/000_Sheet1.csv,25841,Soul Chopper,"Soul, Chopper"
low,3,app_text01,text/skill_name.mbe/000_Sheet1.csv,25861,Brown Stingers,"Brown, Stingers"
low,3,app_text01,text/skill_name.mbe/000_Sheet1.csv,25881,Tusk Strikes,"Tusk, Strikes"
low,3,app_text01,text/skill_name.mbe/000_Sheet1.csv,25901,Sludge,Sludge
low,3,app_text01,text/skill_name.mbe/000_Sheet1.csv,25921,Venom Blast,"Venom, Blast"
low,3,app_text01,text/skill_name.mbe/000_Sheet1.csv,25941,Spiral Edge,"Spiral, Edge"
low,3,app_text01,text/skill_name.mbe/000_Sheet1.csv,25951,Rock Fist,"Rock, Fist"
low,3,app_text01,text/skill_name.mbe/000_Sheet1.csv,25971,Shadow Sickle,"Shadow, Sickle"
low,3,app_text01,text/skill_name.mbe/000_Sheet1.csv,25981,Slamming Tusk,"Slamming, Tusk"
low,3,app_text01,text/skill_name.mbe/000_Sheet1.csv,26001,Venom Infusion,"Venom, Infusion"
low,3,app_text01,text/skill_name.mbe/000_Sheet1.csv,26011,Baluluna Gale,"Baluluna, Gale"
low,3,app_text01,text/skill_name.mbe/000_Sheet1.csv,26021,Blast Fire,"Blast, Fire"
low,3,app_text01,text/skill_name.mbe/000_Sheet1.csv,26032,Final Crest,"Final, Crest"
low,3,app_text01,text/skill_name.mbe/000_Sheet1.csv,26041,Eclipse Finger,"Eclipse, Finger"
low,3,app_text01,text/skill_name.mbe/000_Sheet1.csv,26042,Calydon Arcus,"Calydon, Arcus"
low,3,app_text01,text/skill_name.mbe/000_Sheet1.csv,26051,Stinger Surprise,"Stinger, Surprise"
low,3,app_text01,text/skill_name.mbe/000_Sheet1.csv,26061,Strike Fishing,"Strike, Fishing"
low,3,app_text01,text/skill_name.mbe/000_Sheet1.csv,26071,Fungus Crusher,"Fungus, Crusher"
low,3,app_text01,text/skill_name.mbe/000_Sheet1.csv,26101,Pummel Peck,"Pummel, Peck"
low,3,app_text01,text/skill_name.mbe/000_Sheet1.csv,26141,Golden Ripper,"Golden, Ripper"
low,3,app_text01,text/skill_name.mbe/000_Sheet1.csv,26151,Twinkle Beam,"Twinkle, Beam"
low,3,app_text01,text/skill_name.mbe/000_Sheet1.csv,26171,Destruction Trigger,"Destruction, Trigger"
low,3,app_text01,text/skill_name.mbe/000_Sheet1.csv,26211,Hyper Cannon,"Hyper, Cannon"
low,3,app_text01,text/skill_name.mbe/000_Sheet1.csv,26221,Super Slap,"Super, Slap"
low,3,app_text01,text/skill_name.mbe/000_Sheet1.csv,26231,Tropical Beak,"Tropical, Beak"
low,3,app_text01,text/skill_name.mbe/000_Sheet1.csv,26261,Crazy Giggle,"Crazy, Giggle"
low,3,app_text01,text/skill_name.mbe/000_Sheet1.csv,26271,Spider Shooter,"Spider, Shooter"
low,3,app_text01,text/skill_name.mbe/000_Sheet1.csv,26291,Glare Eye,"Glare, Eye"
low,3,app_text01,text/skill_name.mbe/000_Sheet1.csv,26301,Data Crusher,"Data, Crusher"
low,3,app_text01,text/skill_name.mbe/000_Sheet1.csv,26311,Nail Scratch,"Nail, Scratch"
low,3,app_text01,text/skill_name.mbe/000_Sheet1.csv,26321,Catastrophe Cannon,"Catastrophe, Cannon"
low,3,app_text01,text/skill_name.mbe/000_Sheet1.csv,26691,Atomic Inferno,"Atomic, Inferno"
low,3,app_text01,text/skill_name.mbe/000_Sheet1.csv,26751,Starlight Velocity,"Starlight, Velocity"
low,3,app_text01,text/skill_name.mbe/000_Sheet1.csv,26761,Pyro Punch,"Pyro, Punch"
low,3,app_text01,text/skill_name.mbe/000_Sheet1.csv,26771,Firedrake Strike,"Firedrake, Strike"
low,3,app_text01,text/skill_name.mbe/000_Sheet1.csv,26772,Pyro Dragons,"Pyro, Dragons"
low,3,app_text01,text/skill_name.mbe/000_Sheet1.csv,26781,Machinegun Destroyer,"Machinegun, Destroyer"
low,3,app_text01,text/skill_name.mbe/000_Sheet1.csv,26791,Corona Blaster,"Corona, Blaster"
low,3,app_text01,text/skill_name.mbe/000_Sheet1.csv,26811,Speed Star,"Speed, Star"
low,3,app_text01,text/skill_name.mbe/000_Sheet1.csv,26821,Rock Soul,"Rock, Soul"
low,3,app_text01,text/skill_name.mbe/000_Sheet1.csv,26832,Flame Cannon,"Flame, Cannon"
low,3,app_text01,text/skill_name.mbe/000_Sheet1.csv,26871,Fifth Rush,"Fifth, Rush"
low,3,app_text01,text/skill_name.mbe/000_Sheet1.csv,26882,Table Flip,"Table, Flip"
low,3,app_text01,text/skill_name.mbe/000_Sheet1.csv,26971,Twenty Dive,"Twenty, Dive"
low,3,app_text01,text/skill_name.mbe/000_Sheet1.csv,26981,Vantheon,Vantheon
low,3,app_text01,text/skill_name.mbe/000_Sheet1.csv,26991,Blinded,Blinded
low,3,app_text01,text/skill_name.mbe/000_Sheet1.csv,27011,Terrier Tornado,"Terrier, Tornado"
low,3,app_text01,text/skill_name.mbe/000_Sheet1.csv,27021,Kunai Wing,"Kunai, Wing"
low,3,app_text01,text/skill_name.mbe/000_Sheet1.csv,27041,Destruction Crush,"Destruction, Crush"
low,3,app_text01,text/skill_name.mbe/000_Sheet1.csv,27051,Ninja Blade,"Ninja, Blade"
low,3,app_text01,text/skill_name.mbe/000_Sheet1.csv,27061,Feather Slash,"Feather, Slash"
low,3,app_text01,text/skill_name.mbe/000_Sheet1.csv,27071,Diamond Shell,"Diamond, Shell"
low,3,app_text01,text/skill_name.mbe/000_Sheet1.csv,27081,Plastic Blaze,"Plastic, Blaze"
low,3,app_text01,text/skill_name.mbe/000_Sheet1.csv,27101,Dumdum Uppercut,"Dumdum, Uppercut"
low,3,app_text01,text/skill_name.mbe/000_Sheet1.csv,27111,Tail Hammer,"Tail, Hammer"
low,3,app_text01,text/skill_name.mbe/000_Sheet1.csv,27161,Flaming Fist,"Flaming, Fist"
low,3,app_text01,text/skill_name.mbe/000_Sheet1.csv,27181,Berserk Sword,"Berserk, Sword"
low,3,app_text01,text/skill_name.mbe/000_Sheet1.csv,27191,Desolation Claw,"Desolation, Claw"
low,3,app_text01,text/skill_name.mbe/000_Sheet1.csv,27201,Top Gun,"Top, Gun"
low,3,app_text01,text/skill_name.mbe/000_Sheet1.csv,27211,Savage Emperor,"Savage, Emperor"
low,3,app_text01,text/skill_name.mbe/000_Sheet1.csv,27221,Golden Triangle,"Golden, Triangle"
low,3,app_text01,text/skill_name.mbe/000_Sheet1.csv,27231,Disaster Blaster,"Disaster, Blaster"
low,3,app_text01,text/skill_name.mbe/000_Sheet1.csv,27241,Brachio Bubble,"Brachio, Bubble"
low,3,app_text01,text/skill_name.mbe/000_Sheet1.csv,27261,Pandora Dialogue,"Pandora, Dialogue"
low,3,app_text01,text/skill_name.mbe/000_Sheet1.csv,27271,Nitro Stinger,"Nitro, Stinger"
low,3,app_text01,text/skill_name.mbe/000_Sheet1.csv,27281,Shiny Ring,"Shiny, Ring"
low,3,app_text01,text/skill_name.mbe/000_Sheet1.csv,27291,Hyper Smell,"Hyper, Smell"
low,3,app_text01,text/skill_name.mbe/000_Sheet1.csv,27301,Frost Claw,"Frost, Claw"
low,3,app_text01,text/skill_name.mbe/000_Sheet1.csv,27311,Bunny Blades,"Bunny, Blades"
low,3,app_text01,text/skill_name.mbe/000_Sheet1.csv,27341,Waltz's End,"Waltz's, End"
low,3,app_text01,text/skill_name.mbe/000_Sheet1.csv,27351,Heaven's Judgment,"Heaven's, Judgment"
low,3,app_text01,text/skill_name.mbe/000_Sheet1.csv,27352,Lightning Spear,"Lightning, Spear"
low,3,app_text01,text/skill_name.mbe/000_Sheet1.csv,27371,Justice Kick,"Justice, Kick"
low,3,app_text01,text/skill_name.mbe/000_Sheet1.csv,27372,Accel Arm,"Accel, Arm"
low,3,app_text01,text/skill_name.mbe/000_Sheet1.csv,27373,Critical Arm,"Critical, Arm"
low,3,app_text01,text/skill_name.mbe/000_Sheet1.csv,27374,Blitz Arm,"Blitz, Arm"
low,3,app_text01,text/skill_name.mbe/000_Sheet1.csv,27375,Trinity Arm,"Trinity, Arm"
low,3,app_text01,text/skill_name.mbe/000_Sheet1.csv,27381,Wyvern's Breath,"Wyvern's, Breath"
low,3,app_text01,text/skill_name.mbe/000_Sheet1.csv,27382,Dragon's Roar,"Dragon's, Roar"
low,3,app_text01,text/skill_name.mbe/000_Sheet1.csv,27383,Dragon's Roar,"Dragon's, Roar"
low,3,app_text01,text/skill_name.mbe/000_Sheet1.csv,27411,Burst Shot,"Burst, Shot"
low,3,app_text01,text/skill_name.mbe/000_Sheet1.csv,27412,Giant Missile,"Giant, Missile"
low,3,app_text01,text/skill_name.mbe/000_Sheet1.csv,27422,Serpent Ruin,"Serpent, Ruin"
low,3,app_text01,text/skill_name.mbe/000_Sheet1.csv,27423,Serpent Cure,"Serpent, Cure"
low,3,app_text01,text/skill_name.mbe/000_Sheet1.csv,27431,Vulcan Crusher,"Vulcan, Crusher"
low,3,app_text01,text/skill_name.mbe/000_Sheet1.csv,27441,Will-O'-Wisp Slash,"Will-O'-Wisp, Slash"
low,3,app_text01,text/skill_name.mbe/000_Sheet1.csv,27451,Mach Stinger V,"Mach, Stinger"
low,3,app_text01,text/skill_name.mbe/000_Sheet1.csv,27471,Strike Roll,"Strike, Roll"
low,3,app_text01,text/skill_name.mbe/000_Sheet1.csv,27472,Madness Merry-Go-Round,"Madness, Merry-Go-Round"
low,3,app_text01,text/skill_name.mbe/000_Sheet1.csv,27481,Chaos Degradation,"Chaos, Degradation"
low,3,app_text01,text/skill_name.mbe/000_Sheet1.csv,27482,Holy Desire,"Holy, Desire"
low,3,app_text01,text/skill_name.mbe/000_Sheet1.csv,27483,Dark Despair,"Dark, Despair"
low,3,app_text01,text/skill_name.mbe/000_Sheet1.csv,27501,Blazing Ice,"Blazing, Ice"
low,3,app_text01,text/skill_name.mbe/000_Sheet1.csv,27511,Golden Triangle,"Golden, Triangle"
low,3,app_text01,text/skill_name.mbe/000_Sheet1.csv,27531,Dark Pupil,"Dark, Pupil"
low,3,app_text01,text/skill_name.mbe/000_Sheet1.csv,27542,Illuminator,Illuminator
low,3,app_text01,text/skill_name.mbe/000_Sheet1.csv,27551,Crystal Cloud,"Crystal, Cloud"
low,3,app_text01,text/skill_name.mbe/000_Sheet1.csv,27561,Galactic Flare,"Galactic, Flare"
low,3,app_text01,text/skill_name.mbe/000_Sheet1.csv,27581,Iceball Bomb,"Iceball, Bomb"
low,3,app_text01,text/skill_name.mbe/000_Sheet1.csv,27591,Great Weight,"Great, Weight"
low,3,app_text01,text/skill_name.mbe/000_Sheet1.csv,27601,Destruction Grenade,"Destruction, Grenade"
low,3,app_text01,text/skill_name.mbe/000_Sheet1.csv,27701,Striver Cannon,"Striver, Cannon"
low,3,app_text01,text/skill_name.mbe/000_Sheet1.csv,27711,Dark Roar,"Dark, Roar"
low,3,app_text01,text/skill_name.mbe/000_Sheet1.csv,27712,Gigastick Lance,"Gigastick, Lance"
low,3,app_text01,text/skill_name.mbe/000_Sheet1.csv,27721,Bancho Blade,"Bancho, Blade"
low,3,app_text01,text/skill_name.mbe/000_Sheet1.csv,27722,Dark Prominence,"Dark, Prominence"
low,3,app_text01,text/skill_name.mbe/000_Sheet1.csv,27731,Fenrir Sword,"Fenrir, Sword"
low,3,app_text01,text/skill_name.mbe/000_Sheet1.csv,27732,Aurvandil's Arrow,"Aurvandil's, Arrow"
low,3,app_text01,text/skill_name.mbe/000_Sheet1.csv,27741,Lightning Spear,"Lightning, Spear"
low,3,app_text01,text/skill_name.mbe/000_Sheet1.csv,27742,Heaven's Judgment,"Heaven's, Judgment"
low,3,app_text01,text/skill_name.mbe/000_Sheet1.csv,27752,Death Slinger,"Death, Slinger"
low,3,app_text01,text/skill_name.mbe/000_Sheet1.csv,27781,Mourning Dance,"Mourning, Dance"
low,3,app_text01,text/skill_name.mbe/000_Sheet1.csv,27782,Lightning Thrust,"Lightning, Thrust"
low,3,app_text01,text/skill_name.mbe/000_Sheet1.csv,28021,Finger Bomb,"Finger, Bomb"
low,3,app_text01,text/skill_name.mbe/000_Sheet1.csv,28022,Holy Flare,"Holy, Flare"
low,3,app_text01,text/skill_name.mbe/000_Sheet1.csv,28023,Purifying Light,"Purifying, Light"
low,3,app_text01,text/skill_name.mbe/000_Sheet1.csv,28042,Loathsome Fate,"Loathsome, Fate"
low,3,app_text01,text/skill_name.mbe/000_Sheet1.csv,28045,Chrono Devolution,"Chrono, Devolution"
low,3,app_text01,text/skill_name.mbe/000_Sheet1.csv,28048,Loathsome Fate,"Loathsome, Fate"
low,3,app_text01,text/skill_name.mbe/000_Sheet1.csv,28061,Pulse Gun,"Pulse, Gun"
low,3,app_text01,text/skill_name.mbe/000_Sheet1.csv,28062,Grenade Launcher,"Grenade, Launcher"
low,3,app_text01,text/skill_name.mbe/000_Sheet1.csv,28441,Whirlpool Spin,"Whirlpool, Spin"
low,3,app_text01,text/skill_name.mbe/000_Sheet1.csv,29061,All-Out Bombardment,"All-Out, Bombardment"
low,3,app_text01,text/skill_name.mbe/000_Sheet1.csv,29071,All-Out Bombardment,"All-Out, Bombardment"
low,3,app_text01,text/skill_name.mbe/000_Sheet1.csv,29081,Lightning Javelin,"Lightning, Javelin"
low,3,app_text01,text/skill_name.mbe/000_Sheet1.csv,29091,Lightning Javelin,"Lightning, Javelin"
low,3,app_text01,text/skill_name.mbe/000_Sheet1.csv,29121,Hell Slicer,"Hell, Slicer"
low,3,app_text01,text/skill_name.mbe/000_Sheet1.csv,29122,Marionette Abomination,"Marionette, Abomination"
low,3,app_text01,text/skill_name.mbe/000_Sheet1.csv,29131,Rampage,Rampage
low,3,app_text01,text/skill_name.mbe/000_Sheet1.csv,29132,Roar,Roar
low,3,app_text01,text/skill_name.mbe/000_Sheet1.csv,29133,Tail Swing,"Tail, Swing"
low,3,app_text01,text/skill_name.mbe/000_Sheet1.csv,29151,Senjin Kishinzan,"Senjin, Kishinzan"
low,3,app_text01,text/skill_name.mbe/000_Sheet1.csv,29161,Hell Slicer,"Hell, Slicer"
low,3,app_text01,text/skill_name.mbe/000_Sheet1.csv,29162,Marionette Abomination,"Marionette, Abomination"
low,3,app_text01,text/skill_name.mbe/000_Sheet1.csv,29211,Ruthless Charge,"Ruthless, Charge"
low,3,app_text01,text/skill_name.mbe/000_Sheet1.csv,29262,Harden,Harden
low,3,app_text01,text/skill_name.mbe/000_Sheet1.csv,29263,Lightning Strike,"Lightning, Strike"
low,3,app_text01,text/skill_name.mbe/000_Sheet1.csv,29268,Thunder Charge,"Thunder, Charge"
low,3,app_text01,text/skill_name.mbe/000_Sheet1.csv,29291,Senjin Kishinzan,"Senjin, Kishinzan"
low,3,app_text01,text/skill_name.mbe/000_Sheet1.csv,29301,Senjin Kishinzan,"Senjin, Kishinzan"
low,3,app_text01,text/skill_name.mbe/000_Sheet1.csv,29561,Titanic Charge,"Titanic, Charge"
low,3,app_text01,text/skill_name.mbe/000_Sheet1.csv,30011,Wolkenapalm I,Wolkenapalm
low,3,app_text01,text/skill_name.mbe/000_Sheet1.csv,30021,Burst Flame I,"Burst, Flame"
low,3,app_text01,text/skill_name.mbe/000_Sheet1.csv,30022,Burst Flame II,"Burst, Flame"
low,3,app_text01,text/skill_name.mbe/000_Sheet1.csv,30023,Burst Flame III,"Burst, Flame"
low,3,app_text01,text/skill_name.mbe/000_Sheet1.csv,30031,Magma Fall I,"Magma, Fall"
low,3,app_text01,text/skill_name.mbe/000_Sheet1.csv,30032,Magma Fall II,"Magma, Fall"
low,3,app_text01,text/skill_name.mbe/000_Sheet1.csv,30033,Magma Fall III,"Magma, Fall"
low,3,app_text01,text/skill_name.mbe/000_Sheet1.csv,30041,Aqua Pressure I,"Aqua, Pressure"
low,3,app_text01,text/skill_name.mbe/000_Sheet1.csv,30042,Aqua Pressure II,"Aqua, Pressure"
low,3,app_text01,text/skill_name.mbe/000_Sheet1.csv,30043,Aqua Pressure III,"Aqua, Pressure"
low,3,app_text01,text/skill_name.mbe/000_Sheet1.csv,30051,Hydro Water I,"Hydro, Water"
low,3,app_text01,text/skill_name.mbe/000_Sheet1.csv,30052,Hydro Water II,"Hydro, Water"
low,3,app_text01,text/skill_name.mbe/000_Sheet1.csv,30053,Hydro Water III,"Hydro, Water"
low,3,app_text01,text/skill_name.mbe/000_Sheet1.csv,30061,Ocean Wave I,"Ocean, Wave"
low,3,app_text01,text/skill_name.mbe/000_Sheet1.csv,30062,Ocean Wave II,"Ocean, Wave"
low,3,app_text01,text/skill_name.mbe/000_Sheet1.csv,30063,Ocean Wave III,"Ocean, Wave"
low,3,app_text01,text/skill_name.mbe/000_Sheet1.csv,30064,Tidal Stream I,"Tidal, Stream"
low,3,app_text01,text/skill_name.mbe/000_Sheet1.csv,30065,Tidal Stream II,"Tidal, Stream"
low,3,app_text01,text/skill_name.mbe/000_Sheet1.csv,30066,Tidal Stream III,"Tidal, Stream"
low,3,app_text01,text/skill_name.mbe/000_Sheet1.csv,30071,Crescent Leaf I,"Crescent, Leaf"
low,3,app_text01,text/skill_name.mbe/000_Sheet1.csv,30072,Crescent Leaf II,"Crescent, Leaf"
low,3,app_text01,text/skill_name.mbe/000_Sheet1.csv,30073,Crescent Leaf III,"Crescent, Leaf"
low,3,app_text01,text/skill_name.mbe/000_Sheet1.csv,30081,Thorn Strike I,"Thorn, Strike"
low,3,app_text01,text/skill_name.mbe/000_Sheet1.csv,30082,Thorn Strike II,"Thorn, Strike"
low,3,app_text01,text/skill_name.mbe/000_Sheet1.csv,30083,Thorn Strike III,"Thorn, Strike"
low,3,app_text01,text/skill_name.mbe/000_Sheet1.csv,30091,Rune Forest I,"Rune, Forest"
low,3,app_text01,text/skill_name.mbe/000_Sheet1.csv,30092,Rune Forest II,"Rune, Forest"
low,3,app_text01,text/skill_name.mbe/000_Sheet1.csv,30093,Rune Forest III,"Rune, Forest"
low,3,app_text01,text/skill_name.mbe/000_Sheet1.csv,30094,Needle Plant I,"Needle, Plant"
low,3,app_text01,text/skill_name.mbe/000_Sheet1.csv,30095,Needle Plant II,"Needle, Plant"
low,3,app_text01,text/skill_name.mbe/000_Sheet1.csv,30096,Needle Plant III,"Needle, Plant"
low,3,app_text01,text/skill_name.mbe/000_Sheet1.csv,30101,Icicle Edge I,"Icicle, Edge"
low,3,app_text01,text/skill_name.mbe/000_Sheet1.csv,30102,Icicle Edge II,"Icicle, Edge"
low,3,app_text01,text/skill_name.mbe/000_Sheet1.csv,30103,Icicle Edge III,"Icicle, Edge"
low,3,app_text01,text/skill_name.mbe/000_Sheet1.csv,30111,Frozen Bullet I,"Frozen, Bullet"
low,3,app_text01,text/skill_name.mbe/000_Sheet1.csv,30112,Frozen Bullet II,"Frozen, Bullet"
low,3,app_text01,text/skill_name.mbe/000_Sheet1.csv,30113,Frozen Bullet III,"Frozen, Bullet"
low,3,app_text01,text/skill_name.mbe/000_Sheet1.csv,30121,Lethal Blizzard I,"Lethal, Blizzard"
low,3,app_text01,text/skill_name.mbe/000_Sheet1.csv,30122,Lethal Blizzard II,"Lethal, Blizzard"
low,3,app_text01,text/skill_name.mbe/000_Sheet1.csv,30123,Lethal Blizzard III,"Lethal, Blizzard"
low,3,app_text01,text/skill_name.mbe/000_Sheet1.csv,30124,Diamond Dust I,"Diamond, Dust"
low,3,app_text01,text/skill_name.mbe/000_Sheet1.csv,30125,Diamond Dust II,"Diamond, Dust"
low,3,app_text01,text/skill_name.mbe/000_Sheet1.csv,30126,Diamond Dust III,"Diamond, Dust"
low,3,app_text01,text/skill_name.mbe/000_Sheet1.csv,30131,Nanomachine Break I,"Nanomachine, Break"
low,3,app_text01,text/skill_name.mbe/000_Sheet1.csv,30132,Nanomachine Break II,"Nanomachine, Break"
low,3,app_text01,text/skill_name.mbe/000_Sheet1.csv,30133,Nanomachine Break III,"Nanomachine, Break"
low,3,app_text01,text/skill_name.mbe/000_Sheet1.csv,30141,Shock Plasma I,"Shock, Plasma"
low,3,app_text01,text/skill_name.mbe/000_Sheet1.csv,30142,Shock Plasma II,"Shock, Plasma"
low,3,app_text01,text/skill_name.mbe/000_Sheet1.csv,30143,Shock Plasma III,"Shock, Plasma"
low,3,app_text01,text/skill_name.mbe/000_Sheet1.csv,30151,Thunder Fall I,"Thunder, Fall"
low,3,app_text01,text/skill_name.mbe/000_Sheet1.csv,30152,Thunder Fall II,"Thunder, Fall"
low,3,app_text01,text/skill_name.mbe/000_Sheet1.csv,30153,Thunder Fall III,"Thunder, Fall"
low,3,app_text01,text/skill_name.mbe/000_Sheet1.csv,30154,Lightning Claw I,"Lightning, Claw"
low,3,app_text01,text/skill_name.mbe/000_Sheet1.csv,30155,Lightning Claw II,"Lightning, Claw"
low,3,app_text01,text/skill_name.mbe/000_Sheet1.csv,30156,Lightning Claw III,"Lightning, Claw"
low,3,app_text01,text/skill_name.mbe/000_Sheet1.csv,30161,Comet Hammer I,"Comet, Hammer"
low,3,app_text01,text/skill_name.mbe/000_Sheet1.csv,30162,Comet Hammer II,"Comet, Hammer"
low,3,app_text01,text/skill_name.mbe/000_Sheet1.csv,30163,Comet Hammer III,"Comet, Hammer"
low,3,app_text01,text/skill_name.mbe/000_Sheet1.csv,30171,Gaia Blaster I,"Gaia, Blaster"
low,3,app_text01,text/skill_name.mbe/000_Sheet1.csv,30172,Gaia Blaster II,"Gaia, Blaster"
low,3,app_text01,text/skill_name.mbe/000_Sheet1.csv,30173,Gaia Blaster III,"Gaia, Blaster"
low,3,app_text01,text/skill_name.mbe/000_Sheet1.csv,30181,Awesome Quake I,"Awesome, Quake"
low,3,app_text01,text/skill_name.mbe/000_Sheet1.csv,30182,Awesome Quake II,"Awesome, Quake"
low,3,app_text01,text/skill_name.mbe/000_Sheet1.csv,30183,Awesome Quake III,"Awesome, Quake"
low,3,app_text01,text/skill_name.mbe/000_Sheet1.csv,30184,Stone Cleave I,"Stone, Cleave"
low,3,app_text01,text/skill_name.mbe/000_Sheet1.csv,30185,Stone Cleave II,"Stone, Cleave"
low,3,app_text01,text/skill_name.mbe/000_Sheet1.csv,30186,Stone Cleave III,"Stone, Cleave"
low,3,app_text01,text/skill_name.mbe/000_Sheet1.csv,30191,Wind Claw I,"Wind, Claw"
low,3,app_text01,text/skill_name.mbe/000_Sheet1.csv,30192,Wind Claw II,"Wind, Claw"
low,3,app_text01,text/skill_name.mbe/000_Sheet1.csv,30193,Wind Claw III,"Wind, Claw"
low,3,app_text01,text/skill_name.mbe/000_Sheet1.csv,30201,Sonic Shot I,"Sonic, Shot"
low,3,app_text01,text/skill_name.mbe/000_Sheet1.csv,30202,Sonic Shot II,"Sonic, Shot"
low,3,app_text01,text/skill_name.mbe/000_Sheet1.csv,30203,Sonic Shot III,"Sonic, Shot"
low,3,app_text01,text/skill_name.mbe/000_Sheet1.csv,30211,Gale Storm I,"Gale, Storm"
low,3,app_text01,text/skill_name.mbe/000_Sheet1.csv,30212,Gale Storm II,"Gale, Storm"
low,3,app_text01,text/skill_name.mbe/000_Sheet1.csv,30213,Gale Storm III,"Gale, Storm"
low,3,app_text01,text/skill_name.mbe/000_Sheet1.csv,30214,Tempest I,Tempest
low,3,app_text01,text/skill_name.mbe/000_Sheet1.csv,30215,Tempest II,Tempest
low,3,app_text01,text/skill_name.mbe/000_Sheet1.csv,30216,Tempest III,Tempest
low,3,app_text01,text/skill_name.mbe/000_Sheet1.csv,30221,Crush Blade I,"Crush, Blade"
low,3,app_text01,text/skill_name.mbe/000_Sheet1.csv,30222,Crush Blade II,"Crush, Blade"
low,3,app_text01,text/skill_name.mbe/000_Sheet1.csv,30223,Crush Blade III,"Crush, Blade"
low,3,app_text01,text/skill_name.mbe/000_Sheet1.csv,30231,Thruster Metal I,"Thruster, Metal"
low,3,app_text01,text/skill_name.mbe/000_Sheet1.csv,30232,Thruster Metal II,"Thruster, Metal"
low,3,app_text01,text/skill_name.mbe/000_Sheet1.csv,30233,Thruster Metal III,"Thruster, Metal"
low,3,app_text01,text/skill_name.mbe/000_Sheet1.csv,30244,Iron Slash I,"Iron, Slash"
low,3,app_text01,text/skill_name.mbe/000_Sheet1.csv,30245,Iron Slash II,"Iron, Slash"
low,3,app_text01,text/skill_name.mbe/000_Sheet1.csv,30246,Iron Slash III,"Iron, Slash"
low,3,app_text01,text/skill_name.mbe/000_Sheet1.csv,30251,Saint Knuckle I,"Saint, Knuckle"
low,3,app_text01,text/skill_name.mbe/000_Sheet1.csv,30252,Saint Knuckle II,"Saint, Knuckle"
low,3,app_text01,text/skill_name.mbe/000_Sheet1.csv,30253,Saint Knuckle III,"Saint, Knuckle"
low,3,app_text01,text/skill_name.mbe/000_Sheet1.csv,30271,Shine Burst I,"Shine, Burst"
low,3,app_text01,text/skill_name.mbe/000_Sheet1.csv,30272,Shine Burst II,"Shine, Burst"
low,3,app_text01,text/skill_name.mbe/000_Sheet1.csv,30273,Shine Burst III,"Shine, Burst"
low,3,app_text01,text/skill_name.mbe/000_Sheet1.csv,30274,Angel Ladder I,"Angel, Ladder"
low,3,app_text01,text/skill_name.mbe/000_Sheet1.csv,30275,Angel Ladder II,"Angel, Ladder"
low,3,app_text01,text/skill_name.mbe/000_Sheet1.csv,30276,Angel Ladder III,"Angel, Ladder"
low,3,app_text01,text/skill_name.mbe/000_Sheet1.csv,30281,Shadow Fang I,"Shadow, Fang"
low,3,app_text01,text/skill_name.mbe/000_Sheet1.csv,30282,Shadow Fang II,"Shadow, Fang"
low,3,app_text01,text/skill_name.mbe/000_Sheet1.csv,30283,Shadow Fang III,"Shadow, Fang"
low,3,app_text01,text/skill_name.mbe/000_Sheet1.csv,30301,Hell Crusher I,"Hell, Crusher"
low,3,app_text01,text/skill_name.mbe/000_Sheet1.csv,30302,Hell Crusher II,"Hell, Crusher"
low,3,app_text01,text/skill_name.mbe/000_Sheet1.csv,30303,Hell Crusher III,"Hell, Crusher"
low,3,app_text01,text/skill_name.mbe/000_Sheet1.csv,30304,Soul Fear I,"Soul, Fear"
low,3,app_text01,text/skill_name.mbe/000_Sheet1.csv,30305,Soul Fear II,"Soul, Fear"
low,3,app_text01,text/skill_name.mbe/000_Sheet1.csv,30306,Soul Fear III,"Soul, Fear"
low,3,app_text01,text/skill_name.mbe/000_Sheet1.csv,30311,Heavy Strike I,"Heavy, Strike"
low,3,app_text01,text/skill_name.mbe/000_Sheet1.csv,30312,Heavy Strike II,"Heavy, Strike"
low,3,app_text01,text/skill_name.mbe/000_Sheet1.csv,30313,Heavy Strike III,"Heavy, Strike"
low,3,app_text01,text/skill_name.mbe/000_Sheet1.csv,30321,Power Energy I,"Power, Energy"
low,3,app_text01,text/skill_name.mbe/000_Sheet1.csv,30322,Power Energy II,"Power, Energy"
low,3,app_text01,text/skill_name.mbe/000_Sheet1.csv,30323,Power Energy III,"Power, Energy"
low,3,app_text01,text/skill_name.mbe/000_Sheet1.csv,30331,Void Ray I,"Void, Ray"
low,3,app_text01,text/skill_name.mbe/000_Sheet1.csv,30332,Void Ray II,"Void, Ray"
low,3,app_text01,text/skill_name.mbe/000_Sheet1.csv,30333,Void Ray III,"Void, Ray"
low,3,app_text01,text/skill_name.mbe/000_Sheet1.csv,30334,Lunatic Gate I,"Lunatic, Gate"
low,3,app_text01,text/skill_name.mbe/000_Sheet1.csv,30335,Lunatic Gate II,"Lunatic, Gate"
low,3,app_text01,text/skill_name.mbe/000_Sheet1.csv,30336,Lunatic Gate III,"Lunatic, Gate"
low,3,app_text01,text/skill_name.mbe/000_Sheet1.csv,31011,Heal,Heal
low,3,app_text01,text/skill_name.mbe/000_Sheet1.csv,31012,X-Heal,X-Heal
low,3,app_text01,text/skill_name.mbe/000_Sheet1.csv,31021,Aura,Aura
low,3,app_text01,text/skill_name.mbe/000_Sheet1.csv,31022,X-Aura,X-Aura
low,3,app_text01,text/skill_name.mbe/000_Sheet1.csv,31031,Revive,Revive
low,3,app_text01,text/skill_name.mbe/000_Sheet1.csv,31032,X-Revive,X-Revive
low,3,app_text01,text/skill_name.mbe/000_Sheet1.csv,31041,Meditator,Meditator
low,3,app_text01,text/skill_name.mbe/000_Sheet1.csv,31042,Normalize,Normalize
low,3,app_text01,text/skill_name.mbe/000_Sheet1.csv,31051,Dispel,Dispel
low,3,app_text01,text/skill_name.mbe/000_Sheet1.csv,31061,Restore,Restore
low,3,app_text01,text/skill_name.mbe/000_Sheet1.csv,32021,Guard Charge,"Guard, Charge"
low,3,app_text01,text/skill_name.mbe/000_Sheet1.csv,32031,Magic Charge,"Magic, Charge"
low,3,app_text01,text/skill_name.mbe/000_Sheet1.csv,32041,Mental Charge,"Mental, Charge"
low,3,app_text01,text/skill_name.mbe/000_Sheet1.csv,32051,Speed Charge,"Speed, Charge"
low,3,app_text01,text/skill_name.mbe/000_Sheet1.csv,32061,Critical Charge,"Critical, Charge"
low,3,app_text01,text/skill_name.mbe/000_Sheet1.csv,32081,Guard Field,"Guard, Field"
low,3,app_text01,text/skill_name.mbe/000_Sheet1.csv,32091,Magic Field,"Magic, Field"
low,3,app_text01,text/skill_name.mbe/000_Sheet1.csv,32101,Mental Field,"Mental, Field"
low,3,app_text01,text/skill_name.mbe/000_Sheet1.csv,32111,Speed Field,"Speed, Field"
low,3,app_text01,text/skill_name.mbe/000_Sheet1.csv,32121,Critical Field,"Critical, Field"
low,3,app_text01,text/skill_name.mbe/000_Sheet1.csv,32141,Guard Bind,"Guard, Bind"
low,3,app_text01,text/skill_name.mbe/000_Sheet1.csv,32151,Magic Bind,"Magic, Bind"
low,3,app_text01,text/skill_name.mbe/000_Sheet1.csv,32161,Spirit Bind,"Spirit, Bind"
low,3,app_text01,text/skill_name.mbe/000_Sheet1.csv,32171,Speed Bind,"Speed, Bind"
low,3,app_text01,text/skill_name.mbe/000_Sheet1.csv,32181,Critical Bind,"Critical, Bind"
low,3,app_text01,text/skill_name.mbe/000_Sheet1.csv,32201,Guard Break,"Guard, Break"
low,3,app_text01,text/skill_name.mbe/000_Sheet1.csv,32211,Magic Break,"Magic, Break"
low,3,app_text01,text/skill_name.mbe/000_Sheet1.csv,32221,Mental Break,"Mental, Break"
low,3,app_text01,text/skill_name.mbe/000_Sheet1.csv,32231,Speed Break,"Speed, Break"
low,3,app_text01,text/skill_name.mbe/000_Sheet1.csv,32241,Critical Break,"Critical, Break"
low,3,app_text01,text/skill_name.mbe/000_Sheet1.csv,33011,Venom Trap,"Venom, Trap"
low,3,app_text01,text/skill_name.mbe/000_Sheet1.csv,33021,Panic Wisp,"Panic, Wisp"
low,3,app_text01,text/skill_name.mbe/000_Sheet1.csv,33031,Ripping Net,"Ripping, Net"
low,3,app_text01,text/skill_name.mbe/000_Sheet1.csv,33041,Idle Bubble,"Idle, Bubble"
low,3,app_text01,text/skill_name.mbe/000_Sheet1.csv,33051,Texture Blow,"Texture, Blow"
low,3,app_text01,text/skill_name.mbe/000_Sheet1.csv,33061,Character Reversal,"Character, Reversal"
low,3,app_text01,text/skill_name.mbe/000_Sheet1.csv,34011,Hate Charge,"Hate, Charge"
low,3,app_text01,text/skill_name.mbe/000_Sheet1.csv,34021,Acceleration Boost,"Acceleration, Boost"
low,3,app_text01,text/skill_name.mbe/000_Sheet1.csv,34031,Spell Boost,"Spell, Boost"
low,3,app_text01,text/skill_name.mbe/000_Sheet1.csv,34041,Reset Body,"Reset, Body"
low,3,app_text01,text/skill_name.mbe/000_Sheet1.csv,34061,Magic Reflect,"Magic, Reflect"
low,3,app_text01,text/skill_name.mbe/000_Sheet1.csv,34071,Curse Barrier,"Curse, Barrier"
low,3,app_text01,text/skill_name.mbe/000_Sheet1.csv,34081,Status Barrier,"Status, Barrier"
low,3,app_text01,text/skill_name.mbe/000_Sheet1.csv,34091,Safety Guard,"Safety, Guard"
low,3,app_text01,text/skill_name.mbe/000_Sheet1.csv,40001,Double Actions,"Double, Actions"
low,3,app_text01,text/skill_name.mbe/000_Sheet1.csv,40002,Triple Actions,"Triple, Actions"
low,3,app_text01,text/skill_name.mbe/000_Sheet1.csv,41731,Spirit,Spirit
low,3,app_text01,text/skill_name.mbe/000_Sheet1.csv,41781,Interceptors restored!,"Interceptors, restored"
low,3,app_text01,text/skill_name.mbe/000_Sheet1.csv,41782,Emergency Repairs,"Emergency, Repairs"
low,3,app_text01,text/skill_name.mbe/000_Sheet1.csv,41786,Restoring...,Restoring
low,3,app_text01,text/skill_name.mbe/000_Sheet1.csv,46133,Escape now!,"Escape, now"
low,3,app_text01,text/skill_name.mbe/000_Sheet1.csv,48002,Taunt,Taunt
low,3,app_text01,text/skill_name.mbe/000_Sheet1.csv,48004,Energy Charge,"Energy, Charge"
low,3,app_text01,text/skill_name.mbe/000_Sheet1.csv,48012,Taunt,Taunt
low,3,app_text01,text/skill_name.mbe/000_Sheet1.csv,48014,Energy Charge,"Energy, Charge"
low,3,app_text01,text/skill_name.mbe/000_Sheet1.csv,48041,Lethal Lance,"Lethal, Lance"
low,3,app_text01,text/skill_name.mbe/000_Sheet1.csv,48043,Soul-Piercing Snaketail,"Soul-Piercing, Snaketail"
low,3,app_text01,text/skill_name.mbe/000_Sheet1.csv,48044,Black Claw,"Black, Claw"
low,3,app_text01,text/skill_name.mbe/000_Sheet1.csv,48131,Flying Slash,"Flying, Slash"
low,3,app_text01,text/skill_name.mbe/000_Sheet1.csv,48132,Mournful Torrent,"Mournful, Torrent"
low,3,app_text01,text/skill_name.mbe/000_Sheet1.csv,48141,Boundless Fist,"Boundless, Fist"
low,3,app_text01,text/skill_name.mbe/000_Sheet1.csv,48821,Dark Breath,"Dark, Breath"
low,3,app_text01,text/skill_name.mbe/000_Sheet1.csv,48822,Burning Roar,"Burning, Roar"
low,3,app_text01,text/skill_name.mbe/000_Sheet1.csv,48823,Nothingness Gaze,"Nothingness, Gaze"
low,3,app_text01,text/skill_name.mbe/000_Sheet1.csv,48824,Existence Freeze,"Existence, Freeze"
low,3,app_text01,text/skill_name.mbe/000_Sheet1.csv,48825,Wisdom Everlasting,"Wisdom, Everlasting"
low,3,app_text01,text/skill_name.mbe/000_Sheet1.csv,48826,Piercing Lies,"Piercing, Lies"
low,3,app_text01,text/skill_name.mbe/000_Sheet1.csv,48828,Ephemeral Obsession,"Ephemeral, Obsession"
low,3,app_text01,text/skill_name.mbe/000_Sheet1.csv,50001,Pummel,Pummel
low,3,app_text01,text/skill_name.mbe/000_Sheet1.csv,50002,Punch,Punch
low,3,app_text01,text/skill_name.mbe/000_Sheet1.csv,50003,Pummel,Pummel
low,3,app_text01,text/skill_name.mbe/000_Sheet1.csv,50004,Punch,Punch
low,3,app_text01,text/skill_name.mbe/000_Sheet1.csv,50005,Chop,Chop
low,3,app_text01,text/skill_name.mbe/000_Sheet1.csv,50006,Sweeping Slash,"Sweeping, Slash"
low,3,app_text01,text/skill_name.mbe/000_Sheet1.csv,50051,Grand Shake,"Grand, Shake"
low,3,app_text01,text/skill_ruby.mbe/000_Sheet1.csv,30011,Wolkenapalm I,Wolkenapalm
low,3,app_text01,text/skill_ruby.mbe/000_Sheet1.csv,30021,Burst Flame I,"Burst, Flame"
low,3,app_text01,text/skill_ruby.mbe/000_Sheet1.csv,30022,Burst Flame II,"Burst, Flame"
low,3,app_text01,text/skill_ruby.mbe/000_Sheet1.csv,30023,Burst Flame III,"Burst, Flame"
low,3,app_text01,text/skill_ruby.mbe/000_Sheet1.csv,30031,Magma Fall I,"Magma, Fall"
low,3,app_text01,text/skill_ruby.mbe/000_Sheet1.csv,30032,Magma Fall II,"Magma, Fall"
low,3,app_text01,text/skill_ruby.mbe/000_Sheet1.csv,30033,Magma Fall III,"Magma, Fall"
low,3,app_text01,text/skill_ruby.mbe/000_Sheet1.csv,30041,Aqua Pressure I,"Aqua, Pressure"
low,3,app_text01,text/skill_ruby.mbe/000_Sheet1.csv,30042,Aqua Pressure II,"Aqua, Pressure"
low,3,app_text01,text/skill_ruby.mbe/000_Sheet1.csv,30043,Aqua Pressure III,"Aqua, Pressure"
low,3,app_text01,text/skill_ruby.mbe/000_Sheet1.csv,30051,Hydro Water I,"Hydro, Water"
low,3,app_text01,text/skill_ruby.mbe/000_Sheet1.csv,30052,Hydro Water II,"Hydro, Water"
low,3,app_text01,text/skill_ruby.mbe/000_Sheet1.csv,30053,Hydro Water III,"Hydro, Water"
low,3,app_text01,text/skill_ruby.mbe/000_Sheet1.csv,30061,Ocean Wave I,"Ocean, Wave"
low,3,app_text01,text/skill_ruby.mbe/000_Sheet1.csv,30062,Ocean Wave II,"Ocean, Wave"
low,3,app_text01,text/skill_ruby.mbe/000_Sheet1.csv,30063,Ocean Wave III,"Ocean, Wave"
low,3,app_text01,text/skill_ruby.mbe/000_Sheet1.csv,30064,Tidal Stream I,"Tidal, Stream"
low,3,app_text01,text/skill_ruby.mbe/000_Sheet1.csv,30065,Tidal Stream II,"Tidal, Stream"
low,3,app_text01,text/skill_ruby.mbe/000_Sheet1.csv,30066,Tidal Stream III,"Tidal, Stream"
low,3,app_text01,text/skill_ruby.mbe/000_Sheet1.csv,30071,Crescent Leaf I,"Crescent, Leaf"
low,3,app_text01,text/skill_ruby.mbe/000_Sheet1.csv,30072,Crescent Leaf II,"Crescent, Leaf"
low,3,app_text01,text/skill_ruby.mbe/000_Sheet1.csv,30073,Crescent Leaf III,"Crescent, Leaf"
low,3,app_text01,text/skill_ruby.mbe/000_Sheet1.csv,30081,Thron Strike I,"Thron, Strike"
low,3,app_text01,text/skill_ruby.mbe/000_Sheet1.csv,30082,Thron Strike II,"Thron, Strike"
low,3,app_text01,text/skill_ruby.mbe/000_Sheet1.csv,30083,Thron Strike III,"Thron, Strike"
low,3,app_text01,text/skill_ruby.mbe/000_Sheet1.csv,30091,Rune Forest I,"Rune, Forest"
low,3,app_text01,text/skill_ruby.mbe/000_Sheet1.csv,30092,Rune Forest II,"Rune, Forest"
low,3,app_text01,text/skill_ruby.mbe/000_Sheet1.csv,30093,Rune Forest III,"Rune, Forest"
low,3,app_text01,text/skill_ruby.mbe/000_Sheet1.csv,30094,Needle Plant I,"Needle, Plant"
low,3,app_text01,text/skill_ruby.mbe/000_Sheet1.csv,30095,Needle Plant II,"Needle, Plant"
low,3,app_text01,text/skill_ruby.mbe/000_Sheet1.csv,30096,Needle Plant III,"Needle, Plant"
low,3,app_text01,text/skill_ruby.mbe/000_Sheet1.csv,30101,Icicle Edge I,"Icicle, Edge"
low,3,app_text01,text/skill_ruby.mbe/000_Sheet1.csv,30102,Icicle Edge II,"Icicle, Edge"
low,3,app_text01,text/skill_ruby.mbe/000_Sheet1.csv,30103,Icicle Edge III,"Icicle, Edge"
low,3,app_text01,text/skill_ruby.mbe/000_Sheet1.csv,30111,Frozen Bullet I,"Frozen, Bullet"
low,3,app_text01,text/skill_ruby.mbe/000_Sheet1.csv,30112,Frozen Bullet II,"Frozen, Bullet"
low,3,app_text01,text/skill_ruby.mbe/000_Sheet1.csv,30113,Frozen Bullet III,"Frozen, Bullet"
low,3,app_text01,text/skill_ruby.mbe/000_Sheet1.csv,30121,Lethal Blizzard I,"Lethal, Blizzard"
low,3,app_text01,text/skill_ruby.mbe/000_Sheet1.csv,30122,Lethal Blizzard II,"Lethal, Blizzard"
low,3,app_text01,text/skill_ruby.mbe/000_Sheet1.csv,30123,Lethal Blizzard III,"Lethal, Blizzard"
low,3,app_text01,text/skill_ruby.mbe/000_Sheet1.csv,30124,Diamond Dust I,"Diamond, Dust"
low,3,app_text01,text/skill_ruby.mbe/000_Sheet1.csv,30125,Diamond Dust II,"Diamond, Dust"
low,3,app_text01,text/skill_ruby.mbe/000_Sheet1.csv,30126,Diamond Dust III,"Diamond, Dust"
low,3,app_text01,text/skill_ruby.mbe/000_Sheet1.csv,30131,Nanomachine Break I,"Nanomachine, Break"
low,3,app_text01,text/skill_ruby.mbe/000_Sheet1.csv,30132,Nanomachine Break II,"Nanomachine, Break"
low,3,app_text01,text/skill_ruby.mbe/000_Sheet1.csv,30133,Nanomachine Break III,"Nanomachine, Break"
low,3,app_text01,text/skill_ruby.mbe/000_Sheet1.csv,30141,Shock Plasma I,"Shock, Plasma"
low,3,app_text01,text/skill_ruby.mbe/000_Sheet1.csv,30142,Shock Plasma II,"Shock, Plasma"
low,3,app_text01,text/skill_ruby.mbe/000_Sheet1.csv,30143,Shock Plasma III,"Shock, Plasma"
low,3,app_text01,text/skill_ruby.mbe/000_Sheet1.csv,30151,Thunder Fall I,"Thunder, Fall"
low,3,app_text01,text/skill_ruby.mbe/000_Sheet1.csv,30152,Thunder Fall II,"Thunder, Fall"
low,3,app_text01,text/skill_ruby.mbe/000_Sheet1.csv,30153,Thunder Fall III,"Thunder, Fall"
low,3,app_text01,text/skill_ruby.mbe/000_Sheet1.csv,30154,Lightning Claw I,"Lightning, Claw"
low,3,app_text01,text/skill_ruby.mbe/000_Sheet1.csv,30155,Lightning Claw II,"Lightning, Claw"
low,3,app_text01,text/skill_ruby.mbe/000_Sheet1.csv,30156,Lightning Claw III,"Lightning, Claw"
low,3,app_text01,text/skill_ruby.mbe/000_Sheet1.csv,30161,Comet Hammer I,"Comet, Hammer"
low,3,app_text01,text/skill_ruby.mbe/000_Sheet1.csv,30162,Comet Hammer II,"Comet, Hammer"
low,3,app_text01,text/skill_ruby.mbe/000_Sheet1.csv,30163,Comet Hammer III,"Comet, Hammer"
low,3,app_text01,text/skill_ruby.mbe/000_Sheet1.csv,30171,Gaia Blaster I,"Gaia, Blaster"
low,3,app_text01,text/skill_ruby.mbe/000_Sheet1.csv,30172,Gaia Blaster II,"Gaia, Blaster"
low,3,app_text01,text/skill_ruby.mbe/000_Sheet1.csv,30173,Gaia Blaster III,"Gaia, Blaster"
low,3,app_text01,text/skill_ruby.mbe/000_Sheet1.csv,30181,Awesome Quake I,"Awesome, Quake"
low,3,app_text01,text/skill_ruby.mbe/000_Sheet1.csv,30182,Awesome Quake II,"Awesome, Quake"
low,3,app_text01,text/skill_ruby.mbe/000_Sheet1.csv,30183,Awesome Quake III,"Awesome, Quake"
low,3,app_text01,text/skill_ruby.mbe/000_Sheet1.csv,30184,Stone Cleave I,"Stone, Cleave"
low,3,app_text01,text/skill_ruby.mbe/000_Sheet1.csv,30185,Stone Cleave II,"Stone, Cleave"
low,3,app_text01,text/skill_ruby.mbe/000_Sheet1.csv,30186,Stone Cleave III,"Stone, Cleave"
low,3,app_text01,text/skill_ruby.mbe/000_Sheet1.csv,30191,Wind Claw I,"Wind, Claw"
low,3,app_text01,text/skill_ruby.mbe/000_Sheet1.csv,30192,Wind Claw II,"Wind, Claw"
low,3,app_text01,text/skill_ruby.mbe/000_Sheet1.csv,30193,Wind Claw III,"Wind, Claw"
low,3,app_text01,text/skill_ruby.mbe/000_Sheet1.csv,30201,Sonic Shot I,"Sonic, Shot"
low,3,app_text01,text/skill_ruby.mbe/000_Sheet1.csv,30202,Sonic Shot II,"Sonic, Shot"
low,3,app_text01,text/skill_ruby.mbe/000_Sheet1.csv,30203,Sonic Shot III,"Sonic, Shot"
low,3,app_text01,text/skill_ruby.mbe/000_Sheet1.csv,30211,Gale Storm I,"Gale, Storm"
low,3,app_text01,text/skill_ruby.mbe/000_Sheet1.csv,30212,Gale Storm II,"Gale, Storm"
low,3,app_text01,text/skill_ruby.mbe/000_Sheet1.csv,30213,Gale Storm III,"Gale, Storm"
low,3,app_text01,text/skill_ruby.mbe/000_Sheet1.csv,30214,Tempest I,Tempest
low,3,app_text01,text/skill_ruby.mbe/000_Sheet1.csv,30215,Tempest II,Tempest
low,3,app_text01,text/skill_ruby.mbe/000_Sheet1.csv,30216,Tempest III,Tempest
low,3,app_text01,text/skill_ruby.mbe/000_Sheet1.csv,30221,Crush Blade I,"Crush, Blade"
low,3,app_text01,text/skill_ruby.mbe/000_Sheet1.csv,30222,Crush Blade II,"Crush, Blade"
low,3,app_text01,text/skill_ruby.mbe/000_Sheet1.csv,30223,Crush Blade III,"Crush, Blade"
low,3,app_text01,text/skill_ruby.mbe/000_Sheet1.csv,30231,Thruster Metal I,"Thruster, Metal"
low,3,app_text01,text/skill_ruby.mbe/000_Sheet1.csv,30232,Thruster Metal II,"Thruster, Metal"
low,3,app_text01,text/skill_ruby.mbe/000_Sheet1.csv,30233,Thruster Metal III,"Thruster, Metal"
low,3,app_text01,text/skill_ruby.mbe/000_Sheet1.csv,30244,Iron Fist I,"Iron, Fist"
low,3,app_text01,text/skill_ruby.mbe/000_Sheet1.csv,30245,Iron Fist II,"Iron, Fist"
low,3,app_text01,text/skill_ruby.mbe/000_Sheet1.csv,30246,Iron Fist III,"Iron, Fist"
low,3,app_text01,text/skill_ruby.mbe/000_Sheet1.csv,30251,Saint Knuckle I,"Saint, Knuckle"
low,3,app_text01,text/skill_ruby.mbe/000_Sheet1.csv,30252,Saint Knuckle II,"Saint, Knuckle"
low,3,app_text01,text/skill_ruby.mbe/000_Sheet1.csv,30253,Saint Knuckle III,"Saint, Knuckle"
low,3,app_text01,text/skill_ruby.mbe/000_Sheet1.csv,30271,Shine Burst I,"Shine, Burst"
low,3,app_text01,text/skill_ruby.mbe/000_Sheet1.csv,30272,Shine Burst II,"Shine, Burst"
low,3,app_text01,text/skill_ruby.mbe/000_Sheet1.csv,30273,Shine Burst III,"Shine, Burst"
low,3,app_text01,text/skill_ruby.mbe/000_Sheet1.csv,30274,Angel Ladder I,"Angel, Ladder"
low,3,app_text01,text/skill_ruby.mbe/000_Sheet1.csv,30275,Angel Ladder II,"Angel, Ladder"
low,3,app_text01,text/skill_ruby.mbe/000_Sheet1.csv,30276,Angel Ladder III,"Angel, Ladder"
low,3,app_text01,text/skill_ruby.mbe/000_Sheet1.csv,30281,Shadow Fang I,"Shadow, Fang"
low,3,app_text01,text/skill_ruby.mbe/000_Sheet1.csv,30282,Shadow Fang II,"Shadow, Fang"
low,3,app_text01,text/skill_ruby.mbe/000_Sheet1.csv,30283,Shadow Fang III,"Shadow, Fang"
low,3,app_text01,text/skill_ruby.mbe/000_Sheet1.csv,30301,Hell Crusher I,"Hell, Crusher"
low,3,app_text01,text/skill_ruby.mbe/000_Sheet1.csv,30302,Hell Crusher II,"Hell, Crusher"
low,3,app_text01,text/skill_ruby.mbe/000_Sheet1.csv,30303,Hell Crusher III,"Hell, Crusher"
low,3,app_text01,text/skill_ruby.mbe/000_Sheet1.csv,30304,Soul Fear I,"Soul, Fear"
low,3,app_text01,text/skill_ruby.mbe/000_Sheet1.csv,30305,Soul Fear II,"Soul, Fear"
low,3,app_text01,text/skill_ruby.mbe/000_Sheet1.csv,30306,Soul Fear III,"Soul, Fear"
low,3,app_text01,text/skill_ruby.mbe/000_Sheet1.csv,30311,Heavy Strike I,"Heavy, Strike"
low,3,app_text01,text/skill_ruby.mbe/000_Sheet1.csv,30312,Heavy Strike II,"Heavy, Strike"
low,3,app_text01,text/skill_ruby.mbe/000_Sheet1.csv,30313,Heavy Strike III,"Heavy, Strike"
low,3,app_text01,text/skill_ruby.mbe/000_Sheet1.csv,30321,Power Energy I,"Power, Energy"
low,3,app_text01,text/skill_ruby.mbe/000_Sheet1.csv,30322,Power Energy II,"Power, Energy"
low,3,app_text01,text/skill_ruby.mbe/000_Sheet1.csv,30323,Power Energy III,"Power, Energy"
low,3,app_text01,text/skill_ruby.mbe/000_Sheet1.csv,30331,Void Ray I,"Void, Ray"
low,3,app_text01,text/skill_ruby.mbe/000_Sheet1.csv,30332,Void Ray II,"Void, Ray"
low,3,app_text01,text/skill_ruby.mbe/000_Sheet1.csv,30333,Void Ray III,"Void, Ray"
low,3,app_text01,text/skill_ruby.mbe/000_Sheet1.csv,30334,Lunatic Gate I,"Lunatic, Gate"
low,3,app_text01,text/skill_ruby.mbe/000_Sheet1.csv,30335,Lunatic Gate II,"Lunatic, Gate"
low,3,app_text01,text/skill_ruby.mbe/000_Sheet1.csv,30336,Lunatic Gate III,"Lunatic, Gate"
low,3,app_text01,text/skill_ruby.mbe/000_Sheet1.csv,31011,Heal,Heal
low,3,app_text01,text/skill_ruby.mbe/000_Sheet1.csv,31012,X-Heal,X-Heal
low,3,app_text01,text/skill_ruby.mbe/000_Sheet1.csv,31021,Aura,Aura
low,3,app_text01,text/skill_ruby.mbe/000_Sheet1.csv,31022,X-Aura,X-Aura
low,3,app_text01,text/skill_ruby.mbe/000_Sheet1.csv,31031,Revive,Revive
low,3,app_text01,text/skill_ruby.mbe/000_Sheet1.csv,31032,X-Revive,X-Revive
low,3,app_text01,text/skill_ruby.mbe/000_Sheet1.csv,31041,Meditator,Meditator
low,3,app_text01,text/skill_ruby.mbe/000_Sheet1.csv,31042,Normalize,Normalize
low,3,app_text01,text/skill_ruby.mbe/000_Sheet1.csv,31051,Dispel,Dispel
low,3,app_text01,text/skill_ruby.mbe/000_Sheet1.csv,31061,Restore,Restore
low,3,app_text01,text/skill_ruby.mbe/000_Sheet1.csv,32021,Guard Charge,"Guard, Charge"
low,3,app_text01,text/skill_ruby.mbe/000_Sheet1.csv,32031,Magic Charge,"Magic, Charge"
low,3,app_text01,text/skill_ruby.mbe/000_Sheet1.csv,32041,Mental Charge,"Mental, Charge"
low,3,app_text01,text/skill_ruby.mbe/000_Sheet1.csv,32051,Speed Charge,"Speed, Charge"
low,3,app_text01,text/skill_ruby.mbe/000_Sheet1.csv,32061,Critical Charge,"Critical, Charge"
low,3,app_text01,text/skill_ruby.mbe/000_Sheet1.csv,32081,Guard Field,"Guard, Field"
low,3,app_text01,text/skill_ruby.mbe/000_Sheet1.csv,32091,Magic Field,"Magic, Field"
low,3,app_text01,text/skill_ruby.mbe/000_Sheet1.csv,32101,Spirit Field,"Spirit, Field"
low,3,app_text01,text/skill_ruby.mbe/000_Sheet1.csv,32111,Speed Field,"Speed, Field"
low,3,app_text01,text/skill_ruby.mbe/000_Sheet1.csv,32121,Critical Field,"Critical, Field"
low,3,app_text01,text/skill_ruby.mbe/000_Sheet1.csv,32141,Guard Bind,"Guard, Bind"
low,3,app_text01,text/skill_ruby.mbe/000_Sheet1.csv,32151,Magic Bind,"Magic, Bind"
low,3,app_text01,text/skill_ruby.mbe/000_Sheet1.csv,32161,Spirit Bind,"Spirit, Bind"
low,3,app_text01,text/skill_ruby.mbe/000_Sheet1.csv,32171,Speed Bind,"Speed, Bind"
low,3,app_text01,text/skill_ruby.mbe/000_Sheet1.csv,32181,Critical Bind,"Critical, Bind"
low,3,app_text01,text/skill_ruby.mbe/000_Sheet1.csv,32201,Guard Break,"Guard, Break"
low,3,app_text01,text/skill_ruby.mbe/000_Sheet1.csv,32211,Magic Break,"Magic, Break"
low,3,app_text01,text/skill_ruby.mbe/000_Sheet1.csv,32221,Mental Break,"Mental, Break"
low,3,app_text01,text/skill_ruby.mbe/000_Sheet1.csv,32231,Speed Break,"Speed, Break"
low,3,app_text01,text/skill_ruby.mbe/000_Sheet1.csv,32241,Critical Break,"Critical, Break"
low,3,app_text01,text/skill_ruby.mbe/000_Sheet1.csv,33011,Venom Trap,"Venom, Trap"
low,3,app_text01,text/skill_ruby.mbe/000_Sheet1.csv,33021,Panic Wisp,"Panic, Wisp"
low,3,app_text01,text/skill_ruby.mbe/000_Sheet1.csv,33031,Ripping Net,"Ripping, Net"
low,3,app_text01,text/skill_ruby.mbe/000_Sheet1.csv,33041,Idle Bubble,"Idle, Bubble"
low,3,app_text01,text/skill_ruby.mbe/000_Sheet1.csv,33051,Texture Blow,"Texture, Blow"
low,3,app_text01,text/skill_ruby.mbe/000_Sheet1.csv,33061,Character Reversal,"Character, Reversal"
low,3,app_text01,text/skill_ruby.mbe/000_Sheet1.csv,34011,Hate Charge,"Hate, Charge"
low,3,app_text01,text/skill_ruby.mbe/000_Sheet1.csv,34021,Acceleration Boost,"Acceleration, Boost"
low,3,app_text01,text/skill_ruby.mbe/000_Sheet1.csv,34031,Spell Boost,"Spell, Boost"
low,3,app_text01,text/skill_ruby.mbe/000_Sheet1.csv,34041,Reset Body,"Reset, Body"
low,3,app_text01,text/skill_ruby.mbe/000_Sheet1.csv,34061,Magic Reflect,"Magic, Reflect"
low,3,app_text01,text/skill_ruby.mbe/000_Sheet1.csv,34071,Curse Barrier,"Curse, Barrier"
low,3,app_text01,text/skill_ruby.mbe/000_Sheet1.csv,34081,Status Barrier,"Status, Barrier"
low,3,app_text01,text/skill_ruby.mbe/000_Sheet1.csv,34091,Safety Guard,"Safety, Guard"
low,3,app_text01,text/tamer_skill_name.mbe/000_Sheet1.csv,102,Body Boost Lv. 1: ЗАЩ,"Body, Boost, Lv"
low,3,app_text01,text/tamer_skill_name.mbe/000_Sheet1.csv,103,Body Boost Lv. 2: ЗАЩ,"Body, Boost, Lv"
low,3,app_text01,text/tamer_skill_name.mbe/000_Sheet1.csv,107,Body Boost Lv. 3: ЗАЩ,"Body, Boost, Lv"
low,3,app_text01,text/tamer_skill_name.mbe/000_Sheet1.csv,108,Body Boost Lv. 1: СКР,"Body, Boost, Lv"
low,3,app_text01,text/tamer_skill_name.mbe/000_Sheet1.csv,11,Body Boost Lv. 2: ДУХ,"Body, Boost, Lv"
low,3,app_text01,text/tamer_skill_name.mbe/000_Sheet1.csv,110,Body Boost Lv. 2: ИНТ,"Body, Boost, Lv"
low,3,app_text01,text/tamer_skill_name.mbe/000_Sheet1.csv,111,Body Boost Lv. 2: СКР,"Body, Boost, Lv"
low,3,app_text01,text/tamer_skill_name.mbe/000_Sheet1.csv,113,Body Boost Lv. 3: СКР,"Body, Boost, Lv"
low,3,app_text01,text/tamer_skill_name.mbe/000_Sheet1.csv,115,Friendly Impulse,"Friendly, Impulse"
low,3,app_text01,text/tamer_skill_name.mbe/000_Sheet1.csv,117,Compassionate Perfection,"Compassionate, Perfection"
low,3,app_text01,text/tamer_skill_name.mbe/000_Sheet1.csv,118,Body Boost Lv. 1: ДУХ,"Body, Boost, Lv"
low,3,app_text01,text/tamer_skill_name.mbe/000_Sheet1.csv,119,Body Boost Lv. 2: ДУХ,"Body, Boost, Lv"
low,3,app_text01,text/tamer_skill_name.mbe/000_Sheet1.csv,120,Body Boost Lv. 3: ДУХ,"Body, Boost, Lv"
low,3,app_text01,text/tamer_skill_name.mbe/000_Sheet1.csv,123,Opportunistic Perfection,"Opportunistic, Perfection"
low,3,app_text01,text/tamer_skill_name.mbe/000_Sheet1.csv,125,Body Boost Lv. 3: ИНТ,"Body, Boost, Lv"
low,3,app_text01,text/tamer_skill_name.mbe/000_Sheet1.csv,134,Friendly Perfection,"Friendly, Perfection"
low,3,app_text01,text/tamer_skill_name.mbe/000_Sheet1.csv,135,Opportunistic Rest,"Opportunistic, Rest"
low,3,app_text01,text/tamer_skill_name.mbe/000_Sheet1.csv,138,Body Boost Lv. 1: ИНТ,"Body, Boost, Lv"
low,3,app_text01,text/tamer_skill_name.mbe/000_Sheet1.csv,140,Body Boost Lv. 1: АТК,"Body, Boost, Lv"
low,3,app_text01,text/tamer_skill_name.mbe/000_Sheet1.csv,141,Body Boost Lv. 2: АТК,"Body, Boost, Lv"
low,3,app_text01,text/tamer_skill_name.mbe/000_Sheet1.csv,144,Body Boost Lv. 3: АТК,"Body, Boost, Lv"
low,3,app_text01,text/tamer_skill_name.mbe/000_Sheet1.csv,146,Sociable Perfection,"Sociable, Perfection"
low,3,app_text01,text/tamer_skill_name.mbe/000_Sheet1.csv,15,Body Boost Lv. 1: ЗАЩ,"Body, Boost, Lv"
low,3,app_text01,text/tamer_skill_name.mbe/000_Sheet1.csv,157,Body Boost Lv. 1: СКР,"Body, Boost, Lv"
low,3,app_text01,text/tamer_skill_name.mbe/000_Sheet1.csv,158,Body Boost Lv. 2: СКР,"Body, Boost, Lv"
low,3,app_text01,text/tamer_skill_name.mbe/000_Sheet1.csv,159,Body Boost Lv. 3: СКР,"Body, Boost, Lv"
low,3,app_text01,text/tamer_skill_name.mbe/000_Sheet1.csv,165,Body Boost Lv. 3: АТК,"Body, Boost, Lv"
low,3,app_text01,text/tamer_skill_name.mbe/000_Sheet1.csv,168,Body Boost Lv. 1: ИНТ,"Body, Boost, Lv"
low,3,app_text01,text/tamer_skill_name.mbe/000_Sheet1.csv,170,Body Boost Lv. 2: ИНТ,"Body, Boost, Lv"
low,3,app_text01,text/tamer_skill_name.mbe/000_Sheet1.csv,171,Body Boost Lv. 3: ИНТ,"Body, Boost, Lv"
low,3,app_text01,text/tamer_skill_name.mbe/000_Sheet1.csv,173,Body Boost Lv. 1: ДУХ,"Body, Boost, Lv"
low,3,app_text01,text/tamer_skill_name.mbe/000_Sheet1.csv,174,Body Boost Lv. 1: АТК,"Body, Boost, Lv"
low,3,app_text01,text/tamer_skill_name.mbe/000_Sheet1.csv,175,Body Boost Lv. 2: ДУХ,"Body, Boost, Lv"
low,3,app_text01,text/tamer_skill_name.mbe/000_Sheet1.csv,176,Astute Blow,"Astute, Blow"
low,3,app_text01,text/tamer_skill_name.mbe/000_Sheet1.csv,179,Body Boost Lv. 3: ДУХ,"Body, Boost, Lv"
low,3,app_text01,text/tamer_skill_name.mbe/000_Sheet1.csv,180,Astute Perfection,"Astute, Perfection"
low,3,app_text01,text/tamer_skill_name.mbe/000_Sheet1.csv,184,Enlightened Perfection,"Enlightened, Perfection"
low,3,app_text01,text/tamer_skill_name.mbe/000_Sheet1.csv,186,Body Boost Lv. 2: АТК,"Body, Boost, Lv"
low,3,app_text01,text/tamer_skill_name.mbe/000_Sheet1.csv,187,Enlightened Enlightenment,"Enlightened, Enlightenment"
low,3,app_text01,text/tamer_skill_name.mbe/000_Sheet1.csv,190,Body Boost Lv. 1: ЗАЩ,"Body, Boost, Lv"
low,3,app_text01,text/tamer_skill_name.mbe/000_Sheet1.csv,191,Body Boost Lv. 2: ЗАЩ,"Body, Boost, Lv"
low,3,app_text01,text/tamer_skill_name.mbe/000_Sheet1.csv,192,Body Boost Lv. 3: ЗАЩ,"Body, Boost, Lv"
low,3,app_text01,text/tamer_skill_name.mbe/000_Sheet1.csv,193,Sly Perfection,"Sly, Perfection"
low,3,app_text01,text/tamer_skill_name.mbe/000_Sheet1.csv,196,Sly Fundraising,"Sly, Fundraising"
low,3,app_text01,text/tamer_skill_name.mbe/000_Sheet1.csv,2,Body Boost Lv. 1: СКР,"Body, Boost, Lv"
low,3,app_text01,text/tamer_skill_name.mbe/000_Sheet1.csv,20,Body Boost Lv. 2: ЗАЩ,"Body, Boost, Lv"
low,3,app_text01,text/tamer_skill_name.mbe/000_Sheet1.csv,21,Zealous Defense,"Zealous, Defense"
low,3,app_text01,text/tamer_skill_name.mbe/000_Sheet1.csv,22,Body Boost Lv. 3: ЗАЩ,"Body, Boost, Lv"
low,3,app_text01,text/tamer_skill_name.mbe/000_Sheet1.csv,28,Zealous Perfection,"Zealous, Perfection"
low,3,app_text01,text/tamer_skill_name.mbe/000_Sheet1.csv,29,Body Boost Lv. 1: ДУХ,"Body, Boost, Lv"
low,3,app_text01,text/tamer_skill_name.mbe/000_Sheet1.csv,3,Body Boost Lv. 2: СКР,"Body, Boost, Lv"
low,3,app_text01,text/tamer_skill_name.mbe/000_Sheet1.csv,31,Body Boost Lv. 1: АТК,"Body, Boost, Lv"
low,3,app_text01,text/tamer_skill_name.mbe/000_Sheet1.csv,32,Body Boost Lv. 2: АТК,"Body, Boost, Lv"
low,3,app_text01,text/tamer_skill_name.mbe/000_Sheet1.csv,35,Brave Blow,"Brave, Blow"
low,3,app_text01,text/tamer_skill_name.mbe/000_Sheet1.csv,36,Body Boost Lv. 3: АТК,"Body, Boost, Lv"
low,3,app_text01,text/tamer_skill_name.mbe/000_Sheet1.csv,37,Brave Perfection,"Brave, Perfection"
low,3,app_text01,text/tamer_skill_name.mbe/000_Sheet1.csv,38,Body Boost Lv. 1: ИНТ,"Body, Boost, Lv"
low,3,app_text01,text/tamer_skill_name.mbe/000_Sheet1.csv,4,Body Boost Lv. 3: СКР,"Body, Boost, Lv"
low,3,app_text01,text/tamer_skill_name.mbe/000_Sheet1.csv,40,Body Boost Lv. 2: ИНТ,"Body, Boost, Lv"
low,3,app_text01,text/tamer_skill_name.mbe/000_Sheet1.csv,41,Body Boost Lv. 3: ДУХ,"Body, Boost, Lv"
low,3,app_text01,text/tamer_skill_name.mbe/000_Sheet1.csv,43,Body Boost Lv. 3: ИНТ,"Body, Boost, Lv"
low,3,app_text01,text/tamer_skill_name.mbe/000_Sheet1.csv,44,Daring Perfection,"Daring, Perfection"
low,3,app_text01,text/tamer_skill_name.mbe/000_Sheet1.csv,45,Daring Wall,"Daring, Wall"
low,3,app_text01,text/tamer_skill_name.mbe/000_Sheet1.csv,52,Body Boost Lv. 1: ДУХ,"Body, Boost, Lv"
low,3,app_text01,text/tamer_skill_name.mbe/000_Sheet1.csv,53,Body Boost Lv. 2: ДУХ,"Body, Boost, Lv"
low,3,app_text01,text/tamer_skill_name.mbe/000_Sheet1.csv,58,Body Boost Lv. 3: ДУХ,"Body, Boost, Lv"
low,3,app_text01,text/tamer_skill_name.mbe/000_Sheet1.csv,59,Body Boost Lv. 1: ЗАЩ,"Body, Boost, Lv"
low,3,app_text01,text/tamer_skill_name.mbe/000_Sheet1.csv,60,Body Boost Lv. 2: ЗАЩ,"Body, Boost, Lv"
low,3,app_text01,text/tamer_skill_name.mbe/000_Sheet1.csv,61,Body Boost Lv. 3: ЗАЩ,"Body, Boost, Lv"
low,3,app_text01,text/tamer_skill_name.mbe/000_Sheet1.csv,64,Devoted Treatment,"Devoted, Treatment"
low,3,app_text01,text/tamer_skill_name.mbe/000_Sheet1.csv,67,Adoring Perfection,"Adoring, Perfection"
low,3,app_text01,text/tamer_skill_name.mbe/000_Sheet1.csv,68,Body Boost Lv. 2: СКР,"Body, Boost, Lv"
low,3,app_text01,text/tamer_skill_name.mbe/000_Sheet1.csv,72,Overprotective Perfection,"Overprotective, Perfection"
low,3,app_text01,text/tamer_skill_name.mbe/000_Sheet1.csv,73,Body Boost Lv. 1: ИНТ,"Body, Boost, Lv"
low,3,app_text01,text/tamer_skill_name.mbe/000_Sheet1.csv,77,Body Boost Lv. 1: СКР,"Body, Boost, Lv"
low,3,app_text01,text/tamer_skill_name.mbe/000_Sheet1.csv,81,Body Boost Lv. 2: ИНТ,"Body, Boost, Lv"
low,3,app_text01,text/tamer_skill_name.mbe/000_Sheet1.csv,85,Body Boost Lv. 3: ИНТ,"Body, Boost, Lv"
low,3,app_text01,text/tamer_skill_name.mbe/000_Sheet1.csv,86,Tolerant Perfection,"Tolerant, Perfection"
low,3,app_text01,text/tamer_skill_name.mbe/000_Sheet1.csv,87,Body Boost Lv. 1: АТК,"Body, Boost, Lv"
low,3,app_text01,text/tamer_skill_name.mbe/000_Sheet1.csv,90,Body Boost Lv. 2: АТК,"Body, Boost, Lv"
low,3,app_text01,text/tamer_skill_name.mbe/000_Sheet1.csv,92,Body Boost Lv. 3: СКР,"Body, Boost, Lv"
low,3,app_text01,text/tamer_skill_name.mbe/000_Sheet1.csv,94,Overprotective Healing,"Overprotective, Healing"
low,3,app_text01,text/tamer_skill_name.mbe/000_Sheet1.csv,95,Body Boost Lv. 3: АТК,"Body, Boost, Lv"
low,3,app_text01,text/tamer_skill_name.mbe/000_Sheet1.csv,96,Devoted Perfection,"Devoted, Perfection"
low,3,patch_text01,text/common_message.mbe/000_Sheet1.csv,113,x,x
low,3,patch_text01,text/common_message.mbe/000_Sheet1.csv,11307,{fc13{d1}} {d2} /{fc13 {d3}},"fc, fc"
low,3,patch_text01,text/common_message.mbe/000_Sheet1.csv,124,{fc2{n0}}/{n1},fc
low,3,patch_text01,text/common_message.mbe/000_Sheet1.csv,125,{fc9 {d0}}/{d1},fc
low,3,patch_text01,text/common_message.mbe/000_Sheet1.csv,190000,{n0} {fc15/ {n1}},fc
low,3,patch_text01,text/common_message.mbe/000_Sheet1.csv,6000,A,A
low,3,patch_text01,text/common_message.mbe/000_Sheet1.csv,6001,B,B
low,3,patch_text01,text/common_message.mbe/000_Sheet1.csv,6004,E,E
low,3,patch_text01,text/common_message.mbe/000_Sheet1.csv,6005,F,F
low,3,patch_text01,text/common_message.mbe/000_Sheet1.csv,6006,G,G
low,3,patch_text01,text/common_message.mbe/000_Sheet1.csv,6007,H,H
low,3,patch_text01,text/common_message.mbe/000_Sheet1.csv,6009,J,J
low,3,patch_text01,text/common_message.mbe/000_Sheet1.csv,6010,K,K
low,3,patch_text01,text/common_message.mbe/000_Sheet1.csv,6013,N,N
low,3,patch_text01,text/common_message.mbe/000_Sheet1.csv,6014,O,O
low,3,patch_text01,text/common_message.mbe/000_Sheet1.csv,6015,P,P
low,3,patch_text01,text/common_message.mbe/000_Sheet1.csv,6016,Q,Q
low,3,patch_text01,text/common_message.mbe/000_Sheet1.csv,6017,R,R
low,3,patch_text01,text/common_message.mbe/000_Sheet1.csv,6018,S,S
low,3,patch_text01,text/common_message.mbe/000_Sheet1.csv,6019,T,T
low,3,patch_text01,text/common_message.mbe/000_Sheet1.csv,6020,U,U
low,3,patch_text01,text/common_message.mbe/000_Sheet1.csv,6022,W,W
low,3,patch_text01,text/common_message.mbe/000_Sheet1.csv,6024,Y,Y
low,3,patch_text01,text/common_message.mbe/000_Sheet1.csv,6025,Z,Z
low,3,patch_text01,text/common_message.mbe/000_Sheet1.csv,ui_digimoncard_deck_0090,{d0} x{n0},x
low,3,patch_text01,text/common_message.mbe/000_Sheet1.csv,ui_shop_0120,{d0} {d1} x{n0},x
low,3,patch_text01,text/common_message.mbe/000_Sheet1.csv,ui_title_language_01,Japanese,Japanese
low,3,patch_text01,text/common_message.mbe/000_Sheet1.csv,ui_title_language_02,English,English
low,3,patch_text01,text/common_message.mbe/000_Sheet1.csv,ui_title_language_03,French,French
low,3,patch_text01,text/common_message.mbe/000_Sheet1.csv,ui_title_language_04,Spanish,Spanish
low,3,patch_text01,text/common_message.mbe/000_Sheet1.csv,ui_title_language_05,German,German
low,3,patch_text01,text/common_message.mbe/000_Sheet1.csv,ui_title_language_06,Italian,Italian
low,3,patch_text01,text/common_message.mbe/000_Sheet1.csv,ui_title_language_07,Brazilian Portuguese,"Brazilian, Portuguese"
low,3,patch_text01,text/common_message.mbe/000_Sheet1.csv,ui_title_language_08,Korean,Korean
low,3,patch_text01,text/common_message.mbe/000_Sheet1.csv,ui_title_language_09,Chinese (Traditional),"Chinese, Traditional"
low,3,patch_text01,text/common_message.mbe/000_Sheet1.csv,ui_title_language_10,Chinese (Simplified),"Chinese, Simplified"
low,3,patch_text01,text/common_message.mbe/000_Sheet1.csv,ui_title_language_11,Arabic,Arabic
low,3,patch_text01,text/common_message.mbe/000_Sheet1.csv,ui_title_language_12,Polish,Polish
low,3,patch_text01,text/common_message.mbe/000_Sheet1.csv,ui_title_language_13,Russian,Russian
low,3,patch_text01,text/common_message.mbe/000_Sheet1.csv,ui_title_language_14,Thai,Thai
low,3,patch_text01,text/common_message.mbe/000_Sheet1.csv,ui_title_language_15,Indonesian,Indonesian
low,3,patch_text01,text/item_ruby.mbe/000_Sheet1.csv,833,Футболка The Idolmaster (Харука Амами),"The, Idolmaster"
low,3,patch_text01,text/tutorial_explanation.mbe/000_Sheet1.csv,tutorial_exp_HighSpeedMode_01_001,"Этот режим ускоряет время и убыстряет битву.
Всего есть четыре уровня: 1x, 2x, 3x и 5x.
Выберите подходящую скорость и сражайтесь в каждом бою в своём
темпе.","x, x, x, x"
low,3,patch_text01,text/tutorial_explanation.mbe/000_Sheet1.csv,tutorial_exp_Status_02_001,"АТК: Влияет на то, сколько {fc9{is28}{image(ui_icon_tab_0001)} физического урона} наносится врагам.
ЗАЩ: Влияет на то, насколько уменьшается {fc9{is28}{image(ui_icon_tab_0001)} урон от физических атак врага}.
ИНТ: Влияет на то, сколько {fc9{is28}{image(ui_icon_tab_0002)} магического урона} наносится врагам.
ДУХ: Влияет на то, насколько уменьшается {fc9{is28}{image(ui_icon_tab_0002)} урон от магических атак врага}
и насколько {fc9{is28}{image(ui_icon_tab_0003)} навыки восстановления ОЗ лечат}.
СКР: Влияет на {fc9порядок хода} в битве.
Шанс КРТ: Влияет на частоту возникновения {fc9критических попаданий (урон х1.3)}.","fc, fc, fc, fc, fc"
low,3,patch_text01,text/tutorial_explanation.mbe/000_Sheet1.csv,tutorial_exp_Status_03_001,"{fc9{is28}{image(ui_icon_type_000)} Вакцина}
{fc9{is28}{image(ui_icon_type_020)} Данные}
{fc9{is28}{image(ui_icon_type_040)} Вирус}
{fc9{is28}{image(ui_icon_type_060)} Свободный}
{fc9{is28}{image(ui_icon_type_080)} Переменный}
{fc9{is28}{image(ui_icon_type_100)} Неизвестно}
Дигимоны стадий «Малыш I» и «Малыш II» имеют {fc9{is28}{image(ui_icon_type_120)} Без атрибута}.

Атрибут дигимона можно проверить на экране характеристик.","fc, fc, fc, fc, fc, fc, fc"
